site_id,osm_id,osm_type,name,latitude,longitude,facility_type,elevation_m,slope_deg,dist_to_road_m,vs30_ms,soil_class,qi,Lambda_i,P_unsafe,PGA_representative_g,in_aoi,dist_to_damaged_m,damage_count_500m,damage_score,resolution_tier
S001,1063601868,node,Atatürk İlkokulu,37.4263528,37.6865956,school,533.0,0.9263691729971122,16.169867983418985,265.0354309082031,1.0,7.933943562317289e-05,0.0293308176628317,0.0289048441076001,0.0670221827053141,False,,,,province_baseline
S002,1102293756,node,Elbistanlilar Obasi Sağlık Ocağı,37.5324866,37.0647972,school,694.0,7.197701505767706,10485.83402372778,515.8383178710938,0.0,0.0004693082365526,0.1734975073350533,0.1592807532093341,0.0837990732774915,True,10129.1,0.0,1.0,AOI04_highres
S003,1155230410,node,Site_2,38.2327478,36.9484701,sports_centre,1223.0,2.927142542223064,88666.95587330004,496.6787414550781,0.0,0.0001289770838656,0.0476812482951661,0.0465623514773254,0.0557908751068384,False,,,,province_baseline
S004,1853975189,node,Düzbağ Cumhuriyet İlkokulu,37.7921078,37.4715687,school,914.0,4.713325253295173,38419.393626566,376.4476318359375,0.0,0.0009330674325708,0.3449436023448011,0.2917397034385625,0.0990065228467892,False,,,,province_baseline
S005,1853975202,node,Helete Anadolu Lisesi,37.7960883,37.4607513,school,964.0,5.386162368029915,38843.14659209455,466.6839599609375,0.0,0.0008097467749618,0.299353465561255,0.2587026599588682,0.0859412005322503,False,,,,province_baseline
S006,2092286986,node,Site_5,38.2243442,36.8857622,school,1294.0,3.814206419250074,88780.40390972047,442.6463012695313,0.0,0.0001959804590774,0.0724515755062799,0.0698892142863252,0.0686852440985716,False,,,,province_baseline
S007,2092543549,node,Site_6,38.2378092,36.9461581,sports_centre,1211.0,1.3099697155538046,89253.57716927749,340.7264404296875,1.0,0.0002099136384925,0.0776025012934236,0.0746678282089925,0.0669588008680087,False,,,,province_baseline
S008,2092566750,node,Site_7,38.2564919,36.9171099,sports_centre,1234.0,0.9263691729971122,91728.45282199237,391.271728515625,0.0,0.0001553824351643,0.0574429832783206,0.055824277343867,0.0648017887545266,False,,,,province_baseline
S009,2388452195,node,Site_8,37.193533,36.844451,school,505.0,0.9263691729971122,18565.85795983626,277.24041748046875,1.0,0.000807815699759,0.2986395707090945,0.2581732626593729,0.4307854174959048,False,,,,province_baseline
S010,2972803908,node,Sanko Üniversitesi,37.0724294,37.3678337,university,845.0,3.700645055237513,32.40061961075959,334.9361877441406,1.0,4.455053088845453e-05,0.0164697856495712,0.0163349002562922,0.0948582568226505,False,,,,province_baseline
S011,3092021923,node,Hayat Hastanesi,37.5775797,36.9287658,hospital,553.0,4.976533010740028,21532.318764801923,476.9768981933594,0.0,0.0001714309374365,0.0633759180188949,0.0614094257465661,0.0825697326124899,True,143.3,16.0,0.2645910322131454,AOI04_highres
S012,4333798907,node,Gaziantep ADA okulları,37.0453893,37.3223552,school,875.0,0.9263691729971122,14.311723815893624,382.2485961914063,0.0,4.042814012565127e-05,0.0149457882723651,0.0148346543291731,0.0958064561971112,False,,,,province_baseline
S013,4829016022,node,Özel Deva Hastanesi,37.0645025,37.394935,hospital,822.0,1.3099697155538046,19.609029156191955,249.13226318359372,1.0,4.43873512610837e-05,0.016409460139828,0.0162755583678367,0.0999574346901993,False,,,,province_baseline
S014,5589821937,node,Kızlaç Ortaokulu,37.1781602,36.6419938,school,825.0,10.247346806907233,36277.21027218764,586.2159423828125,0.0,0.0003141389779363,0.1161333328157527,0.1096434983564856,0.1387437602057045,False,,,,province_baseline
S015,5640340538,node,Site_14,37.5763831,36.9285448,university,545.0,3.814206419250074,21455.080410223585,476.9768981933594,0.0,0.0001729546901198,0.0639392307241961,0.0619379968527319,0.0828337669342086,True,217.9,14.0,0.2985769582793645,AOI04_highres
S016,5655331139,node,Bülbülzade Abdullah Edip Ortaokulu,37.0489631,37.4396141,school,876.0,2.927142542223064,34.33728760346254,444.0752258300781,0.0,1.462987797748482e-05,0.0054084867130281,0.0053938871810823,0.0720092618794877,False,,,,province_baseline
S017,5684994534,node,Özel Uğur Göz Hastanesi,37.5724298,36.9243713,hospital,519.0,5.911112090879563,21429.70529819436,476.9768981933594,0.0,0.000175596884511,0.0649160176310905,0.0628538361725152,0.0837578204849241,True,208.2,25.0,0.1314314164263314,AOI04_highres
S018,5774530254,node,Hacı Muzaffer Bakbak Mesleki ve Teknik Anadolu Lisesi,37.0567131,37.3782751,school,851.0,3.814206419250074,58.43262782579665,424.4232482910156,0.0,2.5008044887534125e-05,0.0092451679160412,0.0092025627495424,0.0829497445233843,False,,,,province_baseline
S019,5774530256,node,Mehmet Rüştü Uzel Mesleki ve Teknik Anadolu Lisesi,37.0568685,37.379145,school,846.0,2.7771727466471345,31.41748655152645,424.4232482910156,0.0,2.4889398001144477e-05,0.0092013056152367,0.0091591031412012,0.0828226333298498,False,,,,province_baseline
S020,5774531254,node,Tam-Med Hastanesi,37.0570333,37.3771729,hospital,849.0,3.336585775528732,11.520906603840032,424.4232482910156,0.0,2.524360606949977e-05,0.0093322520000456,0.0092888416799841,0.0831468077889783,False,,,,province_baseline
S021,5776440694,node,Özel Gaziantep Sevgi Hastanesi,37.0601601,37.3791426,hospital,850.0,2.0707029441052747,21.57438551395686,424.4232482910156,0.0,2.5424230634179377e-05,0.00939902668946,0.0093549939012086,0.0830457309387602,False,,,,province_baseline
S022,6125537250,node,Simya Koleji Gaziantep,37.047977,37.3146373,school,896.0,2.6185713407428373,58.1358687407635,392.4427490234375,0.0,4.1402043268491e-05,0.0153058283366727,0.0151892894783202,0.0964485586925264,False,,,,province_baseline
S023,6212963603,node,Bahçeşehir Okulu,37.6004614,36.8304904,school,585.0,5.617307539682862,29795.08558467925,779.72607421875,0.0,4.16281099073508e-05,0.0153894024043726,0.0152715906761421,0.0592193907607801,True,3780.0,0.0,0.6865539746640469,AOI04_highres
S024,6258846167,node,Spor Lisesi,37.5803958,36.8469223,school,511.0,12.880515356645091,27270.01741390139,603.6854248046875,0.0,8.226603232136129e-05,0.0304127446194956,0.0299549299737102,0.0724053257359729,True,1658.0,0.0,0.5817938565744133,AOI04_highres
S025,6258846168,node,Güzel Sanatlar Lisesi,37.5801917,36.8472522,school,516.0,14.341259291199242,27233.106344223608,603.6854248046875,0.0,8.247691233645584e-05,0.0304907043783833,0.0300305515057233,0.0724493302207843,True,1630.1,0.0,0.580416473306411,AOI04_highres
S026,7173251940,node,Simya Ortaokulu,37.585381,36.8790977,school,673.0,8.673249037946253,25419.265299399733,563.8441162109375,0.0,0.000101412419093,0.0374909293190864,0.0367968454103327,0.0744271352839588,True,206.4,14.0,0.2980092196563528,AOI04_highres
S027,7340613923,node,Yörük Selim Ek Hizmet Binası,37.5938896,36.9226498,hospital,661.0,5.911112090879563,23191.384752249767,546.2953491210938,0.0,0.0001189792595219,0.0439851750807955,0.0430318556566921,0.0739043022560966,True,1227.0,0.0,0.5605160003554538,AOI04_highres
S028,7573358554,node,Ali Kayası,37.7243319,36.7767723,sports_centre,899.0,29.93261134030855,42554.93186352019,517.6387329101562,0.0,0.0001660420214658,0.0613837017837463,0.0595376865308203,0.0548910595199972,False,,,,province_baseline
S029,7920961381,node,Atatürk İlkokulu,37.0736273,36.2455068,school,125.0,1.852254273911089,71834.94788385901,329.1371154785156,1.0,4.421696400877781e-05,0.0163464700594197,0.0162135915345313,0.0705491127820334,False,,,,province_baseline
S030,7920980290,node,80. Yıl Cumhuriyet İlkokulu,37.0921154,36.2678228,school,112.0,3.336585775528732,69821.39051447205,320.1772155761719,1.0,4.7300742141544593e-05,0.0174865050674125,0.0173345034197722,0.074705111851903,False,,,,province_baseline
S031,8820225987,node,İnşaat Mühendisliği,37.5870826,36.8082198,school,525.0,2.927142542223064,30462.788825112453,418.8919067382813,0.0,0.0001315544785542,0.0486340795456452,0.0474703839946424,0.0846635850891471,True,5118.6,0.0,0.7526387503826065,AOI04_highres
S032,8820225988,node,Jeoloji Mühendisliği,37.5868318,36.8080897,school,524.0,4.622196164453535,30456.260363125195,418.8919067382813,0.0,0.0001316106940366,0.0486548617210182,0.0474901794264733,0.0847132974704166,True,5126.4,0.0,0.7530238252747361,AOI04_highres
S033,10635674802,node,OMAR SIH - Schoo,37.4439964,37.0184384,school,567.0,9.04849029188484,6555.922163913157,321.0154113769531,1.0,0.001135478404588,0.419772459729067,0.3428036585630968,0.1354180049917869,False,,,,province_baseline
S034,10635674803,node,Sheltering Center Elementary - School Barınma Merkezi İlkokulu,37.4429362,37.0180401,school,576.0,1.3099697155538046,6562.1773352226055,321.0154113769531,1.0,0.0011370581852345,0.4203564852861817,0.3431873659641674,0.1358865697319243,False,,,,province_baseline
S035,10635674804,node,Kahramanmaraş Geçici Barınma Merkezi (School),37.443217,37.0161603,school,560.0,5.911112090879563,6731.245214903292,321.0154113769531,1.0,0.0011297478278895,0.4176539357072475,0.3414098964887769,0.1360063170931659,False,,,,province_baseline
S036,10703807939,node,Site_35,37.0680677,37.3849493,hospital,830.0,2.0707029441052747,24.09029029279676,276.0505676269531,1.0,4.731060887786448e-05,0.0174901526789899,0.0173380877952771,0.0984574098460049,False,,,,province_baseline
S037,10711631055,node,Dunyagoz Hastanesi,37.0787045,37.3666129,hospital,850.0,1.3099697155538046,41.26836212443334,334.9361877441406,1.0,4.661239542282624e-05,0.017232031715832,0.017084409417595,0.0955145603718383,False,,,,province_baseline
S038,10717894632,node,Tam Med Ozel Hastanesi,37.0570115,37.3773149,hospital,849.0,3.336585775528732,15.657294392152991,424.4232482910156,0.0,2.521629449560125e-05,0.009322155245666,0.0092788386622585,0.0831227165374126,False,,,,province_baseline
S039,10737061558,node,Avukat Cengiz Gokcek Devlet Hastanesi,37.0588123,37.3155033,hospital,890.0,5.839084602306712,56.39279338690718,403.5525207519531,0.0,4.2230596627830827e-05,0.0156121343661502,0.0154908967424272,0.0961851965671048,False,,,,province_baseline
S040,10738781594,node,Devlet Hastanesi,38.236994,36.8958664,hospital,1289.0,3.814206419250074,89964.89943727739,373.2665100097656,0.0,0.0002111560048484,0.0780617889196787,0.0750927242434572,0.0713919727035867,False,,,,province_baseline
S041,10742377782,node,Osmaniye Ozel Sevgi Hastanesi,37.0696715,36.2460919,hospital,133.0,0.9263691729971122,71796.65020761041,331.1907043457031,1.0,4.490087224846531e-05,0.0165993025596615,0.0164622932706218,0.0702916350044382,False,,,,province_baseline
S042,10742453834,node,Yenisehir Devlet Hastanesi,37.5780606,36.9314928,hospital,566.0,1.3099697155538046,21395.79162892823,507.2429504394531,0.0,0.0001577402700194,0.058314645947334,0.0566469214881131,0.079940648322877,True,273.7,8.0,0.3922408157244599,AOI04_highres
S043,10742483747,node,Kahramanmaras Devlet Hastanesi,37.592457,36.9251437,hospital,648.0,6.522665329469979,22924.01228757482,546.2953491210938,0.0,0.0001215233005521,0.0449256758922343,0.0439314618664713,0.0741569027391537,True,1200.7,0.0,0.559217606808914,AOI04_highres
S044,10743094268,node,Dunya Goz Hastanesi,37.0733611,37.3648788,hospital,848.0,4.1360107117553,16.70968585544036,334.9361877441406,1.0,4.563024427378194e-05,0.0168689424646457,0.016727458533238,0.0954603570025785,False,,,,province_baseline
S045,10743163828,node,Ozel Yılmazer Hastanesi,37.0600681,37.3788853,hospital,849.0,3.336585775528732,12.66979418193483,424.4232482910156,0.0,2.5452566987959783e-05,0.0094095022924112,0.0093653714506024,0.0830805473377226,False,,,,province_baseline
S046,11372418915,node,Site_45,37.0609393,36.2302204,school,120.0,2.7771727466471345,73245.71611918864,321.9996337890625,1.0,4.522302494407078e-05,0.0167183984657538,0.0165794216100894,0.0690589005049027,False,,,,province_baseline
S047,11415523463,node,CEBELİ BEREKET ORTAOKULU,37.0785032,36.2472226,school,122.0,1.3099697155538046,71669.04437478994,325.8380126953125,1.0,4.41446651554084e-05,0.0163197420587886,0.0161872965393802,0.0712203263939868,False,,,,province_baseline
S048,12009923131,node,Bahçeşehir Koleji,37.0220321,37.3112776,school,884.0,4.976533010740028,51.17284474224396,410.4387512207031,0.0,3.287815506495653e-05,0.0121546512617098,0.0120810818598705,0.0924545930721319,False,,,,province_baseline
S049,12477046619,node,ŞEHİT YASEMİN TEKİN ORTAOKULU,37.0622366,36.2462004,school,137.0,4.1360107117553,71818.92580653273,356.0981750488281,1.0,4.197015530137821e-05,0.0155158523974414,0.0153961017043005,0.0678049102070846,False,,,,province_baseline
S050,12698794984,node,Tıp Fakültesi,37.5873802,36.8259264,hospital,516.0,2.7771727466471345,29214.944352318595,479.3605041503906,0.0,0.0001108376434013,0.0409753193131215,0.0401471805176523,0.079757171961917,True,3580.0,0.0,0.676680259481235,AOI04_highres
S051,12702017066,node,Kahramanmaraş Sütçü İmam Üniversitesi Stadyum,37.5852368,36.8285228,stadium,530.0,1.3099697155538046,28888.843964116186,479.3605041503906,0.0,0.000112684873134,0.0416582175218756,0.0408024385260192,0.0802548572804076,True,3314.0,0.0,0.6635482182880953,AOI04_highres
S052,12719175001,node,Site_51,37.0613596,37.3667812,school,854.0,1.852254273911089,24.44774553455144,415.7392883300781,0.0,2.8903053657018347e-05,0.0106851049551131,0.0106282220015436,0.0859468543350169,False,,,,province_baseline
S053,12719178202,node,Ezogelin Halk Eğitim Merkezi,37.0613569,37.3671022,school,853.0,2.6185713407428373,17.45721367856116,415.7392883300781,0.0,2.8840908406409097e-05,0.0106621306170691,0.0106054915787574,0.0858931953540642,False,,,,province_baseline
S054,12786709301,node,İbrahimli Spor Merkezi,37.0738273,37.3322631,sports_centre,880.0,2.927142542223064,23.041038374222747,419.6260070800781,0.0,3.895006424071777e-05,0.014399361720017,0.0142961867227446,0.0926379481678972,False,,,,province_baseline
S055,12786813801,node,KYK Kapalı Spor Salonu,37.0403548,37.3091004,sports_centre,914.0,1.852254273911089,27.78491348119833,430.0620727539063,0.0,3.486006708195593e-05,0.0128873398614937,0.0128046536799211,0.0928790580044851,False,,,,province_baseline
S056,12839662923,node,Site_55,37.0180095,37.5046383,sports_centre,726.0,3.700645055237513,21.099579209022902,431.5643615722656,0.0,8.681535949173022e-06,0.0032094575157797,0.0032043127124878,0.0637903107986424,False,,,,province_baseline
S057,12839697935,node,Site_56,36.9783792,37.6696699,school,601.0,3.336585775528732,12.447056622680202,410.2217712402344,0.0,3.3794217269757155e-06,0.0012493308239614,0.0012485507351044,0.0493034592757765,False,,,,province_baseline
S058,13789103291,node,Özgecan Hanımlar Yüzme Havuzu,37.0288118,37.329815,sports_centre,911.0,2.6185713407428373,25.932967670049987,365.1915893554688,0.0,3.731594755936194e-05,0.0137952487962967,0.0137005304064595,0.0945919556297645,False,,,,province_baseline
S059,13796144101,node,Sam ilkokulu,37.1425941,37.30072,school,971.0,0.9263691729971122,105.9284572603732,455.7398071289063,0.0,6.730194628698623e-05,0.0248807052809527,0.0245737317095221,0.1000024723314924,False,,,,province_baseline
S060,13840149567,node,Yavuz Selim Ortaokulu,38.0197059,36.4972275,school,1339.0,0.0,83421.80342467279,239.6634521484375,1.0,0.0035914696315079,1.3277223372709368,0.7349196621576644,0.3747000954257786,False,,,,province_baseline
S061,13906936801,node,Dr. Ersin Arslan Eğitim ve Araştırma Hastanesi Mücahitler Ek Binası,37.076332,37.36961,hospital,842.0,5.617307539682862,51.58001234844636,334.9361877441406,1.0,4.510624897125308e-05,0.0166752278187835,0.0165369657910604,0.094807450337549,False,,,,province_baseline
S062,13909311701,node,Şehit Ersin Yıldırım Ortaokulu,37.0439512,37.3935229,school,912.0,2.0707029441052747,23.968594212154297,383.06256103515625,0.0,2.5295157892348665e-05,0.0093513100775866,0.009307722550143,0.08355715438835,False,,,,province_baseline
S063,13909324201,node,Şehit Ersin Yıldırım Ortaokulu,37.0436475,37.3939228,school,911.0,2.927142542223064,38.055655997290906,383.06256103515625,0.0,2.5183819492656425e-05,0.0093101496348056,0.0092669443781253,0.083474618044183,False,,,,province_baseline
S064,96407162,way,"Çatalağaç İ.Ö,O.",37.64598880001152,37.49616559990985,school,972.0,3.336585775528732,22265.760291621737,468.6452331542969,0.0,0.000256307654367,0.0947538007647839,0.09040315104812,0.0840661841433151,False,,,,province_baseline
S065,99935025,way,Yatılı Bölge İlköğretim Okulu,38.23747659833057,36.93925116398011,school,1222.0,2.0707029441052747,89313.37162110196,679.860595703125,0.0,7.243365743802237e-05,0.0267778360443256,0.0264224886691577,0.0475404811093731,False,,,,province_baseline
S066,99935083,way,Site_65,38.236900508794776,36.939329242718735,school,1224.0,1.3099697155538046,89250.24326828722,679.860595703125,0.0,7.291275735600419e-05,0.0269549534163642,0.0265949108895044,0.0475679906537953,False,,,,province_baseline
S067,99935589,way,Site_66,38.23714259993321,36.93975359970754,school,1223.0,1.852254273911089,89270.65523492456,679.860595703125,0.0,7.26206181282282e-05,0.026846953121747,0.0264897771759649,0.0475082134663288,False,,,,province_baseline
S068,99935663,way,Afşin Lisesi,38.241754130047525,36.89694741151252,school,1271.0,1.852254273911089,90462.62100033971,456.23443603515625,0.0,0.0001514127405386,0.0559754357929049,0.0544376374051815,0.064181137653064,False,,,,province_baseline
S069,120115463,way,Site_68,38.14062497820562,36.49363028278894,school,1497.0,3.336585775528732,94262.16990941956,446.3035583496094,0.0,0.0011176974832633,0.4131990708820825,0.338469421756726,0.2446594048268001,False,,,,province_baseline
S070,128262827,way,Site_69,38.46757834996959,37.00437159998405,school,1523.0,3.814206419250074,113999.21468933596,744.5692138671875,0.0,3.884749005632891e-06,0.0014361441300296,0.0014351133685482,0.0276061690508828,False,,,,province_baseline
S071,128531906,way,Kayasuyu İlkokulu,37.41002696510422,36.20941482209182,school,460.0,2.0707029441052747,75512.62481864788,450.4401550292969,0.0,1.2649749591799204e-05,0.0046764574998965,0.00466553989772,0.0538059126927169,False,,,,province_baseline
S072,148508477,way,Elektrik ve Elektronik Mühendisliği Binası,37.03754422867998,37.312316866448775,university,892.0,0.9263691729971122,51.37606026299508,430.0620727539063,0.0,3.345311192778873e-05,0.0123672057722791,0.0122910461667772,0.0919988038480006,False,,,,province_baseline
S073,177681729,way,Kahramanmaraş Sütçü İmam Üniversitesi Avşar Kampüsü,37.58720857181624,36.82149234387787,university,512.0,2.927142542223064,29502.68299871276,448.3277587890625,0.0,0.0001220700962969,0.0451278195823836,0.0441247055566509,0.0820851961167604,True,3864.5,0.0,0.6907256193287848,AOI04_highres
S074,177743217,way,Batıpark Spor Kompleksi,37.58920810937042,36.917462631636326,sports_centre,633.0,4.976533010740028,23160.44133807376,595.8272094726562,0.0,0.0001042456896173,0.0385383547322496,0.0378052006918263,0.0714483156616669,True,702.1,0.0,0.534602434858164,AOI04_highres
S075,185081792,way,Çıraklık Okulu,37.07868715841113,37.4274490813441,school,818.0,0.9263691729971122,34.014493022659416,358.61431884765625,1.0,2.8590145765175235e-05,0.0105694267397487,0.0105137666200633,0.0828564187957893,False,,,,province_baseline
S076,186279534,way,Site_75,37.0823344844973,37.440414759458335,school,839.0,4.713325253295173,44.76221645912433,371.09130859375,0.0,2.5411936389777408e-05,0.0093944816578748,0.0093504913781341,0.0798948795400906,False,,,,province_baseline
S077,199204303,way,Afşin TOKİ Evleri İlkokulu,38.22426245870575,36.8856046451826,school,1292.0,2.927142542223064,88772.7339960289,442.6463012695313,0.0,0.0001962535679634,0.0725525405166183,0.0699831181908365,0.0687175015937286,False,,,,province_baseline
S078,199232238,way,Namık Kemal İlköğretim Okulu,38.24123809619164,36.90723135570775,school,1239.0,2.927142542223064,90225.01660127506,421.97705078125,0.0,0.0001663441700067,0.0614954023988357,0.0596427308828346,0.0653140676690798,False,,,,province_baseline
S079,199234898,way,Efsus İlköğretim Okulu,38.2491524369667,36.913343296348046,school,1222.0,2.0707029441052747,90986.72445910433,417.9743041992188,0.0,0.0001533445614645,0.0566896063297834,0.0551126891056185,0.0639947497096603,False,,,,province_baseline
S080,199234900,way,Kız Meslek Lisesi,38.24899600005919,36.91383149999379,school,1223.0,3.9244453385903313,90963.25758979772,417.9743041992188,0.0,0.0001533869305575,0.0567052696645609,0.0551274890759873,0.0639445294998039,False,,,,province_baseline
S081,199234902,way,Mehmet Âkif Ersoy İlköğretim Okulu,38.245903383765565,36.90138758168344,school,1265.0,3.9244453385903313,90835.78113458146,506.0845031738281,0.0,0.000121696843279,0.0449898325129553,0.0439927980254741,0.0598623425508567,False,,,,province_baseline
S082,199234903,way,Fatih İlköğretim Okulu,38.246143104515234,36.91727985238641,school,1215.0,2.0707029441052747,90592.91668788268,417.9743041992188,0.0,0.0001565871040458,0.0578883346099481,0.0562446736402687,0.0637622680524901,False,,,,province_baseline
S083,199239845,way,Kapalı Spor Salonu,38.25680597821672,36.91710616665987,sports_centre,1234.0,0.9263691729971122,91762.80115574117,391.271728515625,0.0,0.0001549053756559,0.0572666202207107,0.0556577449418482,0.0647700141605568,False,,,,province_baseline
S084,222515510,way,Site_84,37.83632910014096,37.73725169984315,school,1114.0,9.9207404688904,44105.099936922656,353.8663635253906,1.0,0.0009648762610067,0.3567029366480445,0.3000195946222639,0.2532314604060443,False,,,,province_baseline
S085,222515511,way,Site_85,37.83645426141207,37.73700055505784,school,1118.0,12.942599618451863,44112.100455739455,353.8663635253906,1.0,0.000965414531742,0.3569019287465716,0.3001588713341157,0.2529987099955401,False,,,,province_baseline
S086,230290712,way,Site_86,37.38667037121038,36.85251969539466,school,487.0,2.0707029441052747,18529.47440661972,446.00634765625,0.0,0.0007205846710735,0.2663913277411332,0.2338607427138682,0.1571134856042969,False,,,,province_baseline
S087,231337363,way,Site_87,36.93288254997256,36.758279849754345,school,441.0,4.976533010740028,25999.956285357577,592.4990844726562,0.0,0.000230666809634,0.0852746944958895,0.0817399912165265,0.1940922175140275,False,,,,province_baseline
S088,231359812,way,Site_88,37.2214953918733,36.97766701139162,school,622.0,1.3099697155538046,7763.444323580815,416.3116149902344,0.0,0.0007874287247687,0.2911027557388327,0.2525611295614154,0.448482622774029,False,,,,province_baseline
S089,237176392,way,Türktepe Ilkokulu,37.06488562493546,37.3873179744757,school,876.0,3.9244453385903313,16.603933104341127,276.0505676269531,1.0,4.58008944501883e-05,0.0169320297448739,0.0167894885669286,0.0978223493573284,False,,,,province_baseline
S090,237818795,way,Site_90,37.125997706400064,37.404047417267385,school,978.0,5.617307539682862,30.88511582536143,519.2416381835938,0.0,2.1942792398508277e-05,0.0081119816116518,0.0080791682758238,0.0745262475210524,False,,,,province_baseline
S091,245615668,way,Hasan Kalyoncu Üniversitesi,37.006074317632766,37.43789856644679,university,864.0,13.516231572042404,37.87427941464556,429.4382934570313,0.0,1.2015726088100404e-05,0.0044420667756006,0.004432215389218,0.0708508563415625,False,,,,province_baseline
S092,247375134,way,Site_92,37.78643937408842,37.64423828348379,school,898.0,1.852254273911089,37483.72265954816,451.2396545410156,0.0,0.0005397343699551,0.1995331863300216,0.18088696299371,0.2386847308304568,False,,,,province_baseline
S093,248201279,way,Site_93,37.78065458510506,37.64477250558,school,915.0,3.700645055237513,36844.64495578185,451.2396545410156,0.0,0.0005281759803221,0.1952601912407986,0.1773794084643088,0.243653476954725,False,,,,province_baseline
S094,248215074,way,Adıyaman Üniv. Gölbaşı Meslek Yüksekokulu,37.79390568482307,37.64975513574236,university,885.0,2.6185713407428373,38320.9730107072,397.543701171875,0.0,0.0006372228116375,0.2355734692582106,0.2098823884784821,0.2510351745863967,False,,,,province_baseline
S095,248215076,way,Gölbaşı Stadı,37.791388278183504,37.648108360175726,stadium,888.0,2.927142542223064,38049.36144779414,397.543701171875,0.0,0.0006297880611901,0.2328249330727604,0.2077077344438276,0.2506981415359116,False,,,,province_baseline
S096,255535522,way,Gaziantep Üniversitesi Merkez Yerleşkesi,37.03541143050559,37.31139737416412,university,895.0,4.976533010740028,16.729015638301096,426.3345642089844,0.0,3.37299073762482e-05,0.0124695336596014,0.0123921111663402,0.092349400970352,False,,,,province_baseline
S097,255638256,way,Teknopark,37.0275834414442,37.30740737780263,university,909.0,1.3099697155538046,40.59805180451076,410.4387512207031,0.0,3.504049385303675e-05,0.012954041429037,0.0128704989609759,0.093764592389576,False,,,,province_baseline
S098,255666044,way,İslam Bilim ve Teknoloji Üniversitesi,36.97817969199953,37.30075898096586,university,901.0,4.976533010740028,219.89017589337143,465.02838134765625,0.0,2.052990472638638e-05,0.0075896543432062,0.007560925642928,0.0839790058990251,False,,,,province_baseline
S099,257623304,way,Site_99,37.04056976623877,37.3187215916773,hospital,883.0,3.814206419250074,83.28529984752468,347.6438903808594,1.0,4.678951981006657e-05,0.0172975124325144,0.0171487693277152,0.0997844529675573,False,,,,province_baseline
S100,257889585,way,Açık Hava Sahnesi (Amfi Tiyatro),37.03408974985419,37.31609653360363,university,888.0,0.9263691729971122,51.82622226779598,295.69940185546875,1.0,5.7324475107478406e-05,0.0211921563821145,0.0209691805268505,0.1057648666936246,False,,,,province_baseline
S101,262713485,way,Site_101,38.15150401353808,36.87478440019183,school,1186.0,2.0707029441052747,81145.93378544072,444.6604919433594,0.0,0.0004509456715302,0.1667090919365341,0.1535541865632204,0.0778310371144252,False,,,,province_baseline
S102,280157382,way,Kadın Dogum ve Cocuk Hastalıkları Hastanesi,37.59402287097844,36.88341685436146,hospital,766.0,5.541356985554726,25732.511573648528,593.4251098632812,0.0,8.861676789875276e-05,0.0327605337836388,0.0322297198694063,0.0707997172464675,True,532.6,0.0,0.526234461240731,AOI04_highres
S103,281909362,way,Site_103,36.93685953102661,36.97220466845338,school,755.0,3.814206419250074,6935.643998272796,469.66693115234375,0.0,0.0001089510414976,0.0402778656949355,0.0394774941853474,0.1224702510433456,False,,,,province_baseline
S104,282083950,way,Site_104,36.97285964444061,36.96178383859376,school,947.0,7.197701505767706,8062.046417772907,593.71435546875,0.0,0.0001200471913624,0.0443799764030438,0.0434095933748465,0.1254429289102237,False,,,,province_baseline
S105,293673268,way,Mustafa Gürbüz Necat Bayel Anadolu Lisesi,37.03224184197747,37.33540397432552,school,913.0,5.617307539682862,37.087292855143765,360.56146240234375,0.0,3.7637068158482987e-05,0.013913963148959,0.0138176113597913,0.0944532922999156,False,,,,province_baseline
S106,293673269,way,Site_106,37.03491632593132,37.33916726721319,school,903.0,12.755315103645817,40.01309294152182,365.5049743652344,0.0,3.653158251558111e-05,0.0135052786458975,0.0134144915315593,0.0935079146692148,False,,,,province_baseline
S107,293682860,way,Sanko Ozel Sani Konukoglu Hastanesi,37.07220275604249,37.36801005789745,hospital,843.0,4.1360107117553,51.12965049715511,334.9361877441406,1.0,4.44352757098626e-05,0.0164271772216006,0.0162929869398187,0.0948033350517479,False,,,,province_baseline
S108,304534041,way,Site_108,37.59418717124921,36.88095786045909,school,767.0,7.865800643265903,25909.242207588515,593.4251098632812,0.0,8.77461154739582e-05,0.032438664245259,0.0319181739602036,0.0707682236372998,True,523.8,0.0,0.5258000177726874,AOI04_highres
S109,304536124,way,Süleyman Demirel İlkokulu,37.582274460786266,36.902329887395645,school,710.0,5.911112090879563,23615.914881250224,536.1529541015625,0.0,0.0001237742625422,0.0457578289719682,0.0447267263081466,0.0770650488167166,True,327.3,14.0,0.3039778804843625,AOI04_highres
S110,304853694,way,Site_110,37.174307745204125,36.73889914897537,school,495.0,2.927142542223064,27659.78405621837,389.1880798339844,0.0,0.000442940944035,0.1637498422171885,0.1510456321385281,0.2369942294832473,False,,,,province_baseline
S111,304891907,way,Site_111,37.56879135865075,36.9339953733067,school,523.0,1.852254273911089,20533.844401649218,454.89892578125,0.0,0.000201288610483,0.074413934070862,0.0717126354644541,0.0863904556498794,True,774.8,0.0,0.5381915303271162,AOI04_highres
S112,305275035,way,Site_112,37.58132694760811,36.9116927232894,school,681.0,4.713325253295173,22919.5948262,563.9261474609375,0.0,0.0001194054054042,0.0441427159943834,0.043182605417487,0.0752051586082567,True,29.8,12.0,0.3195937594529602,AOI04_highres
S113,309204844,way,Site_113,37.0478218050722,37.36822813524692,school,923.0,0.0,43.481286618078514,378.7225341796875,0.0,3.1041871830992114e-05,0.0114757998394671,0.0114102040098033,0.088302446554105,False,,,,province_baseline
S114,316486555,way,Site_114,37.10131582445896,37.32245837328544,school,963.0,4.713325253295173,42.092776223124126,389.0040283203125,0.0,5.644721061451811e-05,0.0208678424431131,0.0206516156928158,0.0998132684954185,False,,,,province_baseline
S115,316486556,way,Site_115,37.100891666264765,37.32330652862953,school,962.0,5.911112090879563,45.332918266552845,389.0040283203125,0.0,5.597884503644061e-05,0.0206946934250714,0.0204820278001874,0.0996112964389283,False,,,,province_baseline
S116,316486557,way,Site_116,37.101486705339205,37.323403506374525,school,968.0,4.622196164453535,41.34330912819103,389.0040283203125,0.0,5.61680072912042e-05,0.0207646243939468,0.020550524045982,0.0996339401136936,False,,,,province_baseline
S117,316486572,way,Akşemseddin Anadolu Lisesi,37.035871962805125,37.327285814846384,school,907.0,7.370669485321746,46.18110087044656,375.80072021484375,0.0,3.785944874503363e-05,0.0139961745282641,0.0138986834416383,0.0946366551898369,False,,,,province_baseline
S118,317932158,way,Osmangazi Ortaokulu,37.06822670739568,37.32516859073901,school,889.0,7.197701505767706,31.87742014991942,378.0918884277344,0.0,4.689865792221779e-05,0.0173378594559389,0.0171884236493696,0.0978386292564718,False,,,,province_baseline
S119,317933121,way,Orhan Gazi Anaokulu,37.06775728527717,37.32512230030428,school,887.0,3.814206419250074,24.92555384864588,378.0918884277344,0.0,4.6774401930278254e-05,0.0172919235375086,0.0171432762600306,0.0978082191190236,False,,,,province_baseline
S120,321950596,way,Elbistan Devlet Hastanesi,38.203430603008464,37.158686310229015,hospital,1170.0,3.700645055237513,83757.07873769627,897.872314453125,0.0,8.232962986074715e-05,0.0304362558509138,0.0299777366597301,0.0503099362811154,False,,,,province_baseline
S121,321950616,way,Ozel Elbistan Yasam Hastanesi,38.20614935424165,37.18479937153708,hospital,1135.0,2.0707029441052747,83957.22425135078,466.27490234375,0.0,0.0002347109466275,0.0867697624129979,0.0831118265461974,0.0724585802005176,False,,,,province_baseline
S122,321982116,way,Site_122,38.20759393626051,37.23486840567272,school,1160.0,2.0707029441052747,84102.79750582925,267.6567687988281,1.0,0.0003818327550532,0.1411588931556737,0.1316486743469272,0.0909520475916335,False,,,,province_baseline
S123,323012799,way,Gölbaşı Devlet Hastanesi,37.78995420005224,37.660175425170976,hospital,909.0,2.0707029441052747,37965.21388139472,502.1872863769531,0.0,0.00049094591579,0.1814966923478384,0.1659789960497062,0.2566126222954217,False,,,,province_baseline
S124,323403214,way,Site_124,38.21247233855199,37.18039156789476,school,1134.0,2.0707029441052747,84664.12597514289,466.27490234375,0.0,0.0002148395742725,0.0794235594223122,0.0763513784956307,0.0700818683721208,False,,,,province_baseline
S125,323403218,way,Site_125,38.21063781843911,37.19435075515548,school,1138.0,1.852254273911089,84438.25252073661,302.7056579589844,1.0,0.0003658798661194,0.1352613054952967,0.1265123652547092,0.0860370965178505,False,,,,province_baseline
S126,323403221,way,Site_126,38.21618764253331,37.18496665470914,school,1130.0,1.3099697155538046,85067.494373247,304.9372863769531,1.0,0.0003317074937207,0.1226281979358519,0.115407505257734,0.0834136691434875,False,,,,province_baseline
S127,324944165,way,Site_127,37.24407207570581,36.46099322218137,hospital,404.0,0.9263691729971122,52606.47680950762,559.8400268554688,0.0,4.806893374867998e-05,0.0177704960963634,0.0176135319825809,0.085265490908753,False,,,,province_baseline
S128,324950209,way,Site_128,37.255027247968215,36.45883684764589,school,377.0,4.622196164453535,52718.63788476303,487.0105590820313,0.0,5.6530328597368935e-05,0.0208985701434093,0.0206817083541128,0.0905384774567158,False,,,,province_baseline
S129,324950210,way,Site_129,37.2544357847191,36.46058982002258,school,383.0,2.927142542223064,52555.54336894272,487.0105590820313,0.0,5.7491908439312906e-05,0.0212540544343018,0.0210297787521319,0.0909402905089733,False,,,,province_baseline
S130,324985899,way,Göksun Anadolu İmam Hatip Lisesi,38.01535503963154,36.49418690935335,school,1343.0,1.852254273911089,83226.42602828519,232.2720642089844,1.0,0.0035933766286114,1.3284273307447068,0.7351064762067876,0.357712771349998,False,,,,province_baseline
S131,324985902,way,Site_131,38.01659044773981,36.4955505427901,school,1340.0,1.852254273911089,83252.40661911384,232.2720642089844,1.0,0.0035982609791684,1.3302330153259565,0.7355843587759361,0.3621297632259455,False,,,,province_baseline
S132,326738274,way,Vedat Topçuoğlu Anadolu Lisesi,37.07082806509492,37.32545454475047,school,884.0,5.911112090879563,50.01247732508146,422.3609619140625,0.0,3.958928348849775e-05,0.0146356732472663,0.0145290923760464,0.0934316301032378,False,,,,province_baseline
S133,326738285,way,Yasemin Erman Balsu Anadolu Lisesi,37.07307426464176,37.3478771588935,school,856.0,1.852254273911089,54.15831640011295,344.0191345214844,1.0,4.856376165384387e-05,0.0179534279126392,0.0177932252871477,0.0975848535156795,False,,,,province_baseline
S134,326738287,way,Ali Küncülü Ortaokulu,37.07399677530036,37.34792105498122,school,853.0,2.927142542223064,45.796567912900336,344.0191345214844,1.0,4.883220174571084e-05,0.0180526669269591,0.0178906936829148,0.0976495761176812,False,,,,province_baseline
S135,326740186,way,Behiye Reşat Kaleoğlu İlkokulu,37.07550433128154,37.35353668380297,school,859.0,2.0707029441052747,35.48071007016049,344.0191345214844,1.0,4.7568752285854666e-05,0.0175855851353863,0.0174318611607835,0.0967021882490649,False,,,,province_baseline
S136,326741575,way,Site_136,37.07064785144336,37.354924883609705,school,854.0,4.622196164453535,39.06912102083967,275.4686889648437,1.0,5.749964728716369e-05,0.0212569153915729,0.021032579540098,0.1042613659140152,False,,,,province_baseline
S137,326741576,way,Site_137,37.07087198536016,37.3555617390582,school,856.0,2.927142542223064,42.58920550645042,316.59539794921875,1.0,5.199734831185021e-05,0.0192227828482332,0.0190392033429062,0.0991105122157422,False,,,,province_baseline
S138,326741578,way,Ali Süzer İşitme Engelliler İlkokulu,37.06997850241016,37.35547169306496,school,853.0,1.852254273911089,40.713682359096815,275.4686889648437,1.0,5.706699704274139e-05,0.0210969698949702,0.0208759855869598,0.1040979790820957,False,,,,province_baseline
S139,326741581,way,Nilgün - İsmet Akın Ortaokulu,37.06741013773208,37.35906177841044,school,852.0,5.911112090879563,42.53097105328239,275.4686889648437,1.0,5.501662850264767e-05,0.020338973757,0.0201335320125184,0.103215640902822,False,,,,province_baseline
S140,326741583,way,25 Aralık Devlet Hastanesi,37.06488491466962,37.36111192128468,hospital,844.0,3.700645055237513,18.18046698391805,275.4686889648437,1.0,5.3553377388029146e-05,0.0197980277406752,0.0196033337587427,0.1026331908332468,False,,,,province_baseline
S141,326743169,way,Bayraktar Anadolu Lisesi,37.06496492471116,37.36548769554768,school,842.0,0.0,50.3810575422463,290.7923278808594,1.0,5.166636095743412e-05,0.0191004208769785,0.0189191637021099,0.0999041675381677,False,,,,province_baseline
S142,326743170,way,Hacı Sani Konukoğlu Endüstri Meslek Lisesi,37.06522319662828,37.36780950344923,school,841.0,0.9263691729971122,47.43655828014455,290.7923278808594,1.0,5.104406050354942e-05,0.0188703640206242,0.0186934333646715,0.0995053184622095,False,,,,province_baseline
S143,326752046,way,Site_143,37.06198693490213,37.358519077132286,school,850.0,1.3099697155538046,28.077195498614792,416.0304260253906,0.0,3.0608458163279345e-05,0.0113155721146237,0.0112517918253153,0.0873457683308265,False,,,,province_baseline
S144,326752047,way,Mehmetçik Ortaokulu,37.06023269450436,37.355954132396576,school,853.0,2.0707029441052747,35.00606766843612,416.0304260253906,0.0,3.080269861229024e-05,0.0113873804297186,0.0113227896190509,0.0876668064233304,False,,,,province_baseline
S145,326752049,way,Gözde Hastanesi,37.05921829386462,37.36561876743752,hospital,861.0,6.713759633458762,29.879232270678443,415.7392883300781,0.0,2.872599849735126e-05,0.0106196498310166,0.0105634604295719,0.0859857706656929,False,,,,province_baseline
S146,326755730,way,Gaziantep Lisesi,37.060096715900805,37.366048199043824,school,854.0,5.911112090879563,40.47856447707542,415.7392883300781,0.0,2.8785503211862787e-05,0.0106416479952046,0.010585225977621,0.0859595472319322,False,,,,province_baseline
S147,327928206,way,Turgut Özal Ortaokulu,37.01201643575229,37.35032609317622,school,950.0,1.852254273911089,38.37172613701252,487.6116943359375,0.0,1.696778541115473e-05,0.006272782458403,0.0062531496307862,0.0782539087670034,False,,,,province_baseline
S148,327928207,way,Karataş Borsa İstanbul İlkokulu,37.01267526403092,37.35519059307367,school,944.0,4.622196164453535,51.19013355357295,272.0053100585937,1.0,4.054266514532546e-05,0.0149881267695262,0.0148763638663983,0.0993823203994372,False,,,,province_baseline
S149,327928208,way,Dayı Ahmet Ağa İlkokulu,37.01381378286441,37.337583252517824,school,951.0,1.3099697155538046,33.40891777598241,287.351318359375,1.0,4.482269938052356e-05,0.0165704030077833,0.0164338690609205,0.1005957460108774,False,,,,province_baseline
S150,327929747,way,Borsa İstanbul Anadolu Lisesi,37.02394517852208,37.32266210821237,school,924.0,4.622196164453535,43.85720773241703,332.9914855957031,1.0,4.394311859746518e-05,0.0162452327647008,0.0161139906183784,0.0989240266224974,False,,,,province_baseline
S151,328232341,way,Üniversite Stadyumu,37.04418859289584,36.222854799555535,stadium,145.0,2.927142542223064,74007.17089797124,519.9118041992188,0.0,2.169137241762274e-05,0.0080190347239128,0.0079869680368352,0.0535062321935974,False,,,,province_baseline
S152,328232827,way,Dede Korkut İlk Okulu,37.04128903274706,36.225857408450246,school,158.0,2.927142542223064,73764.29995766627,519.9118041992188,0.0,2.2563543297635247e-05,0.0083414656165899,0.0083067721241492,0.0536829350990856,False,,,,province_baseline
S153,328516785,way,Stad,37.25710352445039,36.461340657975306,stadium,386.0,2.6185713407428373,52472.71282196295,487.0105590820313,0.0,5.728357453790549e-05,0.0211770359424614,0.0209543770385088,0.090956615861533,False,,,,province_baseline
S154,335856866,way,Recep Tayyip Erdoğan Spor Kompleksi,37.28440495682506,36.78519162926017,sports_centre,489.0,3.336585775528732,23670.63307395263,602.3325805664062,0.0,0.0003849614536177,0.1423155346971194,0.1326524649378913,0.1956565364714979,False,,,,province_baseline
S155,335889747,way,Hasan Süzer Anadolu Lisesi,37.0788233422342,37.35136761610526,school,867.0,2.0707029441052747,33.67020334309097,344.0191345214844,1.0,4.92150570114369e-05,0.0181942038297876,0.018029688555686,0.0973563779468347,False,,,,province_baseline
S156,335889749,way,Ünler Ortaokulu,37.078239132560014,37.3512012356655,school,864.0,3.814206419250074,32.860187247577414,344.0191345214844,1.0,4.9088893512813775e-05,0.018147562729498,0.0179838873118066,0.0973439423283044,False,,,,province_baseline
S157,335899447,way,Düztepe Yaşam Hastanesi,37.04728362784919,37.381432164033285,hospital,911.0,3.700645055237513,27.073268287481223,368.56829833984375,0.0,2.9863764919598133e-05,0.0110402681428523,0.0109795480433452,0.0871280971000965,False,,,,province_baseline
S158,335899450,way,Site_158,37.04683648732943,37.38191689860941,school,911.0,2.6185713407428373,41.57120722615296,368.56829833984375,0.0,2.968918320116452e-05,0.0109757274196871,0.0109157138882216,0.087015828576572,False,,,,province_baseline
S159,335899453,way,Düztepe İlkokulu,37.04779538143976,37.38163101986028,school,911.0,4.622196164453535,24.32215541989713,368.56829833984375,0.0,2.992400735075345e-05,0.0110625390318485,0.0110015741627741,0.0871350799757978,False,,,,province_baseline
S160,335899455,way,25 Aralık İlkokulu,37.04795448751141,37.38615159796809,school,912.0,0.9263691729971122,33.44247489220904,368.56829833984375,0.0,2.9117790352384392e-05,0.0107644904814637,0.0107067606834379,0.08642165113814,False,,,,province_baseline
S161,335899461,way,Dumlupınar İlkokulu,37.04195018454612,37.38604546652428,school,901.0,2.927142542223064,34.80092521247166,424.6275024414063,0.0,2.156761682275785e-05,0.0079732837961525,0.0079415814820421,0.0806938665779306,False,,,,province_baseline
S162,335899463,way,Ertuğrulgazi Ortaokulu,37.042257653108834,37.381097127536336,school,902.0,7.197701505767706,35.262196775202824,424.6275024414063,0.0,2.2331514570028013e-05,0.008255687437699,0.0082217028365514,0.0814744083868453,False,,,,province_baseline
S163,335901817,way,Ülgan Konukoğlu Mesleki ve Teknik Anadolu Lisesi,37.0433931555002,37.33784333389645,school,894.0,2.6185713407428373,49.72620462778705,409.6949157714844,0.0,3.195572105482172e-05,0.0118136387054098,0.0117441316553185,0.0900075612876078,False,,,,province_baseline
S164,335901818,way,Kurtuluş İlkokulu,37.04358775591673,37.33883885311303,school,898.0,5.617307539682862,35.129285585747056,409.6949157714844,0.0,3.178581358512691e-05,0.0117508259947568,0.0116820546758177,0.0898509465795202,False,,,,province_baseline
S165,337930153,way,Osmaniye Olimpik Kapalı Yüzme Havuzu,37.05320232502186,36.22867243681892,sports_centre,119.0,2.927142542223064,73427.4777392877,366.8006591796875,0.0,3.851540567102741e-05,0.0142386737701591,0.0141377832713999,0.0646878739112628,False,,,,province_baseline
S166,337931082,way,Osmaniye İstek Okulları,37.04563635052877,36.23040103231887,school,130.0,2.7771727466471345,73328.1145268665,535.496826171875,0.0,2.1190663562979e-05,0.0078339287926395,0.0078033235444004,0.0533697419192225,False,,,,province_baseline
S167,338801646,way,Site_167,37.09875609277096,37.42581701005775,school,864.0,2.927142542223064,33.56324390830972,462.52545166015625,0.0,2.014660650108774e-05,0.0074479536836487,0.0074202864074202,0.0747357972583422,False,,,,province_baseline
S168,338801648,way,Kanuni Sultan Süleyman Mesleki ve Teknik Anadolu Lisesi,37.09671291758914,37.42065381605863,school,857.0,2.0707029441052747,39.0513071172396,473.32666015625,0.0,1.964805816682039e-05,0.0072636464702983,0.0072373299467999,0.0745477384981633,False,,,,province_baseline
S169,338801654,way,İl Genel Meclisi Anadolu Lisesi,37.10092158544608,37.388727682350606,school,846.0,0.0,45.089702066181815,407.03228759765625,0.0,3.3286802063878136e-05,0.0123057230524239,0.0122303172670004,0.0854465769853951,False,,,,province_baseline
S170,339880394,way,Olcay Külah İlkokulu,37.10528671902633,37.37738200291479,school,881.0,4.622196164453535,48.8509111086336,452.9975280761719,0.0,3.038844850695604e-05,0.0112342372391863,0.0111713688424122,0.0833620539315963,False,,,,province_baseline
S171,339880397,way,Karacaoğlan İlkokulu,37.09963749040213,37.37805330236014,school,901.0,8.721094045751583,34.254971664443445,421.9235534667969,0.0,3.325855645384005e-05,0.0122952809963228,0.0122200028667066,0.0857914440425035,False,,,,province_baseline
S172,339880400,way,Ahmet Yesevi İlkokulu,37.09353212371285,37.37614356196015,school,876.0,3.814206419250074,27.086045754021463,313.9230651855469,1.0,5.306807512889773e-05,0.019618617439075,0.0194274247176893,0.0971013100961169,False,,,,province_baseline
S173,339880404,way,Site_173,37.08883950528975,37.37378470417303,school,899.0,2.0707029441052747,33.941346173229775,313.9230651855469,1.0,5.236822170879615e-05,0.0193598902009182,0.0191736910609855,0.0972504134871904,False,,,,province_baseline
S174,339880405,way,8 Şubat İlkokulu,37.08853361223157,37.37264540628828,school,904.0,2.0707029441052747,36.0679550936222,313.9230651855469,1.0,5.265584162631448e-05,0.019466219761882,0.0192779763473941,0.0974468906044081,False,,,,province_baseline
S175,339880409,way,Site_175,37.08668299495532,37.3762963752824,school,913.0,4.1360107117553,45.03231874609385,408.9076232910156,0.0,3.281637109812147e-05,0.0121318104858524,0.0120585167675949,0.0866110221159754,False,,,,province_baseline
S176,339880412,way,Site_176,37.083156689914816,37.3821717348708,school,873.0,5.541356985554726,34.99307251443601,361.6015625,0.0,3.82924510967813e-05,0.0141562501946327,0.0140565216336294,0.0901353331263018,False,,,,province_baseline
S177,339880413,way,Site_177,37.08366133042614,37.38190624097007,school,877.0,2.7771727466471345,30.735675295506205,361.6015625,0.0,3.847403121436293e-05,0.014223378140252,0.0141227037724686,0.0902119911423087,False,,,,province_baseline
S178,339880414,way,Site_178,37.0835010573454,37.38256073275708,school,880.0,4.622196164453535,21.091565486405536,361.6015625,0.0,3.826904953642804e-05,0.014147598924374,0.014047991933242,0.0900821545362753,False,,,,province_baseline
S179,339880418,way,Site_179,37.07557301642177,37.38370771692978,school,843.0,2.6185713407428373,46.68248202788482,404.914306640625,0.0,2.9665321112792543e-05,0.0109669058978601,0.0109069886211179,0.0850904652070859,False,,,,province_baseline
S180,339888572,way,Site_180,37.07649952068468,37.378624012096274,school,845.0,5.617307539682862,47.187311224117074,362.87353515625,0.0,3.739214917219932e-05,0.0138234195993052,0.0137283148631678,0.0902051191007917,False,,,,province_baseline
S181,339888573,way,Cemil Alevli İlkokulu,37.07735661409573,37.37504766008665,school,851.0,1.3099697155538046,35.56111973089345,362.87353515625,0.0,3.844633265935158e-05,0.0142131383236945,0.0141126085181202,0.09087622672933,False,,,,province_baseline
S182,339888582,way,Site_182,37.07834246585532,37.36605701737607,school,850.0,1.3099697155538046,37.381664800766174,334.9361877441406,1.0,4.667459318446425e-05,0.0172550254665603,0.0171070100738339,0.0955887454043477,False,,,,province_baseline
S183,339888595,way,Özdemirbey İlkokulu,37.06755722578993,37.38502625653544,school,832.0,2.0707029441052747,17.79689276064174,276.0505676269531,1.0,4.714743001862949e-05,0.0174298274532172,0.0172788067055105,0.098414049910298,False,,,,province_baseline
S184,339906017,way,Site_184,37.07808689707653,37.41825212403892,school,842.0,6.457665776340684,28.93195994317852,316.52716064453125,1.0,3.729571984965853e-05,0.0137877708597524,0.0136931548940355,0.0886822616246524,False,,,,province_baseline
S185,339906018,way,Site_185,37.07445831076067,37.418804860236925,school,877.0,2.0707029441052747,37.76768013513307,316.52716064453125,1.0,3.638887937638201e-05,0.0134525230430515,0.0133624422453674,0.0883882947962975,False,,,,province_baseline
S186,339906019,way,Site_186,37.07497472199304,37.41950069719154,school,876.0,0.9263691729971122,37.58589489959191,316.52716064453125,1.0,3.635300608269825e-05,0.0134392611257245,0.0133493574528802,0.08830847306929,False,,,,province_baseline
S187,339906024,way,Site_187,37.06626713004332,37.42019045797007,school,842.0,10.717058140566904,30.67454788352844,388.48052978515625,0.0,2.3963787544342027e-05,0.0088591187655063,0.0088199923998119,0.080421445967563,False,,,,province_baseline
S188,339913378,way,Sena Büyükkonuk İlkokulu,37.05936835992498,37.34775650160135,school,856.0,1.852254273911089,40.35588541624453,391.8210144042969,0.0,3.595978553005486e-05,0.0132938923032686,0.0132059187852952,0.0914222322062373,False,,,,province_baseline
S189,339918491,way,Stad,37.07555601810459,37.411738296554105,stadium,814.0,0.9263691729971122,59.14446901770755,387.2738952636719,0.0,2.6890862364153064e-05,0.0099412224778784,0.0098919718645831,0.0823160129738801,False,,,,province_baseline
S190,339930293,way,Site_190,37.02857001213855,37.32129946481592,school,921.0,7.427391622906704,49.20932141548303,332.9914855957031,1.0,4.565200418461774e-05,0.0168769868371834,0.0167353683120531,0.0996979107635164,False,,,,province_baseline
S191,339930294,way,Site_191,37.028050746867166,37.32117134861241,school,927.0,7.427391622906704,37.178358528502656,332.9914855957031,1.0,4.5547964631091655e-05,0.0168385246884395,0.0166975491142353,0.0996685069476826,False,,,,province_baseline
S192,339938735,way,Site_192,37.0200781046657,37.334764013528726,school,941.0,2.0707029441052747,43.33576408728529,415.2859802246094,0.0,2.72221697629367e-05,0.0100637027656161,0.0100132331545501,0.0877794964052449,False,,,,province_baseline
S193,339938736,way,Site_193,37.01322870675371,37.33299243887564,school,954.0,0.0,30.48561992788922,415.2859802246094,0.0,2.62991946158994e-05,0.0097224901576306,0.009675379551287,0.0873859158612697,False,,,,province_baseline
S194,339938737,way,Site_194,37.01136584736538,37.34328615162779,school,949.0,0.9263691729971122,46.949062178902885,479.3499755859375,0.0,1.836752068593941e-05,0.0067902474466333,0.0067672458081586,0.0799144274916465,False,,,,province_baseline
S195,339938742,way,Site_195,37.01037072861403,37.35895670955952,school,929.0,2.927142542223064,62.05335308320362,429.7873840332031,0.0,2.039929629840375e-05,0.0075413700069704,0.0075130052240748,0.0817477628277595,False,,,,province_baseline
S196,339938762,way,Site_196,36.99612160886415,37.37269328967373,school,836.0,5.617307539682862,37.745578096991295,519.5264892578125,0.0,1.1377847627647833e-05,0.0042062509210054,0.0041974170377836,0.0714665021144477,False,,,,province_baseline
S197,340230868,way,Site_197,37.012157564474165,37.37004941585903,school,941.0,2.6185713407428373,28.25134776364522,365.580810546875,0.0,2.6078108718696446e-05,0.009640757409121,0.0095944342902467,0.086363318590139,False,,,,province_baseline
S198,340230870,way,Bağlarbaşı Anadolu Lisesi,37.01719318996145,37.3728614920584,school,944.0,2.0707029441052747,60.57343452448328,382.9434814453125,0.0,2.429380310601973e-05,0.0089811214768873,0.0089409116718163,0.0846282178450485,False,,,,province_baseline
S199,340230872,way,Ali Tiryakioğlu Mesleki Ve Teknik Anadolu Lisesi,37.0180367461837,37.36921092143439,school,946.0,2.0707029441052747,27.17495822863709,343.50164794921875,1.0,3.027902596587146e-05,0.0111937850658686,0.0111313677661832,0.0892578281234913,False,,,,province_baseline
S200,340230873,way,Emine-Fevzi Uslu İlkokulu,37.01878641358342,37.37051177077613,school,944.0,0.0,44.21001230581253,343.50164794921875,1.0,3.020696728660384e-05,0.0111671458546615,0.0111050247349558,0.0891317220653858,False,,,,province_baseline
S201,340230876,way,Site_201,37.01690286703767,37.35520667906298,school,951.0,5.839084602306712,34.47713741191628,272.0053100585937,1.0,4.159879942174785e-05,0.015378566676817,0.0152609203695722,0.0998030319921905,False,,,,province_baseline
S202,340236018,way,Dr.Sadık Ahmet İlkokulu,37.01743327732761,37.35048301539499,school,951.0,2.927142542223064,27.72114919567258,273.2742919921875,1.0,4.285222557411556e-05,0.0158419429743689,0.0157171194142711,0.1004991117708673,False,,,,province_baseline
S203,340237111,way,Şahinbey Dumlupınar Anadolu Lisesi,37.02627782573754,37.34204941598438,school,911.0,6.522665329469979,50.72655935324835,394.3550109863281,0.0,2.9728398575194825e-05,0.010990224863187,0.0109300529778358,0.0892272795512208,False,,,,province_baseline
S204,340237115,way,Site_204,37.02239742379923,37.3430742336903,school,946.0,2.7771727466471345,43.422378937801646,394.3550109863281,0.0,2.87797883802965e-05,0.0106395352919653,0.0105831356356148,0.0886852430274564,False,,,,province_baseline
S205,340238409,way,Site_205,37.01959118795345,37.34706657205408,school,952.0,2.6185713407428373,55.99656967012437,273.2742919921875,1.0,4.437498575474035e-05,0.0164048887635759,0.0162710613830069,0.1013497432501901,False,,,,province_baseline
S206,340238410,way,Emine Konukoğlu Anadolu Lises,37.019894424288296,37.346584350939175,school,951.0,3.814206419250074,70.98687923614872,273.2742919921875,1.0,4.4509337038961766e-05,0.0164545567879236,0.0163199200425151,0.1014255984177278,False,,,,province_baseline
S207,340238411,way,Vali M.Lütfullah Bilgin Ortaokulu,37.019042659962274,37.34499470115451,school,954.0,1.852254273911089,30.377342942947468,287.351318359375,1.0,4.433095599071645e-05,0.0163886114990582,0.0162550488365395,0.0998607124142887,False,,,,province_baseline
S208,340244956,way,Stad,37.011450880969576,37.373238944803546,stadium,937.0,1.3099697155538046,88.18903881016448,346.87921142578125,1.0,2.7911622672920266e-05,0.0103185850625596,0.0102655311011214,0.0877062562465253,False,,,,province_baseline
S209,340248758,way,Bülbülzade Abdullah Edip İlkokulu,37.04931357496076,37.439739119986,school,877.0,1.3099697155538046,36.88153426731739,444.0752258300781,0.0,1.4646913066066518e-05,0.0054147843766444,0.0054001508560883,0.0720081527183936,False,,,,province_baseline
S210,340248761,way,Site_210,37.02602211451333,37.42901602087306,school,794.0,3.814206419250074,32.092909326148444,437.0295715332031,0.0,1.3949014383444785e-05,0.0051567797809937,0.0051435064178771,0.0726282962114815,False,,,,province_baseline
S211,340248766,way,Site_211,37.01877327054064,37.36245243839007,school,943.0,1.852254273911089,44.04550198920381,272.0053100585937,1.0,4.036872525036949e-05,0.0149238233206401,0.0148130149822617,0.0987782869714655,False,,,,province_baseline
S212,340248767,way,Site_212,37.01883945096896,37.36330017013577,school,943.0,0.9263691729971122,62.51940063827691,343.50164794921875,1.0,3.158382271085994e-05,0.0116761524423658,0.0116082507083806,0.090301962049999,False,,,,province_baseline
S213,340266370,way,Site_213,37.01884851924802,37.36452737357611,school,942.0,0.9263691729971122,64.21472108264044,343.50164794921875,1.0,3.135193089679469e-05,0.0115904248787346,0.0115235146597451,0.0901056891340556,False,,,,province_baseline
S214,340271021,way,Site_214,37.03576856233258,37.36780516568588,school,904.0,2.6185713407428373,33.764713904460194,466.0823974609375,0.0,1.9488399782539037e-05,0.0072046227209999,0.0071787316425211,0.079433096447663,False,,,,province_baseline
S215,340271022,way,Site_215,37.03160950233719,37.35947837870998,school,896.0,0.9263691729971122,33.368786884216526,414.8020935058594,0.0,2.507122737796557e-05,0.0092685257089442,0.0092257053206099,0.0848960119451673,False,,,,province_baseline
S216,340406136,way,Nurel Enver Taner Ortaokulu,37.03495671147612,37.32144890338167,school,901.0,4.976533010740028,39.1966910756564,375.80072021484375,0.0,3.905449938494228e-05,0.0144379701137973,0.0143342424290787,0.0955984634924518,False,,,,province_baseline
S217,340619194,way,Site_217,37.03587642787881,37.40826271263612,school,854.0,9.879091999688905,43.64300781470081,457.2676696777344,0.0,1.5462429025241117e-05,0.0057162706389527,0.0056999638500787,0.0743613497464173,False,,,,province_baseline
S218,340620559,way,Attaturk middle school,37.0550160167259,37.38747636866904,school,884.0,3.814206419250074,30.089393104089417,428.8000793457031,0.0,2.282826603611956e-05,0.0084393303708915,0.0084038191894167,0.0810114220340761,False,,,,province_baseline
S219,340653312,way,Kadriye Abdülmecit Özgözen Ortaokulu,37.04220077104247,37.32916564744831,school,878.0,0.9263691729971122,27.643988428555147,382.2485961914063,0.0,3.787999722020461e-05,0.0140037710478732,0.0139061743511736,0.0942413101912019,False,,,,province_baseline
S220,340653323,way,Kaşgarlı Mahmut İlkokulu,37.02279468004748,37.3203666383664,school,933.0,9.752993588046971,46.187739248010224,309.8380126953125,1.0,4.948694154992106e-05,0.0182947162138371,0.0181283837726262,0.1019462379386779,False,,,,province_baseline
S221,340656306,way,Site_221,37.05275306886206,37.31479785468166,school,890.0,4.622196164453535,35.19871630196016,392.4427490234375,0.0,4.268233873024569e-05,0.0157791378888307,0.0156552995024801,0.0968902153397214,False,,,,province_baseline
S222,340656307,way,İstanbul Gaziantepliler Anadolu Lisesi,37.05304995264199,37.31548719389519,school,892.0,4.1360107117553,28.272451040304187,392.4427490234375,0.0,4.256296515537165e-05,0.0157350069401935,0.0156118584785214,0.0967807836382845,False,,,,province_baseline
S223,340660194,way,Site_223,37.01523971281611,37.33660155078679,school,949.0,3.336585775528732,55.49685034081579,415.2859802246094,0.0,2.602595261101525e-05,0.0096214759348783,0.0095753376267364,0.086995201054139,False,,,,province_baseline
S224,340815355,way,Site_224,37.058074549778425,37.45623639028808,school,812.0,3.336585775528732,69.1347807492205,259.253173828125,1.0,2.9962021897672124e-05,0.011076592544272,0.0110154729667748,0.0884988923346439,False,,,,province_baseline
S225,340815357,way,Site_225,37.05864447763297,37.457171160897566,school,820.0,1.852254273911089,40.79730251061435,259.253173828125,1.0,2.989224434725328e-05,0.0110507966384628,0.0109899608860164,0.0883771403016257,False,,,,province_baseline
S226,340815359,way,Site_226,37.05785782283667,37.45691478391938,school,815.0,5.617307539682862,27.73566557643945,259.253173828125,1.0,2.9805363997727525e-05,0.0110186780372854,0.0109581947568705,0.0883777552795136,False,,,,province_baseline
S227,340815367,way,Site_227,37.07162480615329,37.42450510251656,school,850.0,2.6185713407428373,43.22364043020436,358.61431884765625,1.0,2.790570079237968e-05,0.0103163958158503,0.0102633643258205,0.0829364212425542,False,,,,province_baseline
S228,340815372,way,Site_228,37.065804563597744,37.41265747466319,school,811.0,2.7771727466471345,35.11345452468778,388.48052978515625,0.0,2.5044741993935697e-05,0.0092587343868405,0.0092160042828657,0.0815217035042272,False,,,,province_baseline
S229,340815373,way,Mahmut Fehime Güleç Ortaokulu,37.06392075167019,37.40980857786018,school,816.0,3.814206419250074,37.452280027975625,341.6028137207031,1.0,3.1707680929464866e-05,0.0117219413088659,0.0116535070101135,0.0864989898105481,False,,,,province_baseline
S230,340815376,way,Site_230,37.064362837793766,37.40959360372468,school,819.0,5.911112090879563,31.082956907663934,341.6028137207031,1.0,3.183164121652e-05,0.011767767908822,0.0116987985316796,0.086559552779208,False,,,,province_baseline
S231,340815377,way,Site_231,37.06286860950189,37.40629358225216,school,813.0,2.0707029441052747,33.32607903432902,341.6028137207031,1.0,3.2192774385853015e-05,0.0119012744186492,0.0118307343684032,0.0869981903278189,False,,,,province_baseline
S232,340829928,way,Site_232,37.03668342366709,37.33261716798957,school,909.0,3.9244453385903313,54.66733089633998,360.56146240234375,0.0,3.94225644725831e-05,0.0145740392689261,0.0144683520116551,0.0953919538644814,False,,,,province_baseline
S233,340845874,way,Site_233,37.083269735149415,37.35294744828729,school,874.0,2.927142542223064,22.747010431248277,384.9320373535156,0.0,4.171196224034834e-05,0.0154204015849243,0.0153021159767651,0.0929732858110295,False,,,,province_baseline
S234,340845881,way,Şehitkamil Ahmet Erkul Mesleki Ve Teknik Anadolu Lisesi,37.07028725800872,37.34336630411228,school,856.0,2.0707029441052747,33.42409093694732,295.7522888183594,1.0,6.066678904840724e-05,0.0224277689120414,0.0221781362203614,0.1039312161438271,False,,,,province_baseline
S235,340845883,way,Nefise-Necip Teymur İlkokulu,37.0654780026061,37.3432230245288,school,850.0,0.0,34.17047755316925,295.7522888183594,1.0,5.90086826857571e-05,0.0218147872969533,0.0215785656509391,0.1035583495234983,False,,,,province_baseline
S236,340845885,way,Dr. Nilüfer Mustafa Özyurt İlkokulu,37.04047307850822,37.323893951099485,school,889.0,3.336585775528732,35.75890893581554,382.2485961914063,0.0,3.875003540790061e-05,0.0143254135103205,0.0142232929953146,0.0950314272276542,False,,,,province_baseline
S237,340845893,way,Site_237,37.02864080534056,37.32131329058697,school,918.0,6.522665329469979,40.56438264428754,332.9914855957031,1.0,4.565291048839821e-05,0.0168773218865914,0.0167356977542305,0.0996934095850442,False,,,,province_baseline
S238,340845894,way,Kocatepe Ortaokulu,37.02435903334944,37.31808595564727,school,949.0,4.1360107117553,24.40274269439332,309.8380126953125,1.0,5.067297807643502e-05,0.018733179392046,0.0185588039534745,0.1025620655270448,False,,,,province_baseline
S239,340899415,way,Site_239,37.04442638693242,37.3589116386791,school,900.0,4.976533010740028,34.67292898160937,342.302490234375,1.0,3.827839828689302e-05,0.0141510550429248,0.0140513994943787,0.0934306910015322,False,,,,province_baseline
S240,340912037,way,23 Nisan Ortaokulu,37.04745378841607,37.3675865820138,school,926.0,2.927142542223064,20.90925145649371,378.7225341796875,0.0,3.109880755523882e-05,0.0114968482794171,0.01143101206377,0.0883817074051137,False,,,,province_baseline
S241,340912038,way,Site_241,37.0484031287976,37.36917912736912,school,923.0,1.3099697155538046,36.651206469779545,378.7225341796875,0.0,3.097615429714927e-05,0.0114515048720621,0.0113861859611751,0.0881955825884996,False,,,,province_baseline
S242,340912041,way,Nuri Pazarbaşı Ortaokulu,37.0517434968544,37.37439662229113,school,903.0,4.976533010740028,28.91375274201142,330.3215026855469,1.0,3.866070639061775e-05,0.0142923896666626,0.0141907383219237,0.0927092112019577,False,,,,province_baseline
S243,340916175,way,Haydar Aliyev İlkokulu,37.04130029587832,37.37338173736231,school,852.0,2.927142542223064,26.00158928464799,401.0205993652344,0.0,2.5963738942158055e-05,0.0095984763034459,0.0095525579625793,0.0847618082162278,False,,,,province_baseline
S244,340920992,way,Site_244,37.040790936426646,37.37707634595527,school,890.0,2.927142542223064,31.988083335585006,401.0205993652344,0.0,2.528903278762573e-05,0.0093490457013861,0.0093054792475879,0.0841563186715058,False,,,,province_baseline
S245,340920998,way,Site_245,37.04684372190784,37.37386237264239,school,920.0,3.814206419250074,40.20597157640327,330.3215026855469,1.0,3.7627186925678e-05,0.0139103101782086,0.013814008857791,0.0924009867944642,False,,,,province_baseline
S246,340924316,way,Site_246,37.04228477459109,37.40227113650969,school,891.0,1.3099697155538046,35.64360004227529,363.78118896484375,0.0,2.605055843534535e-05,0.0096305724067803,0.0095843469558721,0.0839911576072501,False,,,,province_baseline
S247,340985747,way,Site_247,37.054815460312334,37.37065357516588,school,869.0,4.1360107117553,34.802717220847846,415.7392883300781,0.0,2.7005507214433e-05,0.0099836052749469,0.0099339345229617,0.0848408536947723,False,,,,province_baseline
S248,340985749,way,Özel İdare Anadolu Lisesi,37.05476344308716,37.3714287318301,school,866.0,4.713325253295173,49.50858196698366,424.4232482910156,0.0,2.5843366517649804e-05,0.0095539760923321,0.0095084818616208,0.0839071582438474,False,,,,province_baseline
S249,340990871,way,Site_249,37.078420278630425,37.40851874501409,school,873.0,2.927142542223064,60.162072143430045,387.2738952636719,0.0,2.792108538427257e-05,0.0103220833110547,0.0102689934321817,0.0829661830880623,False,,,,province_baseline
S250,340994722,way,Nuriye-Vasıf Onat Kız Anadolu Lisesi,37.09417573149881,37.426923606103706,school,843.0,3.814206419250074,46.90562708068648,416.6897583007813,0.0,2.3862963042708557e-05,0.0088218451820717,0.0087830468805581,0.0782240172655766,False,,,,province_baseline
S251,340994724,way,Zekeriye Konukoğlu Ortaokulu,37.09192759828488,37.43332395761788,school,840.0,6.522665329469979,35.339427346920075,405.051025390625,0.0,2.3868048116483043e-05,0.0088237250715681,0.0087849102571455,0.07821883076534,False,,,,province_baseline
S252,340994726,way,Zekeriye Konukoğlu İlkokulu,37.09139831841781,37.43349042846139,school,837.0,3.814206419250074,39.0988081632206,405.051025390625,0.0,2.376542613819596e-05,0.0087857869830287,0.0087473047379731,0.0781734145293674,False,,,,province_baseline
S253,340995787,way,Site_253,37.06295159622099,37.41739712155898,school,818.0,4.622196164453535,34.61755014658826,388.48052978515625,0.0,2.3894000868744684e-05,0.0088333194862303,0.0087944203401141,0.0806503819619984,False,,,,province_baseline
S254,341143909,way,Site_254,37.046694254560464,37.3368996447357,school,885.0,3.9244453385903313,33.42583657742541,350.5041809082031,1.0,4.285443690576985e-05,0.0158427604765988,0.015717924067392,0.0966774466248171,False,,,,province_baseline
S255,341147634,way,Site_255,37.05001349147568,37.33567773437037,school,870.0,2.927142542223064,35.53857958578987,350.5041809082031,1.0,4.40941913249405e-05,0.0163010825018284,0.0161689388589293,0.0972052116635858,False,,,,province_baseline
S256,341147636,way,Hanifi Şireci İlkokulu,37.04622146883168,37.3314618151705,school,865.0,2.0707029441052747,43.185000012359374,350.5041809082031,1.0,4.419623949810712e-05,0.0163388084616423,0.0162060541298965,0.0976309587526183,False,,,,province_baseline
S257,341200723,way,Site_257,37.062502129799725,37.39705958255561,school,821.0,4.1360107117553,30.618322605134924,350.2878112792969,1.0,3.253610032589611e-05,0.0120281978138968,0.0119561482075329,0.0875428155802516,False,,,,province_baseline
S258,341763301,way,Site_258,37.0901476672147,37.39010642258352,school,883.0,3.814206419250074,37.95098430752778,436.45458984375,0.0,2.7130403266906684e-05,0.0100297778159177,0.0099796473335874,0.081975682493906,False,,,,province_baseline
S259,341790232,way,Site_259,37.03446918922641,37.41295145381249,school,839.0,11.12865844774478,32.38745245409723,445.7384643554688,0.0,1.567763528624166e-05,0.0057958297579674,0.0057790663382872,0.0745755336500205,False,,,,province_baseline
S260,341790233,way,Site_260,37.0346499925687,37.41382521084938,school,841.0,14.202982622115586,43.91024293736044,445.7384643554688,0.0,1.5587217147220366e-05,0.0057624032793416,0.0057458324780564,0.0744485125188806,False,,,,province_baseline
S261,341790234,way,Site_261,37.03416962918003,37.40642573559073,school,813.0,10.126207121669545,34.921097328232385,457.2676696777344,0.0,1.5482674047459113e-05,0.0057237549757216,0.0057074054985506,0.0745046285857075,False,,,,province_baseline
S262,342885472,way,İMKB Doğukent İmamhatip Orta Okulu,37.58343581286321,36.97793504585373,school,621.0,4.976533010740028,19164.665339727508,578.9935913085938,0.0,0.0001513787404688,0.0559628663834816,0.0544257521700158,0.0726836285727876,True,1962.8,0.0,0.5968413985130185,AOI04_highres
S263,342885473,way,Toki Duran Karabuğaç Anadolu Lisesi,37.58443744045425,36.97769649612324,school,638.0,11.16525047448644,19258.20940167577,578.9935913085938,0.0,0.0001498953514966,0.0554144756478312,0.0539070658042362,0.07249606918065,True,1997.1,0.0,0.5985347406668707,AOI04_highres
S264,342885633,way,Yahya Kemal İlkokulu,37.57644182888681,36.964759112695496,school,566.0,1.852254273911089,19259.037639686085,439.9379577636719,0.0,0.0002246646063178,0.0830557534401907,0.0797001640921118,0.0853817956085462,True,719.5,0.0,0.5354614480790687,AOI04_highres
S265,343151609,way,Site_265,37.040405766446696,37.40993806537745,school,888.0,2.927142542223064,38.37480805840679,342.2461853027344,1.0,2.742675349665828e-05,0.0101393348663922,0.0100881051020701,0.0848932482482187,False,,,,province_baseline
S266,343164337,way,Site_266,37.04925974212917,37.391549096347376,school,890.0,7.427391622906704,22.000097218942937,413.5134887695313,0.0,2.2961232061071628e-05,0.0084884862818529,0.0084525608050113,0.0813744074704665,False,,,,province_baseline
S267,344213050,way,Site_267,36.95176969975876,37.42835079963586,school,739.0,1.3099697155538046,39.75813612880273,318.0443420410156,1.0,1.6473324610127237e-05,0.0060899863560304,0.0060714799760472,0.0780460599174029,False,,,,province_baseline
S268,344446745,way,Site_268,36.99309555856298,37.302277002448086,school,943.0,7.427391622906704,48.575434379643845,403.982421875,0.0,2.9341214700625272e-05,0.0108470877266825,0.0107884702051818,0.0912207965211649,False,,,,province_baseline
S269,344480583,way,Site_269,37.02952645020093,37.32286635028921,school,913.0,4.976533010740028,24.249047107393537,375.80072021484375,0.0,3.734029404225894e-05,0.0138042493928471,0.0137094076501129,0.0947736385556355,False,,,,province_baseline
S270,344480593,way,Site_270,37.01621157338133,37.33109975271042,school,948.0,1.852254273911089,29.28614752336421,415.2859802246094,0.0,2.7175249887404897e-05,0.0100463570622697,0.0099960609888444,0.088000587386747,False,,,,province_baseline
S271,344486320,way,Site_271,37.02795019577143,37.32133995598265,school,922.0,9.185000505030107,43.74255150177938,332.9914855957031,1.0,4.544682937127843e-05,0.0168011362215118,0.0166607842557838,0.0996134228447988,False,,,,province_baseline
S272,345756405,way,Site_272,37.02401385885391,37.32253868235895,school,925.0,1.3099697155538046,38.59013067705502,332.9914855957031,1.0,4.398642007594221e-05,0.0162612407909713,0.0161297405654007,0.0989548218509894,False,,,,province_baseline
S273,345758423,way,Site_273,37.0228924657428,37.32005936956497,school,936.0,11.16525047448644,26.40475177971392,309.8380126953125,1.0,4.959349369741088e-05,0.0183341072377971,0.0181670599392348,0.102004793250359,False,,,,province_baseline
S274,345995260,way,Sevinç Bahattin Teymur Ortaokulu,37.02877420197129,37.31439656431625,school,902.0,5.617307539682862,38.37362193811792,309.8380126953125,1.0,5.322629677223106e-05,0.019677110042841,0.0194847792833738,0.103744206161223,False,,,,province_baseline
S275,346468178,way,Özel Gaziantep Onkoloji Merkezi,37.0273634046408,37.31797116781563,hospital,924.0,3.9244453385903313,23.105224616941392,309.8380126953125,1.0,5.1647177825306565e-05,0.0190933291079709,0.0189122060787703,0.1029060768752195,False,,,,province_baseline
S276,346468179,way,Site_276,37.02731270321807,37.31799468751517,hospital,922.0,3.814206419250074,26.274536861087874,309.8380126953125,1.0,5.1627195291256256e-05,0.0190859418098629,0.0189049584639963,0.1028977327012903,False,,,,province_baseline
S277,346468201,way,Bahçeliever Koleji,37.0465574571339,37.325845205248335,school,874.0,0.9263691729971122,50.89835623687332,329.1225280761719,1.0,5.0641887215117256e-05,0.0187216854813932,0.0185475232912268,0.1011598325521293,False,,,,province_baseline
S278,347104556,way,Şehit İsa Karakaş Ortaokulu,37.02530678230759,37.33877852748158,school,903.0,11.05507383557583,26.521021912455957,394.3550109863281,0.0,3.017571273806655e-05,0.0111555914308484,0.0110935985572937,0.0896859281022742,False,,,,province_baseline
S279,347998395,way,Cumhuriyet İlkokulu,38.26007202467697,36.21819818916845,school,1431.0,6.522665329469979,119604.45108002162,505.4461364746094,0.0,5.6927164807245087e-05,0.0210452756300625,0.0208253691825036,0.0715776007949626,False,,,,province_baseline
S280,348169742,way,Site_280,37.03509813258025,37.32158747144888,school,904.0,5.911112090879563,22.727521019037187,375.80072021484375,0.0,3.905842314393098e-05,0.0144394206794403,0.0143356722009252,0.0955884503216797,False,,,,province_baseline
S281,348325689,way,Site_281,37.025634616847526,37.79880431057598,school,540.0,3.814206419250074,8877.798828774445,310.7987976074219,1.0,5.389251160695388e-06,0.0019923401507962,0.0019903567585739,0.0482069490516204,False,,,,province_baseline
S282,348840438,way,Site_282,37.03770053371305,37.34946791358026,school,931.0,0.9263691729971122,39.498734303653954,376.9793395996094,0.0,3.3076052424572604e-05,0.0122278114918686,0.0121533555914862,0.0908012650131989,False,,,,province_baseline
S283,348840439,way,Site_283,37.03786337264256,37.34901732974928,school,931.0,2.927142542223064,22.72208247207257,376.9793395996094,0.0,3.317631834221999e-05,0.0122648785736446,0.01218997150521,0.0908747845918089,False,,,,province_baseline
S284,349107843,way,Site_284,37.09726068054727,37.33338569617446,school,952.0,6.190611995468688,47.9788650048291,444.9306945800781,0.0,4.073770451443349e-05,0.0150602304355966,0.014947392331359,0.0916351873742815,False,,,,province_baseline
S285,349138045,way,Ömer Asım Aksoy İlkokulu,37.08994266034063,37.33005915593416,school,946.0,6.522665329469979,44.94777350507095,458.7704772949219,0.0,3.764392118445439e-05,0.0139164966287301,0.0138201098297586,0.0904811941067627,False,,,,province_baseline
S286,349146716,way,Hasan Celal Güzel İlkokulu,37.08267582937892,37.33077986889595,school,908.0,3.700645055237513,36.0056968542197,457.9788208007813,0.0,3.577061773529608e-05,0.0132239592863247,0.0131369068850164,0.0899036660355563,False,,,,province_baseline
S287,349163240,way,Mehmet Tuncay Aykaç İlkokulu,37.07636891470394,37.32714177746181,school,892.0,5.617307539682862,41.208969085393065,422.3609619140625,0.0,4.0575780443342544e-05,0.015000369089633,0.0148884239914744,0.0935452194076744,False,,,,province_baseline
S288,349163255,way,Site_288,37.09538304411114,37.33719169675975,school,934.0,2.6185713407428373,41.61440540523204,458.7704772949219,0.0,3.707831854610153e-05,0.0137074002603877,0.0136138816361599,0.0894863506594407,False,,,,province_baseline
S289,349163256,way,Site_289,37.09143404730965,37.34102641244343,school,907.0,6.522665329469979,26.464745385243116,455.5824890136719,0.0,3.561056394694479e-05,0.0131647893609843,0.0130785125418981,0.0888312810167375,False,,,,province_baseline
S290,349703632,way,Gaziantep Tic. Odası Güzel Sanat. ve Spor Lisesi,37.0380604536748,37.325672782121934,school,902.0,0.9263691729971122,48.1265688276813,382.2485961914063,0.0,3.769147544824378e-05,0.0139340768576458,0.0138374469455841,0.0944621944209436,False,,,,province_baseline
S291,350094215,way,Site_291,37.03793553501711,37.41532960730273,school,856.0,7.865800643265903,32.67965762550758,454.3381042480469,0.0,1.5169204800636744e-05,0.0056078692342963,0.0055921744873566,0.0737721731951596,False,,,,province_baseline
S292,350094217,way,Vatan Semt Polikliniği,37.047055114798354,37.40805070805906,hospital,834.0,5.541356985554726,23.33278287575485,435.196044921875,0.0,1.841556486238193e-05,0.0068080087902568,0.0067848867997396,0.0769104127987631,False,,,,province_baseline
S293,350094218,way,Site_293,37.046689037861135,37.40605952276593,school,839.0,4.976533010740028,37.80436321779851,435.196044921875,0.0,1.861040431399605e-05,0.006880038549278,0.0068564252685194,0.0771709136343169,False,,,,province_baseline
S294,350094219,way,Site_294,37.0469734642499,37.40557116383866,school,838.0,4.622196164453535,24.70161972030717,435.196044921875,0.0,1.870297037476465e-05,0.0069142590882678,0.0068904105954396,0.0772573366405547,False,,,,province_baseline
S295,350094220,way,Site_295,37.0473260924239,37.40630010743238,school,834.0,4.1360107117553,52.00048574930396,435.196044921875,0.0,1.8661469425928264e-05,0.006898916695754,0.0068751738014256,0.0771792659132524,False,,,,province_baseline
S296,350094221,way,Site_296,37.04776263518512,37.40682204836354,school,831.0,2.0707029441052747,46.00700111204935,435.196044921875,0.0,1.8645375690565173e-05,0.0068929670388937,0.0068692650319127,0.0771322424516278,False,,,,province_baseline
S297,350107779,way,Stad,37.31261951495169,37.56841455422212,stadium,553.0,2.7771727466471345,48.16849328849782,421.302734375,0.0,4.464787023894961e-05,0.0165057708153133,0.0163702969710591,0.0599011654269695,False,,,,province_baseline
S298,350535577,way,Site_298,37.08378225756216,37.33754918685079,school,890.0,2.6185713407428373,42.93066205429444,419.1622619628906,0.0,4.017347013219408e-05,0.0148516398947819,0.0147418982438781,0.0924315384864299,False,,,,province_baseline
S299,350545008,way,Site_299,37.08929673748558,37.3388568545623,school,903.0,6.190611995468688,48.37721404489712,455.5824890136719,0.0,3.56496825805214e-05,0.0131792510407233,0.0130927849811753,0.0890851333581941,False,,,,province_baseline
S300,350545009,way,Site_300,37.08958715056516,37.33826128083392,school,905.0,4.622196164453535,36.79502655017066,455.5824890136719,0.0,3.585875216797849e-05,0.0132565415066862,0.013169060551961,0.0892073123268211,False,,,,province_baseline
S301,350786218,way,Site_301,37.09948654279259,37.384245435203965,school,855.0,1.3099697155538046,30.47346181194265,435.3951110839844,0.0,3.0085498947490763e-05,0.0111222404973401,0.0110606170556744,0.0835024141876495,False,,,,province_baseline
S302,350790406,way,Site_302,37.08205442753964,37.34219821019712,school,879.0,0.9263691729971122,36.77381078445098,419.1622619628906,0.0,3.845084779901072e-05,0.0142148075155286,0.01411425415193,0.0914190829037873,False,,,,province_baseline
S303,350795051,way,Mehmet Hayri Akınal Anadolu İmam Hatip Lisesi,37.07951223891338,37.34135061215284,school,883.0,2.6185713407428373,44.71233819547852,419.1622619628906,0.0,3.805133769675418e-05,0.0140671135236101,0.0139686339972039,0.0914047599691335,False,,,,province_baseline
S304,350795055,way,Site_304,37.078278083971774,37.33921525855577,school,875.0,4.622196164453535,41.62858553479879,370.4710693359375,0.0,4.712434834915308e-05,0.0174212944426979,0.0172704210994534,0.0967413898892219,False,,,,province_baseline
S305,350795064,way,Lions İlkokulu,37.07954297681568,37.33562008830167,school,883.0,5.617307539682862,31.64029706219305,457.9788208007813,0.0,3.384065534189048e-05,0.0125104758261453,0.0124325451452719,0.0887796594756615,False,,,,province_baseline
S306,350860456,way,Site_306,37.0970642081652,37.33324380061294,school,952.0,2.7771727466471345,38.01529138609858,444.9306945800781,0.0,4.072844313934001e-05,0.0150568066186505,0.0149440196857745,0.0916524979180668,False,,,,province_baseline
S307,350860461,way,Abdülkadir Konukoğlu Anadolu Lisesi,37.09544935694486,37.33724694102194,school,935.0,4.713325253295173,41.840897256077554,458.7704772949219,0.0,3.708020568489369e-05,0.013708097912487,0.013614569790266,0.0894805728668281,False,,,,province_baseline
S308,350874847,way,Atatürk İ.Ö.O.,36.964026079848495,37.51312099918852,school,685.0,3.814206419250074,25.5342576129388,393.9420776367188,0.0,7.159940069905251e-06,0.0026469421545249,0.0026434420919756,0.0629506481606609,False,,,,province_baseline
S309,351066899,way,Site_309,37.08158908820999,37.34834206450629,school,873.0,5.386162368029915,33.82083504416685,384.9320373535156,0.0,4.255757162467801e-05,0.0157330130179518,0.0156098956831547,0.0937133216000118,False,,,,province_baseline
S310,351066951,way,Site_310,37.07384107119218,37.33123597340416,school,880.0,2.0707029441052747,39.166602272416206,419.6260070800781,0.0,3.922436733072904e-05,0.0145007682129455,0.014396138421554,0.0928313122174257,False,,,,province_baseline
S311,351088125,way,Site_311,37.072794702054026,37.33592258421677,school,868.0,5.617307539682862,28.14554121970744,419.6260070800781,0.0,3.770686380316598e-05,0.0139397657439961,0.0138430570963136,0.0918623729700263,False,,,,province_baseline
S312,351096526,way,Site_312,37.07399576925482,37.331415945549246,school,880.0,3.700645055237513,32.75356318911956,419.6260070800781,0.0,3.921994351635927e-05,0.0144991327829524,0.0143945265341195,0.0928127035713703,False,,,,province_baseline
S313,351189183,way,Özel Güney Cahit Nakıboğlu İlkokulu & Ortaokulu,37.076901601838365,37.34539587015469,school,865.0,1.3099697155538046,35.331736086018374,370.4710693359375,0.0,4.4866072102057865e-05,0.0165864373717395,0.0164496397918019,0.0954504833011508,False,,,,province_baseline
S314,351335675,way,Site_314,37.086286644433216,37.34424582322284,school,892.0,6.522665329469979,26.764639282984973,419.1622619628906,0.0,3.898880399843595e-05,0.0144136833339913,0.0143103034911638,0.091344507945397,False,,,,province_baseline
S315,351335681,way,Site_315,37.08669112656173,37.34445750547804,school,889.0,2.927142542223064,28.78265166629496,419.1622619628906,0.0,3.904377150431028e-05,0.0144340041477143,0.0143303333043633,0.091336184393104,False,,,,province_baseline
S316,351370387,way,Site_316,37.07094772200603,37.34669194086766,school,856.0,0.9263691729971122,27.29486681371689,344.0191345214844,1.0,4.830018735581024e-05,0.017855987722707,0.0176975142094899,0.0976483418767226,False,,,,province_baseline
S317,351370389,way,Site_317,37.07076022386395,37.34670168424462,school,856.0,0.9263691729971122,32.37562675854978,267.8966979980469,1.0,6.0782809038827104e-05,0.0224706600815779,0.022220075244284,0.1068578414197405,False,,,,province_baseline
S318,351891105,way,Özel Sanko Okulları,37.06689671637476,37.34331124569811,school,852.0,7.197701505767706,85.60946708517321,295.7522888183594,1.0,5.9474879518635005e-05,0.0219871345564558,0.0217471793733139,0.1036550744867158,False,,,,province_baseline
S319,351891107,way,Site_319,37.06742837518093,37.34332295640609,school,857.0,0.9263691729971122,62.02488849229746,295.7522888183594,1.0,5.9657395978530125e-05,0.0220546086563609,0.0218131838750431,0.1037012452529429,False,,,,province_baseline
S320,351891108,way,Site_320,37.06698334417454,37.34281663800397,school,857.0,2.6185713407428373,49.41842956682777,295.7522888183594,1.0,5.967657392916821e-05,0.0220616985098353,0.0218201190516553,0.1037576672917485,False,,,,province_baseline
S321,351891109,way,Site_321,37.06755327263962,37.34268309746992,school,856.0,0.9263691729971122,40.60193946610004,295.7522888183594,1.0,5.9914636545480296e-05,0.022149707343482,0.0219062037339125,0.103830311259375,False,,,,province_baseline
S322,351891110,way,Site_322,37.066241580258485,37.34296696664392,school,852.0,2.7771727466471345,58.757806586859154,295.7522888183594,1.0,5.93426583638235e-05,0.0219382540148628,0.0216993606769344,0.1036510876808107,False,,,,province_baseline
S323,352237509,way,Özel Seçkin Koleji,37.05824935392416,37.3242782685382,school,892.0,3.814206419250074,40.68823872463095,360.36517333984375,0.0,4.776324150196349e-05,0.0176574854166307,0.0175025055466017,0.0990356963891968,False,,,,province_baseline
S324,352237516,way,Site_324,37.05230951926605,37.324757930167536,school,871.0,2.6185713407428373,37.59039040913148,329.1225280761719,1.0,5.285767329149039e-05,0.0195408344566219,0.0193511498918689,0.1019457781867095,False,,,,province_baseline
S325,352267982,way,Site_325,37.05810104315282,37.324191764640354,school,890.0,5.617307539682862,36.61650855113602,360.36517333984375,0.0,4.777268039724597e-05,0.0176609748606165,0.0175059339105932,0.0990543286719622,False,,,,province_baseline
S326,352267983,way,Site_326,37.0583241763927,37.32428180179277,school,892.0,1.3099697155538046,30.720882352252364,360.36517333984375,0.0,4.7817719706029975e-05,0.0176776253414678,0.0175222927730354,0.0990597601802587,False,,,,province_baseline
S327,352281897,way,Site_327,37.06834805281582,37.32505692406851,school,891.0,4.1360107117553,17.278392533823034,378.0918884277344,0.0,4.698027594415026e-05,0.017368032639054,0.0172180777556488,0.0978767945726619,False,,,,province_baseline
S328,352281898,way,Site_328,37.067808535208734,37.32514752847747,school,887.0,3.814206419250074,30.66300187520231,378.0918884277344,0.0,4.6788843801167935e-05,0.0172972625203038,0.0171485237011608,0.0978119728738409,False,,,,province_baseline
S329,352747733,way,Site_329,37.07060062352664,37.32508671040311,school,885.0,6.190611995468688,30.586252072586863,378.0918884277344,0.0,4.765986751531948e-05,0.0176192693198117,0.0174649576097661,0.0980665330667377,False,,,,province_baseline
S330,352747734,way,Site_330,37.07103409681563,37.3254808361952,school,887.0,5.386162368029915,29.619380329331364,422.3609619140625,0.0,3.961707778661903e-05,0.014645948458879,0.0145392182461376,0.0934331607124438,False,,,,province_baseline
S331,352828298,way,Site_331,37.07653532350282,37.32709630441252,school,892.0,5.617307539682862,32.55184850311373,422.3609619140625,0.0,4.061902926651073e-05,0.0150163576498807,0.0149041743813448,0.0935598879860199,False,,,,province_baseline
S332,352963055,way,Site_332,37.07786719907033,37.33019709270356,school,894.0,4.713325253295173,30.051858276442413,419.6260070800781,0.0,4.057505415192475e-05,0.0150001005885909,0.0148881594879543,0.0933462627569147,False,,,,province_baseline
S333,352963058,way,Site_333,37.07762897018373,37.330806161512136,sports_centre,891.0,2.927142542223064,26.04949157425124,419.6260070800781,0.0,4.0342107427445806e-05,0.0149139830374994,0.0148033204156839,0.0932127280149048,False,,,,province_baseline
S334,352963645,way,Özel Emine Nakıboğlu Koleji,37.07771296679853,37.3301885659563,school,894.0,4.713325253295173,38.24876732139328,419.6260070800781,0.0,4.053975799266951e-05,0.0149870520307938,0.0148753051153014,0.0933362925040487,False,,,,province_baseline
S335,353002781,way,Kaşıbeyaz Ortaokulu,37.06652122575097,37.35119715176227,school,851.0,3.814206419250074,36.63640787697342,267.8966979980469,1.0,5.7667574983361e-05,0.0213189962042106,0.0210933527466615,0.1056272647438281,False,,,,province_baseline
S336,353006399,way,Site_336,37.06544499830284,37.34341993464668,school,850.0,0.0,16.640334201405086,295.7522888183594,1.0,5.892136944270767e-05,0.0217825086603419,0.0215469830312878,0.1035146572099476,False,,,,province_baseline
S337,353752442,way,Site_337,37.07166129864887,37.36357936124555,school,847.0,4.1360107117553,39.11084275385567,334.9361877441406,1.0,4.552461384646868e-05,0.0168298921893465,0.0166890607200819,0.0955737565796595,False,,,,province_baseline
S338,353752445,way,Ayten Kemal Akınal Anadolu Lisesi,37.06915434506017,37.3634659600891,school,847.0,3.814206419250074,41.59378893859196,290.7923278808594,1.0,5.359422487771128e-05,0.0198131285573428,0.0196181384372794,0.1006044276867209,False,,,,province_baseline
S339,353752447,way,Mehmet Adil Kasapseçkin İlkokulu,37.06853115764246,37.36378030262529,school,845.0,3.336585775528732,37.40735849509055,290.7923278808594,1.0,5.330450357079438e-05,0.0197060221384545,0.0195131276233787,0.100500187325642,False,,,,province_baseline
S340,353753471,way,Site_340,37.06714616999381,37.366317494945015,school,843.0,2.927142542223064,37.32074274148081,290.7923278808594,1.0,5.2067563755655536e-05,0.0192487406378644,0.0190646665864161,0.0999200161584322,False,,,,province_baseline
S341,353756695,way,Ali Süzer İşitme Engelliler Ortaokulu,37.06998610446469,37.35612132657014,school,852.0,1.3099697155538046,38.85358528546976,275.4686889648437,1.0,5.688284293060551e-05,0.0210288903750884,0.02080932502507,0.1039844303805249,False,,,,province_baseline
S342,353756696,way,Site_342,37.07000468062334,37.35626716138884,school,854.0,4.713325253295173,29.25189503212417,275.4686889648437,1.0,5.681375915349569e-05,0.0210033509487747,0.0207843167376321,0.1039517615594951,False,,,,province_baseline
S343,353756697,way,Site_343,37.07018598933279,37.35574512173706,school,852.0,0.9263691729971122,24.855374163027147,275.4686889648437,1.0,5.7056563906571744e-05,0.0210931128923051,0.0208722090957438,0.1040675903991331,False,,,,province_baseline
S344,353767584,way,Site_344,37.070855583592014,37.354845033754174,school,857.0,6.190611995468688,23.484296961749852,316.59539794921875,1.0,5.2218425533072585e-05,0.019304512389339,0.0191193735424783,0.0992450193549046,False,,,,province_baseline
S345,353767586,way,Adnan A.Ş Ortaokulu,37.0707190500094,37.35578305013723,school,857.0,4.1360107117553,29.57036290836876,275.4686889648437,1.0,5.722200206793357e-05,0.021154273354404,0.0209320911726629,0.1041010441374832,False,,,,province_baseline
S346,353767588,way,cennet süzer anaokulu,37.07101543170224,37.35527570730232,school,858.0,3.336585775528732,25.138621610032285,316.59539794921875,1.0,5.213088080149349e-05,0.0192721481742533,0.0190876275971968,0.0991759280474061,False,,,,province_baseline
S347,353779503,way,Site_347,37.05946587833006,37.33594945411548,school,858.0,0.9263691729971122,42.45103235518734,283.5931396484375,1.0,5.996070413631984e-05,0.0221667379676158,0.0219228611398808,0.1059769384760108,False,,,,province_baseline
S348,353779504,way,Site_348,37.05943361561511,37.33691964171284,school,861.0,0.9263691729971122,36.61534648771836,283.5931396484375,1.0,5.960272390101682e-05,0.0220343970588848,0.0217934129570589,0.1057845541164011,False,,,,province_baseline
S349,353786397,way,Site_349,37.07519162439287,37.36124567027228,school,855.0,2.0707029441052747,41.59272726947432,316.59539794921875,1.0,5.152815284311841e-05,0.0190493270297804,0.0188690352271537,0.0983652801805974,False,,,,province_baseline
S350,353786398,way,Site_350,37.07572190613875,37.36139533523121,school,854.0,1.852254273911089,33.78233935467262,316.59539794921875,1.0,5.164249701962997e-05,0.0190915986714391,0.0189105083671418,0.0983744479823287,False,,,,province_baseline
S351,354004905,way,Münifpaşa Ortaokulu,37.06947055974703,37.38197112558351,school,834.0,3.336585775528732,26.328884658643013,276.0505676269531,1.0,4.857923291794673e-05,0.0179591474494981,0.0177988430389333,0.0990987676927204,False,,,,province_baseline
S352,354013133,way,Abdullah Kepkep Ilköğretim Okulu,37.06705090714398,37.37975505047801,school,831.0,2.6185713407428373,28.13715208463945,276.0505676269531,1.0,4.84852098337828e-05,0.0179243882668036,0.0177647019361206,0.0993018093494862,False,,,,province_baseline
S353,354237773,way,Medical Park Hastanesi,37.074957132734966,37.37081281360636,hospital,842.0,2.6185713407428373,41.73833870608008,334.9361877441406,1.0,4.440638717624254e-05,0.0164164974845253,0.0162824811514606,0.0944957780840741,False,,,,province_baseline
S354,354352533,way,Kahramanmaraş İstiklal Üniversitesi Elbistan Yerleşkesi,38.29342519218062,37.15710583302313,school,1162.0,2.0707029441052747,93717.84847804572,359.1376037597656,1.0,0.0001112489906433,0.0411273893506443,0.0402931342740494,0.0553434385066606,False,,,,province_baseline
S355,354461534,way,Servi Erdemoğlu Ortaokulu,37.09329091598957,37.421762314604685,school,852.0,5.541356985554726,43.385949162835374,416.6897583007813,0.0,2.452691272365426e-05,0.0090672992475834,0.0090263152546784,0.0789560606493546,False,,,,province_baseline
S356,354461546,way,Site_356,37.09876497693136,37.43288880704908,school,857.0,2.927142542223064,31.0741598995087,483.5110473632813,0.0,1.755363132672831e-05,0.0064893625184102,0.0064683520781505,0.0721066185168132,False,,,,province_baseline
S357,354467187,way,Site_357,37.079098229155605,37.39419346163561,school,862.0,6.522665329469979,44.90664185269255,376.5242919921875,0.0,3.227411433279542e-05,0.011931344800846,0.0118604485491352,0.0863369978538337,False,,,,province_baseline
S358,354483938,way,Solmaz Güzel İlkokulu,37.08857171205835,37.42255147685711,school,841.0,1.3099697155538046,27.623761807159,416.6897583007813,0.0,2.371205851049873e-05,0.0087660576246738,0.0087277477654054,0.0786357884161064,False,,,,province_baseline
S359,354488378,way,Abdülkadir Konukoğlu Fen Lisesi,37.09051887522239,37.42664047482677,school,839.0,1.852254273911089,58.31848277540051,416.6897583007813,0.0,2.3383021179352864e-05,0.0086444165531398,0.0086071610124595,0.0781181008678842,False,,,,province_baseline
S360,354488379,way,Emine Konukoğlu İmam Hatip Ortaokulu,37.09070039790567,37.42750292669645,school,843.0,5.839084602306712,54.67696222583813,416.6897583007813,0.0,2.3275227182514903e-05,0.008604566432685,0.0085676531012154,0.0779890370278662,False,,,,province_baseline
S361,354871651,way,Necip Fazıl Kısakürek Kadın Doğum Ve Çocuk Hastanesi,37.5940697979598,36.88344373022903,hospital,766.0,5.541356985554726,25734.636330279915,593.4251098632812,0.0,8.859315488789978e-05,0.0327518043427201,0.0322212717390494,0.0707902247799965,True,538.7,0.0,0.5265356095538068,AOI04_highres
S362,355412062,way,Site_362,37.07421672281115,37.41104467665148,school,815.0,1.852254273911089,43.82517416911615,387.2738952636719,0.0,2.678324257875344e-05,0.0099014367612587,0.0098525789235198,0.0823460871139495,False,,,,province_baseline
S363,355416339,way,Site_363,37.06605474873644,37.40230821239933,school,828.0,3.9244453385903313,52.58703707445009,350.2878112792969,1.0,3.218820009375423e-05,0.0118995833588826,0.0118290633137025,0.0869197990076128,False,,,,province_baseline
S364,355417596,way,Site_364,37.06835958405415,37.40565725807481,school,873.0,0.9263691729971122,29.62375692633869,341.6028137207031,1.0,3.3384342927773164e-05,0.012341782715202,0.0122659352664717,0.0874326321117924,False,,,,province_baseline
S365,355417597,way,Site_365,37.06884547157584,37.4056852178217,school,879.0,10.678775919547808,31.58373114835879,341.6028137207031,1.0,3.347290523233648e-05,0.0123745231145576,0.0122982735448212,0.0874559463385839,False,,,,province_baseline
S366,355417598,way,Site_366,37.06640122922294,37.40287493886818,school,834.0,6.522665329469979,30.23021018535275,350.2878112792969,1.0,3.213974934633125e-05,0.011881671710947,0.0118113633852674,0.0868507847233512,False,,,,province_baseline
S367,355418057,way,Site_367,37.06679823773667,37.395539422364486,school,821.0,1.3099697155538046,35.084358409137714,249.13226318359372,1.0,4.4822869459630255e-05,0.0165704658839461,0.0164339309037827,0.1000032526873936,False,,,,province_baseline
S368,355685650,way,Site_368,37.14635470481273,37.30212836916651,school,979.0,1.852254273911089,25.67130627696664,435.2908935546875,0.0,7.335296089599511e-05,0.0271176912738318,0.0267533078592131,0.1019364405663355,False,,,,province_baseline
S369,356235253,way,Site_369,37.08594484628826,37.3870894603626,school,907.0,13.633476349538556,28.86960508494273,361.6015625,0.0,3.773527902846798e-05,0.0139502705047829,0.013853416384686,0.0894449507132379,False,,,,province_baseline
S370,356235254,way,Site_370,37.082287128709176,37.37866589326517,school,867.0,3.336585775528732,26.215235554278618,408.9076232910156,0.0,3.1443107283144164e-05,0.0116241316721112,0.0115568324708728,0.085963809279872,False,,,,province_baseline
S371,357198117,way,Gaziantep Anadolu Lisesi,37.08940641387741,37.34801186172003,school,900.0,6.522665329469979,0.0814298405401123,400.5147705078125,0.0,4.191122531285547e-05,0.0154940667024127,0.0153746511903919,0.0926888870013014,False,,,,province_baseline
S372,357198118,way,Gaziantep Polis Meslek Yüksekokulu,37.090794726047655,37.343515369458494,university,908.0,2.6185713407428373,66.67778008603314,455.5824890136719,0.0,3.481485707701153e-05,0.0128706262763624,0.0127881539685748,0.0883090904753223,False,,,,province_baseline
S373,357784462,way,Site_373,37.04232079403647,37.32918414660247,school,878.0,0.9263691729971122,16.748601618931584,398.205810546875,0.0,3.534162661385662e-05,0.0130653665226747,0.0129803851284542,0.0926024913055585,False,,,,province_baseline
S374,358002707,way,Bedriye - Haluk Özmen Mesleki ve Teknik Anadolu Lisesi,37.04882965338668,37.3291155980838,school,868.0,1.3099697155538046,37.345976250470855,329.1225280761719,1.0,5.0354951164954944e-05,0.0186156087378155,0.0184434084865392,0.1007654423818731,False,,,,province_baseline
S375,358020183,way,Site_375,37.051244950276,37.33278334999152,school,869.0,1.3099697155538046,30.41330800366941,350.5041809082031,1.0,4.525760953296098e-05,0.0167311839647017,0.0165919950524806,0.0978624148515157,False,,,,province_baseline
S376,358093604,way,Cumhuriyet Anadolu Lisesi,37.05128757418828,37.34323437478367,school,869.0,1.852254273911089,43.22721639345057,416.8129577636719,0.0,3.1531550509810745e-05,0.0116568280498267,0.0115891504536852,0.0890826844462424,False,,,,province_baseline
S377,358093606,way,İsmet İnönü Ortaokulu,37.05213295292918,37.340623437889874,school,869.0,1.852254273911089,25.294611734945192,416.8129577636719,0.0,3.225576072170444e-05,0.0119245596956063,0.0118537438955412,0.0896028621268123,False,,,,province_baseline
S378,358304480,way,Site_378,37.1326840384081,37.41955505142164,school,1010.0,2.7771727466471345,53.22905529119898,444.2046203613281,0.0,2.799664052562661e-05,0.0103500151214733,0.010296638024939,0.0783164119710208,False,,,,province_baseline
S379,358304485,way,Site_379,37.12855244165892,37.42626140633884,school,958.0,8.229359992821369,44.18037168007466,394.8585205078125,0.0,3.2458013703939804e-05,0.0119993301461031,0.0119276252741605,0.0815176115428621,False,,,,province_baseline
S380,359269570,way,Site_380,37.05942842523808,37.33680221438365,school,860.0,2.7771727466471345,32.523133783920336,283.5931396484375,1.0,5.964129400274676e-05,0.0220486559531181,0.0218073610018798,0.1058061795258636,False,,,,province_baseline
S381,359269571,way,İnci Konukoğlu Anadolu Lisesi,37.05952142329837,37.335929331574256,school,858.0,0.9263691729971122,44.423340863005016,283.5931396484375,1.0,5.998725958761142e-05,0.022176555192728,0.0219324630961977,0.1059862850510228,False,,,,province_baseline
S382,359269584,way,Akyol Ortaokulu,37.06129896186826,37.369642866404455,school,851.0,2.6185713407428373,30.583480436449012,415.7392883300781,0.0,2.8344520655974008e-05,0.0104786221451003,0.0104239126442159,0.085465772776732,False,,,,province_baseline
S383,359269588,way,Site_383,37.08201548662126,37.3939965498886,school,878.0,7.918813863614836,32.05334249942741,357.4864501953125,1.0,3.600417384873142e-05,0.0133103021210501,0.0132221117634935,0.0884915058694033,False,,,,province_baseline
S384,359302802,way,Site_384,37.05603019340384,37.36275068300117,school,862.0,2.0707029441052747,32.83272335338314,415.7392883300781,0.0,2.8658037376404257e-05,0.0105945254369369,0.0105386011237487,0.0862123493630564,False,,,,province_baseline
S385,359302803,way,Site_385,37.05445141513864,37.35688992220072,school,879.0,3.336585775528732,32.69155873366435,416.0304260253906,0.0,2.9483911359136844e-05,0.0108998409336977,0.0108406529093803,0.0870677852147516,False,,,,province_baseline
S386,360452960,way,Site_386,37.05985886318628,37.3928612356544,school,829.0,2.0707029441052747,35.16508380762962,434.2025451660156,0.0,2.21836720888967e-05,0.0082010318830833,0.0081674951623024,0.0800208815598797,False,,,,province_baseline
S387,360452961,way,Site_387,37.05999929079042,37.39236751985391,school,828.0,0.9263691729971122,22.74600044337569,434.2025451660156,0.0,2.2273966065295677e-05,0.0082344124603083,0.0082006025512495,0.0801030395186611,False,,,,province_baseline
S388,360452962,way,Site_388,37.07689138046201,37.38952614822619,school,897.0,4.1360107117553,38.57025597057044,376.5242919921875,0.0,3.281656579485052e-05,0.0121318824628486,0.0120585878766528,0.086991215288936,False,,,,province_baseline
S389,363253923,way,Site_389,37.13219579224207,36.54446720631331,school,738.0,3.336585775528732,45043.98010812668,491.6383666992188,0.0,0.0001757210872003,0.064961933844174,0.0628968653875871,0.1109291158312995,False,,,,province_baseline
S390,363811210,way,İsmail Kurtul İlkokulu,37.58677729619038,36.8894969721504,school,693.0,5.617307539682862,24802.00818167762,560.276123046875,0.0,0.0001056904527186,0.0390724659564662,0.0383189825134867,0.0744555600249176,True,170.7,18.0,0.2356407008901603,AOI04_highres
S391,363811213,way,Site_392,37.58901072343652,36.887979782629984,school,718.0,7.020288356196723,25066.58614634442,560.1951293945312,0.0,0.0001033478755688,0.0382064438742352,0.0374857847845394,0.073987469969758,True,436.0,7.0,0.4154048507468268,AOI04_highres
S392,363811218,way,Site_393,37.59315422493832,36.85436516217311,school,632.0,3.9244453385903313,27652.74571604664,636.478271484375,0.0,7.066391809362264e-05,0.0261235850830776,0.0257853162339092,0.0681074794071767,True,1663.4,0.0,0.5820604468843492,AOI04_highres
S393,363811771,way,KİPAŞ Eğitim Kurumları,37.59829899931964,36.83850879391991,school,593.0,8.229359992821369,29090.03584341234,900.0,0.0,3.108140668775501e-05,0.0114904153918205,0.0114246526901345,0.054753284572386,True,3061.0,0.0,0.6510579685818383,AOI04_highres
S394,363811772,way,Erdem Bayazıt Anadolu Lisesi,37.59780894345309,36.84176289625301,school,612.0,4.622196164453535,28836.73200589311,900.0,0.0,3.148888550395742e-05,0.0116410553196902,0.0115735603931427,0.054849552061166,True,2807.0,0.0,0.6385183502996673,AOI04_highres
S395,364080776,way,Tekir Ortaokulu,37.87952700646411,36.62512243363256,school,1027.0,4.1360107117553,64298.86547367396,529.1090087890625,0.0,0.000981799288748,0.3629591727440386,0.3043851670358091,0.1811290310177664,False,,,,province_baseline
S396,364723819,way,Duraklı İlkokulu,37.25203807114227,37.74327949652821,school,621.0,1.3099697155538046,4736.766752332143,445.7737426757813,0.0,4.817140020071339e-05,0.0178083766887516,0.0176507446591199,0.0449729307560505,False,,,,province_baseline
S397,364731558,way,Büyükkarakuyu İlkokulu,37.23755331034371,37.52887706244322,school,778.0,3.9244453385903313,50.24906187453608,511.9101867675781,0.0,2.2522274831073476e-05,0.0083262091699258,0.0082916422938975,0.059558727356132,False,,,,province_baseline
S398,364755023,way,Yalankoz İlkokulu,37.22156167514596,37.40304384484623,school,931.0,5.617307539682862,28.53052620207994,502.4474182128906,0.0,4.143064729269914e-05,0.0153164028941028,0.0151997033606753,0.0767051989361035,False,,,,province_baseline
S399,364755025,way,Yayıktaş İlkokulu,37.25404220912881,37.423000770626,school,800.0,7.020288356196723,28.983566274109982,429.5599365234375,0.0,5.6632063115453086e-05,0.0209361801487806,0.0207185398277015,0.0788585024373965,False,,,,province_baseline
S400,364755086,way,Çaykuyu İlkokulu,37.24755400738458,37.458497281138015,school,727.0,3.9244453385903313,32.86497230383898,519.364501953125,0.0,3.095702523924381e-05,0.0114444330936321,0.011379194678609,0.0671364159531227,False,,,,province_baseline
S401,366110065,way,Malazgirt İlkokulu,37.09816120141046,37.42036993846932,school,868.0,4.1360107117553,44.68440475084262,473.32666015625,0.0,1.985208803208497e-05,0.0073390738126891,0.0073122085726435,0.0746384024439193,False,,,,province_baseline
S402,369507958,way,Bekereci İlkokulu,37.361927135749454,36.23045237347858,school,298.0,0.9263691729971122,73308.2453036279,513.3413696289062,0.0,1.0885552096546413e-05,0.0040242552924059,0.0040161688280457,0.0537524073344458,False,,,,province_baseline
S403,369564667,way,okul,37.46544206710562,36.22457669808832,school,421.0,3.336585775528732,74585.60473959189,565.421875,0.0,9.829248518360135e-06,0.0036337527963266,0.00362715870615,0.0464656498878194,False,,,,province_baseline
S404,372562524,way,Osmaniye Liseler Kampüsü,37.0545766466001,36.22626676850204,school,115.0,1.3099697155538046,73635.44881813384,315.0869445800781,1.0,4.744259054975644e-05,0.0175389446866806,0.0173860326731818,0.069050311680316,False,,,,province_baseline
S405,375348130,way,Nurdağı Devlet Hastanesi,37.184282921035134,36.733262493469454,hospital,533.0,3.336585775528732,28231.880983411625,468.7735290527344,0.0,0.0003542566920775,0.1309643604034987,0.1227509613643141,0.2188844475988769,False,,,,province_baseline
S406,378416205,way,Site_407,37.57062298583258,36.95163505041531,school,551.0,2.0707029441052747,19557.04208265633,440.3484497070313,0.0,0.0002229816423766,0.0824335822827358,0.0791274019184234,0.086973395661234,True,673.2,0.0,0.5331756830142478,AOI04_highres
S407,378457458,way,Binevler Ortaokulu,37.60009562831025,36.87179871733437,school,803.0,4.622196164453535,26945.85987316456,900.0,0.0,3.4505698062771604e-05,0.0127563339751345,0.0126753168068058,0.054758352337551,True,1328.4,0.0,0.5655219739531394,AOI04_highres
S408,378457459,way,125.yıl Özel Eğitim Okulu,37.59868655256384,36.86844318710703,school,768.0,7.020288356196723,27070.993592360464,900.0,0.0,3.4445512000303225e-05,0.0127340839249515,0.0126533485386612,0.0549594772652427,True,1371.8,0.0,0.5676645701478095,AOI04_highres
S409,383752386,way,Özel Kemal Bayındır Hastanesi,37.047758129275486,37.33211830237213,hospital,872.0,3.700645055237513,24.226243116046778,350.5041809082031,1.0,4.44461162603697e-05,0.0164311848403565,0.0162969292545949,0.0976534915174919,False,,,,province_baseline
S410,392225789,way,Site_411,37.08787885888972,37.39424594784502,school,855.0,3.700645055237513,65.61524927873143,436.45458984375,0.0,2.6040329316380512e-05,0.0096267908267772,0.0095806016127621,0.0812186573289749,False,,,,province_baseline
S411,392225790,way,Site_412,37.08785514124283,37.39339624492406,school,862.0,5.386162368029915,23.0081705395868,436.45458984375,0.0,2.615188487617289e-05,0.0096680315509877,0.0096214463837839,0.0813303276612451,False,,,,province_baseline
S412,392225810,way,Site_413,37.094560458191616,37.37157061300466,school,888.0,3.814206419250074,42.92868786096333,313.9230651855469,1.0,5.490684642266829e-05,0.0202983886665563,0.0200937632362881,0.098015174532411,False,,,,province_baseline
S413,392225811,way,Site_414,37.09494004562204,37.37181158995672,school,890.0,0.9263691729971122,25.43683306745451,313.9230651855469,1.0,5.4929119210692806e-05,0.0203066226435093,0.0201018317284399,0.0979920304147121,False,,,,province_baseline
S414,392687072,way,Tekstil Mühendisliği,37.03348377857144,37.314064799046456,university,888.0,0.9263691729971122,36.6019372804284,295.69940185546875,1.0,5.778904955289889e-05,0.0213639038648437,0.0211373121671031,0.1060836693753487,False,,,,province_baseline
S415,392687073,way,Hazırlık Ek Binası,37.03402795030491,37.31207750011172,university,893.0,0.9263691729971122,29.44925872410819,426.3345642089844,0.0,3.32114635611573e-05,0.0122778713306547,0.0122028057975057,0.0920377948862254,False,,,,province_baseline
S416,392687074,way,Gaziantep Üniversitesi İlahiyat Fakültesi,37.032652261658384,37.31387690082842,university,894.0,2.6185713407428373,31.0795512196352,295.69940185546875,1.0,5.75643277185445e-05,0.0212808269548993,0.0210559879017006,0.1060281019804137,False,,,,province_baseline
S417,392736717,way,Site_418,37.03592271204908,37.31415211043253,university,886.0,2.927142542223064,37.62972183819345,295.69940185546875,1.0,5.864839704343881e-05,0.0216815941074836,0.021448237900261,0.1063489257874188,False,,,,province_baseline
S418,392736718,way,Site_419,37.03461044873149,37.31163358313908,university,892.0,2.0707029441052747,20.635962723807168,426.3345642089844,0.0,3.344517686761424e-05,0.012364272277715,0.0122881487236804,0.0921793192400047,False,,,,province_baseline
S419,392736720,way,Site_420,37.03462190468006,37.31154712341674,university,892.0,2.0707029441052747,28.43677289538786,426.3345642089844,0.0,3.346736759593711e-05,0.0123724759182013,0.0122962515233761,0.0921961775176823,False,,,,province_baseline
S420,392774743,way,Mâvera Kongre ve Sanat Merkezi,37.0371023859836,37.3180506351573,university,887.0,6.6506934522993175,92.1972270498985,295.69940185546875,1.0,5.768318304178614e-05,0.0213247663122551,0.0210990011274858,0.1056977522596737,False,,,,province_baseline
S421,392797431,way,Merkezi Derslik,37.03721612614261,37.313557486843095,university,891.0,0.9263691729971122,57.567305414563776,295.69940185546875,1.0,5.931008805145701e-05,0.0219262131692765,0.021687581039081,0.1065972889698225,False,,,,province_baseline
S422,392797432,way,Elektrik Elektronik Mühendisliği-B Blok,37.03818520021012,37.31254995008131,university,890.0,0.9263691729971122,24.292154152548186,347.6438903808594,1.0,4.7892173120513904e-05,0.0177051498569556,0.0175493346237458,0.1007178634985157,False,,,,province_baseline
S423,392797433,way,Endüstri Mühendisliği,37.03806210021118,37.31333745007132,university,887.0,1.3099697155538046,22.98952437044743,347.6438903808594,1.0,4.761830142211139e-05,0.0176039028442216,0.0174498593930179,0.1005527186336794,False,,,,province_baseline
S424,395182749,way,Konservatuar Bölümü,37.03821347138264,37.31553275642592,university,887.0,0.9263691729971122,35.28386785002443,347.6438903808594,1.0,4.701837782812805e-05,0.0173821184389186,0.0172319209276198,0.1001493417220206,False,,,,province_baseline
S425,395355525,way,MYO A blok,37.03862716218532,37.31793690814698,university,880.0,2.0707029441052747,48.25194913061316,347.6438903808594,1.0,4.643725404461955e-05,0.0171672840933029,0.0170207659095974,0.0997351466585503,False,,,,province_baseline
S426,395355526,way,MYO B blok,37.03923275958553,37.31830455209568,university,880.0,2.0707029441052747,58.56808946896055,347.6438903808594,1.0,4.650687374130642e-05,0.0171930216425207,0.0170460650604444,0.0997270491330305,False,,,,province_baseline
S427,395355527,way,Tıp Fakültesi Ek Binası,37.03968681104086,37.315858395922405,university,886.0,2.0707029441052747,77.10985366118192,347.6438903808594,1.0,4.734791230074672e-05,0.0175039432975665,0.0173516392174566,0.1002316656990927,False,,,,province_baseline
S428,395442571,way,Site_429,37.03995117090324,37.31006561459768,university,907.0,4.713325253295173,67.66661010623619,430.0620727539063,0.0,3.4536871195802615e-05,0.012767858300632,0.0126866949922637,0.0926598596048954,False,,,,province_baseline
S429,395442574,way,Gıda Mühendisliği,37.03515837088556,37.3115663277267,university,892.0,0.0,27.89451345329012,426.3345642089844,0.0,3.3587197727525375e-05,0.0124167756502642,0.0123400055656378,0.0922492630505503,False,,,,province_baseline
S430,395442575,way,Gıda Müh. Laboratuvar,37.03503280031116,37.31094876001963,university,898.0,2.927142542223064,44.2865888967285,426.3345642089844,0.0,3.369920585230845e-05,0.012458183682209,0.0123809017755164,0.0923483166778903,False,,,,province_baseline
S431,395873173,way,Mak. Müh. Laboratuvar,37.03708006378928,37.31480692226364,university,887.0,1.3099697155538046,77.10299180250328,295.69940185546875,1.0,5.8835763683323456e-05,0.0217508612595296,0.0215160170464899,0.1063495686884885,False,,,,province_baseline
S432,396459346,way,Fizik Mühendisliği,37.03395301168308,37.31422118940299,university,889.0,1.852254273911089,16.170041574329346,295.69940185546875,1.0,5.790840899866946e-05,0.0214080295901244,0.0211805042402062,0.1061096170989018,False,,,,province_baseline
S433,396610209,way,Site_434,37.035849224012274,37.317267137734966,stadium,883.0,2.0707029441052747,55.87937684860033,295.69940185546875,1.0,5.753095296555452e-05,0.0212684887174667,0.0210439093835324,0.1057213439090834,False,,,,province_baseline
S434,396618918,way,Tıp Fakültesi Hastanesi,37.04049099571828,37.319011155261634,hospital,883.0,3.814206419250074,88.33902659263555,347.6438903808594,1.0,4.671016347255246e-05,0.0172681753664295,0.0171199349332531,0.0997477555475642,False,,,,province_baseline
S435,398528111,way,Tıp Fakültesi,37.0396563722094,37.31504875981629,university,887.0,0.9263691729971122,106.21671652858618,347.6438903808594,1.0,4.759845388272208e-05,0.0175965654519864,0.0174426500107964,0.1003966042344807,False,,,,province_baseline
S436,398528142,way,Gaziantep Çocuk Hastanesi,37.05699626525588,37.31736434436847,hospital,896.0,0.0,128.04971278375842,403.5525207519531,0.0,4.12272029462689e-05,0.015241192010854,0.0151256328751229,0.0956723351395758,False,,,,province_baseline
S437,401141833,way,Kahramanmaraş Necip Fazıl Şehir Hastanesi,37.502953659890906,37.00434385622201,hospital,580.0,2.0707029441052747,11070.107983939388,488.3055419921875,0.0,0.0004856214177177,0.1795282906207568,0.1643356908533113,0.0974850472036161,True,8155.4,0.0,0.9025612417184214,AOI04_highres
S438,404700972,way,Saimbey İlkokulu,37.061143148805606,36.23392215783427,school,124.0,2.0707029441052747,72916.05726689204,321.9996337890625,1.0,4.6053548874145306e-05,0.017025432991098,0.0168813193317055,0.0694778751983763,False,,,,province_baseline
S439,404700973,way,Yavuz Sultan Selim Mesleki ve Teknik Anadolu Lisesi,37.060807837367086,36.236711782945854,school,126.0,2.0707029441052747,72670.04542292535,321.9996337890625,1.0,4.681726121399038e-05,0.0173077680897902,0.0171588490614028,0.0697792491178139,False,,,,province_baseline
S440,404700977,way,Özel Yeni Hayat Hastanesi,37.06160675142684,36.238970147157445,hospital,135.0,5.911112090879563,72464.33738802213,338.3321228027344,1.0,4.381416209615156e-05,0.016197559125523,0.0160670840736811,0.0685502431625348,False,,,,province_baseline
S441,404704697,way,Ayşe Aybaba Anaokulu,37.0631227523067,36.23594663361882,school,124.0,2.7771727466471345,72725.97884517725,317.56365966796875,1.0,4.6976316749302106e-05,0.0173665689732077,0.0172166392902621,0.0701972502578876,False,,,,province_baseline
S442,437955903,way,Site_443,37.12599152367888,37.40433650445056,school,979.0,4.622196164453535,46.93691151001168,454.18951416015625,0.0,2.850440653835628e-05,0.0105377299976604,0.0104824026330584,0.0796345219642525,False,,,,province_baseline
S443,437955904,way,Site_444,37.12683949483802,37.40431862367623,school,963.0,6.522665329469979,48.67209540510894,454.18951416015625,0.0,2.865654208920732e-05,0.0105939726475733,0.0105380541598605,0.0796549441292168,False,,,,province_baseline
S444,448792540,way,Site_445,37.077647293206375,37.38070065636991,school,851.0,4.1360107117553,34.75588565317679,404.914306640625,0.0,3.06667821027286e-05,0.0113371337607323,0.0112731106344353,0.0857221982202802,False,,,,province_baseline
S445,452603384,way,Servi Erdemoğlu Anaokulu,37.092944578846485,37.42121243909901,school,851.0,2.927142542223064,27.755584781388794,416.6897583007813,0.0,2.455728916362339e-05,0.0090785290454132,0.0090374436263279,0.0790200829122262,False,,,,province_baseline
S446,459520721,way,Site_447,38.181669737343945,37.210162748464406,school,1185.0,4.1360107117553,81213.43820340002,463.404296875,0.0,0.0002952337913473,0.1091443168696636,0.1033989864907362,0.0831762325510012,False,,,,province_baseline
S447,462495713,way,Site_448,38.091584585620886,36.82021173964753,school,1404.0,2.7771727466471345,76171.96471109847,590.7919921875,0.0,0.0006425440091756,0.2375406508182002,0.2114351654762069,0.133811125837627,False,,,,province_baseline
S448,467248298,way,Gülizar Şamil Aktaş Anadolu Lisesi,37.59634717363265,36.86490732258669,school,731.0,11.310313732557043,27155.96543625612,900.0,0.0,3.4557429788221574e-05,0.0127754585604638,0.0126941988014016,0.0552594680393577,True,1443.1,0.0,0.5711845496104819,AOI04_highres
S449,467769123,way,Site_450,37.08295536876327,37.3633260295144,school,871.0,5.386162368029915,31.28971099167993,393.5132751464844,0.0,3.74218560484545e-05,0.0138344018676302,0.0137391463039784,0.0901787892557442,False,,,,province_baseline
S450,475141355,way,Site_451,36.98737398521727,36.61853956106945,school,512.0,1.852254273911089,38674.181905489415,444.8367004394531,0.0,0.0003682185512789,0.1361258887564092,0.12726724166872,0.3045575294084417,False,,,,province_baseline
S451,475533317,way,Kalyon Stadyumu,37.12395574478411,37.38253848905446,stadium,908.0,3.700645055237513,178.33842338885202,406.7936401367188,0.0,3.992739469547365e-05,0.014760668819565,0.0146522641780033,0.0875245738960257,False,,,,province_baseline
S452,477546481,way,Site_453,38.24026061572307,36.93857202885425,school,1223.0,3.336585775528732,89627.96373723324,454.2967224121094,0.0,0.0001399018583837,0.0517200036364438,0.0504052873103771,0.0590361287273877,False,,,,province_baseline
S453,477546482,way,Site_454,38.23983687940577,36.93750707073082,school,1224.0,1.852254273911089,89596.73678491267,454.2967224121094,0.0,0.0001408531068973,0.0520716685617975,0.05073916775367,0.0592011677808395,False,,,,province_baseline
S454,477547749,way,Yavuz Selim Mesleki ve Teknik Anadolu Lisesi,38.20563220511672,37.206119758204544,school,1143.0,0.9263691729971122,83873.39097915223,263.4584045410156,1.0,0.0004090388264706,0.1512166445601283,0.1403385624902869,0.0928906527322406,False,,,,province_baseline
S455,477547758,way,Site_456,38.188352544067314,37.19626586772837,school,1152.0,3.700645055237513,81962.15844882291,478.9371337890625,0.0,0.0002717850698751,0.1004756117229183,0.0955928309235586,0.0788320369935679,False,,,,province_baseline
S456,543776787,way,Hatice Lütfü Akcan Anadolu Lisesi,37.06679134666405,37.35501964859747,school,850.0,4.1360107117553,48.590946672810944,275.4686889648437,1.0,5.616334127401784e-05,0.0207628994245387,0.020548834524142,0.1039363516540052,False,,,,province_baseline
S457,545440862,way,Turizm Otelcilik Meslek Lisesi,37.02542338511745,37.288626107506005,school,963.0,7.427391622906704,55.0339214837247,346.45025634765625,1.0,5.127427061697509e-05,0.0189554698801252,0.0187769447497544,0.1039254523204968,False,,,,province_baseline
S458,545440864,way,Turizm Otelcilik Meslek Yüksekokulu,37.02557825222727,37.291998975469646,university,951.0,5.911112090879563,34.370162698283096,346.45025634765625,1.0,5.035579922183502e-05,0.0186159222540577,0.018443716220425,0.1033310406643912,False,,,,province_baseline
S459,545440873,way,Site_460,37.01260404472062,37.297027882036254,school,934.0,10.126207121669545,63.22716807177937,491.5792846679688,0.0,2.427895566042441e-05,0.0089756325580906,0.0089354718140282,0.086272897789646,False,,,,province_baseline
S460,545440874,way,Site_461,37.01369934838569,37.29525014708534,school,951.0,4.622196164453535,46.81073318887926,447.6956176757813,0.0,2.9512343632874232e-05,0.0109103519970823,0.0108510499713329,0.0906535518274672,False,,,,province_baseline
S461,558621081,way,Hacı Osman Arıkan Okulu,37.53931889537067,37.00425493921394,school,574.0,1.3099697155538046,13863.023027785674,356.8163146972656,1.0,0.0004638735088186,0.17148835505206,0.1575899222155931,0.1013162464952288,True,5176.3,0.0,0.7554873172128478,AOI04_highres
S462,570169638,way,Vali Hilmi Tolun Ortaokulu,37.570575948943016,36.91347158956848,school,502.0,7.020288356196723,22026.751439636057,463.9181213378906,0.0,0.0001772238963862,0.0655175039949864,0.0634173473219096,0.0854220105773112,True,411.2,3.0,0.4747865706702188,AOI04_highres
S463,570169641,way,Site_464,37.52006826918773,36.91701112031952,school,465.0,2.6185713407428373,18328.981316019417,312.0875549316406,1.0,0.000433442616839,0.1602384269808718,0.1480593608854952,0.1154111801121185,True,4985.4,0.0,0.7460628560708538,AOI04_highres
S464,574807118,way,Ömer Humanızlı İlköğretim Okulu,37.08640734018534,37.36023931003224,school,878.0,1.3099697155538046,41.91555297453487,373.7076721191406,0.0,4.2581277993641945e-05,0.0157417769722208,0.0156185227952079,0.0929900284000502,False,,,,province_baseline
S465,574858897,way,Site_466,36.997189187659885,37.79155278905328,school,491.0,1.3099697155538046,8255.595592667469,391.534912109375,0.0,2.7043977070287586e-06,0.0009997827109507,0.0009992830947326,0.0428799410791964,False,,,,province_baseline
S466,574961336,way,Akkent Ana Okulu,37.01210208147084,37.37060038363534,school,942.0,1.3099697155538046,40.704355953831424,365.580810546875,0.0,2.594520131007221e-05,0.0095916231678981,0.0095457702687475,0.0862472872966924,False,,,,province_baseline
S467,582215934,way,Site_468,37.58068597258355,36.88227911960208,school,652.0,3.336585775528732,24878.321179866467,571.9229736328125,0.0,0.0001037052266709,0.0383385522001217,0.0376129325273308,0.0748073463940813,True,359.8,4.0,0.457097510716721,AOI04_highres
S468,582215940,way,Site_469,37.57888410775308,36.89532555091417,school,689.0,2.7771727466471345,23851.35843991228,636.8009643554688,0.0,9.206882832671084e-05,0.0340367182457318,0.0334639855209458,0.0709208887200704,True,108.0,7.0,0.3992119578470154,AOI04_highres
S469,582220584,way,Necmettin Erbakan Anadolu İmam Hatip Lisesi,37.58184890871997,36.90634725597544,school,713.0,11.87101803345177,23310.201897405805,563.9261474609375,0.0,0.0001162505427383,0.0429764019050766,0.0420660047823401,0.0751281939607222,True,73.8,19.0,0.2157053707325728,AOI04_highres
S470,583541120,way,Süha Erler Lisesi,37.584659262962326,36.89077168183083,school,681.0,1.852254273911089,24571.660753569107,560.276123046875,0.0,0.0001077924626442,0.039849553282227,0.0390660023561828,0.0748375659135056,True,48.5,21.0,0.1841533154589168,AOI04_highres
S471,583544049,way,Çukurova Elektrik Anadolu Lisesi,37.58567590358308,36.90335162226128,school,685.0,4.622196164453535,23792.79374000111,536.1529541015625,0.0,0.0001211009116606,0.0447695238921406,0.043782158195285,0.0763781325211199,True,249.6,10.0,0.3607480027419008,AOI04_highres
S472,583544050,way,Halk Eğitim Merkezi,37.58559173757532,36.90223720813388,school,688.0,3.700645055237513,23864.097731638816,536.1529541015625,0.0,0.0001206193800381,0.0445915075487437,0.043611920639512,0.0763990612577231,True,186.8,13.0,0.3121931107199524,AOI04_highres
S473,583544054,way,Site_474,37.58237158149305,36.89386946469258,school,678.0,3.336585775528732,24197.06653049405,560.276123046875,0.0,0.0001110872371878,0.0410675910791514,0.0402357437464291,0.0753026090637159,True,259.9,15.0,0.2854989233162398,AOI04_highres
S474,587869961,way,Zekeriya Tanrıverdi İHO,37.5877308581307,36.90297548752782,school,685.0,2.0707029441052747,23970.110080101404,595.7406005859375,0.0,9.94909195832063e-05,0.0367805744833174,0.0361123863160099,0.0718278104915168,True,290.6,13.0,0.3173175688998317,AOI04_highres
S475,587869962,way,Site_476,37.588091324599816,36.90135896302417,school,694.0,2.7771727466471345,24099.420991771167,595.7406005859375,0.0,9.858766908157303e-05,0.0364466538351659,0.0357904705951415,0.0717699731480444,True,218.1,18.0,0.2379807713884867,AOI04_highres
S476,587869963,way,İbrahim Çalık Anadolu Lisesi,37.58943270789617,36.90085672481644,school,706.0,1.852254273911089,24240.419441375678,595.7406005859375,0.0,9.72985388195368e-05,0.0359700781655454,0.0353308422778738,0.0715135959083668,True,157.8,22.0,0.1743977856548083,AOI04_highres
S477,587869966,way,Fatih Lisesi,37.593113999845485,36.92872405099399,school,651.0,3.336585775528732,22754.63485576908,546.2953491210938,0.0,0.0001226886796993,0.0453565022903127,0.0443432727152094,0.073992564341708,True,1219.0,0.0,0.5601210517481413,AOI04_highres
S478,587869967,way,Kahramanmaraş Ticaret Meslek Lisesi,37.59332978212301,36.929467796736,school,655.0,6.6506934522993175,22735.17173002359,526.469482421875,0.0,0.0001303897254403,0.0482034845844078,0.0470601412236647,0.0753813972338795,True,1219.0,0.0,0.5601210517481413,AOI04_highres
S479,587872256,way,19 Mayıs Lisesi,37.57497073294368,36.896226023791485,school,591.0,9.582076976314282,23520.9335512042,650.156982421875,0.0,9.218608641148452e-05,0.0340800671235877,0.0335058828644728,0.07085588277962,True,419.7,4.0,0.4600546884139732,AOI04_highres
S480,587872258,way,Altınşehir Mesleki ve Teknik Anadolu Lisesi,37.57831769376176,36.87745695363558,school,642.0,7.427391622906704,25050.31932737417,587.2827758789062,0.0,9.883840499578164e-05,0.0365393478318324,0.0358798428878445,0.0741921104342319,True,731.7,0.0,0.5360637447052202,AOI04_highres
S481,587872259,way,Abdurrahim Karakoç Ortaokulu,37.581167115470365,36.87352678288459,school,615.0,2.7771727466471345,25514.12759689232,563.8441162109375,0.0,0.0001022649696135,0.0378061068051344,0.037100377523393,0.0752285138872604,True,391.0,3.0,0.4737893254367548,AOI04_highres
S482,587872260,way,Hasan Balcı İlkokulu,37.582245984660325,36.86289928067568,school,610.0,3.814206419250074,26302.622034203578,527.6542358398438,0.0,0.000109227584517,0.0403801002623399,0.0395756877687367,0.0775794668518152,True,278.4,5.0,0.4379273934858014,AOI04_highres
S483,589761950,way,Site_484,37.59181136130656,36.89848102115374,school,731.0,4.713325253295173,24566.854001363863,595.7406005859375,0.0,9.468353819470308e-05,0.0350033444610169,0.0343978131667056,0.0710762209060865,True,11.9,16.0,0.258104001338038,AOI04_highres
S484,590542012,way,Kahramanmaraş İstiklal Üniversitesi Karacasu Kampüsü,37.52046499158906,36.99149774207262,university,562.0,4.1360107117553,13052.1464941759,361.50244140625,0.0,0.0005235833533069,0.1935623532801619,0.1759815456603282,0.106951695460658,True,6056.4,0.0,0.7989366008748111,AOI04_highres
S485,590853835,way,Necipfazıl Şehir Devlet Hastanesi,37.50322498156908,37.00420034818314,hospital,580.0,2.6185713407428373,11101.090945585756,519.0809936523438,0.0,0.0004537686151809,0.1677526996309989,0.1544370831481043,0.0945531198753037,True,8122.0,0.0,0.9009123312828918,AOI04_highres
S486,590853838,way,Kahramanmaraş Sütçü İmam Üniversitesi Bahçelievler Yerleşkesi,37.5762004522255,36.92821879173412,university,543.0,3.336585775528732,21455.28524758833,476.9768981933594,0.0,0.0001730586608772,0.0639776674398388,0.0619740521822734,0.0828776593909445,True,214.2,14.0,0.2983942945484824,AOI04_highres
S487,590853846,way,Cumhuriyet Lisesi,37.586559316789376,36.91991940862622,school,620.0,0.9263691729971122,22781.75793340145,584.8182983398438,0.0,0.0001113891712606,0.0411792124080484,0.0403428679293568,0.07269279811641,True,619.1,0.0,0.5305048430572972,AOI04_highres
S488,590853853,way,İmam Hatip Lisesi,37.58765575464077,36.91286193290663,school,653.0,1.852254273911089,23314.01814346056,595.8272094726562,0.0,0.0001037455600168,0.0383534629441523,0.0376272823275689,0.0717909063369407,True,356.7,2.0,0.4872474984344178,AOI04_highres
S489,591488681,way,Site_491,37.0172937161235,37.79852174645762,school,527.0,4.713325253295173,8756.71212907991,248.7879943847656,1.0,5.374398268507602e-06,0.0019868492184609,0.0019848767401078,0.0533113091986997,False,,,,province_baseline
S490,591488682,way,Site_492,37.01772082185461,37.79813675210405,school,527.0,4.1360107117553,8727.998735413588,248.7879943847656,1.0,5.397084006261753e-06,0.0019952358578715,0.0019932466979749,0.0533442826891349,False,,,,province_baseline
S491,592152465,way,Ayşe-Mustafa Sevcan İlkokulu,37.0296448947068,37.32304978837361,school,911.0,5.226249145644281,36.98235507877781,375.80072021484375,0.0,3.732518918266304e-05,0.0137986653112469,0.0137039001075865,0.0947510976818034,False,,,,province_baseline
S492,592994193,way,Site_494,37.58170578897046,36.878598840693904,school,641.0,2.6185713407428373,25202.521357956717,563.8441162109375,0.0,0.0001039535781376,0.0384303646957604,0.0377012876296526,0.0751591038603187,True,619.4,0.0,0.5305196536300714,AOI04_highres
S493,593324427,way,M. Akif İnan İmam Hatip Ortaokulu,37.58946243517792,36.9021512323221,school,699.0,4.976533010740028,24150.5594451173,595.7406005859375,0.0,9.782450604788848e-05,0.0361645218082337,0.0355183978278073,0.0715026565879034,True,184.7,14.0,0.2969379215590177,AOI04_highres
S494,593324429,way,Ertuğrul Gazi Görme Engelliler Okulu,37.58827549347497,36.9027835828602,school,694.0,5.386162368029915,24022.425651080448,595.7406005859375,0.0,9.899118153057864e-05,0.0365958274456599,0.0359342944842844,0.071727128980783,True,315.1,11.0,0.3488301293127565,AOI04_highres
S495,593324438,way,Site_497,37.58865964589764,36.901415057020095,school,698.0,5.226249145644281,24160.72664495241,595.7406005859375,0.0,9.80106207570535e-05,0.0362333261368254,0.035584756053991,0.0716511437292429,True,230.8,19.0,0.2234562371510801,AOI04_highres
S496,593377416,way,Kahramanmaraş Ağız Ve Diş Sağlığı Hastanesi,37.56646332647658,36.951016522059184,hospital,531.0,5.911112090879563,19263.96114281413,440.3484497070313,0.0,0.0002304596019241,0.0851980923432705,0.0816696478289966,0.0879437729292789,True,435.9,2.0,0.4911574896468113,AOI04_highres
S497,593377420,way,Site_499,37.56777611115119,36.95554787968479,school,532.0,7.020288356196723,19082.18654315673,381.1011047363281,0.0,0.0002773944196178,0.1025493196238732,0.0974663639642274,0.0933654116460549,True,412.3,2.0,0.4899923912552394,AOI04_highres
S498,593382266,way,Özel Markasi Hastanesi,37.57020489428268,36.9591581345469,hospital,542.0,2.0707029441052747,19066.30335109137,381.1011047363281,0.0,0.000275903272264,0.1019980607095586,0.0969686970928472,0.0926927002508289,True,4.1,4.0,0.4395371082640901,AOI04_highres
S499,593382267,way,Site_501,37.56892797192254,36.96086279963237,school,540.0,2.6185713407428373,18859.82115004095,381.1011047363281,0.0,0.0002806539591874,0.1037543314824597,0.0985532726979464,0.0929540607318744,True,163.6,4.0,0.4474113961223826,AOI04_highres
S500,594532050,way,Fatih Gök İlkokulu,37.60087592295409,36.89658042720957,school,832.0,3.814206419250074,25369.042223134384,806.0819702148438,0.0,4.84045324285844e-05,0.0178945628181752,0.0177354058908156,0.0584415699074832,True,785.5,0.0,0.5387197740893966,AOI04_highres
S501,594532053,way,İklime Hatun Kız Anadolu İmam Hatip Lisesi,37.59887558028841,36.884321451232175,school,823.0,5.617307539682862,26022.5586944845,764.06201171875,0.0,5.253005444391951e-05,0.0194197177810931,0.0192323697703011,0.0606532187612461,True,368.8,1.0,0.502996373354493,AOI04_highres
S502,594532056,way,Site_504,37.59821183207738,36.88428664329116,school,811.0,7.594903090752807,25976.6962126256,764.06201171875,0.0,5.279215835791015e-05,0.0195166143880527,0.0193273982218445,0.0607627950469104,True,365.7,1.0,0.5028433307691594,AOI04_highres
S503,594561286,way,Site_505,37.596200311119695,36.89498007294422,school,784.0,12.403612225130106,25124.1310583146,737.5905151367188,0.0,6.018471422034186e-05,0.0222495517521793,0.0220038560555508,0.0623490828451092,True,426.5,3.0,0.4755419098817039,AOI04_highres
S504,595123126,way,Mimar Sinan İlkokulu,37.59466698271019,36.863974013711925,school,704.0,6.713759633458762,27106.047126562007,655.7644653320312,0.0,6.824030639788375e-05,0.0252276055216543,0.024912048632275,0.0667999086890078,True,1417.7,0.0,0.5699305877822648,AOI04_highres
S505,595123127,way,Ömer Faruk Arıkan Ortaokulu,37.59407632856914,36.86377192996969,school,699.0,5.541356985554726,27079.65337052589,655.7644653320312,0.0,6.844911105813572e-05,0.0253047980472741,0.0249873152288958,0.066900543956103,True,1397.5,0.0,0.5689333425488008,AOI04_highres
S506,595305349,way,Bahaettin Karakoç İlkokulu,37.58858333337769,36.85371487640279,school,616.0,6.713759633458762,27381.938164602758,672.3171997070312,0.0,6.515277327432969e-05,0.0240861823395556,0.0237984252031063,0.0668270221153358,True,1352.2,0.0,0.566696946059894,AOI04_highres
S507,595305363,way,Atatürk Anadolu Lisesi,37.58929262600834,36.8598215758639,school,626.0,4.713325253295173,27017.3742999398,636.478271484375,0.0,7.37337564002128e-05,0.027258466708057,0.0268903074415933,0.0688510751555871,True,1047.7,0.0,0.5516642146940629,AOI04_highres
S508,595822027,way,Site_510,37.597021065104606,36.84139062223724,school,599.0,9.094236895263355,28808.666048965,900.0,0.0,3.159896332412807e-05,0.0116817497416607,0.011613783017339,0.0549605903766859,True,2778.5,0.0,0.6371113458861166,AOI04_highres
S509,595822029,way,Site_511,37.59640622855127,36.84111383728746,school,587.0,8.479002262733527,28792.08731818421,900.0,0.0,3.1669977189250915e-05,0.0117080026978746,0.0116397307368123,0.0550341213859957,True,2763.3,0.0,0.6363609435322228,AOI04_highres
S510,596812677,way,Ayşe Gümüşer İlkokulu,37.57183863170646,36.9211002009129,school,515.0,5.226249145644281,21603.304669730314,476.9768981933594,0.0,0.0001740616314583,0.0643484533800843,0.0623217945423366,0.0839318836876748,True,10.7,24.0,0.1368326378348199,AOI04_highres
S511,596839553,way,Site_513,37.54741961700229,36.93790428354268,school,485.0,2.0707029441052747,18728.9750683492,335.2840576171875,1.0,0.0003507805727871,0.1296792816746356,0.1216229026179401,0.1041314421280374,True,1454.5,0.0,0.5717473513759022,AOI04_highres
S512,596839568,way,Site_514,37.57553387194911,36.895745060898506,school,601.0,8.229359992821369,23589.012894498435,636.8009643554688,0.0,9.499188209997076e-05,0.0351173354264406,0.0345078768189477,0.0715669773581228,True,347.2,6.0,0.4261724363571735,AOI04_highres
S513,596839570,way,Site_515,37.57560885364442,36.896496268293376,school,603.0,8.279925030609537,23540.681218988517,650.156982421875,0.0,9.181322168136516e-05,0.0339422235994168,0.0333726487267558,0.0707364390336485,True,385.3,6.0,0.4280533790994992,AOI04_highres
S514,596839575,way,Şehit Yusuf Çavuş İlkokulu,37.573594565114405,36.89904905444283,school,576.0,4.1360107117553,23223.620928042277,650.156982421875,0.0,9.461844611855252e-05,0.0349792807176606,0.0343745768839225,0.071119884621517,True,703.5,0.0,0.5346715508644437,AOI04_highres
S515,596839591,way,Site_517,37.57981708065356,36.89747090717286,school,697.0,2.0707029441052747,23769.99080998038,536.1529541015625,0.0,0.000123703088193,0.045731516686766,0.0447015905546351,0.0775845341703368,True,320.7,7.0,0.4097126539439358,AOI04_highres
S516,596857073,way,Çakmakçı Sait İlköğretim Okulu,37.58418455369435,36.96269811725132,school,611.0,2.6185713407428373,20034.79265964476,576.498779296875,0.0,0.0001409558899097,0.0521096661826861,0.0507752367216263,0.0730708419380261,True,894.0,0.0,0.544076264576072,AOI04_highres
S517,596919532,way,Kahramanmaraş Anadolu Lisesi,37.572963801265786,36.92789951542576,school,530.0,2.0707029441052747,21241.30955554375,476.9768981933594,0.0,0.0001773966239421,0.0655813592569864,0.0634771511431663,0.0835963013315661,True,257.4,5.0,0.4368906533916062,AOI04_highres
S518,596919536,way,Reşit Gümüşer İlkokulu,37.57123710147571,36.92841422918905,school,519.0,4.1360107117553,21062.345624319933,476.9768981933594,0.0,0.0001806051513785,0.0667675125546889,0.0645873522441956,0.0839864974408569,True,434.0,1.0,0.5062152045040896,AOI04_highres
S519,597258971,way,Haydarbey Mahallesi Yüzme Havuzu,37.58880567758528,36.87116015215344,sports_centre,660.0,4.1360107117553,26202.947949326222,653.4468383789062,0.0,7.341301254039565e-05,0.0271398916313013,0.0267749140438512,0.0680238140638768,True,558.3,0.0,0.5275032336417224,AOI04_highres
S520,597716680,way,Site_522,37.55073914515784,36.91430936183846,sports_centre,465.0,2.0707029441052747,20577.5823323494,322.3285522460937,1.0,0.0003243224276677,0.1198980294625724,0.1129891189180031,0.105117432372188,True,2175.7,0.0,0.6073519683251217,AOI04_highres
S521,597716685,way,Site_523,37.56704430247224,36.92584335366952,sports_centre,502.0,0.9263691729971122,20937.17495133035,424.95159912109375,0.0,0.000216244367214,0.0799428941679668,0.0768309367811354,0.0897210014196263,True,627.9,0.0,0.5309392865253408,AOI04_highres
S522,597746211,way,Site_524,37.56701158078742,36.87890236842063,school,503.0,6.522665329469979,24139.58137173677,564.429443359375,0.0,0.0001165207415063,0.0430762910804312,0.0421616872402661,0.0781620788875036,True,1605.2,0.0,0.579187195766151,AOI04_highres
S523,597848629,way,Abdullah Çinkay Anadolu Lisesi,37.6044600733318,36.82712397203916,school,608.0,10.980946141469316,30303.236939612787,842.2222290039062,0.0,3.406755582878543e-05,0.0125943581572516,0.0125153811312234,0.0559118935867092,True,4277.1,0.0,0.7110950937509257,AOI04_highres
S524,597919243,way,Site_526,37.59959698842742,36.8947475813241,school,820.0,11.12865844774478,25396.589867690316,737.5905151367188,0.0,5.851177975447703e-05,0.0216310883689356,0.0213988141727283,0.0617904350955219,True,586.1,0.0,0.5288756800521333,AOI04_highres
S525,598504808,way,Bilim Sanat Merkezi,37.59108777935669,36.92983841506111,school,635.0,4.1360107117553,22525.31520546641,526.469482421875,0.0,0.0001329686619473,0.0491568858262705,0.0479682423073054,0.0758256900496449,True,985.9,0.0,0.5486132367025741,AOI04_highres
S526,598524873,way,Site_528,37.58187654487736,36.90637648245018,school,713.0,11.87101803345177,23317.105506665142,563.9261474609375,0.0,0.0001161762513053,0.0429489372721705,0.0420396951155221,0.0751169199831128,True,76.4,19.0,0.2158337290299493,AOI04_highres
S527,598598224,way,Site_529,37.5733076241575,36.8906573351515,school,575.0,2.7771727466471345,23791.26967493862,636.8009643554688,0.0,9.468532613952556e-05,0.0350040054423204,0.0343984514114867,0.072002598571638,True,510.0,0.0,0.5251187314250734,AOI04_highres
S528,599935433,way,Site_530,37.592277679177535,36.88782805018965,school,754.0,4.976533010740028,25310.443497641536,560.1951293945312,0.0,0.0001009731038152,0.0373285198412809,0.0366403993851605,0.0733628499061458,True,596.5,0.0,0.5293891132416394,AOI04_highres
S529,601133364,way,Mevlana İlkokulu,37.578770540456325,36.910072558656125,school,648.0,6.6506934522993175,22846.42832886025,641.47998046875,0.0,9.719947966444948e-05,0.0359334572091083,0.0352955145238085,0.0706141257127834,True,171.9,13.0,0.3114575189388329,AOI04_highres
S530,601245852,way,Ahmet Bayazıt İlkokulu,37.59670819095718,36.85551619281417,school,688.0,10.247346806907233,27834.563868363963,900.0,0.0,3.32589543620148e-05,0.0122954280981017,0.0122201481708907,0.0551414639958208,True,1954.0,0.0,0.5964069550449748,AOI04_highres
S531,601279416,way,Yıldırım Bayazıt İlkokulu,37.599702425412616,36.88084857711935,school,831.0,6.522665329469979,26317.39653310152,764.06201171875,0.0,5.14979493420144e-05,0.019038161165331,0.0188580799906317,0.0605098377107166,True,691.9,0.0,0.5340988753838407,AOI04_highres
S532,601298832,way,Site_534,37.59834274797395,36.906346023010414,school,804.0,13.035095141731722,24557.630099017555,851.669921875,0.0,4.578332589850617e-05,0.0169255348664828,0.0167831027134863,0.0568949566270826,True,336.0,1.0,0.5013770840645119,AOI04_highres
S533,603473282,way,Site_535,37.579301189174906,36.84885412975929,school,517.0,10.126207121669545,27063.222675555568,603.6854248046875,0.0,8.344337399281626e-05,0.0308479934162769,0.0303770490531882,0.0726355550095279,True,1497.5,0.0,0.5738702001402067,AOI04_highres
S534,604390355,way,Özel Simya Koleji,37.58504265472313,36.84951883006369,school,546.0,2.0707029441052747,27410.828764488007,603.6854248046875,0.0,8.062706383987135e-05,0.0298068380446866,0.0293669951891316,0.0715546451702148,True,1493.5,0.0,0.5736727258365505,AOI04_highres
S535,609720041,way,Şehit İdari Ataşe Galip Özmen Mesleki ve Teknik Anadolu Lisesi,37.59715751311682,36.881592617855134,school,806.0,5.839084602306712,26070.49106089534,764.06201171875,0.0,5.268776750802465e-05,0.0194780223693471,0.0192895513561639,0.0609263897220777,True,603.2,0.0,0.5297198827002636,AOI04_highres
S536,609720042,way,Şehit İdari Ateşe Galip Özmen Lisesi Pansiyonu,37.59817945454596,36.88101059216756,school,817.0,8.673249037946253,26198.209106251,764.06201171875,0.0,5.210989986906554e-05,0.0192643917804926,0.019080019225085,0.0607530591394905,True,658.7,0.0,0.5324598386634939,AOI04_highres
S537,612322349,way,Göksun Fen Lisesi,38.03367172736316,36.47672784401956,school,1358.0,7.594903090752807,85768.78720017329,481.8536376953125,0.0,0.0024248600939427,0.8964410789498833,0.5919808130926039,0.3791420089960244,False,,,,province_baseline
S538,626508236,way,Site_540,37.05432221063335,37.32598527159071,school,870.0,0.9263691729971122,16.94061303016862,360.36517333984375,0.0,4.609792885859101e-05,0.0170418397278164,0.0168974489687445,0.0983524784173542,False,,,,province_baseline
S539,628962749,way,Akgümüş İlk Okulu,37.73198010436989,36.54005712006848,school,1271.0,7.427391622906704,59070.724932994446,900.0,0.0,8.713998264497206e-05,0.0322145843618213,0.0317012219910883,0.0480510335938759,False,,,,province_baseline
S540,641487461,way,Afşin Futbol Sahası ve Spor Tesisi,38.2365098918731,36.93582022207831,stadium,1224.0,1.3099697155538046,89258.47359549958,695.3637084960938,0.0,7.081940608122678e-05,0.0261810670878002,0.0258413144375022,0.0473392360083037,False,,,,province_baseline
S541,641517198,way,Aşık Mahzuni Şerif Ortaokulu,38.24049370978207,36.91837084248734,school,1232.0,1.852254273911089,89962.59300197281,414.7320861816406,0.0,0.0001672427097261,0.0618275815284814,0.059955046066881,0.0644245098289715,False,,,,province_baseline
S542,641519230,way,Afşin Devlet Hastanesi,38.236846443697466,36.89583415350841,hospital,1291.0,2.0707029441052747,89933.81879053154,373.2665100097656,0.0,0.0002115866677413,0.0782209997167467,0.0752399677463556,0.0713919444643342,False,,,,province_baseline
S543,641549977,way,Afşin Fen Lisesi,38.23176892530186,36.94269295306628,school,1251.0,7.197701505767706,88639.40584394781,679.860595703125,0.0,7.698971887027425e-05,0.0284621561567692,0.0280609246398413,0.0475704033268615,False,,,,province_baseline
S544,641549985,way,Afşin Meslek Yüksek Okulu,38.22554606131736,36.94978114378112,university,1273.0,3.336585775528732,87865.20122332031,683.73388671875,0.0,8.066497053247454e-05,0.0298208516846907,0.02938059719533,0.0470694892558946,False,,,,province_baseline
S545,653157424,way,Yaşar Gölcü iİkokulu,37.58472580007066,36.98288847741257,school,637.0,7.594903090752807,19017.45447053796,599.6436767578125,0.0,0.0001452076912489,0.0536815050650553,0.052266093112681,0.0709562409947969,True,2436.9,0.0,0.620247040353874,AOI04_highres
S546,653626421,way,25 Aralık Devlet Hastanesi Semt Polikliniği,37.02668221304612,37.336012052003376,hospital,922.0,2.0707029441052747,26.644551707605697,365.1915893554688,0.0,3.53943037423882e-05,0.0130848406119447,0.012999606249388,0.093290337686974,False,,,,province_baseline
S547,655007573,way,Site_549,37.08289713077842,37.36952205986967,school,869.0,3.814206419250074,42.4481693734425,393.5132751464844,0.0,3.59081022933505e-05,0.0132747856436346,0.0131870642665338,0.0890786581703059,False,,,,province_baseline
S548,659773441,way,Doğukent Ana Okulu,37.58357058210648,36.97727096395559,school,628.0,6.6506934522993175,19200.98545182328,578.9935913085938,0.0,0.0001508429930245,0.0557648071147368,0.0542384538784777,0.0726688188978533,True,1930.0,0.0,0.5952221092230373,AOI04_highres
S549,660736389,way,Süleyman Şah Anadolu Lisesi,37.09989436084473,37.39253630027228,school,850.0,5.911112090879563,56.051120841939785,407.03228759765625,0.0,3.2247662196367705e-05,0.0119215657699737,0.0118507854547077,0.0847486931971922,False,,,,province_baseline
S550,660881798,way,Fındıcak İlköğretim Okulu,37.45789631819682,36.73797993263811,school,789.0,3.9244453385903313,29635.4002517112,900.0,0.0,5.916590389120652e-05,0.0218729100510862,0.0216354325467599,0.0765829966373585,False,,,,province_baseline
S551,661839653,way,Bağlarbaşı İmam Hatip Ortaokulu,37.57862540819849,36.95779377901795,school,569.0,2.927142542223064,19844.58477116224,472.81256103515625,0.0,0.0001943442249304,0.0718466797814685,0.0693264240509027,0.0821846671386754,True,144.1,1.0,0.4919032543466039,AOI04_highres
S552,662656429,way,Hasan Çapan Anadolu lisesi,37.001247031060814,37.79784147140989,school,517.0,3.9244453385903313,8761.41280079577,346.0272521972656,1.0,3.577852682084563e-06,0.0013226883178388,0.0013218139511931,0.0453328743836709,False,,,,province_baseline
S553,663485436,way,Site_555,37.579830315067866,36.847964919492526,school,512.0,10.678775919547808,27165.25464116884,603.6854248046875,0.0,8.286296473571518e-05,0.0306334232223231,0.0301689745460461,0.0725262982009491,True,1577.7,0.0,0.5778295599285143,AOI04_highres
S554,663485437,way,Site_556,37.58029161289352,36.84666994424687,school,502.0,7.918813863614836,27280.34502604121,603.6854248046875,0.0,8.228342487957323e-05,0.0304191744352561,0.0299611671647379,0.0724506111580341,True,1695.5,0.0,0.5836451781711904,AOI04_highres
S555,663774745,way,Site_557,37.5852262580423,36.84202657770215,school,526.0,1.3099697155538046,27939.776777407995,529.44873046875,0.0,9.93108743182294e-05,0.0367140139539083,0.0360482273109473,0.0765683828975026,True,2137.5,0.0,0.6054660887252047,AOI04_highres
S556,666845153,way,Site_558,37.58517814331085,36.891052034288826,school,682.0,4.713325253295173,24585.71970094064,560.276123046875,0.0,0.000107543438286,0.039757492026844,0.0389775334938047,0.0747501051501035,True,37.5,19.0,0.2139132914268924,AOI04_highres
S557,670060984,way,Site_559,37.32049244617812,37.56637906752587,school,572.0,1.3099697155538046,40.93487017407608,421.302734375,0.0,4.560759347408987e-05,0.0168605687414088,0.016719224846636,0.0598827333389417,False,,,,province_baseline
S558,670408923,way,Şekeroba İmam Hatip Ortaokulu,37.25804301107616,36.776718560900456,school,503.0,1.852254273911089,24568.289518269296,328.5495910644531,1.0,0.0005864299467699,0.216795969187734,0.1949057834243618,0.2570787282643231,False,,,,province_baseline
S559,670424482,way,Şekeroba Yunus Emre Ortaokulu,37.2615000693065,36.77730928229182,school,502.0,1.3099697155538046,24482.51469599186,328.5495910644531,1.0,0.0005951324460687,0.2200131765971452,0.1974917764347563,0.2545140752986248,False,,,,province_baseline
S560,670429278,way,Şekeroba Numuneevler İlkokulu,37.25655218171267,36.77321694856482,school,510.0,1.852254273911089,24897.09184143257,328.5495910644531,1.0,0.0005690286543089,0.2103629244822674,0.1897098815213536,0.2550680169885985,False,,,,province_baseline
S561,670563384,way,Şekeroba Fatih İlkokulu,37.26459620490514,36.77111972753909,school,511.0,2.0707029441052747,24989.780690787116,542.6245727539062,0.0,0.0003539657718146,0.1308568107452976,0.122656608456331,0.211913649791227,False,,,,province_baseline
S562,670979876,way,Turgut Pekel İmam Hatip Ortaokulu,37.59199014689186,36.8812976216128,school,739.0,7.594903090752807,25726.029996068995,593.4251098632812,0.0,8.9180133734317e-05,0.0329688032333849,0.0324312558655057,0.0711655043792926,True,301.6,10.0,0.3633151686894318,AOI04_highres
S563,690969277,way,Atatürk Yatılı Bölge Ortaokulu,38.25892398828948,36.21052879328002,school,1455.0,2.7771727466471345,119958.3205640338,478.47308349609375,0.0,6.027615681768574e-05,0.0222833569605002,0.0220369168601171,0.0725980772675426,False,,,,province_baseline
S564,690969730,way,Tufanbeyli Anadolu Lisesi,38.25862444529734,36.221228049881226,school,1402.0,1.852254273911089,119316.69464802112,472.7792053222656,0.0,6.618736727269761e-05,0.024468659069858,0.0241717281951461,0.0747433013043577,False,,,,province_baseline
S565,690969744,way,Tufanbeyli Ortaokulu,38.25331829351355,36.22010523325674,school,1413.0,3.336585775528732,118932.11200801234,390.2169799804688,0.0,9.413072070269264e-05,0.0347989746046948,0.0342004530199727,0.0826663275216881,False,,,,province_baseline
S566,690969745,way,Tufanbeyli Devlet Hastanesi,38.25755671172242,36.21336671660899,hospital,1441.0,5.839084602306712,119667.16049186813,505.4461364746094,0.0,5.649703859676475e-05,0.0208862632378957,0.0206696559022658,0.0712762649577461,False,,,,province_baseline
S567,692207310,way,İstiklal İlkokulu,38.26253415354825,36.22620671448186,school,1426.0,1.3099697155538046,119353.51371080632,564.1859741210938,0.0,4.7750732247915e-05,0.0176528608986125,0.0174979619587298,0.0683073498605864,False,,,,province_baseline
S568,692793439,way,Site_570,38.221651053298,37.19853562325071,school,1145.0,3.336585775528732,85658.9372181026,230.8446044921875,1.0,0.0003463625820729,0.1280460046156684,0.1201870972408508,0.0904365453213328,False,,,,province_baseline
S569,692803154,way,Site_571,38.21136547744471,37.208756684298365,stadium,1139.0,2.6185713407428373,84508.9687329651,263.4584045410156,1.0,0.0003871202150937,0.1431136023760014,0.133344390833411,0.0903985466421102,False,,,,province_baseline
S570,703194850,way,Site_572,37.59234429845547,36.85314243036024,school,623.0,4.622196164453535,27681.94879764553,672.3171997070312,0.0,6.353568824443176e-05,0.0234883658087889,0.0232146612898593,0.0661851192876164,True,1667.0,0.0,0.5822381737576398,AOI04_highres
S571,707575715,way,Site_573,37.13586580860568,37.42578350504971,school,996.0,4.976533010740028,39.100456945577626,357.07843017578125,1.0,4.043377295597445e-05,0.0149478706607491,0.0148367058239093,0.0854792663813122,False,,,,province_baseline
S572,712307117,way,Yeşiloba İlkokulu,37.79625806171867,37.45929798220115,school,968.0,4.622196164453535,38848.58867107272,466.6839599609375,0.0,0.0008140483548554,0.3009437069655573,0.2598805648571004,0.0854342833283763,False,,,,province_baseline
S573,712313270,way,Düzbağ Ortaokulu,37.79114362840841,37.47463493829777,school,940.0,5.911112090879563,38309.37794524957,376.4476318359375,0.0,0.000918242800757,0.339463117523713,0.2878474376242643,0.1002718616937414,False,,,,province_baseline
S574,720530837,way,Site_576,37.60073780015338,36.83053442236905,school,587.0,2.927142542223064,29801.448756428712,779.72607421875,0.0,4.159937321626129e-05,0.0153787788016212,0.0152611292571346,0.059183664544698,True,3783.8,0.0,0.6867415752525203,AOI04_highres
S575,726349052,way,Oğuzeli Fatih Sultan Mehmet İlkokulu,36.96115221859171,37.51322432757411,school,686.0,2.0707029441052747,27.975631624837643,519.4244384765625,0.0,3.638955091966488e-06,0.0013452771304378,0.0013443726507964,0.0545459969612465,False,,,,province_baseline
S576,734444011,way,Site_578,37.49219709168985,37.30774063368117,stadium,769.0,2.0707029441052747,6665.882970671696,452.5234375,0.0,0.0005122105604322,0.1893579710394188,0.1725097638701799,0.0731075856305974,False,,,,province_baseline
S577,737713204,way,Sütçü İmam Üniversitesi Tıp Fakültesi,37.58783672085989,36.825635011705856,hospital,514.0,2.7771727466471345,29243.45623423423,448.3277587890625,0.0,0.0001233512797595,0.0456014574175649,0.0445773370616495,0.0822790235894958,True,3582.0,0.0,0.6767789966330632,AOI04_highres
S578,741209249,way,Site_580,37.58255943455855,36.85764334222878,school,569.0,4.622196164453535,26682.076568297733,566.942626953125,0.0,9.44772982588033e-05,0.0349271000825794,0.0343241886214594,0.0745977727746105,True,729.1,0.0,0.5359353864078437,AOI04_highres
S579,741209254,way,Site_581,37.58049508614486,36.86750866974462,school,601.0,1.3099697155538046,25866.52614439521,527.6542358398438,0.0,0.0001123873501749,0.0415482269277275,0.0406969300139617,0.0779817437245396,True,1.2,9.0,0.3636363636363636,AOI04_highres
S580,741209316,way,Site_582,37.597885991083935,36.828636934220135,school,556.0,7.427391622906704,29737.57913686629,603.1393432617188,0.0,7.095931757657118e-05,0.026232790654103,0.0258917000957902,0.0689242661175357,True,3762.9,0.0,0.6857097720159164,AOI04_highres
S581,741708380,way,Rasim Özdenören İlkokulu,37.59959153073785,36.86565042430697,school,788.0,9.230024703852685,27331.700620367235,900.0,0.0,3.383164699518009e-05,0.0125071455506937,0.0124292562681437,0.0548039038690049,True,1624.2,0.0,0.5801251987085181,AOI04_highres
S582,741870980,way,Ali Çalık Anadolu Lisesi,37.58660258424317,36.86668167774003,school,628.0,5.541356985554726,26364.19203476209,527.6542358398438,0.0,0.0001076964288945,0.0398140507810761,0.0390318861902244,0.0767306632481027,True,541.3,0.0,0.5266639678511834,AOI04_highres
S583,742155962,way,Site_585,37.59151432568889,36.93002570252485,school,635.0,2.927142542223064,22551.18851351621,526.469482421875,0.0,0.0001325953971066,0.0490188943861045,0.0478368610094388,0.0757393016230791,True,1017.8,0.0,0.5501880942742325,AOI04_highres
S584,742155963,way,Site_586,37.58746509984646,36.9294120001579,school,613.0,7.197701505767706,22263.73841179402,523.1841430664062,0.0,0.0001379642395274,0.0510036896757041,0.0497248356812275,0.0767907308278427,True,591.6,0.0,0.5291472072196606,AOI04_highres
S585,742158574,way,Site_587,37.5888922550585,36.93061950238996,school,620.0,0.9263691729971122,22302.218623182704,526.469482421875,0.0,0.0001357360787205,0.0501799659141789,0.0489417489691031,0.076249463211939,True,753.8,0.0,0.5371547902329209,AOI04_highres
S586,742158575,way,Site_588,37.585940866366,36.93513819094692,school,650.0,2.0707029441052747,21785.521445733877,523.1841430664062,0.0,0.0001431086309681,0.052905508186884,0.0515303691367644,0.0770278104439273,True,251.9,4.0,0.451770641375594,AOI04_highres
S587,742158578,way,Site_589,37.59378758335451,36.93654705626358,school,645.0,3.336585775528732,22353.709464498294,526.469482421875,0.0,0.0001336312759052,0.0494018460913239,0.0482014236977554,0.0752050728655026,True,1105.4,0.0,0.5545127815243042,AOI04_highres
S588,742158579,way,Site_590,37.593247031287184,36.93639912163136,school,644.0,3.9244453385903313,22310.219157487223,526.469482421875,0.0,0.0001342012751435,0.0496125678288241,0.0484019672173225,0.075315499863855,True,1042.8,0.0,0.5514223086720841,AOI04_highres
S589,742449339,way,Kadriye Çalık Anadolu Lisesi,37.56557491960949,36.93419295023878,school,499.0,2.0707029441052747,20275.207064333452,454.89892578125,0.0,0.0002071425058558,0.0765780474962848,0.0737193824154891,0.0871396960300865,True,783.5,0.0,0.5386210369375685,AOI04_highres
S590,742449353,way,Sular Akademi Hastanesi,37.56551568813466,36.92960144991591,hospital,496.0,2.6185713407428373,20574.932646181165,454.89892578125,0.0,0.0002032260204079,0.0751301707922464,0.0723772709163603,0.0872221396060103,True,965.9,0.0,0.5476258651842929,AOI04_highres
S591,742497565,way,Site_593,37.57050967943029,36.88030375039369,school,555.0,9.582076976314282,24287.273142386057,582.9934692382812,0.0,0.0001078959977796,0.0398878289537524,0.039102782046346,0.0760922242409943,True,1222.6,0.0,0.5602987786214318,AOI04_highres
S592,742625206,way,M. Akif İnan İ. H. Ortaokulu Pansiyonu,37.58883490571451,36.90057726329471,school,704.0,7.020288356196723,24212.22027312236,595.7406005859375,0.0,9.765258651655992e-05,0.0361009652630369,0.0354570967612459,0.0716240339470879,True,186.1,23.0,0.160643401201661,AOI04_highres
S593,743639956,way,Site_595,37.57324193006296,36.910015633918256,school,565.0,9.752993588046971,22442.051500639627,641.47998046875,0.0,0.0001023025892352,0.0378200143185539,0.0371137689696932,0.0716642289240521,True,736.5,0.0,0.5363007138696078,AOI04_highres
S594,743653780,way,Mükrime Hatun Kız Teknik ve Meslek Lisesi,37.592152522974025,36.88456811766751,school,752.0,6.522665329469979,25514.64370637121,593.4251098632812,0.0,9.01970466830918e-05,0.0333447434961964,0.0327949355482628,0.0711594570282688,True,374.7,4.0,0.4578331024978405,AOI04_highres
S595,744136081,way,Site_597,37.57644782210767,36.91616419118198,school,568.0,5.386162368029915,22270.615098339786,571.7178955078125,0.0,0.0001240370152355,0.0458549654246933,0.0448195136587461,0.0756008251415873,True,384.0,12.0,0.33708010904172,AOI04_highres
S596,744144131,way,Site_598,37.58758473966795,36.94139929676695,school,666.0,2.6185713407428373,21547.864376820657,566.5086059570312,0.0,0.0001276600739242,0.0471943658495374,0.0460980263965653,0.0734796443450652,True,608.7,0.0,0.5299914098677909,AOI04_highres
S597,744277365,way,Mareşal Fevzi Çakmak İlkokulu,37.583490397745486,36.91680513438851,school,647.0,14.613224959063851,22751.6116733046,584.8182983398438,0.0,0.0001127555315774,0.0416843390830468,0.0408274939365519,0.0733055207619192,True,249.5,3.0,0.4668036719449154,AOI04_highres
S598,744311828,way,Necip Fazıl Kısakürek İlköğretim Okulu,37.58487526093733,36.88614901975575,school,688.0,5.226249145644281,24898.59689033846,571.9229736328125,0.0,0.0001020513036436,0.0377271171129042,0.0370243153745417,0.0739876929525238,True,4.1,24.0,0.1365068052337871,AOI04_highres
S599,744978637,way,Site_601,37.5973729396697,36.8804917116142,school,804.0,3.700645055237513,26172.09376876752,764.06201171875,0.0,5.233299517700368e-05,0.0193468673835414,0.0191609178559144,0.0608839675947318,True,708.7,0.0,0.5349282674591969,AOI04_highres
S600,744978640,way,Mesavip,37.59713302555387,36.88455780302407,school,802.0,4.622196164453535,25881.17131832657,764.06201171875,0.0,5.3282180660822506e-05,0.0196977696320313,0.019505036115779,0.0609326893894488,True,359.5,1.0,0.5025372455984922,AOI04_highres
S601,745116094,way,Erdem koleji,37.02684244252996,37.33447294208377,school,928.0,1.3099697155538046,54.99759877747324,365.1915893554688,0.0,3.577775894260183e-05,0.0132265993032058,0.0131395122168025,0.0935742792297108,False,,,,province_baseline
S602,747810550,way,Mehmet Gümüşer Anadolu Lisesi,37.56624312499255,36.9371860298112,school,508.0,3.700645055237513,20126.456974232944,454.89892578125,0.0,0.0002086396646515,0.077131528767026,0.0742319195358403,0.0869327073119616,True,607.0,0.0,0.529907483288737,AOI04_highres
S603,747810552,way,Site_605,37.56681108205725,36.93692424528331,school,510.0,7.594903090752807,20190.994234537884,454.89892578125,0.0,0.000207326226403,0.0766459667325376,0.0737822925511629,0.0868057962385236,True,673.0,0.0,0.533165809299065,AOI04_highres
S604,749170807,way,Kurtuluş İmam Hatip Ortaokulu,37.58452837007003,36.92916900721917,school,595.0,3.9244453385903313,22046.219374251606,530.8436279296875,0.0,0.0001379798502189,0.0510094607571868,0.0497303197808072,0.0768102417596175,True,264.6,3.0,0.4675491374412177,AOI04_highres
S605,749170810,way,İstiklal İlkokulu,37.58433720446706,36.92994659952927,school,599.0,4.976533010740028,21982.727735617875,523.1841430664062,0.0,0.0001418442388676,0.0524380779125959,0.0510869220848416,0.0774166642052679,True,252.3,3.0,0.4669419039574748,AOI04_highres
S606,749221676,way,Ali Bayrak İlkokulu,37.588581156409454,36.92420115328667,school,615.0,9.45170572614325,22675.48457755692,546.2953491210938,0.0,0.0001248533182286,0.046156742643813,0.0451077218801465,0.0749192378699964,True,842.3,0.0,0.5415239092013152,AOI04_highres
S607,749915050,way,Site_609,37.59404303481052,36.85274084227941,school,645.0,5.839084602306712,27838.490954088604,672.3171997070312,0.0,6.276213061380365e-05,0.0232023910266717,0.0229352853701164,0.0658703588347814,True,1841.9,0.0,0.5908727376850087,AOI04_highres
S608,753385535,way,75.yıl dersliği,37.034207344726426,37.31294527085415,university,889.0,3.336585775528732,38.07215078146604,295.69940185546875,1.0,5.84321563954013e-05,0.0216016525882496,0.0213700078588772,0.1063850900096143,False,,,,province_baseline
S609,754544103,way,Site_611,37.581279023670575,36.88239530478885,school,656.0,2.7771727466471345,24913.35923637398,571.9229736328125,0.0,0.0001032653847785,0.0381759480393445,0.0374564316623806,0.0746860077663091,True,316.4,7.0,0.4095003690675053,AOI04_highres
S610,754607955,way,Site_612,37.59575843037712,36.83858117372907,school,561.0,3.336585775528732,28912.53592072411,603.82568359375,0.0,7.336866925906296e-05,0.0271234984632743,0.026758959670718,0.0694129772902668,True,2896.0,0.0,0.6429121535560185,AOI04_highres
S611,754607956,way,Akedaş İlkokulu,37.59177211360412,36.84006945834122,school,535.0,3.814206419250074,28526.178759395007,603.82568359375,0.0,7.518036241270702e-05,0.0277932592339826,0.0274105801007146,0.0701703582982478,True,2552.0,0.0,0.6259293634415821,AOI04_highres
S612,754607957,way,Akedaş Ortaokulu,37.5912931338641,36.84005358119373,school,533.0,5.911112090879563,28495.812116139703,603.82568359375,0.0,7.535483502116713e-05,0.0278577596205269,0.0274733104711586,0.0702550281662253,True,2531.0,0.0,0.6248926233473869,AOI04_highres
S613,754607969,way,Ayser Çalık Ortaokulu,37.58677220611879,36.86608653817517,school,627.0,4.976533010740028,26415.26374036366,527.6542358398438,0.0,0.0001073638224978,0.039691090269735,0.0389137177946936,0.0766921940223167,True,566.3,0.0,0.5278981822490348,AOI04_highres
S614,755624313,way,Uygar Koleji,37.58840884257464,36.835834857176565,school,519.0,1.852254273911089,28588.659723454886,505.8789367675781,0.0,0.0001036853219657,0.0383311936743848,0.0376058507512704,0.0776238716161804,True,2758.1,0.0,0.6361042269374697,AOI04_highres
S615,755624318,way,Site_617,37.58893183649669,36.839612114631166,school,528.0,1.3099697155538046,28367.44597262456,603.82568359375,0.0,7.616850789517945e-05,0.0281585645168233,0.0277658072667082,0.070669102835384,True,2464.9,0.0,0.6216293604794676,AOI04_highres
S616,761040752,way,Project Area,37.03468394995471,37.31496629228628,university,887.0,3.336585775528732,28.904697665546347,295.69940185546875,1.0,5.793137211389143e-05,0.0214165187725878,0.0211888135822345,0.1060564741791507,False,,,,province_baseline
S617,761445233,way,Kahramanmaraş Mesleki ve Teknik Anadolu Lisesi,37.59010284474052,36.92076271526523,school,628.0,6.190611995468688,23007.12028156948,595.8272094726562,0.0,0.0001050919635689,0.0388512118476532,0.0381061830964958,0.0712896365964765,True,933.2,0.0,0.5460115127519032,AOI04_highres
S618,761446366,way,Akçakoyunlu İlkokulu,37.58971186916098,36.9194230384204,school,631.0,4.1360107117553,23062.32428661888,595.8272094726562,0.0,0.0001048043839562,0.0387448971868983,0.0380039142454267,0.071359720947533,True,836.1,0.0,0.541217824030648,AOI04_highres
S619,761873983,way,Ilıca Anadolu Lisesi,37.84794527098829,36.87255380136035,school,960.0,5.541356985554726,49342.29760659137,583.4295043945312,0.0,0.0002167235427413,0.0801200394918649,0.0769944573799696,0.0564526549456788,False,,,,province_baseline
S620,762342132,way,Ilıca Yeniyapan Ortaokulu,37.84800600032783,36.8789479497242,school,966.0,6.522665329469979,49117.11874768024,583.4295043945312,0.0,0.0002130428941612,0.0787593487894851,0.0757376774694205,0.0557263069148441,False,,,,province_baseline
S621,762448166,way,Ilıca Ortaokulu,37.843850176038416,36.87677677833859,school,959.0,6.713759633458762,48776.05849937849,554.6881713867188,0.0,0.0002224732669605,0.0822456421175844,0.0789543167059344,0.0570927477442727,False,,,,province_baseline
S622,780614733,way,Site_624,37.5060163554538,36.999658145447015,school,576.0,4.976533010740028,11604.129829150275,384.1325988769531,0.0,0.0005821949698889,0.21523035010148,0.1936443253288928,0.1078354197753471,True,7636.0,0.0,0.876919203388659,AOI04_highres
S623,780614738,way,Site_625,37.50705968931357,36.998100424511264,school,572.0,0.9263691729971122,11782.788062770262,384.1325988769531,0.0,0.0005729109082,0.2117981461990122,0.1908719933527065,0.1076297170301672,True,7462.7,0.0,0.8683636291827526,AOI04_highres
S624,804462112,way,İslahiye Devlet Hastanesi,37.04480809889616,36.6285227589946,hospital,519.0,1.3099697155538046,38053.27865597334,338.2996826171875,1.0,0.0004983283779878,0.1842258982077513,0.168252107755133,0.2718656670477877,False,,,,province_baseline
S625,847421860,way,Site_627,37.59766311260575,36.92442344537154,school,705.0,2.927142542223064,23395.72153526537,670.8642578125,0.0,8.084013178275415e-05,0.0298856066536817,0.029443447589701,0.0654174729321772,True,1353.3,0.0,0.5667512514933994,AOI04_highres
S626,847421861,way,Site_628,37.5978053172356,36.9237882556169,school,705.0,2.7771727466471345,23436.589720554784,670.8642578125,0.0,8.057789379516804e-05,0.0297886604813559,0.0293493512858546,0.065400323910443,True,1310.4,0.0,0.5646333395866863,AOI04_highres
S627,852363822,way,Site_629,37.00616336796228,37.30680369188926,school,855.0,4.1360107117553,54.93135937066427,369.3089294433594,0.0,3.651661938860153e-05,0.0134997469611098,0.0134090340364159,0.0957047694075866,False,,,,province_baseline
S628,860380345,way,Liv Hospital,37.070159419643936,37.414254160160766,hospital,815.0,5.226249145644281,27.406609638185373,388.48052978515625,0.0,2.546348273793654e-05,0.0094135377114901,0.0093693690684166,0.0815223104923073,False,,,,province_baseline
S629,861672343,way,İstiklal İlkokulu,37.075002033750806,36.259779264360255,school,134.0,1.3099697155538046,70563.18160679533,333.1890563964844,1.0,4.6499534994290056e-05,0.017190308597628,0.0170433982586738,0.0718940826393581,False,,,,province_baseline
S630,909955253,way,Hukuk Fakültesi,37.03199673462456,37.31311513130577,university,895.0,2.927142542223064,62.34790512950492,295.69940185546875,1.0,5.752213185118993e-05,0.0212652276595201,0.0210407169457883,0.1060702257664277,False,,,,province_baseline
S631,909955254,way,Mimarlık Fakültesi,37.03226392965281,37.3104998600482,university,896.0,4.622196164453535,55.35353095949368,426.3345642089844,0.0,3.3149621122607954e-05,0.0122550089385206,0.0121802221325456,0.0921317059330479,False,,,,province_baseline
S632,909955255,way,İktisadi ve İdari Bilimler Fakültesi,37.03330956556617,37.31085604607329,university,895.0,1.852254273911089,54.3859226562099,426.3345642089844,0.0,3.328273146006294e-05,0.0123042182000469,0.012228830818327,0.0921591390255042,False,,,,province_baseline
S633,909955270,way,Site_635,37.03434371645124,37.3141852910792,university,890.0,0.9263691729971122,59.522658888924894,295.69940185546875,1.0,5.804894377195001e-05,0.0214599835746468,0.0212313564921391,0.1061532267379027,False,,,,province_baseline
S634,909955271,way,Biyoloji Ek Binası,37.03451993114388,37.31426939789378,university,890.0,0.9263691729971122,55.76033154185545,295.69940185546875,1.0,5.809186353251536e-05,0.0214758504844803,0.0212468864027473,0.1061620729764581,False,,,,province_baseline
S635,909955274,way,Uzaktan Eğitim,37.034612416662505,37.313880373747786,university,889.0,2.0707029441052747,51.60946377725683,295.69940185546875,1.0,5.8247738489109606e-05,0.0215334755468992,0.0213032854869951,0.1062425752566977,False,,,,province_baseline
S636,909955292,way,Eğitim Fakültesi,37.03326240123751,37.31270956790498,university,894.0,2.0707029441052747,51.18768530751833,295.69940185546875,1.0,5.814952318095738e-05,0.0214971665503392,0.0212677493462176,0.1063099035000076,False,,,,province_baseline
S637,935017540,way,Göksun Devlet Hastanesi,38.0296522893668,36.5502697114818,hospital,1370.0,0.9263691729971122,81385.02818724739,332.7554626464844,1.0,0.003298173639989,1.219294401265233,0.7045614455333917,0.3815681761714284,False,,,,province_baseline
S638,961542665,way,Hatay Mustafa Kemal Üniversitesi Dörtyol Meslek Yüksekokulu,36.90931892531936,36.2281974720639,university,183.0,3.814206419250074,73323.10802038564,475.4319152832031,0.0,8.238280480184016e-05,0.030455913975391,0.0299968052907011,0.0509154969317366,False,,,,province_baseline
S639,964328284,way,Site_641,37.04949245670195,37.35304088756828,school,891.0,5.617307539682862,37.5485120574321,436.3954772949219,0.0,2.68052584235624e-05,0.0099095757494518,0.0098606376888943,0.0854187881013102,False,,,,province_baseline
S640,964328285,way,Site_642,37.04997966323518,37.35262088697421,school,892.0,5.226249145644281,34.17665197549048,436.3954772949219,0.0,2.6967336807907517e-05,0.0099694941431356,0.0099199634716364,0.0855247283964424,False,,,,province_baseline
S641,985737656,way,Site_643,37.187413442568,37.27793912394027,school,957.0,3.814206419250074,49.03692238254128,351.3644714355469,1.0,0.0001522332694988,0.0562787753002843,0.0547244203279533,0.118713799363,False,,,,province_baseline
S642,991535184,way,Site_644,37.58565316487367,36.84352842711103,school,524.0,6.522665329469979,27864.341985349525,529.44873046875,0.0,9.958422240162592e-05,0.0368150673925875,0.0361456330306241,0.0765194599935895,True,2022.6,0.0,0.5997936393526793,AOI04_highres
S643,995107048,way,Site_645,37.06694050072464,36.21039799767215,school,117.0,1.3099697155538046,74990.27841784255,398.7062683105469,0.0,2.791218682949329e-05,0.0103187936243353,0.0102657375218782,0.0607468015433987,False,,,,province_baseline
S644,997108930,way,İstiklal Üniversitesi,37.59496471912324,36.84896058070112,university,636.0,9.45170572614325,28154.0263750123,672.3171997070312,0.0,6.166557688020047e-05,0.0227970085410869,0.0225391201537279,0.0656670984591671,True,2135.3,0.0,0.6053574778581937,AOI04_highres
S645,1003341854,way,Türkoğlu Dr. Kemal Beyazıt Devlet Hastanesi,37.39038580187778,36.8665827024608,hospital,493.0,2.0707029441052747,17272.055848003052,301.2885131835937,1.0,0.0010301995556231,0.3808521586393653,0.3167211009648426,0.1758441367887322,False,,,,province_baseline
S646,1039017326,way,Üngüt İlkokulu,37.59505222140331,36.83363331819747,school,545.0,0.9263691729971122,29203.876143048437,505.8789367675781,0.0,0.0001001235735863,0.0370144589200123,0.0363377982663726,0.0762632760235897,True,3230.9,0.0,0.659445689629637,AOI04_highres
S647,1039715728,way,Site_649,37.585203569042456,36.87319557249229,school,641.0,6.6506934522993175,25817.488607921438,563.8441162109375,0.0,9.930207636422476e-05,0.0367107614580632,0.0360450920567131,0.0744302097307519,True,447.0,1.0,0.5068569959909724,AOI04_highres
S648,1040483573,way,Site_650,37.591142598580326,36.95669724663406,school,746.0,4.976533010740028,20971.9535320744,607.0142211914062,0.0,0.0001181844313427,0.0436913368373893,0.042750620501364,0.0698923772584945,True,1500.3,0.0,0.5740084321527661,AOI04_highres
S649,1040597699,way,Site_651,37.61729097935615,36.80751617971784,school,514.0,4.976533010740028,32548.128412424117,610.1907348632812,0.0,6.409993510830384e-05,0.0236969609639103,0.0234183927296735,0.0648142074876897,True,6521.4,0.0,0.8218929886748487,AOI04_highres
S650,1041621177,way,Site_652,38.22136409996648,36.92137379623836,school,1315.0,4.622196164453535,87829.69124915802,594.725341796875,0.0,0.000116971907868,0.0432430817588085,0.0423214324198533,0.0545532045634596,False,,,,province_baseline
S651,1041973280,way,Site_653,37.592687636115606,36.87697191063845,school,739.0,6.522665329469979,26074.018569355827,653.4468383789062,0.0,7.298878633621968e-05,0.0269830603992066,0.0266222699851502,0.0673610966821146,True,389.1,2.0,0.4888470402940333,AOI04_highres
S652,1042221582,way,Şehit Ahmet Gülbahar Ortaokulu,37.5871984348808,36.90319723107822,school,689.0,2.0707029441052747,23918.111417873923,536.1529541015625,0.0,0.0001196093733508,0.0442181204462025,0.0432547509885338,0.0760675463960204,True,279.1,12.0,0.3319013454283352,AOI04_highres
S653,1042221592,way,Site_655,37.59831645573354,36.895589652398186,school,805.0,3.814206419250074,25241.121777682456,737.5905151367188,0.0,5.932761876076916e-05,0.0219326940578068,0.0216939213522707,0.0620030408624634,True,601.4,0.0,0.5296310192636183,AOI04_highres
S654,1044653984,way,Site_656,37.74723571097953,37.52512131164312,school,893.0,4.1360107117553,33659.70701166778,699.7823486328125,0.0,0.0002827349777006,0.1045236585401212,0.0992465133577097,0.0931982578290242,False,,,,province_baseline
S655,1046921274,way,Şehit İlhan Güleç Anadolu Lisesi,37.596366669977016,36.87512612559043,school,764.0,7.370669485321746,26455.53294177942,900.0,0.0,3.6010895391285404e-05,0.0133127869930121,0.0132245637771543,0.0553114559822151,True,825.5,0.0,0.540694517125959,AOI04_highres
S656,1047110556,way,Site_658,37.58497541310923,36.9888294160197,school,659.0,4.622196164453535,18749.64720165694,615.8865966796875,0.0,0.0001430672963991,0.052890227302949,0.0515158755716824,0.069720905822977,True,2941.9,0.0,0.6451781711904738,AOI04_highres
S657,1051210938,way,Site_659,37.55111770076847,36.94640723719665,school,499.0,5.386162368029915,18409.317473078896,345.8250427246094,1.0,0.0003407859279796,0.1259843838958669,0.1183713857198343,0.1016911726451413,True,971.5,0.0,0.5479023292094116,AOI04_highres
S658,1053237337,way,Site_660,37.59624349457543,36.83911072923782,hospital,569.0,5.911112090879563,28911.226189226854,900.0,0.0,3.150544059526797e-05,0.011647175534194,0.0115796097564625,0.0550429511895285,True,2889.1,0.0,0.6425715103822115,AOI04_highres
S659,1053593263,way,YAVUZ SULTAN SELİM MESLEK LİSESİ,37.07898525830584,36.2871777350257,school,169.0,0.9263691729971122,68114.71373014378,520.9426879882812,0.0,2.502050162086311e-05,0.0092497730177926,0.0092071254620502,0.0608364729893556,False,,,,province_baseline
S660,1053593264,way,ADİL KARAGÖZ ANADOLU LİSESİ,37.07943337116196,36.28780791540479,school,167.0,3.336585775528732,68057.77858865735,561.4815063476562,0.0,2.1659707334836032e-05,0.0080073285306156,0.0079753552725593,0.0585215225773324,False,,,,province_baseline
S661,1053602015,way,Turan Ortaokulu,37.04321096245653,36.2316637537392,school,138.0,0.9263691729971122,73232.81108541327,535.496826171875,0.0,2.175201235532916e-05,0.0080414525662125,0.0080092065792741,0.0534091235182395,False,,,,province_baseline
S662,1058251283,way,Site_664,37.57979425403745,36.96624372752038,school,578.0,3.336585775528732,19459.433001778983,576.498779296875,0.0,0.0001493768390305,0.0552227879394727,0.053725694034972,0.0738505086150764,True,861.2,0.0,0.5424569752860909,AOI04_highres
S663,1058275969,way,Site_665,37.5708578975342,36.96193266763215,school,550.0,2.0707029441052747,18943.714540016223,381.1011047363281,0.0,0.0002777867656366,0.1026943651418806,0.0975972629296018,0.0924762690003526,True,129.4,4.0,0.4457229908261217,AOI04_highres
S664,1067214679,way,Şahinbey Belediyesi Bilim ve Sanat Merkezi,37.01966306561221,37.38251157152604,school,938.0,0.9263691729971122,55.435188489959685,439.8863525390625,0.0,1.778267957296486e-05,0.0065740388498409,0.0065524771315061,0.0782252989062235,False,,,,province_baseline
S665,1067214680,way,Site_667,37.01966830594713,37.3826598360098,school,939.0,1.3099697155538046,44.7165633464534,439.8863525390625,0.0,1.7769258842016186e-05,0.0065690773699758,0.0065475481493968,0.0782072446654084,False,,,,province_baseline
S666,1067214681,way,İbn-i Sina Anaokulu,37.01833933266438,37.38321361115769,school,939.0,1.3099697155538046,27.909863751591647,439.8863525390625,0.0,1.7550668114093214e-05,0.0064882670549901,0.0064672636999774,0.0780270592454381,False,,,,province_baseline
S667,1067214682,way,Feridun Oral Aykanat Anadolu Lisesi,37.01900948716104,37.38334541990477,school,938.0,0.9263691729971122,53.6837739603345,439.8863525390625,0.0,1.761665853209216e-05,0.0065126629043255,0.0064915014792701,0.0780629941353978,False,,,,province_baseline
S668,1067214683,way,İbn-i Sina Ortaokulu,37.01896266467684,37.382207295458,school,935.0,0.9263691729971122,82.7079889705842,439.8863525390625,0.0,1.775674222204874e-05,0.0065644501288675,0.006542951194737,0.0782383242656002,False,,,,province_baseline
S669,1067214684,way,Akkent İlkokulu,37.0193751643068,37.38182544709563,school,938.0,0.9263691729971122,37.19230338197284,439.8863525390625,0.0,1.7836474780174048e-05,0.0065939262791047,0.0065722340523867,0.0783054070284358,False,,,,province_baseline
S670,1067214685,way,Şehit Öğretmen Hayri Kaya Ortaokulu,37.01745876081559,37.370785172304366,school,947.0,2.927142542223064,28.91371923211503,343.50164794921875,1.0,2.995400835950545e-05,0.0110736300373553,0.011012543088933,0.0890078473743982,False,,,,province_baseline
S671,1067214686,way,Türkiye Odalar ve Borsalar Birliği Fen Lisesi,37.01825125605184,37.38873954016631,school,935.0,0.9263691729971122,66.0563961164814,474.23052978515625,0.0,1.4482667164495808e-05,0.0053540646783884,0.0053397572198398,0.0744470422501345,False,,,,province_baseline
S672,1067214687,way,Mevlana Anadolu Lisesi,37.01748335517457,37.38970398342953,school,937.0,0.9263691729971122,62.730567939980666,474.23052978515625,0.0,1.4323427828325372e-05,0.0052951958460445,0.0052812010092173,0.0742677770996448,False,,,,province_baseline
S673,1067214692,way,Gaziantep Şehir Hastanesi,37.015329893139615,37.389773816456,hospital,939.0,1.852254273911089,233.74631230069065,474.23052978515625,0.0,1.4123127535766096e-05,0.0052211472810059,0.0052075407823517,0.0741180965996056,False,,,,province_baseline
S674,1076774518,way,Site_676,37.59456844311729,36.76643212430268,school,490.0,0.9263691729971122,33997.48140660013,323.9076538085937,1.0,0.0001752190197458,0.0647763256551896,0.0627229152290925,0.0912357656904857,True,8897.3,0.0,0.9391877881890618,AOI04_highres
S675,1078075647,way,Osmangazi Bilim ve Sanat Merkezi,37.58923834611125,36.90575120747074,school,685.0,4.713325253295173,23890.13471038328,630.9153442382812,0.0,8.983188254546194e-05,0.033209746786758,0.0326643572335866,0.0693251649238863,True,458.5,1.0,0.5074247346139841,AOI04_highres
S676,1078404306,way,Ortaokul,37.590800784065735,36.8459989549374,school,557.0,9.04849029188484,28054.60400791607,672.3171997070312,0.0,6.257768075875047e-05,0.0231342021742554,0.0228686581768993,0.0663566574588797,True,2044.0,0.0,0.6008501268772402,AOI04_highres
S677,1083118323,way,Site_679,37.5884431741003,36.92074631511042,school,616.0,4.1360107117553,22881.475970220574,595.8272094726562,0.0,0.0001065025785437,0.0393726989277487,0.0386076675242449,0.0715844211642153,True,810.3,0.0,0.5399441147720653,AOI04_highres
S678,1084439678,way,Site_680,37.54541134476399,36.928562072300885,school,474.0,2.927142542223064,19247.2320462294,310.1549377441406,1.0,0.0003714497820398,0.1373204351951076,0.1283091390558195,0.1078867087086301,True,2075.6,0.0,0.6024101738761244,AOI04_highres
S679,1084439679,way,Site_681,37.54590297839105,36.928561333088,school,474.0,2.927142542223064,19284.251071242965,324.7356262207031,1.0,0.0003531967809115,0.1305725242263855,0.1224071561013678,0.1059694056471921,True,2031.3,0.0,0.6002231459631315,AOI04_highres
S680,1086684894,way,Ertuğrul Gazi İlkokulu,38.20825974931932,37.21625105619499,school,1148.0,4.622196164453535,84167.91872289812,275.0747985839844,1.0,0.0003956714262791,0.1462748804227175,0.1360798042055417,0.0902016960159729,False,,,,province_baseline
S681,1086684910,way,Endüstri Meslek Lisesi,38.2042237321797,37.20542947031221,school,1142.0,1.3099697155538046,83716.80632900297,263.4584045410156,1.0,0.0004139572903448,0.1530349404169092,0.1419002610750381,0.0935208894280232,False,,,,province_baseline
S682,1086695427,way,Özgüven Dershanesi,38.19630249264452,37.19371043631404,school,1137.0,3.814206419250074,82846.76459783693,471.2976989746094,0.0,0.0002625275281082,0.0970532119107586,0.0924922853710811,0.076064668023611,False,,,,province_baseline
S683,1086695428,way,Final Dershanesi,38.196314576941646,37.194161142107525,school,1134.0,2.7771727466471345,82849.02221673417,471.2976989746094,0.0,0.000262956377985,0.0972117524580171,0.0926361507362515,0.0760593632925327,False,,,,province_baseline
S684,1097197081,way,Site_686,37.58769794791783,36.91417773402974,school,646.0,4.622196164453535,23235.18697321183,595.8272094726562,0.0,0.0001043108388774,0.0385624396158268,0.0378283747624728,0.0717991871177002,True,379.8,2.0,0.4883879125380325,AOI04_highres
S685,1097200972,way,Site_687,37.581476187787565,36.922782319453546,school,569.0,11.12865844774478,22212.874077517263,530.8436279296875,0.0,0.0001377616302475,0.0509287875063299,0.0496536553441701,0.0774959579115641,True,205.2,13.0,0.3131014925167711,AOI04_highres
S686,1097200974,way,Site_688,37.57723697594126,36.9215194974586,school,538.0,4.622196164453535,21974.24372096116,476.9768981933594,0.0,0.0001668644337564,0.0616877375353049,0.0598235772344086,0.0827257078879607,True,63.1,33.0,0.0030559148490802,AOI04_highres
S687,1098730624,way,Cumhuriyet Ortaokulu,37.57858591321004,36.9557014377721,school,580.0,2.927142542223064,19964.459426617825,472.81256103515625,0.0,0.0001926530348428,0.0712214675184299,0.0687443735847487,0.0822361997030077,True,143.9,1.0,0.4918933806314211,AOI04_highres
S688,1098730625,way,Dulkadiroğlu İlkokulu,37.577970623217325,36.95557077627961,school,578.0,3.9244453385903313,19923.1008872876,472.81256103515625,0.0,0.0001935242060968,0.0715435288616126,0.0690442467312721,0.0823710003750623,True,115.8,1.0,0.490506123648236,AOI04_highres
S689,1098730628,way,Yavuz Selim Ortaokulu,37.580560341689726,36.94692034346923,school,617.0,4.622196164453535,20644.637613278195,570.4916381835938,0.0,0.000137732297033,0.0509179433761733,0.0496433496088364,0.0744820303493027,True,928.4,0.0,0.5457745435875156,AOI04_highres
S690,1098730631,way,Hoca Ahmet Yesevi İmam Hatip Lisesi,37.57806177111794,36.94011812900356,school,590.0,2.927142542223064,20856.933887458865,513.5732421875,0.0,0.0001606661736905,0.0593963167003521,0.0576667672548039,0.0793121794887411,True,656.8,0.0,0.5323660383692572,AOI04_highres
S691,1099921004,way,Site_693,37.06789908914856,37.33455338200212,school,861.0,1.3099697155538046,42.99984560439743,345.0679626464844,1.0,5.0943866778049634e-05,0.018833323627401,0.0186570847103907,0.0996241918573586,False,,,,province_baseline
S692,1106778913,way,Çiğdemtepe İlköğretim Okulu,37.39290331631374,37.15983782708136,school,656.0,2.0707029441052747,29.70667996679536,272.353271484375,1.0,0.0011347849478393,0.419516097261985,0.342635156489768,0.1335690119845877,False,,,,province_baseline
S693,1118888002,way,Site_695,37.58216979176812,36.85045961768369,school,548.0,4.1360107117553,27151.79633352,603.6854248046875,0.0,8.235967515515786e-05,0.0304473632282863,0.0299885110032313,0.072102813097598,True,1352.3,0.0,0.5667018829174854,AOI04_highres
S694,1126462439,way,Gaziantep Kolej Vakfı,37.08774020023877,37.34813242261936,school,886.0,3.336585775528732,44.13240928887748,400.5147705078125,0.0,4.142484572858312e-05,0.0153142581269021,0.0151975911910348,0.0925771367001193,False,,,,province_baseline
S695,1130552246,way,Erzin Devlet Hastanesi,36.941607587066514,36.21445143372775,hospital,206.0,2.0707029441052747,74446.20040408795,411.4600524902344,0.0,6.948031715572198e-05,0.0256860223121499,0.025358942881652,0.0553528567442851,False,,,,province_baseline
S696,1135474461,way,Site_698,37.0697186550633,37.35143458827639,school,856.0,3.336585775528732,29.9693741585806,267.8966979980469,1.0,5.8704135934383256e-05,0.0217022000928196,0.021468401715773,0.1058441141179253,False,,,,province_baseline
S697,1136385906,way,Kalyon Stadyumu,37.12388016489218,37.38258040591556,stadium,906.0,2.927142542223064,171.96780885002207,406.7936401367188,0.0,4.0032781048203305e-05,0.0147996288634799,0.0146906526212499,0.0875794034688608,False,,,,province_baseline
S698,1138456074,way,Yayıklı İlkokulu,37.58583832278869,37.7096591839199,school,860.0,5.839084602306712,16928.564304431453,486.4073791503906,0.0,9.467755084637652e-05,0.0350011310116689,0.0343956758528093,0.1027311115167935,False,,,,province_baseline
S699,1138456092,way,Sarıyaprak Çok Programlı Anadolu Lisesi,37.58702101781741,37.729282598126495,school,840.0,1.852254273911089,17251.962236199703,430.5614929199219,0.0,0.0001174283270858,0.0434118143537778,0.0424830103775902,0.1097804215393115,False,,,,province_baseline
S700,1138456093,way,Sarıyaprak İlkokulu,37.58618317528829,37.72951210183791,school,836.0,4.713325253295173,17169.33412811866,430.5614929199219,0.0,0.000116567944957,0.0430937416180379,0.0421784018879238,0.1092945440761865,False,,,,province_baseline
S701,1138456094,way,Sarıyaprak Ortaokulu,37.587804914331095,37.73476920886223,school,829.0,6.190611995468688,17426.52152106694,461.7957763671875,0.0,0.0001071622868328,0.0396165850026518,0.0388421091369699,0.1068962696777967,False,,,,province_baseline
S702,1138475901,way,Erkenez Ortaokulu,37.53393560652019,36.96545362738234,school,523.0,4.622196164453535,15899.82061261382,339.7533569335937,1.0,0.0004343612486995,0.1605780339290187,0.1483486367231248,0.106540543549017,True,3380.6,0.0,0.6668361654439716,AOI04_highres
S703,1138553612,way,Site_705,37.022079600074846,37.31120565725514,school,885.0,3.336585775528732,49.24326990647758,410.4387512207031,0.0,3.291785525504563e-05,0.012169327935769,0.0120955811174283,0.0924797095504142,False,,,,province_baseline
S704,1138689166,way,Site_706,37.398377055956566,37.63079102844839,school,563.0,7.427391622906704,31.94982535004733,446.3884887695313,0.0,4.545967136146287e-05,0.0168058837480043,0.01666545267368,0.0502136554066914,False,,,,province_baseline
S705,1138713476,way,İncegedik İlkokulu,37.061661766802224,36.764535680811065,school,506.0,3.700645055237513,25828.143651150716,387.284423828125,0.0,0.0005110010284019,0.1889108218611934,0.1721396695535867,0.2074320247295788,False,,,,province_baseline
S706,1138757879,way,Binali Yıldırım Ortaokulu,37.22191370429751,37.37604106775801,school,996.0,0.9263691729971122,76.2456722039501,323.3642883300781,1.0,0.0001011520940466,0.0373946903376938,0.0367041432591521,0.0986235057701612,False,,,,province_baseline
S707,1138757880,way,İsmet Yılmaz İlkokulu,37.22182960962679,37.37674321381613,school,996.0,1.3099697155538046,36.45788527281803,323.3642883300781,1.0,0.0001006312054859,0.0372021242162445,0.0365186272507355,0.098485770215565,False,,,,province_baseline
S708,1138978717,way,Şehit Astsubay İbrahim Tıraş İlkokulu,37.18292138802028,36.73422824399444,school,529.0,2.0707029441052747,28131.793244580706,468.7735290527344,0.0,0.0003564385035982,0.131770949401606,0.1234582555012969,0.2198000336449988,False,,,,province_baseline
S709,1138978723,way,Nurdağı Gıda AŞ Anaokulu,37.18332985005591,36.734136700014695,school,531.0,4.713325253295173,28143.42782981342,468.7735290527344,0.0,0.0003558388577252,0.1315492676663601,0.1232639206669151,0.2197337634116179,False,,,,province_baseline
S710,1138980517,way,Nurdağı Mesleki ve Teknik Anadolu Lisesi,37.1884297168664,36.75148383780745,school,529.0,7.427391622906704,26674.92893465744,472.1769714355469,0.0,0.0003568823709212,0.1319350417147884,0.1236020774633908,0.2379963456271969,False,,,,province_baseline
S711,1138980518,way,Nurdağı Halk Eğitim Merkezi,37.18765255611461,36.75109792133636,school,525.0,4.713325253295173,26685.463824356942,472.1769714355469,0.0,0.0003575293977184,0.1321742395974431,0.123811684920995,0.2377058014393444,False,,,,province_baseline
S712,1139034990,way,Dr. Salman Gülsoy İlkokulu,37.186890178021,36.74673830751401,school,541.0,2.0707029441052747,27063.595732069258,450.9189453125,0.0,0.0003724223841423,0.1376799942807312,0.1286225070841902,0.2364439975608401,False,,,,province_baseline
S713,1139209056,way,Tosçelik Sosyal Bilimler Lisesi,37.0539645655063,36.22807888678338,school,117.0,0.9263691729971122,73475.41514360077,366.8006591796875,0.0,3.8210827372583045e-05,0.0141260749034598,0.0140267700532107,0.0646515968648239,False,,,,province_baseline
S714,1141578547,way,Okul Binası,37.06069565625473,36.23667189427636,school,127.0,1.3099697155538046,72674.71596484761,321.9996337890625,1.0,4.683802821095631e-05,0.0173154453942306,0.0171663946031703,0.0697698829090036,False,,,,province_baseline
S715,1141801687,way,Afşin Gençlik Merkezi,38.23723161744975,36.935169251543726,sports_centre,1225.0,2.0707029441052747,89346.6434237716,695.3637084960938,0.0,7.031112553289774e-05,0.0259931619941037,0.0256582478593837,0.0473561987155156,False,,,,province_baseline
S716,1142056751,way,Açık hava yüzme havuzu,38.26105329505413,36.92155576745806,sports_centre,1227.0,0.9263691729971122,92158.2043833535,311.0957946777344,1.0,0.0002004430364801,0.0741013357179178,0.0714224090034479,0.0707589718044088,False,,,,province_baseline
S717,1142242943,way,Goznuru Goz Hastanesi,37.05924899634215,37.36569199288802,hospital,861.0,6.713759633458762,28.31809083229155,415.7392883300781,0.0,2.8718151227726138e-05,0.0106167487915434,0.0105605900309508,0.0859761441942282,False,,,,province_baseline
S718,1142390413,way,Sena Kayalı Özel Eğitim Uygulama Okulu (I.II.III. Kademe),37.10143630528248,36.25440638010125,school,96.0,0.0,71023.56497690995,291.90692138671875,1.0,4.668181547499007e-05,0.0172576954589147,0.0171096343870988,0.0762044434038529,False,,,,province_baseline
S719,1143696943,way,Antepia Kapalı Havuz,36.98102816511452,37.30382794750697,sports_centre,901.0,5.911112090879563,40.13992876137953,402.933349609375,0.0,2.682885100019932e-05,0.0099182976360912,0.009869273534509,0.0895681127508939,False,,,,province_baseline
S720,1143702962,way,Avukat Cengiz Gokcek Devlet Hastanesi,37.05867042034178,37.315623414078864,hospital,892.0,3.9244453385903313,69.95396861000539,403.5525207519531,0.0,4.215523844114033e-05,0.0155842753674586,0.0154634689225535,0.0961462855347142,False,,,,province_baseline
S721,1143724542,way,Ertuğrul Gazi İlkokulu,38.23722723705591,36.931285081258366,school,1227.0,4.1360107117553,89404.87059382744,695.3637084960938,0.0,7.100552096757143e-05,0.026249871481893,0.0259083385298101,0.0477510124616217,False,,,,province_baseline
S722,1143724545,way,Site_724,38.23630891654052,36.93566881481233,social_facility,1224.0,1.3099697155538046,89250.47802580672,695.3637084960938,0.0,7.090810054277062e-05,0.0262138563439729,0.0258732558525256,0.0473534786051689,False,,,,province_baseline
S723,1144192193,way,Site_725,37.03988127965794,37.31056159004413,university,902.0,4.1360107117553,93.12366458083606,430.0620727539063,0.0,3.440261121515542e-05,0.0127182240300975,0.0126376892004073,0.0925607097063316,False,,,,province_baseline
S724,1144223792,way,Cumhuriyet İlkokulu,38.0206891815025,36.48367230611253,school,1341.0,0.0,84279.03369603497,198.6961212158203,1.0,0.0038604915099196,1.42717643095122,0.7600144176415813,0.3484122353714435,False,,,,province_baseline
S725,1144241820,way,Göksun Anadolu Lisesi,38.02343229280625,36.48423565077377,school,1342.0,2.0707029441052747,84475.07292124431,319.0276794433594,1.0,0.0033115675418753,1.2242459627546098,0.7060207118970827,0.3851891716192915,False,,,,province_baseline
S726,1144316134,way,Şahinbey Belediyesi Yeditepe Spor Tesisi,37.03613340021416,37.33216815024225,sports_centre,916.0,6.6506934522993175,41.494985409826775,360.56146240234375,0.0,3.938429896991469e-05,0.0145598929812354,0.0144544102988229,0.0954109326707393,False,,,,province_baseline
S727,1144664381,way,Kahramanmaraş İstiklal Üniversitesi Rektörlük Binası,37.573880630212976,36.93380559829755,university,558.0,4.976533010740028,20926.80158064998,507.2429504394531,0.0,0.0001651201023962,0.0610428795946507,0.0592171014782353,0.0808004132014672,True,248.3,1.0,0.4970474599568489,AOI04_highres
S728,1145084758,way,Site_730,37.06116227162186,37.41250196186112,sports_centre,806.0,2.6185713407428373,72.51762953988113,346.8975524902344,1.0,2.989261867519001e-05,0.0110509350229165,0.010990097749621,0.0853752886612704,False,,,,province_baseline
S729,1146031662,way,Site_731,38.00017235580519,37.54382568066295,school,1240.0,2.0707029441052747,61583.0804506268,423.002685546875,0.0,0.0009899102704197,0.3659577033311696,0.3064678653115786,0.1432835670413821,False,,,,province_baseline
S730,1146039900,way,Okul Binası,37.067655807200666,36.25860890689648,school,144.0,0.9263691729971122,70691.43472614989,350.2964782714844,1.0,4.461871706722261e-05,0.016494993244771,0.0163596957754197,0.0699243423519002,False,,,,province_baseline
S731,1146039901,way,Okul Binası,37.0673670280051,36.25856977641191,school,145.0,1.3099697155538046,70694.17056821608,350.2964782714844,1.0,4.468696841536208e-05,0.0165202249322893,0.0163845143670975,0.0699120417206964,False,,,,province_baseline
S732,1146077093,way,Site_734,37.01675156900635,37.1894659479839,school,939.0,3.814206419250074,37.00210199234128,418.201171875,0.0,6.940148759347137e-05,0.0256568799884284,0.0253305391625801,0.1157200312294405,False,,,,province_baseline
S733,1147118086,way,Ozel Osmaniye Park Hastanesi,37.07268513168229,36.246441563787954,hospital,130.0,1.852254273911089,71753.91340722276,325.8380126953125,1.0,4.534291094739763e-05,0.0167627188529142,0.0166230062250145,0.0709398050566515,False,,,,province_baseline
S734,1149060649,way,Site_736,36.98334623170486,36.61427764341872,school,501.0,1.852254273911089,39019.89433717962,444.8367004394531,0.0,0.0003578837061304,0.1323052230780544,0.1239264436002653,0.2922314839353231,False,,,,province_baseline
S735,1149060650,way,Site_737,36.98430672037394,36.61469844535885,school,505.0,2.7771727466471345,38993.99288772124,444.8367004394531,0.0,0.0003587905323322,0.1326404656187535,0.1242200915007678,0.293464693183621,False,,,,province_baseline
S736,1149060651,way,Site_738,36.98534057976259,36.61646869260663,school,506.0,1.3099697155538046,38844.52900136496,444.8367004394531,0.0,0.0003630274418061,0.1342067991609125,0.1255907811881449,0.2983784135230018,False,,,,province_baseline
S737,1149331431,way,Okul Binası,37.06738047261469,36.25811021751216,school,143.0,2.0707029441052747,70738.6958156922,350.2964782714844,1.0,4.456531789290152e-05,0.0164752522240156,0.0163402775200908,0.0698537994058617,False,,,,province_baseline
S738,1149441587,way,Site_740,36.92887841401695,36.5682808927279,school,489.0,2.0707029441052747,42938.61856643957,691.556396484375,0.0,0.0001885899570583,0.0697193974228966,0.0673445112745552,0.1409659242477793,False,,,,province_baseline
S739,1149441594,way,Site_741,36.9424632445138,36.56002345488373,school,527.0,3.700645055237513,43644.88894485562,538.1829223632812,0.0,0.0002267212809905,0.0838160808781325,0.0803996273642306,0.161715546631478,False,,,,province_baseline
S740,1149441600,way,Site_742,36.93360144677362,36.57077077047542,school,495.0,2.0707029441052747,42700.94211280893,552.5172119140625,0.0,0.0002437260524623,0.0901025366301765,0.0861625213484602,0.1636730973987321,False,,,,province_baseline
S741,1149441629,way,Site_743,36.91984374736117,36.57327292154214,school,466.0,0.0,42534.687548055575,481.1042785644531,0.0,0.0003111651337664,0.1150339390474478,0.1086641076976618,0.1651537167151321,False,,,,province_baseline
S742,1149576503,way,Site_744,37.27380331313777,36.78351694527866,school,489.0,6.522665329469979,23837.952243819367,512.844970703125,0.0,0.0004347688082509,0.1607287037036809,0.1484769451757749,0.2187985599642687,False,,,,province_baseline
S743,1149576512,way,Şekeroba Stadı,37.26353095261096,36.776353329474965,stadium,503.0,0.9263691729971122,24539.86119010515,542.6245727539062,0.0,0.0003692829144785,0.1365193707957901,0.1276105787813791,0.216965187522346,False,,,,province_baseline
S744,1149781512,way,Adabilim Okulları,37.0638688408741,36.25702914580804,school,146.0,1.3099697155538046,70848.54293564678,350.2964782714844,1.0,4.52035089613784e-05,0.0167111836459689,0.0165723263822481,0.0696046109135597,False,,,,province_baseline
S745,1150054984,way,Yarı Olimpik Kapalı Yüzme Havuzu,37.0448451500654,36.22351302507435,sports_centre,141.0,3.814206419250074,73944.61397910013,519.9118041992188,0.0,2.166394007354752e-05,0.008008893322278,0.0079769075832377,0.0535839042443052,False,,,,province_baseline
S746,1150067808,way,Turan Ortaokulu,37.04321489999479,36.23181399978042,school,138.0,2.927142542223064,73220.47853656646,535.496826171875,0.0,2.1770617758091717e-05,0.0080483307557495,0.0080160296565049,0.053421400747437,False,,,,province_baseline
S747,1150068565,way,Dede Korkut İlkokulu,37.0414083041836,36.2258733844059,school,158.0,2.927142542223064,73763.16672180992,519.9118041992188,0.0,2.254540814499753e-05,0.0083347612727648,0.008300123449493,0.0536865480657329,False,,,,province_baseline
S748,1154213280,way,Boğaziçi Anaokulu,37.57990440887651,36.867759984081545,school,599.0,4.1360107117553,25811.49471391985,527.6542358398438,0.0,0.0001129084658488,0.0417408770101497,0.0408817220287923,0.0781005081320482,True,26.3,9.0,0.3648755148918065,AOI04_highres
S749,1154995317,way,Site_751,37.605549020402464,36.8226373538522,school,608.0,12.006651368501098,30685.42359434783,842.2222290039062,0.0,3.360104072510226e-05,0.0124218932369302,0.0123450599883226,0.0556981404722965,True,4668.1,0.0,0.7303982069333228,AOI04_highres
S750,1157013570,way,Site_752,37.553512841275456,36.917134693428174,stadium,467.0,4.622196164453535,20587.690821079243,322.3285522460937,1.0,0.00032135648115,0.1188015553595328,0.1120160010560095,0.1043389335719875,True,1844.1,0.0,0.5909813485520197,AOI04_highres
S751,1157687260,way,Oğuzeli Devlet Hastanesi,36.96302816133035,37.5073295877782,hospital,680.0,3.9244453385903313,45.23394849441587,285.9913330078125,1.0,1.2974687306579852e-05,0.0047965829934691,0.0047850977598923,0.0732089391871254,False,,,,province_baseline
S752,1173686257,way,İrfanlı Ortaokulu,37.24916493197874,36.45922388374664,school,392.0,4.622196164453535,52718.1303852035,479.6366882324219,0.0,5.926046916935703e-05,0.0219078696762572,0.0216696352074591,0.0915714023675085,False,,,,province_baseline
S753,1173692132,way,Düziçi Cumhuriyet Anadolu Lisesi,37.22968147642418,36.44578625606245,school,381.0,2.927142542223064,54108.70413206101,457.5313720703125,0.0,6.060697495707514e-05,0.0224056563750319,0.0221565138591481,0.0916008327581893,False,,,,province_baseline
S754,1175869522,way,Site_756,37.06056837206911,36.25828909386952,sports_centre,155.0,2.0707029441052747,70752.90064383538,365.458984375,0.0,4.348524528506502e-05,0.0160759626087789,0.015947433984025,0.0683007948208472,False,,,,province_baseline
S755,1182433510,way,Gaziantep Üniversitesi İslahiye Kampüsü,37.04682703475277,36.61273003880684,university,533.0,1.852254273911089,39437.72129675131,296.9230041503906,1.0,0.0005105330254427,0.1887378068989134,0.1719964249383678,0.2515556890666084,False,,,,province_baseline
S756,1189788322,way,Site_758,37.42631728583644,36.285965331590255,school,208.0,4.976533010740028,68808.71516207204,438.8565979003906,0.0,2.729197574400524e-05,0.0100895091818883,0.0100387808355109,0.060467288541883,False,,,,province_baseline
S757,1191716059,way,Site_759,38.257828321149816,36.92785509889888,school,1227.0,0.9263691729971122,91696.9066378778,311.0957946777344,1.0,0.0002038661943673,0.0753668352646604,0.0725967802840792,0.0702575480861433,False,,,,province_baseline
S758,1193547053,way,Gaziantep MMT Amerikan Hastanesi,37.05958182956447,37.373537798072846,hospital,878.0,2.0707029441052747,41.92560722483209,424.4232482910156,0.0,2.6292499536383875e-05,0.0097200150687298,0.0096729284067773,0.083906752612649,False,,,,province_baseline
S759,1201592848,way,Pazarcık Devlet Hastanesi,37.50280613096564,37.323121185737634,hospital,789.0,1.3099697155538046,7227.337317238964,413.7914123535156,0.0,0.0005168478560158,0.19107232242272,0.1739271575985644,0.0734542241003844,False,,,,province_baseline
S760,1226194950,way,Site_762,37.51526737690342,36.966584876584896,school,538.0,7.594903090752807,14508.1933944089,441.4080200195313,0.0,0.0004037804931695,0.1492727031386387,0.1386658056695848,0.1006323950055433,True,5321.4,0.0,0.7626506975779777,AOI04_highres
S761,1227534036,way,Bahçe Fizik Tedavi ve Rehabilitasyon Hastanesi,37.19734706349931,36.5726868696465,hospital,584.0,1.852254273911089,42559.12006141752,437.7739562988281,0.0,0.0002601136437665,0.0961608284329896,0.0916820790269881,0.128497141938694,False,,,,province_baseline
S762,1227534040,way,Bahçe Devlet Hastanesi,37.200713567143175,36.57019096508147,hospital,584.0,2.0707029441052747,42821.120239461256,543.8684692382812,0.0,0.0002004355072553,0.0740985522557295,0.0714198243392374,0.1154675190223422,False,,,,province_baseline
S763,1229023574,way,Osmaniye Devlet Hastanesi,37.083247945086,36.27422678931016,hospital,119.0,2.0707029441052747,69261.6113751451,349.8444519042969,1.0,4.477567582472875e-05,0.0165530189751135,0.0164167705665474,0.0723716751638173,False,,,,province_baseline
S764,1229024970,way,Özel İbn-i Sina Hastanesi,37.081059686959605,36.26266253633072,hospital,124.0,0.9263691729971122,70289.10100146734,334.1003723144531,1.0,4.55905414452362e-05,0.0168542648151814,0.0167130262976311,0.0723619773276379,False,,,,province_baseline
S765,1257823776,way,yunus emre ilkokulu,38.19333664674773,37.21620395178424,school,1148.0,0.0,82507.26829890285,281.4146423339844,1.0,0.0004406123571141,0.162888992151233,0.150314495060412,0.0962465651968804,False,,,,province_baseline
S766,1280117207,way,Site_768,37.0184386975658,37.2571861859376,school,914.0,7.020288356196723,86.7575043547493,410.4442138671875,0.0,4.584704874665861e-05,0.0169490924230174,0.0168062646283099,0.1021684958143355,False,,,,province_baseline
S767,1280847214,way,Site_769,37.01206529341821,37.37394412540641,sports_centre,937.0,2.0707029441052747,104.59844297147168,346.87921142578125,1.0,2.779330542878446e-05,0.0102748446264592,0.0102222387370216,0.0875869378521719,False,,,,province_baseline
S768,1301291328,way,Site_770,37.24703886280877,37.68848229934635,school,705.0,2.0707029441052747,43.37344918472041,424.0671997070313,0.0,5.096515915694446e-05,0.0188411951591061,0.0186648093518595,0.0502498803249366,False,,,,province_baseline
S769,1317820571,way,Enerjisa Tufanbeyli Mesleki ve Teknik Anadolu Lisesi,38.259259550509874,36.208813916041365,school,1447.0,5.839084602306712,120080.473871645,478.47308349609375,0.0,5.944709934636406e-05,0.021976864566997,0.0217371326755684,0.0722909490199384,False,,,,province_baseline
S770,1331102642,way,Osmaniye Diş Hekimliği,37.088288683427365,36.25016219328853,hospital,111.0,2.0707029441052747,71396.64892199691,308.3252868652344,1.0,4.632607355791984e-05,0.0171261820290213,0.0169803626036063,0.073591348310167,False,,,,province_baseline
S771,1331889244,way,Abdulkadir Yüksel Devlet Hastanesi,37.05653800260048,37.417113746520826,hospital,805.0,2.0707029441052747,123.03973234651096,386.5545654296875,0.0,2.3190353616759115e-05,0.0085731897148898,0.0085365447202169,0.0804736394783623,False,,,,province_baseline
S772,1333662590,way,Site_774,37.10288442603153,37.426682705534574,school,884.0,9.879091999688905,46.10100487197182,462.52545166015625,0.0,2.0543229743145887e-05,0.0075945804387079,0.0075658144805464,0.0747597243252351,False,,,,province_baseline
S773,1347335902,way,Tosyalı Spor Kompleksi,37.05362958853495,36.22939632666854,sports_centre,118.0,2.6185713407428373,73365.19972382516,359.3049621582031,1.0,3.976217749995718e-05,0.0146995900458329,0.0145920785085849,0.065401917718628,False,,,,province_baseline
S774,1351652726,way,Osmaniye Meslekî ve Teknik Anadolu Lisesi,37.06725635872221,36.25904656811945,school,146.0,2.0707029441052747,70660.7861625976,350.2964782714844,1.0,4.48322793097064e-05,0.0165739445902748,0.0164373524353407,0.0699495730448332,False,,,,province_baseline
S775,1353648017,way,Andırın Devlet Hastanesi,37.567773002229686,36.34696625346082,hospital,972.0,1.852254273911089,66223.14345554891,423.3334045410156,0.0,3.8754075718799085e-05,0.0143269071637771,0.0142247654030008,0.0568225867848789,False,,,,province_baseline
S776,1366165280,way,Gölbaşı Harmanlı Ortaokulu,37.819580869777845,37.67955353122742,school,911.0,4.713325253295173,41410.76048525984,416.9918823242188,0.0,0.0007200414439137,0.2661905033131921,0.2337068677853955,0.2526528736742809,False,,,,province_baseline
S777,1377192730,way,Gaziyurt İlkokulu,37.100714171589175,37.39204957476116,school,856.0,4.1360107117553,33.58286661769243,407.03228759765625,0.0,3.251500915411731e-05,0.0120204006659983,0.0119484442534559,0.0848739270907182,False,,,,province_baseline
S778,1377213692,way,Balaban Çok Programlı Anadolu Lisesi,38.470925476192,37.58706238964693,school,1104.0,4.713325253295173,113454.45087462108,388.70123291015625,0.0,3.670192766218e-05,0.0135682531603416,0.0134766193186587,0.0436788877932619,False,,,,province_baseline
S779,1377213704,way,Balaban İlkokulu,38.46473410556864,37.58504578941869,school,1126.0,3.336585775528732,112775.10750026384,418.9840087890625,0.0,3.509478488078274e-05,0.0129741121570808,0.012890311169912,0.0426060819321715,False,,,,province_baseline
S780,1380950827,way,Karacaburç Çok Programlı Anadolu Lisesi,37.22363909917898,37.35550846294555,school,1011.0,3.336585775528732,180.79326695337596,293.0921630859375,1.0,0.0001294436361006,0.0478537269424831,0.0467267849322061,0.1064700974087587,False,,,,province_baseline
S781,1385711933,way,Yeşilyöre İlkokulu,37.41981438458616,36.756512444727136,school,661.0,4.713325253295173,27232.581844953645,543.6724853515625,0.0,0.0002125816634077,0.078588837428683,0.0755800668062451,0.1165603803090431,False,,,,province_baseline
S782,1417231344,way,Düziçi Devlet Hastanesi,37.25648460584994,36.45500526531433,hospital,365.0,2.0707029441052747,53041.5922073717,487.0105590820313,0.0,5.457663515102601e-05,0.0201763136035983,0.0199741338190064,0.0897171442447141,False,,,,province_baseline
S783,1420822841,way,Nurhak Devlet Hastanesi,37.96559171414249,37.46819097158804,hospital,1333.0,0.9263691729971122,57584.97421528736,650.3507690429688,0.0,0.0008628653285384,0.3189907442642325,0.2731177228945062,0.1439235968320264,False,,,,province_baseline
S784,1420955433,way,Site_786,38.20032364148612,37.150561976154165,school,1182.0,8.479002262733527,83441.98949938643,900.0,0.0,7.966632179289517e-05,0.0294516634763331,0.0290221898011905,0.0507714264904039,False,,,,province_baseline
S785,1430815107,way,Fatma Şahin Ortaokulu,37.22586613803702,37.374830679066,school,986.0,2.0707029441052747,51.45670007231061,323.3642883300781,1.0,0.0001039191521872,0.0384176378435145,0.0376890405181904,0.0987693508914958,False,,,,province_baseline
S786,1430815108,way,Gazişehir İlkokulu,37.22626089852917,37.37506662928126,school,986.0,1.3099697155538046,40.96736862414571,323.3642883300781,1.0,0.0001040389407982,0.0384619222259305,0.03773165492114,0.0987387551950459,False,,,,province_baseline
S787,1430872411,way,Site_789,37.00157589415467,37.79864357721154,school,517.0,1.852254273911089,8827.808063064826,346.0272521972656,1.0,3.574332286782168e-06,0.0013213868708105,0.0013205142235899,0.0452887011548617,False,,,,province_baseline
S788,1430872412,way,Site_790,37.000662922223306,37.799278287716746,school,518.0,1.3099697155538046,8898.637055404843,346.0272521972656,1.0,3.5420541212131337e-06,0.0013094540283172,0.0013085970674822,0.0452302521714957,False,,,,province_baseline
S789,1431908942,way,İmam Çoban İlkokulu,37.11441458004391,37.39093626599208,school,916.0,2.7771727466471345,39.01261680377911,331.8840637207031,1.0,5.006210462975714e-05,0.0185073469603071,0.0183371376727871,0.0934066193957868,False,,,,province_baseline
S790,1431908943,way,Gönüllü Hizmet Vakfı İnal Aydınoğlu Ortaokulu,37.11392737710636,37.39126320266711,school,917.0,4.976533010740028,18.480608622935364,331.8840637207031,1.0,4.985105360918012e-05,0.0184293239827868,0.0182605424252914,0.0933446614130467,False,,,,province_baseline
S791,1434008510,way,Site_793,38.18424847808575,37.22253011541298,sports_centre,1154.0,1.3099697155538046,81501.7701710139,342.0962219238281,1.0,0.0003952088141696,0.1461038583915423,0.1359320421839635,0.0935485665745013,False,,,,province_baseline
S792,1435864096,way,Site_794,38.329362990401975,36.76294322029631,school,1465.0,4.976533010740028,102817.2161776178,491.1968994140625,0.0,7.249621006546388e-05,0.0268009609845953,0.0264450023306406,0.0657189221253648,False,,,,province_baseline
S793,1447437510,way,Araban İlçe Devlet Hastanesi,37.41803137951561,37.68093444134408,hospital,533.0,1.3099697155538046,35.57366489444704,301.601318359375,1.0,7.733978326980318e-05,0.0285915706779614,0.0281866995311828,0.0615375857793995,False,,,,province_baseline
S794,1447781278,way,Gaziantep Araban KYK Erkek Öğrenci Yurdu,37.41800534675867,37.68155981390487,university,534.0,1.852254273911089,31.235821108832543,301.601318359375,1.0,7.727691466643486e-05,0.0285683289252614,0.028164112624304,0.0615439869062191,False,,,,province_baseline
S795,1469897162,way,Adnan İnanıcı İmam Hatip Ortaokulu,37.066119716336566,37.3512769294105,school,849.0,1.3099697155538046,22.47105810618326,267.8966979980469,1.0,5.750754892092247e-05,0.0212598365288005,0.0210354392340978,0.1055816586013371,False,,,,province_baseline
S796,1507719414,way,Gaziantep Karting,37.10357791397994,37.40166574301392,sports_centre,847.0,1.852254273911089,101.85023436654002,351.9867553710937,1.0,3.9989799458281774e-05,0.0147837390960906,0.0146749961605251,0.0888663228119826,False,,,,province_baseline
S797,1508068139,way,Defa Life Hastanesi,37.02701973932571,37.33062443964274,hospital,920.0,4.622196164453535,26.716037102616752,365.1915893554688,0.0,3.670106406705618e-05,0.013567933899801,0.0134763043606205,0.0942693292516469,False,,,,province_baseline
S798,1508071051,way,Mustafa Erman Ortaokulu,37.03691249281494,37.34072072207801,school,907.0,7.370669485321746,31.51958377097389,365.5049743652344,0.0,3.665813716053729e-05,0.013552064348196,0.013460648547698,0.0934336284027811,False,,,,province_baseline
S799,1529373070,way,Site_801,37.02689832826315,37.32905813987652,school,917.0,3.336585775528732,26.77536584597373,332.9914855957031,1.0,4.307562728774046e-05,0.0159245318518474,0.0157984068757337,0.0980948034808793,False,,,,province_baseline
S800,1529373071,way,Site_802,37.02673682228884,37.329560091226114,school,921.0,6.522665329469979,37.62680351700506,365.1915893554688,0.0,3.6887505530013685e-05,0.0136368590252679,0.0135442982868466,0.0944305819740167,False,,,,province_baseline
S801,1529373072,way,Site_803,37.03892973618391,37.39080950590789,school,862.0,9.230024703852685,30.05691637475789,383.06256103515625,0.0,2.4932550420684072e-05,0.0092172585362436,0.0091749098216775,0.0836183889092143,False,,,,province_baseline
S802,1530927384,way,Kahramanmaraş İstiklal Üniversitesi Türkoğlu Kampüsü,37.35528912630007,36.82438284166759,university,502.0,7.918813863614836,21086.561318187723,436.7876892089844,0.0,0.0006603373773682,0.2441186411197967,0.216605314073557,0.1764340595058672,False,,,,province_baseline
S803,1534303331,way,Naime Durdu Doğmuş Anaokulu,37.05988063622527,37.36783890067032,school,853.0,4.976533010740028,27.615832462709648,415.7392883300781,0.0,2.842155867073769e-05,0.0105071021556574,0.0104520953803065,0.0856628116052135,False,,,,province_baseline
S804,1536093933,way,Cumhuriyet İlkokulu,37.027254292996574,36.6340008475921,school,,,,,,,,,,,,,,province_baseline
