scenario_id,demand_point_id,facility_id,triage,period,assigned_casualties,distance_km
1,SD001,JH_H003,T3,3,100.74999825033643,21.731599722578093
1,SD001,JH_H004,T1,1,149.99995000961303,1.854989649044953
1,SD001,JH_H004,T1,2,22.500032493751576,1.854989649044953
1,SD001,JH_H004,T1,3,46.87499837531243,1.854989649044953
1,SD001,JH_H004,T1,4,45.65625008123436,1.854989649044953
1,SD001,JH_H004,T2,1,4.9990387054776875e-05,1.854989649044953
1,SD001,JH_H004,T3,1,450.0,1.854989649044953
1,SD001,JH_H004,T3,2,382.49996500672904,1.854989649044953
1,SD001,JH_H004,T3,3,356.25000174966357,1.854989649044953
1,SD001,JH_H004,T3,4,228.0,1.854989649044953
1,SD001,S500,T2,3,204.0,71.51481572097616
1,SD001,S500,T2,4,137.0,71.51481572097616
1,SD001,S500,T3,2,225.64999999999998,71.51481572097616
1,SD001,S615,T2,1,243.0,73.12604490789893
1,SD001,S615,T2,2,10.589435676794436,73.12604490789893
1,SD001,S653,T3,2,121.45003499327089,71.80138022276273
1,SD001,S407,T2,3,70.0,71.68431985910988
1,SD001,S407,T3,2,414.40000000000003,71.68431985910988
1,SD001,S646,T2,2,86.39999999999998,72.49823348913633
1,SD001,S646,T3,1,464.0,72.49823348913633
1,SD001,S394,T2,1,430.0,72.1259364557284
1,SD001,S394,T2,2,344.0,72.1259364557284
1,SD001,S394,T3,1,1290.0,72.1259364557284
1,SD001,S555,T2,1,186.99995000961295,73.51759159230284
1,SD001,S610,T2,1,144.0,72.37845192158939
1,SD001,S610,T2,2,115.2,72.37845192158939
1,SD001,S610,T3,1,432.0,72.37845192158939
1,SD001,S392,T2,1,515.0,72.55168514508541
1,SD001,S392,T2,2,26.610564323205537,72.55168514508541
1,SD001,S392,T3,1,111.0,72.55168514508541
1,SD001,S611,T2,1,129.0,72.80787198790621
1,SD001,S611,T2,2,103.2,72.80787198790621
1,SD002,JH_H002,T3,1,578.0,41.51640976921575
1,SD002,JH_H002,T3,2,178.35,41.51640976921575
1,SD002,JH_H008,T1,1,30.0,1.0827923580272938
1,SD002,JH_H008,T1,2,4.5,1.0827923580272938
1,SD002,JH_H008,T1,3,9.375,1.0827923580272938
1,SD002,JH_H008,T1,4,9.13125,1.0827923580272938
1,SD002,JH_H008,T3,1,90.0,1.0827923580272938
1,SD002,JH_H008,T3,2,76.5,1.0827923580272938
1,SD002,JH_H008,T3,3,71.25,1.0827923580272938
1,SD002,JH_H008,T3,4,65.0,1.0827923580272938
1,SD002,S051,T2,1,432.0,41.72141084148072
1,SD002,S051,T2,2,164.8,41.72141084148072
1,SD002,S051,T2,3,46.8,41.72141084148072
1,SD002,S051,T2,4,7.800000000000001,41.72141084148072
1,SD002,S402,T2,1,39.0,26.129154168488203
1,SD002,S402,T2,2,31.2,26.129154168488203
1,SD002,S402,T2,3,31.2,26.129154168488203
1,SD002,S402,T2,4,31.2,26.129154168488203
1,SD002,S402,T3,1,117.0,26.129154168488203
1,SD002,S402,T3,2,72.15,26.129154168488203
1,SD002,S402,T3,3,58.75,26.129154168488203
1,SD003,JH_H001,T2,2,5.410564323205335,37.40508264752206
1,SD003,JH_H009,T1,1,10.0,0.4313840120055951
1,SD003,JH_H009,T1,2,1.5,0.4313840120055951
1,SD003,JH_H009,T1,3,3.125,0.4313840120055951
1,SD003,JH_H009,T1,4,3.04375,0.4313840120055951
1,SD003,JH_H009,T3,1,30.0,0.4313840120055951
1,SD003,JH_H009,T3,2,25.5,0.4313840120055951
1,SD003,JH_H009,T3,3,23.75,0.4313840120055951
1,SD003,JH_H009,T3,4,23.8375,0.4313840120055951
1,SD003,JH_H010,T3,4,10.75625,28.49230688861869
1,SD003,S576,T2,3,61.0,28.692801988341532
1,SD003,S576,T2,4,30.0,28.692801988341532
1,SD003,S576,T3,2,231.5,28.692801988341532
1,SD003,S576,T3,3,78.25,28.692801988341532
1,SD003,S576,T3,4,16.40625,28.692801988341532
1,SD003,S356,T2,1,159.0,73.45952101268428
1,SD003,S378,T2,1,210.0,69.54504685635165
1,SD003,S662,T2,2,148.58943567679466,34.41204287813438
1,SD003,S662,T3,1,586.0,34.41204287813438
1,SD004,JH_H001,T2,1,961.938134730442,10.699808563193097
1,SD004,JH_H012,T3,1,148.1925687334232,1.593785827447224
1,SD004,JH_H012,T3,2,125.96368342340972,1.593785827447224
1,SD004,JH_H013,T1,1,31.242801755665603,2.6842115905313224
1,SD004,JH_H013,T1,2,4.6864202633498415,2.6842115905313224
1,SD004,JH_H013,T1,3,9.763375548645497,2.6842115905313224
1,SD004,JH_H013,T1,4,9.50952778438072,2.6842115905313224
1,SD004,JH_H013,T3,1,93.7284052669968,2.6842115905313224
1,SD004,JH_H013,T3,2,79.66914447694728,2.6842115905313224
1,SD004,JH_H014,T1,1,28.509280067367236,0.32354661842920146
1,SD004,JH_H014,T1,2,4.276392010105088,0.32354661842920146
1,SD004,JH_H014,T1,3,8.909150021052259,0.32354661842920146
1,SD004,JH_H014,T1,4,8.677512120504906,0.32354661842920146
1,SD004,JH_H014,T3,1,85.52784020210171,0.32354661842920146
1,SD004,JH_H014,T3,2,72.69866417178646,0.32354661842920146
1,SD004,JH_H014,T3,3,67.70954015999719,0.32354661842920146
1,SD004,S487,T2,2,240.8,1.2507354917512443
1,SD004,S487,T2,3,15.000000000000028,1.2507354917512443
1,SD004,S487,T3,1,903.0,1.2507354917512443
1,SD004,S487,T3,2,458.9999999999999,1.2507354917512443
1,SD004,S626,T2,2,128.8,2.1097408109848033
1,SD004,S626,T3,1,483.0,2.1097408109848033
1,SD004,S626,T3,2,297.85,2.1097408109848033
1,SD004,S625,T2,2,265.6,2.077856378373978
1,SD004,S625,T2,3,7.39999999999992,2.077856378373978
1,SD004,S625,T3,1,996.0,2.077856378373978
1,SD004,S625,T3,2,614.2,2.077856378373978
1,SD004,S488,T2,2,300.9894356767947,1.8413665454132206
1,SD004,S488,T3,1,1090.5511857974789,1.8413665454132206
1,SD004,S387,T2,1,65.0,70.733000100257
1,SD004,S585,T2,1,173.0,1.0153546860217733
1,SD004,S585,T2,2,138.4,1.0153546860217733
1,SD004,S585,T2,3,138.4,1.0153546860217733
1,SD004,S585,T2,4,138.4,1.0153546860217733
1,SD004,S585,T3,1,519.0,1.0153546860217733
1,SD004,S585,T3,2,320.05,1.0153546860217733
1,SD004,S585,T3,3,320.05,1.0153546860217733
1,SD004,S585,T3,4,305.9,1.0153546860217733
1,SD004,S189,T2,1,405.0,70.34522776415513
1,SD004,S516,T2,1,350.0,2.8151316973303575
1,SD004,S516,T2,2,211.0,2.8151316973303575
1,SD004,S516,T3,1,1050.0,2.8151316973303575
1,SD004,S386,T2,1,135.0,70.77095449642641
1,SD004,S169,T2,1,346.0,66.86436752992087
1,SD004,S596,T2,1,157.0,1.2472733119337553
1,SD004,S596,T2,2,125.6,1.2472733119337553
1,SD004,S596,T2,3,125.6,1.2472733119337553
1,SD004,S596,T2,4,114.80000000000001,1.2472733119337553
1,SD004,S596,T3,1,471.0,1.2472733119337553
1,SD004,S596,T3,2,290.45000000000005,1.2472733119337553
1,SD004,S596,T3,3,290.45000000000005,1.2472733119337553
1,SD004,S301,T2,1,149.0,66.75326012915696
1,SD004,S586,T2,1,226.0,0.7669305123872737
1,SD004,S586,T2,2,180.8,0.7669305123872737
1,SD004,S586,T2,3,180.8,0.7669305123872737
1,SD004,S586,T2,4,180.8,0.7669305123872737
1,SD004,S586,T3,1,678.0,0.7669305123872737
1,SD004,S586,T3,2,418.1,0.7669305123872737
1,SD004,S586,T3,3,418.1,0.7669305123872737
1,SD004,S586,T3,4,418.1,0.7669305123872737
1,SD004,S362,T2,1,263.0,70.42724553478037
1,SD004,S160,T2,1,122.0,71.522723321158
1,SD004,S364,T2,1,103.0,70.6653440104886
1,SD004,S662,T2,1,506.0,3.084617507958989
1,SD004,S662,T2,2,179.21056432320535,3.084617507958989
1,SD004,S662,T3,1,669.0,3.084617507958989
1,SD004,S662,T3,2,16.16850792785658,3.084617507958989
1,SD004,S583,T2,1,124.0,1.3098200579051456
1,SD004,S583,T2,2,99.2,1.3098200579051456
1,SD004,S583,T2,3,99.2,1.3098200579051456
1,SD004,S583,T3,1,372.0,1.3098200579051456
1,SD004,S583,T3,2,229.4,1.3098200579051456
1,SD004,S583,T3,3,229.4,1.3098200579051456
1,SD004,S161,T2,1,155.06181527917045,72.07137230984515
1,SD004,S477,T2,1,228.0,1.4997932513210326
1,SD004,S477,T2,2,182.4,1.4997932513210326
1,SD004,S477,T2,3,182.4,1.4997932513210326
1,SD004,S477,T3,1,684.0,1.4997932513210326
1,SD004,S477,T3,2,421.8,1.4997932513210326
1,SD004,S477,T3,3,122.2904598400027,1.4997932513210326
1,SD004,S228,T2,1,185.0,71.26261505013056
1,SD004,S052,T2,1,71.00004999038705,69.32726244189244
1,SD004,S587,T2,1,149.0,1.6268730303347014
1,SD004,S587,T2,2,119.2,1.6268730303347014
1,SD004,S587,T2,3,119.2,1.6268730303347014
1,SD004,S587,T3,1,447.0,1.6268730303347014
1,SD004,S587,T3,2,275.65,1.6268730303347014
1,SD004,S019,T2,1,174.0,70.3533644531121
1,SD004,S249,T2,1,166.0,69.9189824220068
1,SD005,JH_H003,T3,3,22.25,16.1076975841419
1,SD005,JH_H011,T1,1,10.0,0.534981795654251
1,SD005,JH_H011,T1,2,1.5,0.534981795654251
1,SD005,JH_H011,T1,3,3.125,0.534981795654251
1,SD005,JH_H011,T1,4,3.04375,0.534981795654251
1,SD005,JH_H011,T3,1,30.0,0.534981795654251
1,SD005,JH_H011,T3,2,25.5,0.534981795654251
1,SD005,JH_H011,T3,3,23.75,0.534981795654251
1,SD005,JH_H011,T3,4,23.0,0.534981795654251
1,SD005,S576,T2,1,168.0,64.0609251320312
1,SD005,S500,T3,1,250.0,57.23060275413017
1,SD005,S516,T2,2,69.0,56.60126439380239
1,SD005,S516,T2,3,27.0,56.60126439380239
1,SD005,S662,T3,2,90.5,56.95075227594894
1,SD005,S587,T2,4,13.0,56.465784070688635
1,SD006,JH_H003,T1,1,378.0,2.76486819460775
1,SD006,JH_H003,T1,2,56.70000000000002,2.76486819460775
1,SD006,JH_H003,T1,3,118.12500000000003,2.76486819460775
1,SD006,JH_H003,T1,4,115.05374999999998,2.76486819460775
1,SD006,JH_H003,T3,1,1134.0,2.76486819460775
1,SD006,JH_H003,T3,2,963.9,2.76486819460775
1,SD006,JH_H003,T3,3,675.25,2.76486819460775
1,SD006,JH_H003,T3,4,277.8125,2.76486819460775
1,SD006,JH_H015,T1,1,50.0,0.645170244514547
1,SD006,JH_H015,T1,2,7.5,0.645170244514547
1,SD006,JH_H015,T1,3,15.625,0.645170244514547
1,SD006,JH_H015,T1,4,15.21875,0.645170244514547
1,SD006,JH_H015,T3,1,150.0,0.645170244514547
1,SD006,JH_H015,T3,2,127.5,0.645170244514547
1,SD006,JH_H015,T3,3,118.75,0.645170244514547
1,SD006,JH_H015,T3,4,119.1875,0.645170244514547
1,SD006,S396,T2,1,114.0,116.31132961803561
1,SD006,S768,T2,1,209.0,114.89442484329975
1,SD006,S557,T2,1,290.0,103.46815823012216
1,SD006,S794,T2,1,141.0,97.296247789955
1,SD006,S297,T2,1,339.0,104.35548660742765
1,SD006,S397,T2,1,174.0,111.32392139945415
1,SD006,S626,T2,3,128.8,71.16072456883458
1,SD006,S576,T2,1,481.0,79.62252650290161
1,SD006,S500,T2,2,204.0,71.66162320310904
1,SD006,S500,T3,1,515.0,71.66162320310904
1,SD006,S500,T3,2,246.10000000000002,71.66162320310904
1,SD006,S625,T2,3,258.2000000000001,71.15737565184527
1,SD006,S625,T2,4,238.0,71.15737565184527
1,SD006,S599,T2,2,87.2,72.54250883551236
1,SD006,S599,T3,1,327.0,72.54250883551236
1,SD006,S653,T2,2,180.8,71.95860830726068
1,SD006,S359,T2,1,389.0,125.35549684430904
1,SD006,S400,T2,1,71.0,108.7439912209304
1,SD006,S407,T2,2,179.2,72.5520713734699
1,SD006,S407,T3,1,672.0,72.5520713734699
1,SD006,S167,T2,1,166.0,124.44006894678701
1,SD006,S075,T2,1,188.0,126.66504747975978
1,SD006,S516,T2,3,88.99999999999989,71.56667790868094
1,SD006,S516,T3,2,647.5,71.56667790868094
1,SD006,S378,T2,1,235.0,120.62760433707786
1,SD006,S600,T2,2,154.4,72.43437422947342
1,SD006,S600,T3,1,557.4488142025211,72.43437422947342
1,SD006,S392,T2,2,385.38943567679445,73.86249158942361
1,SD006,S392,T3,1,1409.5511857974789,73.86249158942361
1,SD006,S519,T2,2,0.01056432320552858,73.73425106223932
1,SD006,S401,T2,1,62.0,124.4263493755748
1,SD007,JH_H007,T1,1,75.0,4.981102350506281
1,SD007,JH_H007,T1,2,11.25,4.981102350506281
1,SD007,JH_H007,T1,3,23.4375,4.981102350506281
1,SD007,JH_H007,T1,4,22.828125,4.981102350506281
1,SD007,JH_H007,T3,1,225.0,4.981102350506281
1,SD007,JH_H007,T3,2,191.25,4.981102350506281
1,SD007,JH_H007,T3,3,178.125,4.981102350506281
1,SD007,JH_H007,T3,4,112.0,4.981102350506281
1,SD007,S574,T2,1,333.0,55.30035441403435
1,SD007,S574,T2,2,266.4,55.30035441403435
1,SD007,S574,T2,3,134.0,55.30035441403435
1,SD007,S574,T2,4,67.0,55.30035441403435
1,SD007,S574,T3,1,999.0,55.30035441403435
1,SD007,S574,T3,2,368.75,55.30035441403435
1,SD007,S574,T3,3,45.875,55.30035441403435
1,SD007,S615,T2,1,84.0,56.83741643732918
1,SD007,S646,T2,1,195.0,55.980994050691734
1,SD007,S646,T2,2,69.60000000000002,55.980994050691734
1,SD007,S646,T3,1,121.0,55.980994050691734
1,SD007,S614,T2,1,125.0,56.71053077279719
1,SD007,S051,T2,1,70.0,56.67533855897754
1,SD008,JH_H003,T3,3,15.375,36.223692885411175
1,SD008,JH_H010,T1,1,15.0,2.2723099352135923
1,SD008,JH_H010,T1,2,2.25,2.2723099352135923
1,SD008,JH_H010,T1,3,4.6875,2.2723099352135923
1,SD008,JH_H010,T1,4,4.565625,2.2723099352135923
1,SD008,JH_H010,T3,1,45.0,2.2723099352135923
1,SD008,JH_H010,T3,2,38.25,2.2723099352135923
1,SD008,JH_H010,T3,3,35.625,2.2723099352135923
1,SD008,JH_H010,T3,4,25.0,2.2723099352135923
1,SD008,S794,T2,1,10.0,64.48707868496672
1,SD008,S001,T2,1,174.0,63.758184190697605
1,SD008,S576,T2,3,30.0,54.01101080067525
1,SD008,S576,T2,4,15.0,54.01101080067525
1,SD008,S576,T3,2,89.75,54.01101080067525
1,SD008,S662,T2,2,77.0,59.96276202166144
1,SD008,S662,T3,1,263.0,59.96276202166144
1,SD009,JH_H002,T1,1,524.2453752526757,8.677094127999364
1,SD009,JH_H002,T1,2,78.63680628790132,8.677094127999364
1,SD009,JH_H002,T1,3,163.82667976646115,8.677094127999364
1,SD009,JH_H002,T1,4,159.56718609253323,8.677094127999364
1,SD009,JH_H012,T1,1,49.39752291114107,1.4576943447875488
1,SD009,JH_H012,T1,2,7.409628436671163,1.4576943447875488
1,SD009,JH_H012,T1,3,15.436725909731582,1.4576943447875488
1,SD009,JH_H012,T1,4,15.035371036078566,1.4576943447875488
1,SD009,JH_H012,T3,3,117.31911691396004,1.4576943447875488
1,SD009,JH_H012,T3,4,117.75134523943251,1.4576943447875488
1,SD009,JH_H014,T3,4,67.95899636058665,0.4466966349245021
1,SD009,S487,T2,1,301.0,1.0348611048750498
1,SD009,S487,T2,3,225.79999999999998,1.0348611048750498
1,SD009,S487,T2,4,240.8,1.0348611048750498
1,SD009,S487,T3,2,97.85000000000011,1.0348611048750498
1,SD009,S487,T3,3,556.85,1.0348611048750498
1,SD009,S487,T3,4,556.85,1.0348611048750498
1,SD009,S626,T2,1,161.0,2.229220505779742
1,SD009,S500,T2,1,255.0,3.511821886553356
1,SD009,S625,T2,1,332.0,2.2142342239044885
1,SD009,S476,T2,1,442.0,2.397830934450181
1,SD009,S476,T2,2,353.6,2.397830934450181
1,SD009,S476,T3,1,1326.0,2.397830934450181
1,SD009,S476,T3,2,817.7,2.397830934450181
1,SD009,S488,T2,1,887.0,1.4592468756210197
1,SD009,S488,T2,2,408.6105643232053,1.4592468756210197
1,SD009,S488,T2,3,709.6,1.4592468756210197
1,SD009,S488,T2,4,347.2,1.4592468756210197
1,SD009,S488,T3,1,1570.4488142025211,1.4592468756210197
1,SD009,S488,T3,2,1640.95,1.4592468756210197
1,SD009,S488,T3,3,1287.83088308604,1.4592468756210197
1,SD009,S488,T3,4,224.2896583999808,1.4592468756210197
1,SD009,S599,T2,1,109.0,4.390423292539299
1,SD009,S474,T2,1,130.0,2.1392098877866896
1,SD009,S474,T2,2,104.0,2.1392098877866896
1,SD009,S474,T2,3,104.0,2.1392098877866896
1,SD009,S474,T3,1,390.0,2.1392098877866896
1,SD009,S474,T3,2,240.5,2.1392098877866896
1,SD009,S585,T3,4,14.150000000000034,1.378762806137195
1,SD009,S653,T2,1,226.0,3.3728701796297083
1,SD009,S653,T3,1,678.0,3.3728701796297083
1,SD009,S534,T2,1,220.0,6.589952614326456
1,SD009,S407,T2,1,224.0,5.206845854037303
1,SD009,S470,T2,1,159.0,3.004424742948205
1,SD009,S470,T2,2,127.2,3.004424742948205
1,SD009,S470,T3,1,477.0,3.004424742948205
1,SD009,S468,T2,1,258.0,2.5066937194501957
1,SD009,S468,T2,2,206.4,2.5066937194501957
1,SD009,S468,T3,1,774.0,2.5066937194501957
1,SD009,S468,T3,2,477.3,2.5066937194501957
1,SD009,S475,T2,1,411.0,2.2821384274382996
1,SD009,S475,T2,2,328.8,2.2821384274382996
1,SD009,S475,T3,1,1233.0,2.2821384274382996
1,SD009,S475,T3,2,760.35,2.2821384274382996
1,SD009,S555,T2,1,157.00004999038705,7.247923846154981
1,SD009,S527,T2,1,195.0,2.95674963336408
1,SD009,S527,T2,2,156.0,2.95674963336408
1,SD009,S527,T3,1,585.0,2.95674963336408
1,SD009,S652,T2,1,172.0,2.0922070322925164
1,SD009,S652,T2,2,137.6,2.0922070322925164
1,SD009,S652,T2,3,137.6,2.0922070322925164
1,SD009,S652,T3,1,516.0,2.0922070322925164
1,SD009,S652,T3,2,318.20000000000005,2.0922070322925164
1,SD009,S579,T2,1,185.0,4.964191600894386
1,SD009,S579,T2,2,148.0,4.964191600894386
1,SD009,S579,T3,1,555.0,4.964191600894386
1,SD009,S515,T2,1,79.0,2.325791786803242
1,SD009,S515,T2,2,63.2,2.325791786803242
1,SD009,S515,T3,1,237.0,2.325791786803242
1,SD009,S515,T3,2,146.15,2.325791786803242
1,SD009,S600,T2,1,193.0,4.0691848180766375
1,SD009,S600,T3,1,21.551185797478865,4.0691848180766375
1,SD009,S113,T2,1,156.0,70.83450494490985
1,SD009,S492,T2,1,479.0,4.001671156251342
1,SD009,S492,T2,2,383.2,4.001671156251342
1,SD009,S492,T3,1,1437.0,4.001671156251342
1,SD009,S609,T2,1,112.0,3.6639555424998242
1,SD009,S609,T2,2,89.6,3.6639555424998242
1,SD009,S609,T3,1,336.0,3.6639555424998242
1,SD009,S481,T2,1,193.0,4.440707825216017
1,SD009,S481,T2,2,154.4,4.440707825216017
1,SD009,S481,T3,1,579.0,4.440707825216017
1,SD009,S143,T2,1,123.0,69.04589152355453
1,SD009,S052,T2,1,102.99995000961295,69.51307207558743
1,SD009,S519,T2,1,40.0,4.79292685895804
1,SD009,S519,T2,2,31.98943567679447,4.79292685895804
1,SD009,S519,T3,1,120.0,4.79292685895804
1,SD009,S241,T2,1,228.0,70.82739897316245
1,SD009,S467,T2,1,93.0,3.667708178553188
1,SD009,S467,T2,2,74.4,3.667708178553188
1,SD009,S467,T3,1,279.0,3.667708178553188
1,SD009,S473,T2,1,220.0,2.681359796816352
1,SD009,S473,T2,2,176.0,2.681359796816352
1,SD009,S473,T3,1,660.0,2.681359796816352
1,SD009,S473,T3,2,407.0,2.681359796816352
1,SD009,S384,T2,1,221.0,69.80530147033465
1,SD010,JH_H001,T2,2,5.7999999999999545,25.229261577539656
1,SD010,JH_H001,T3,1,155.0,25.229261577539656
1,SD010,S576,T2,2,519.2,1.5750823381651595
1,SD010,S576,T2,3,210.0,1.5750823381651595
1,SD010,S576,T2,4,105.0,1.5750823381651595
1,SD010,S576,T3,1,1947.0,1.5750823381651595
1,SD010,S576,T3,2,876.0,1.5750823381651595
1,SD010,S576,T3,3,350.0,1.5750823381651595
1,SD010,S576,T3,4,175.0,1.5750823381651595
1,SD010,S168,T2,1,420.0,45.324816709689756
1,SD010,S358,T2,1,143.0,46.243163600968444
1,SD010,S189,T2,1,84.0,47.41832340610207
1,SD010,S445,T2,1,63.0,45.74269378818629
1,SD010,S186,T2,1,141.0,47.641797465459895
1,SD010,S227,T2,1,203.0,48.11112261882882
1,SD010,S401,T2,1,207.0,45.16267111899092
1,SD011,JH_H001,T2,2,455.0,18.95427518527753
1,SD011,JH_H001,T2,3,182.0,18.95427518527753
1,SD011,JH_H001,T2,4,90.0,18.95427518527753
1,SD011,JH_H001,T3,1,1492.0,18.95427518527753
1,SD011,JH_H001,T3,2,478.5,18.95427518527753
1,SD011,JH_H001,T3,3,41.75,18.95427518527753
1,SD011,JH_H006,T1,1,110.0,1.7150550139812313
1,SD011,JH_H006,T1,2,16.5,1.7150550139812313
1,SD011,JH_H006,T1,3,34.375,1.7150550139812313
1,SD011,JH_H006,T1,4,33.48125000000001,1.7150550139812313
1,SD011,JH_H006,T3,1,330.0,1.7150550139812313
1,SD011,JH_H006,T3,2,280.5,1.7150550139812313
1,SD011,JH_H006,T3,3,261.25,1.7150550139812313
1,SD011,JH_H006,T3,4,151.0,1.7150550139812313
1,SD011,S194,T2,1,442.0,58.789887838120585
1,SD011,S215,T2,1,154.0,58.33431312566647
1,SD011,S214,T2,1,243.0,58.593194094734315
1,SD011,S193,T2,1,172.0,57.98767356151768
1,SD011,S113,T2,1,49.0,57.764653293260956
1,SD011,S429,T2,1,33.0,54.92619755416661
2,SD001,JH_H004,T1,1,150.0,1.854989649044953
2,SD001,JH_H004,T1,2,22.499970008097762,1.854989649044953
2,SD001,JH_H004,T1,3,46.875019494736364,1.854989649044953
2,SD001,JH_H004,T1,4,45.65624902526321,1.854989649044953
2,SD001,JH_H004,T2,2,2.9991902266601755e-05,1.854989649044953
2,SD001,JH_H004,T3,1,450.0,1.854989649044953
2,SD001,JH_H004,T3,2,382.5,1.854989649044953
2,SD001,JH_H004,T3,3,305.0,1.854989649044953
2,SD001,JH_H004,T3,4,152.0,1.854989649044953
2,SD001,S574,T2,1,21.0,71.89671568387841
2,SD001,S574,T2,2,20.39997000809754,71.89671568387841
2,SD001,S500,T2,2,77.6000000000002,71.51481572097616
2,SD001,S500,T2,3,183.0,71.51481572097616
2,SD001,S500,T2,4,91.0,71.51481572097616
2,SD001,S500,T3,1,35.0,71.51481572097616
2,SD001,S500,T3,2,381.5,71.51481572097616
2,SD001,S615,T2,1,57.0,73.12604490789893
2,SD001,S653,T2,2,180.8,71.80138022276273
2,SD001,S653,T3,1,678.0,71.80138022276273
2,SD001,S407,T2,2,179.2,71.68431985910988
2,SD001,S407,T3,1,672.0,71.68431985910988
2,SD001,S646,T2,1,195.0,72.49823348913633
2,SD001,S394,T2,1,430.0,72.1259364557284
2,SD001,S610,T2,1,144.0,72.37845192158939
2,SD001,S614,T2,1,125.0,73.21476069856318
2,SD001,S611,T2,1,129.0,72.80787198790621
2,SD002,JH_H002,T3,1,317.0,41.51640976921575
2,SD002,JH_H002,T3,2,69.35,41.51640976921575
2,SD002,JH_H008,T1,1,30.0,1.0827923580272938
2,SD002,JH_H008,T1,2,4.5,1.0827923580272938
2,SD002,JH_H008,T1,3,9.375,1.0827923580272938
2,SD002,JH_H008,T1,4,9.13125,1.0827923580272938
2,SD002,JH_H008,T3,1,90.0,1.0827923580272938
2,SD002,JH_H008,T3,2,76.5,1.0827923580272938
2,SD002,JH_H008,T3,3,71.25,1.0827923580272938
2,SD002,JH_H008,T3,4,43.0,1.0827923580272938
2,SD002,S051,T2,1,275.0,41.72141084148072
2,SD002,S051,T2,2,99.8,41.72141084148072
2,SD002,S051,T2,3,20.8,41.72141084148072
2,SD002,S402,T2,1,39.0,26.129154168488203
2,SD002,S402,T2,2,31.2,26.129154168488203
2,SD002,S402,T2,3,31.2,26.129154168488203
2,SD002,S402,T2,4,26.0,26.129154168488203
2,SD002,S402,T3,1,117.0,26.129154168488203
2,SD002,S402,T3,2,72.15,26.129154168488203
2,SD002,S402,T3,3,15.75,26.129154168488203
2,SD003,JH_H009,T1,1,10.0,0.4313840120055951
2,SD003,JH_H009,T1,2,1.5,0.4313840120055951
2,SD003,JH_H009,T1,3,3.125,0.4313840120055951
2,SD003,JH_H009,T1,4,3.04375,0.4313840120055951
2,SD003,JH_H009,T3,1,30.0,0.4313840120055951
2,SD003,JH_H009,T3,2,25.5,0.4313840120055951
2,SD003,JH_H009,T3,3,23.75,0.4313840120055951
2,SD003,JH_H009,T3,4,23.8375,0.4313840120055951
2,SD003,JH_H010,T3,3,1.625,28.49230688861869
2,SD003,JH_H010,T3,4,10.162500000000001,28.49230688861869
2,SD003,S297,T2,1,194.0,54.366047784019706
2,SD003,S397,T2,1,52.0,60.66543092481636
2,SD003,S576,T2,2,102.0,28.692801988341532
2,SD003,S576,T2,3,41.0,28.692801988341532
2,SD003,S576,T2,4,20.0,28.692801988341532
2,SD003,S576,T3,1,381.0,28.692801988341532
2,SD003,S576,T3,2,145.5,28.692801988341532
2,SD003,S576,T3,3,42.625,28.692801988341532
2,SD004,JH_H001,T2,1,426.57934893635695,10.699808563193097
2,SD004,JH_H012,T3,1,158.75654265149348,1.593785827447224
2,SD004,JH_H013,T1,1,34.15126717285663,2.6842115905313224
2,SD004,JH_H013,T1,2,5.122690075928496,2.6842115905313224
2,SD004,JH_H013,T1,3,10.672270991517697,2.6842115905313224
2,SD004,JH_H013,T1,4,10.394791945738236,2.6842115905313224
2,SD004,JH_H013,T3,1,102.45380151856989,2.6842115905313224
2,SD004,JH_H014,T1,1,32.325610428999944,0.32354661842920146
2,SD004,JH_H014,T1,2,4.848841564349993,0.32354661842920146
2,SD004,JH_H014,T1,3,10.101753259062484,0.32354661842920146
2,SD004,JH_H014,T1,4,9.839107674326858,0.32354661842920146
2,SD004,JH_H014,T3,1,96.97683128699983,0.32354661842920146
2,SD004,S487,T2,1,301.0,1.2507354917512443
2,SD004,S487,T2,2,240.8,1.2507354917512443
2,SD004,S487,T3,1,835.0,1.2507354917512443
2,SD004,S626,T2,1,161.0,2.1097408109848033
2,SD004,S626,T2,2,98.99999999999983,2.1097408109848033
2,SD004,S626,T3,1,444.8128245429366,2.1097408109848033
2,SD004,S500,T2,1,255.0,3.8511885474328467
2,SD004,S625,T2,1,332.0,2.077856378373978
2,SD004,S625,T2,2,265.6,2.077856378373978
2,SD004,S625,T3,1,996.0,2.077856378373978
2,SD004,S625,T3,2,463.55000000000007,2.077856378373978
2,SD004,S488,T2,1,94.42065106364305,1.8413665454132206
2,SD004,S585,T2,1,173.0,1.0153546860217733
2,SD004,S585,T2,2,138.4,1.0153546860217733
2,SD004,S585,T2,3,138.4,1.0153546860217733
2,SD004,S585,T2,4,109.19999999999999,1.0153546860217733
2,SD004,S585,T3,1,519.0,1.0153546860217733
2,SD004,S585,T3,2,320.05,1.0153546860217733
2,SD004,S585,T3,3,320.05,1.0153546860217733
2,SD004,S585,T3,4,64.89999999999998,1.0153546860217733
2,SD004,S516,T2,1,350.0,2.8151316973303575
2,SD004,S596,T2,1,157.0,1.2472733119337553
2,SD004,S596,T2,2,125.6,1.2472733119337553
2,SD004,S596,T2,3,125.6,1.2472733119337553
2,SD004,S596,T3,1,471.0,1.2472733119337553
2,SD004,S596,T3,2,290.45000000000005,1.2472733119337553
2,SD004,S596,T3,3,228.85000000000002,1.2472733119337553
2,SD004,S586,T2,1,226.0,0.7669305123872737
2,SD004,S586,T2,2,180.8,0.7669305123872737
2,SD004,S586,T2,3,180.8,0.7669305123872737
2,SD004,S586,T2,4,180.8,0.7669305123872737
2,SD004,S586,T3,1,678.0,0.7669305123872737
2,SD004,S586,T3,2,418.1,0.7669305123872737
2,SD004,S586,T3,3,418.1,0.7669305123872737
2,SD004,S586,T3,4,418.1,0.7669305123872737
2,SD004,S662,T2,1,506.0,3.084617507958989
2,SD004,S583,T2,1,124.0,1.3098200579051456
2,SD004,S583,T2,2,99.2,1.3098200579051456
2,SD004,S583,T2,3,99.2,1.3098200579051456
2,SD004,S583,T3,1,372.0,1.3098200579051456
2,SD004,S583,T3,2,229.4,1.3098200579051456
2,SD004,S477,T2,1,228.0,1.4997932513210326
2,SD004,S477,T2,2,182.4,1.4997932513210326
2,SD004,S477,T2,3,35.99999999999997,1.4997932513210326
2,SD004,S477,T3,1,684.0,1.4997932513210326
2,SD004,S477,T3,2,421.8,1.4997932513210326
2,SD004,S587,T2,1,149.0,1.6268730303347014
2,SD004,S587,T2,2,119.2,1.6268730303347014
2,SD004,S587,T3,1,447.0,1.6268730303347014
2,SD004,S587,T3,2,275.65,1.6268730303347014
2,SD005,JH_H003,T3,3,7.25,16.1076975841419
2,SD005,JH_H011,T1,1,10.0,0.534981795654251
2,SD005,JH_H011,T1,2,1.5,0.534981795654251
2,SD005,JH_H011,T1,3,3.125,0.534981795654251
2,SD005,JH_H011,T1,4,3.04375,0.534981795654251
2,SD005,JH_H011,T3,1,30.0,0.534981795654251
2,SD005,JH_H011,T3,2,25.5,0.534981795654251
2,SD005,JH_H011,T3,3,23.75,0.534981795654251
2,SD005,JH_H011,T3,4,15.0,0.534981795654251
2,SD005,S297,T2,1,112.0,89.61585203432902
2,SD005,S626,T3,2,52.5,56.508390594411956
2,SD005,S662,T2,2,46.0,56.95075227594894
2,SD005,S662,T3,1,157.0,56.95075227594894
2,SD005,S587,T2,3,18.0,56.465784070688635
2,SD005,S587,T2,4,9.0,56.465784070688635
2,SD006,JH_H003,T1,1,378.0,2.76486819460775
2,SD006,JH_H003,T1,2,56.70000000000002,2.76486819460775
2,SD006,JH_H003,T1,3,118.12500000000003,2.76486819460775
2,SD006,JH_H003,T1,4,115.05374999999998,2.76486819460775
2,SD006,JH_H003,T3,1,1134.0,2.76486819460775
2,SD006,JH_H003,T3,2,963.9,2.76486819460775
2,SD006,JH_H003,T3,3,411.25,2.76486819460775
2,SD006,JH_H003,T3,4,145.8125,2.76486819460775
2,SD006,JH_H015,T1,1,50.0,0.645170244514547
2,SD006,JH_H015,T1,2,7.5,0.645170244514547
2,SD006,JH_H015,T1,3,15.625,0.645170244514547
2,SD006,JH_H015,T1,4,15.21875,0.645170244514547
2,SD006,JH_H015,T3,1,150.0,0.645170244514547
2,SD006,JH_H015,T3,2,127.5,0.645170244514547
2,SD006,JH_H015,T3,3,118.75,0.645170244514547
2,SD006,JH_H015,T3,4,119.1875,0.645170244514547
2,SD006,S768,T2,1,42.42065106364305,114.89442484329975
2,SD006,S557,T2,1,290.0,103.46815823012216
2,SD006,S794,T2,1,151.0,97.296247789955
2,SD006,S001,T2,1,51.0,96.66284671481966
2,SD006,S297,T2,1,33.0,104.35548660742765
2,SD006,S626,T2,2,29.800000000000182,71.16072456883458
2,SD006,S626,T2,3,52.39999999999998,71.16072456883458
2,SD006,S626,T3,1,38.187175457063404,71.16072456883458
2,SD006,S626,T3,2,234.60000000000002,71.16072456883458
2,SD006,S500,T2,2,126.3999999999998,71.66162320310904
2,SD006,S500,T3,1,730.0,71.66162320310904
2,SD006,S625,T2,3,265.6,71.15737565184527
2,SD006,S625,T2,4,159.0,71.15737565184527
2,SD006,S615,T2,1,270.0,74.81662046982781
2,SD006,S407,T2,1,224.0,72.5520713734699
2,SD006,S516,T2,2,280.0,71.56667790868094
2,SD006,S516,T3,1,1050.0,71.56667790868094
2,SD006,S555,T2,1,333.57934893635695,75.10624726451854
2,SD006,S662,T2,2,358.8,71.95011219214574
2,SD006,S662,T3,1,80.8128245429366,71.95011219214574
2,SD006,S392,T2,1,515.0,73.86249158942361
2,SD007,JH_H007,T1,1,75.0,4.981102350506281
2,SD007,JH_H007,T1,2,11.25,4.981102350506281
2,SD007,JH_H007,T1,3,23.4375,4.981102350506281
2,SD007,JH_H007,T1,4,22.828125,4.981102350506281
2,SD007,JH_H007,T3,1,225.0,4.981102350506281
2,SD007,JH_H007,T3,2,191.25,4.981102350506281
2,SD007,JH_H007,T3,3,149.0,4.981102350506281
2,SD007,JH_H007,T3,4,74.0,4.981102350506281
2,SD007,S574,T2,1,312.0,55.30035441403435
2,SD007,S574,T2,2,224.0,55.30035441403435
2,SD007,S574,T2,3,89.0,55.30035441403435
2,SD007,S574,T2,4,44.0,55.30035441403435
2,SD007,S574,T3,1,674.0,55.30035441403435
2,SD007,S574,T3,2,182.75,55.30035441403435
2,SD007,S051,T2,1,227.0,56.67533855897754
2,SD008,JH_H010,T1,1,15.0,2.2723099352135923
2,SD008,JH_H010,T1,2,2.25,2.2723099352135923
2,SD008,JH_H010,T1,3,4.6875,2.2723099352135923
2,SD008,JH_H010,T1,4,4.565625,2.2723099352135923
2,SD008,JH_H010,T3,1,45.0,2.2723099352135923
2,SD008,JH_H010,T3,2,38.25,2.2723099352135923
2,SD008,JH_H010,T3,3,34.0,2.2723099352135923
2,SD008,JH_H010,T3,4,17.0,2.2723099352135923
2,SD008,S001,T2,1,123.0,63.758184190697605
2,SD008,S576,T2,2,51.0,54.01101080067525
2,SD008,S576,T2,3,20.0,54.01101080067525
2,SD008,S576,T2,4,10.0,54.01101080067525
2,SD008,S576,T3,1,161.0,54.01101080067525
2,SD008,S576,T3,2,46.75,54.01101080067525
2,SD009,JH_H002,T1,1,549.40521520633,8.677094127999364
2,SD009,JH_H002,T1,2,82.41078228094949,8.677094127999364
2,SD009,JH_H002,T1,3,171.68912975197813,8.677094127999364
2,SD009,JH_H002,T1,4,167.22521237842673,8.677094127999364
2,SD009,JH_H012,T1,1,52.91884755049782,1.4576943447875488
2,SD009,JH_H012,T1,2,7.937827132574675,1.4576943447875488
2,SD009,JH_H012,T1,3,16.537139859530566,1.4576943447875488
2,SD009,JH_H012,T1,4,16.107174223182778,1.4576943447875488
2,SD009,JH_H012,T3,2,134.94306125376946,1.4576943447875488
2,SD009,JH_H012,T3,3,125.68226293243234,1.4576943447875488
2,SD009,JH_H012,T3,4,0.013229970624632263,1.4576943447875488
2,SD009,JH_H014,T3,2,82.43030659394985,0.4466966349245021
2,SD009,JH_H014,T3,3,76.77332476887486,0.4466966349245021
2,SD009,JH_H014,T3,4,77.05617386012861,0.4466966349245021
2,SD009,S487,T2,3,240.8,1.0348611048750498
2,SD009,S487,T2,4,240.8,1.0348611048750498
2,SD009,S487,T3,1,68.0,1.0348611048750498
2,SD009,S487,T3,2,556.85,1.0348611048750498
2,SD009,S487,T3,3,556.85,1.0348611048750498
2,SD009,S487,T3,4,556.85,1.0348611048750498
2,SD009,S626,T3,2,10.75,2.229220505779742
2,SD009,S625,T3,2,150.64999999999998,2.2142342239044885
2,SD009,S476,T2,1,442.0,2.397830934450181
2,SD009,S476,T2,2,353.6,2.397830934450181
2,SD009,S476,T3,1,1326.0,2.397830934450181
2,SD009,S488,T2,1,792.579348936357,1.4592468756210197
2,SD009,S488,T2,2,709.6,1.4592468756210197
2,SD009,S488,T2,3,545.2,1.4592468756210197
2,SD009,S488,T2,4,122.99999999999997,1.4592468756210197
2,SD009,S488,T3,1,2661.0,1.4592468756210197
2,SD009,S488,T3,2,1640.95,1.4592468756210197
2,SD009,S488,T3,3,550.6944122986928,1.4592468756210197
2,SD009,S599,T2,1,109.0,4.390423292539299
2,SD009,S474,T2,1,130.0,2.1392098877866896
2,SD009,S474,T2,2,104.0,2.1392098877866896
2,SD009,S474,T3,1,390.0,2.1392098877866896
2,SD009,S474,T3,2,240.5,2.1392098877866896
2,SD009,S585,T2,4,29.200000000000017,1.378762806137195
2,SD009,S585,T3,4,21.080596169246736,1.378762806137195
2,SD009,S653,T2,1,226.0,3.3728701796297083
2,SD009,S534,T2,1,220.0,6.589952614326456
2,SD009,S470,T2,1,159.0,3.004424742948205
2,SD009,S468,T2,1,258.0,2.5066937194501957
2,SD009,S468,T2,2,206.4,2.5066937194501957
2,SD009,S468,T3,1,774.0,2.5066937194501957
2,SD009,S475,T2,1,411.0,2.2821384274382996
2,SD009,S475,T2,2,328.8,2.2821384274382996
2,SD009,S475,T3,1,1233.0,2.2821384274382996
2,SD009,S475,T3,2,141.72663215228079,2.2821384274382996
2,SD009,S555,T2,1,10.42065106364305,7.247923846154981
2,SD009,S527,T2,1,195.0,2.95674963336408
2,SD009,S652,T2,1,172.0,2.0922070322925164
2,SD009,S652,T2,2,137.6,2.0922070322925164
2,SD009,S652,T3,1,516.0,2.0922070322925164
2,SD009,S652,T3,2,318.20000000000005,2.0922070322925164
2,SD009,S579,T2,1,185.0,4.964191600894386
2,SD009,S515,T2,1,79.0,2.325791786803242
2,SD009,S515,T2,2,63.2,2.325791786803242
2,SD009,S515,T3,1,237.0,2.325791786803242
2,SD009,S600,T2,1,193.0,4.0691848180766375
2,SD009,S492,T2,1,479.0,4.001671156251342
2,SD009,S609,T2,1,112.0,3.6639555424998242
2,SD009,S481,T2,1,193.0,4.440707825216017
2,SD009,S519,T2,1,40.0,4.79292685895804
2,SD009,S467,T2,1,93.0,3.667708178553188
2,SD009,S473,T2,1,220.0,2.681359796816352
2,SD009,S473,T2,2,62.80000000000008,2.681359796816352
2,SD009,S473,T3,1,660.0,2.681359796816352
2,SD010,S397,T2,1,122.0,35.20038533900973
2,SD010,S576,T2,1,649.0,1.5750823381651595
2,SD010,S576,T2,2,351.0,1.5750823381651595
2,SD010,S576,T2,3,140.0,1.5750823381651595
2,SD010,S576,T2,4,70.0,1.5750823381651595
2,SD010,S576,T3,1,1404.0,1.5750823381651595
2,SD010,S576,T3,2,585.0,1.5750823381651595
2,SD010,S576,T3,3,234.0,1.5750823381651595
2,SD010,S576,T3,4,117.0,1.5750823381651595
2,SD010,S400,T2,1,71.0,30.88149425726887
2,SD011,JH_H001,T2,1,548.0,18.95427518527753
2,SD011,JH_H001,T2,2,304.0,18.95427518527753
2,SD011,JH_H001,T2,3,121.0,18.95427518527753
2,SD011,JH_H001,T2,4,60.0,18.95427518527753
2,SD011,JH_H001,T3,1,887.0,18.95427518527753
2,SD011,JH_H001,T3,2,226.5,18.95427518527753
2,SD011,JH_H006,T1,1,110.0,1.7150550139812313
2,SD011,JH_H006,T1,2,16.5,1.7150550139812313
2,SD011,JH_H006,T1,3,34.375,1.7150550139812313
2,SD011,JH_H006,T1,4,33.48125000000001,1.7150550139812313
2,SD011,JH_H006,T3,1,330.0,1.7150550139812313
2,SD011,JH_H006,T3,2,280.5,1.7150550139812313
2,SD011,JH_H006,T3,3,202.0,1.7150550139812313
2,SD011,JH_H006,T3,4,101.0,1.7150550139812313
2,SD011,S301,T2,1,149.0,55.488079295934206
2,SD011,S429,T2,1,33.0,54.92619755416661
3,SD001,JH_H003,T3,3,109.5,21.731599722578093
3,SD001,JH_H004,T1,1,149.99994195204476,1.854989649044953
3,SD001,JH_H004,T1,2,22.50003773117089,1.854989649044953
3,SD001,JH_H004,T1,3,46.87499811344151,1.854989649044953
3,SD001,JH_H004,T1,4,45.65625009432796,1.854989649044953
3,SD001,JH_H004,T2,1,5.804795532071694e-05,1.854989649044953
3,SD001,JH_H004,T3,1,450.0,1.854989649044953
3,SD001,JH_H004,T3,2,382.49995936643126,1.854989649044953
3,SD001,JH_H004,T3,3,356.25000203167843,1.854989649044953
3,SD001,JH_H004,T3,4,261.0,1.854989649044953
3,SD001,S574,T2,2,91.19999999999999,71.89671568387841
3,SD001,S574,T3,1,999.0,71.89671568387841
3,SD001,S574,T3,2,151.35004063356854,71.89671568387841
3,SD001,S500,T2,3,204.0,71.51481572097616
3,SD001,S500,T2,4,156.0,71.51481572097616
3,SD001,S500,T3,3,57.249997968321566,71.51481572097616
3,SD001,S615,T2,1,327.0,73.12604490789893
3,SD001,S653,T3,2,359.7500000000001,71.80138022276273
3,SD001,S407,T2,3,109.0,71.68431985910988
3,SD001,S407,T3,2,414.40000000000003,71.68431985910988
3,SD001,S646,T2,2,156.0,72.49823348913633
3,SD001,S646,T3,1,585.0,72.49823348913633
3,SD001,S394,T2,1,430.0,72.1259364557284
3,SD001,S394,T2,2,322.6,72.1259364557284
3,SD001,S394,T3,1,624.6784207959581,72.1259364557284
3,SD001,S555,T2,1,338.99994195204465,73.51759159230284
3,SD001,S610,T2,1,144.0,72.37845192158939
3,SD001,S610,T2,2,115.2,72.37845192158939
3,SD001,S610,T3,1,432.0,72.37845192158939
3,SD001,S614,T2,2,100.0,73.21476069856318
3,SD001,S614,T3,1,49.32157920404188,73.21476069856318
3,SD001,S392,T2,1,515.0,72.55168514508541
3,SD001,S611,T2,1,129.0,72.80787198790621
3,SD002,JH_H002,T3,1,227.21382533076326,41.51640976921575
3,SD002,JH_H002,T3,2,224.35000000000002,41.51640976921575
3,SD002,JH_H002,T3,3,5.599999999999994,41.51640976921575
3,SD002,JH_H008,T1,1,30.0,1.0827923580272938
3,SD002,JH_H008,T1,2,4.5,1.0827923580272938
3,SD002,JH_H008,T1,3,9.375,1.0827923580272938
3,SD002,JH_H008,T1,4,9.13125,1.0827923580272938
3,SD002,JH_H008,T3,1,90.0,1.0827923580272938
3,SD002,JH_H008,T3,2,76.5,1.0827923580272938
3,SD002,JH_H008,T3,3,71.25,1.0827923580272938
3,SD002,JH_H008,T3,4,71.5125,1.0827923580272938
3,SD002,S194,T2,1,94.0,107.55059442715597
3,SD002,S193,T2,1,172.0,106.68966294930287
3,SD002,S051,T2,1,233.0,41.72141084148072
3,SD002,S051,T2,2,192.8,41.72141084148072
3,SD002,S051,T2,3,57.8,41.72141084148072
3,SD002,S051,T2,4,12.8,41.72141084148072
3,SD002,S051,T3,1,462.78617466923674,41.72141084148072
3,SD002,S402,T2,1,39.0,26.129154168488203
3,SD002,S402,T2,2,31.2,26.129154168488203
3,SD002,S402,T2,3,31.2,26.129154168488203
3,SD002,S402,T2,4,31.2,26.129154168488203
3,SD002,S402,T3,1,117.0,26.129154168488203
3,SD002,S402,T3,2,72.15,26.129154168488203
3,SD002,S402,T3,3,72.15,26.129154168488203
3,SD002,S402,T3,4,2.487499999999997,26.129154168488203
3,SD003,JH_H001,T2,2,164.39307289947396,37.40508264752206
3,SD003,JH_H001,T3,1,661.4740233730272,37.40508264752206
3,SD003,JH_H009,T1,1,10.0,0.4313840120055951
3,SD003,JH_H009,T1,2,1.5,0.4313840120055951
3,SD003,JH_H009,T1,3,3.125,0.4313840120055951
3,SD003,JH_H009,T1,4,3.04375,0.4313840120055951
3,SD003,JH_H009,T3,1,30.0,0.4313840120055951
3,SD003,JH_H009,T3,2,25.5,0.4313840120055951
3,SD003,JH_H009,T3,3,23.75,0.4313840120055951
3,SD003,JH_H009,T3,4,23.8375,0.4313840120055951
3,SD003,JH_H010,T3,4,6.75625,28.49230688861869
3,SD003,S209,T2,1,224.0,78.98298658195543
3,SD003,S576,T2,3,70.0,28.692801988341532
3,SD003,S576,T2,4,35.0,28.692801988341532
3,SD003,S576,T3,2,91.90000000000009,28.692801988341532
3,SD003,S576,T3,3,93.25,28.692801988341532
3,SD003,S576,T3,4,27.40625,28.692801988341532
3,SD003,S016,T2,1,40.0,79.01961949005532
3,SD003,S356,T2,1,159.0,73.45952101268428
3,SD003,S662,T2,2,11.606927100526036,34.41204287813438
3,SD003,S662,T3,1,13.525976626972806,34.41204287813438
3,SD003,S662,T3,2,175.5999999999999,34.41204287813438
3,SD004,JH_H001,T2,1,956.4913411243424,10.699808563193097
3,SD004,JH_H012,T3,1,143.64080775107834,1.593785827447224
3,SD004,JH_H012,T3,2,122.0946865884166,1.593785827447224
3,SD004,JH_H013,T1,1,29.989614318140397,2.6842115905313224
3,SD004,JH_H013,T1,2,4.498442147721061,2.6842115905313224
3,SD004,JH_H013,T1,3,9.371754474418873,2.6842115905313224
3,SD004,JH_H013,T1,4,9.128088858083983,2.6842115905313224
3,SD004,JH_H013,T3,1,89.96884295442119,2.6842115905313224
3,SD004,JH_H013,T3,2,76.47351651125801,2.6842115905313224
3,SD004,JH_H014,T1,1,26.864915572477322,0.32354661842920146
3,SD004,JH_H014,T1,2,4.0297373358716015,0.32354661842920146
3,SD004,JH_H014,T1,3,8.395286116399161,0.32354661842920146
3,SD004,JH_H014,T1,4,8.177008677372786,0.32354661842920146
3,SD004,JH_H014,T3,1,80.59474671743196,0.32354661842920146
3,SD004,JH_H014,T3,2,68.50553470981717,0.32354661842920146
3,SD004,JH_H014,T3,3,63.804174484633634,0.32354661842920146
3,SD004,S487,T2,2,240.8,1.2507354917512443
3,SD004,S487,T2,3,47.999999999999886,1.2507354917512443
3,SD004,S487,T3,1,903.0,1.2507354917512443
3,SD004,S487,T3,2,351.4262621905077,1.2507354917512443
3,SD004,S626,T2,2,128.8,2.1097408109848033
3,SD004,S626,T3,1,483.0,2.1097408109848033
3,SD004,S626,T3,2,297.85,2.1097408109848033
3,SD004,S500,T3,1,562.3215792040419,3.8511885474328467
3,SD004,S625,T2,2,265.6,2.077856378373978
3,SD004,S625,T2,3,99.40000000000003,2.077856378373978
3,SD004,S625,T3,1,996.0,2.077856378373978
3,SD004,S625,T3,2,614.2,2.077856378373978
3,SD004,S488,T2,2,329.0069271005263,1.8413665454132206
3,SD004,S488,T3,1,950.0,1.8413665454132206
3,SD004,S387,T2,1,65.0,70.733000100257
3,SD004,S585,T2,1,173.0,1.0153546860217733
3,SD004,S585,T2,2,138.4,1.0153546860217733
3,SD004,S585,T2,3,138.4,1.0153546860217733
3,SD004,S585,T2,4,138.4,1.0153546860217733
3,SD004,S585,T3,1,519.0,1.0153546860217733
3,SD004,S585,T3,2,320.05,1.0153546860217733
3,SD004,S585,T3,3,320.05,1.0153546860217733
3,SD004,S585,T3,4,320.05,1.0153546860217733
3,SD004,S296,T2,1,197.0,72.58409590891421
3,SD004,S189,T2,1,81.50860082770225,70.34522776415513
3,SD004,S516,T2,1,350.0,2.8151316973303575
3,SD004,S516,T2,2,280.0,2.8151316973303575
3,SD004,S516,T3,1,1050.0,2.8151316973303575
3,SD004,S386,T2,1,135.0,70.77095449642641
3,SD004,S169,T2,1,346.0,66.86436752992087
3,SD004,S596,T2,1,157.0,1.2472733119337553
3,SD004,S596,T2,2,125.6,1.2472733119337553
3,SD004,S596,T2,3,125.6,1.2472733119337553
3,SD004,S596,T2,4,125.6,1.2472733119337553
3,SD004,S596,T3,1,471.0,1.2472733119337553
3,SD004,S596,T3,2,290.45000000000005,1.2472733119337553
3,SD004,S596,T3,3,290.45000000000005,1.2472733119337553
3,SD004,S596,T3,4,88.84999999999997,1.2472733119337553
3,SD004,S301,T2,1,149.0,66.75326012915696
3,SD004,S586,T2,1,226.0,0.7669305123872737
3,SD004,S586,T2,2,180.8,0.7669305123872737
3,SD004,S586,T2,3,180.8,0.7669305123872737
3,SD004,S586,T2,4,180.8,0.7669305123872737
3,SD004,S586,T3,1,678.0,0.7669305123872737
3,SD004,S586,T3,2,418.1,0.7669305123872737
3,SD004,S586,T3,3,418.1,0.7669305123872737
3,SD004,S586,T3,4,418.1,0.7669305123872737
3,SD004,S246,T2,1,140.0,72.85137126260213
3,SD004,S362,T2,1,263.0,70.42724553478037
3,SD004,S160,T2,1,122.0,71.522723321158
3,SD004,S062,T2,1,174.0,72.25863467552259
3,SD004,S364,T2,1,103.0,70.6653440104886
3,SD004,S662,T2,1,506.0,3.084617507958989
3,SD004,S662,T2,2,393.193072899474,3.084617507958989
3,SD004,S662,T3,1,1504.4740233730272,3.084617507958989
3,SD004,S662,T3,2,653.0000000000001,3.084617507958989
3,SD004,S583,T2,1,124.0,1.3098200579051456
3,SD004,S583,T2,2,99.2,1.3098200579051456
3,SD004,S583,T2,3,99.2,1.3098200579051456
3,SD004,S583,T2,4,51.20000000000002,1.3098200579051456
3,SD004,S583,T3,1,372.0,1.3098200579051456
3,SD004,S583,T3,2,229.4,1.3098200579051456
3,SD004,S583,T3,3,229.4,1.3098200579051456
3,SD004,S161,T2,1,160.0,72.07137230984515
3,SD004,S477,T2,1,228.0,1.4997932513210326
3,SD004,S477,T2,2,182.4,1.4997932513210326
3,SD004,S477,T2,3,182.4,1.4997932513210326
3,SD004,S477,T3,1,684.0,1.4997932513210326
3,SD004,S477,T3,2,421.8,1.4997932513210326
3,SD004,S477,T3,3,333.1958255153662,1.4997932513210326
3,SD004,S228,T2,1,185.0,71.26261505013056
3,SD004,S143,T2,1,123.0,68.86564922230718
3,SD004,S052,T2,1,174.0,69.32726244189244
3,SD004,S241,T2,1,228.0,70.64756141422629
3,SD004,S587,T2,1,149.0,1.6268730303347014
3,SD004,S587,T2,2,119.2,1.6268730303347014
3,SD004,S587,T2,3,119.2,1.6268730303347014
3,SD004,S587,T3,1,447.0,1.6268730303347014
3,SD004,S587,T3,2,275.65,1.6268730303347014
3,SD004,S019,T2,1,174.0,70.3533644531121
3,SD004,S384,T2,1,105.00005804795535,69.625557247334
3,SD004,S249,T2,1,166.0,69.9189824220068
3,SD005,JH_H003,T3,4,2.1625000000000014,16.1076975841419
3,SD005,JH_H011,T1,1,10.0,0.534981795654251
3,SD005,JH_H011,T1,2,1.5,0.534981795654251
3,SD005,JH_H011,T1,3,3.125,0.534981795654251
3,SD005,JH_H011,T1,4,3.04375,0.534981795654251
3,SD005,JH_H011,T3,1,30.0,0.534981795654251
3,SD005,JH_H011,T3,2,25.5,0.534981795654251
3,SD005,JH_H011,T3,3,23.75,0.534981795654251
3,SD005,JH_H011,T3,4,23.8375,0.534981795654251
3,SD005,S576,T2,1,192.0,64.0609251320312
3,SD005,S500,T2,2,80.0,57.23060275413017
3,SD005,S500,T3,1,202.67842079595812,57.23060275413017
3,SD005,S407,T3,1,87.32157920404188,58.317341859841996
3,SD005,S516,T2,3,31.0,56.60126439380239
3,SD005,S662,T3,2,107.5,56.95075227594894
3,SD005,S587,T2,4,15.0,56.465784070688635
3,SD005,S587,T3,3,29.25,56.465784070688635
3,SD006,JH_H003,T1,1,378.0,2.76486819460775
3,SD006,JH_H003,T1,2,56.70000000000002,2.76486819460775
3,SD006,JH_H003,T1,3,118.12500000000003,2.76486819460775
3,SD006,JH_H003,T1,4,115.05374999999998,2.76486819460775
3,SD006,JH_H003,T3,1,1134.0,2.76486819460775
3,SD006,JH_H003,T3,2,963.9,2.76486819460775
3,SD006,JH_H003,T3,3,788.25,2.76486819460775
3,SD006,JH_H003,T3,4,333.8125,2.76486819460775
3,SD006,JH_H015,T1,1,50.0,0.645170244514547
3,SD006,JH_H015,T1,2,7.5,0.645170244514547
3,SD006,JH_H015,T1,3,15.625,0.645170244514547
3,SD006,JH_H015,T1,4,15.21875,0.645170244514547
3,SD006,JH_H015,T3,1,150.0,0.645170244514547
3,SD006,JH_H015,T3,2,127.5,0.645170244514547
3,SD006,JH_H015,T3,3,118.75,0.645170244514547
3,SD006,JH_H015,T3,4,119.1875,0.645170244514547
3,SD006,S396,T2,1,114.0,116.31132961803561
3,SD006,S768,T2,1,209.0,114.89442484329975
3,SD006,S557,T2,1,290.0,103.46815823012216
3,SD006,S794,T2,1,114.0,97.296247789955
3,SD006,S297,T2,1,339.0,104.35548660742765
3,SD006,S397,T2,1,174.0,111.32392139945415
3,SD006,S626,T2,3,128.8,71.16072456883458
3,SD006,S626,T2,4,6.399999999999977,71.16072456883458
3,SD006,S576,T2,1,457.0,79.62252650290161
3,SD006,S500,T2,2,124.0,71.66162320310904
3,SD006,S500,T3,2,471.75,71.66162320310904
3,SD006,S625,T2,3,166.2,71.15737565184527
3,SD006,S625,T2,4,265.6,71.15737565184527
3,SD006,S615,T2,2,261.6,74.81662046982781
3,SD006,S615,T3,1,981.0,74.81662046982781
3,SD006,S016,T2,1,106.50860082770225,130.10329748850475
3,SD006,S599,T2,2,87.2,72.54250883551236
3,SD006,S653,T3,2,58.34999999999991,71.95860830726068
3,SD006,S359,T2,1,389.0,125.35549684430904
3,SD006,S400,T2,1,71.0,108.7439912209304
3,SD006,S534,T2,2,62.19307289947375,74.85988037330426
3,SD006,S407,T2,2,179.2,72.5520713734699
3,SD006,S407,T3,1,584.6784207959581,72.5520713734699
3,SD006,S167,T2,1,166.0,124.44006894678701
3,SD006,S075,T2,1,188.0,126.66504747975978
3,SD006,S516,T2,3,249.0,71.56667790868094
3,SD006,S516,T3,2,647.5,71.56667790868094
3,SD006,S394,T2,2,21.399999999999977,73.83887696334158
3,SD006,S394,T3,1,665.3215792040419,73.83887696334158
3,SD006,S555,T2,2,110.20692710052623,75.10624726451854
3,SD006,S378,T2,1,445.0,120.62760433707786
3,SD006,S392,T2,2,412.0,73.86249158942361
3,SD006,S392,T3,1,1545.0,73.86249158942361
3,SD006,S401,T2,1,205.49139917229775,124.4263493755748
3,SD006,S611,T2,2,103.2,74.5120557844105
3,SD006,S611,T3,1,387.0,74.5120557844105
3,SD007,JH_H002,T3,1,1313.0,56.31151722180492
3,SD007,JH_H002,T3,2,0.0025944035355092592,56.31151722180492
3,SD007,JH_H007,T1,1,75.0,4.981102350506281
3,SD007,JH_H007,T1,2,11.25,4.981102350506281
3,SD007,JH_H007,T1,3,23.4375,4.981102350506281
3,SD007,JH_H007,T1,4,22.828125,4.981102350506281
3,SD007,JH_H007,T3,1,225.0,4.981102350506281
3,SD007,JH_H007,T3,2,191.25,4.981102350506281
3,SD007,JH_H007,T3,3,178.125,4.981102350506281
3,SD007,JH_H007,T3,4,128.0,4.981102350506281
3,SD007,S574,T2,1,333.0,55.30035441403435
3,SD007,S574,T2,2,175.2,55.30035441403435
3,SD007,S574,T2,3,153.0,55.30035441403435
3,SD007,S574,T2,4,76.0,55.30035441403435
3,SD007,S574,T3,2,448.7474055964645,55.30035441403435
3,SD007,S574,T3,3,77.875,55.30035441403435
3,SD007,S646,T2,1,195.0,55.980994050691734
3,SD007,S614,T2,1,125.0,56.71053077279719
3,SD007,S051,T2,1,269.0,56.67533855897754
3,SD007,S051,T2,2,208.8,56.67533855897754
3,SD008,JH_H010,T1,1,15.0,2.2723099352135923
3,SD008,JH_H010,T1,2,2.25,2.2723099352135923
3,SD008,JH_H010,T1,3,4.6875,2.2723099352135923
3,SD008,JH_H010,T1,4,4.565625,2.2723099352135923
3,SD008,JH_H010,T3,1,45.0,2.2723099352135923
3,SD008,JH_H010,T3,2,38.25,2.2723099352135923
3,SD008,JH_H010,T3,3,35.625,2.2723099352135923
3,SD008,JH_H010,T3,4,29.0,2.2723099352135923
3,SD008,S794,T2,1,37.0,64.48707868496672
3,SD008,S001,T2,1,174.0,63.758184190697605
3,SD008,S001,T2,2,87.0,63.758184190697605
3,SD008,S001,T3,1,307.0,63.758184190697605
3,SD008,S576,T2,3,35.0,54.01101080067525
3,SD008,S576,T2,4,17.0,54.01101080067525
3,SD008,S576,T3,2,107.75,54.01101080067525
3,SD008,S576,T3,3,22.375,54.01101080067525
3,SD009,JH_H002,T1,1,513.4046084435878,8.677094127999364
3,SD009,JH_H002,T1,2,77.01069126653823,8.677094127999364
3,SD009,JH_H002,T1,3,160.43894013862115,8.677094127999364
3,SD009,JH_H002,T1,4,156.26752769501704,8.677094127999364
3,SD009,JH_H012,T1,1,47.88026925035945,1.4576943447875488
3,SD009,JH_H012,T1,2,7.1820403875539185,1.4576943447875488
3,SD009,JH_H012,T1,3,14.96258414073733,1.4576943447875488
3,SD009,JH_H012,T1,4,14.573556953078153,1.4576943447875488
3,SD009,JH_H012,T3,3,113.71563946960369,1.4576943447875488
3,SD009,JH_H012,T3,4,114.13459182554433,1.4576943447875488
3,SD009,JH_H014,T3,4,64.03924249589281,0.4466966349245021
3,SD009,S487,T2,1,301.0,1.0348611048750498
3,SD009,S487,T2,3,192.80000000000013,1.0348611048750498
3,SD009,S487,T2,4,240.8,1.0348611048750498
3,SD009,S487,T3,2,205.4237378094923,1.0348611048750498
3,SD009,S487,T3,3,556.85,1.0348611048750498
3,SD009,S487,T3,4,556.85,1.0348611048750498
3,SD009,S626,T2,1,161.0,2.229220505779742
3,SD009,S500,T2,1,255.0,3.511821886553356
3,SD009,S625,T2,1,332.0,2.2142342239044885
3,SD009,S476,T2,1,442.0,2.397830934450181
3,SD009,S476,T2,2,353.6,2.397830934450181
3,SD009,S476,T3,1,1326.0,2.397830934450181
3,SD009,S476,T3,2,817.7,2.397830934450181
3,SD009,S488,T2,1,887.0,1.4592468756210197
3,SD009,S488,T2,2,380.5930728994737,1.4592468756210197
3,SD009,S488,T2,3,709.6,1.4592468756210197
3,SD009,S488,T2,4,431.2,1.4592468756210197
3,SD009,S488,T3,1,1711.0,1.4592468756210197
3,SD009,S488,T3,2,1640.95,1.4592468756210197
3,SD009,S488,T3,3,1572.4343605303964,1.4592468756210197
3,SD009,S488,T3,4,385.9761656785628,1.4592468756210197
3,SD009,S599,T2,1,109.0,4.390423292539299
3,SD009,S599,T3,1,327.0,4.390423292539299
3,SD009,S474,T2,1,130.0,2.1392098877866896
3,SD009,S474,T2,2,104.0,2.1392098877866896
3,SD009,S474,T2,3,104.0,2.1392098877866896
3,SD009,S474,T3,1,390.0,2.1392098877866896
3,SD009,S474,T3,2,240.5,2.1392098877866896
3,SD009,S653,T2,1,226.0,3.3728701796297083
3,SD009,S653,T2,2,180.8,3.3728701796297083
3,SD009,S653,T3,1,678.0,3.3728701796297083
3,SD009,S534,T2,1,220.0,6.589952614326456
3,SD009,S534,T2,2,113.80692710052625,6.589952614326456
3,SD009,S534,T3,1,660.0,6.589952614326456
3,SD009,S407,T2,1,224.0,5.206845854037303
3,SD009,S470,T2,1,159.0,3.004424742948205
3,SD009,S470,T2,2,127.2,3.004424742948205
3,SD009,S470,T3,1,477.0,3.004424742948205
3,SD009,S470,T3,2,233.67626219050794,3.004424742948205
3,SD009,S468,T2,1,258.0,2.5066937194501957
3,SD009,S468,T2,2,206.4,2.5066937194501957
3,SD009,S468,T3,1,774.0,2.5066937194501957
3,SD009,S468,T3,2,477.3,2.5066937194501957
3,SD009,S475,T2,1,411.0,2.2821384274382996
3,SD009,S475,T2,2,328.8,2.2821384274382996
3,SD009,S475,T2,3,200.99999999999983,2.2821384274382996
3,SD009,S475,T3,1,1233.0,2.2821384274382996
3,SD009,S475,T3,2,760.35,2.2821384274382996
3,SD009,S555,T2,1,5.000058047955349,7.247923846154981
3,SD009,S527,T2,1,195.0,2.95674963336408
3,SD009,S527,T2,2,156.0,2.95674963336408
3,SD009,S527,T3,1,585.0,2.95674963336408
3,SD009,S527,T3,2,360.75,2.95674963336408
3,SD009,S652,T2,1,172.0,2.0922070322925164
3,SD009,S652,T2,2,137.6,2.0922070322925164
3,SD009,S652,T2,3,137.6,2.0922070322925164
3,SD009,S652,T3,1,516.0,2.0922070322925164
3,SD009,S652,T3,2,318.20000000000005,2.0922070322925164
3,SD009,S579,T2,1,185.0,4.964191600894386
3,SD009,S579,T2,2,148.0,4.964191600894386
3,SD009,S579,T3,1,555.0,4.964191600894386
3,SD009,S215,T2,1,154.0,71.92575610993201
3,SD009,S214,T2,1,243.0,71.93457132383558
3,SD009,S515,T2,1,79.0,2.325791786803242
3,SD009,S515,T2,2,63.2,2.325791786803242
3,SD009,S515,T3,1,237.0,2.325791786803242
3,SD009,S515,T3,2,146.15,2.325791786803242
3,SD009,S600,T2,1,193.0,4.0691848180766375
3,SD009,S600,T2,2,154.4,4.0691848180766375
3,SD009,S600,T3,1,579.0,4.0691848180766375
3,SD009,S113,T2,1,205.0,70.83450494490985
3,SD009,S492,T2,1,479.0,4.001671156251342
3,SD009,S492,T2,2,383.2,4.001671156251342
3,SD009,S492,T3,1,1437.0,4.001671156251342
3,SD009,S609,T2,1,112.0,3.6639555424998242
3,SD009,S609,T2,2,89.6,3.6639555424998242
3,SD009,S609,T3,1,336.0,3.6639555424998242
3,SD009,S200,T2,1,271.0,73.65436445014127
3,SD009,S481,T2,1,193.0,4.440707825216017
3,SD009,S481,T2,2,154.4,4.440707825216017
3,SD009,S481,T3,1,579.0,4.440707825216017
3,SD009,S198,T2,1,404.0,73.91564805878362
3,SD009,S519,T2,1,40.0,4.79292685895804
3,SD009,S519,T2,2,32.0,4.79292685895804
3,SD009,S519,T3,1,120.0,4.79292685895804
3,SD009,S467,T2,1,93.0,3.667708178553188
3,SD009,S467,T2,2,74.4,3.667708178553188
3,SD009,S467,T3,1,279.0,3.667708178553188
3,SD009,S473,T2,1,220.0,2.681359796816352
3,SD009,S473,T2,2,176.0,2.681359796816352
3,SD009,S473,T3,1,660.0,2.681359796816352
3,SD009,S473,T3,2,407.0,2.681359796816352
3,SD009,S384,T2,1,115.99994195204465,69.80530147033465
3,SD009,S213,T2,1,552.0,73.36584974859413
3,SD009,S212,T2,1,49.0,73.30907534011476
3,SD010,JH_H001,T2,2,80.79999999999995,25.229261577539656
3,SD010,JH_H001,T3,1,456.0,25.229261577539656
3,SD010,S576,T2,2,519.2,1.5750823381651595
3,SD010,S576,T2,3,240.0,1.5750823381651595
3,SD010,S576,T2,4,120.0,1.5750823381651595
3,SD010,S576,T3,1,1947.0,1.5750823381651595
3,SD010,S576,T3,2,1001.0,1.5750823381651595
3,SD010,S576,T3,3,400.0,1.5750823381651595
3,SD010,S576,T3,4,200.0,1.5750823381651595
3,SD010,S168,T2,1,420.0,45.324816709689756
3,SD010,S358,T2,1,143.0,46.243163600968444
3,SD010,S189,T2,1,407.49139917229775,47.41832340610207
3,SD010,S445,T2,1,63.0,45.74269378818629
3,SD010,S186,T2,1,141.0,47.641797465459895
3,SD010,S227,T2,1,203.0,48.11112261882882
3,SD010,S401,T2,1,63.50860082770225,45.16267111899092
3,SD011,JH_H001,T2,2,520.0,18.95427518527753
3,SD011,JH_H001,T2,3,208.0,18.95427518527753
3,SD011,JH_H001,T2,4,104.0,18.95427518527753
3,SD011,JH_H001,T3,1,1752.0,18.95427518527753
3,SD011,JH_H001,T3,2,586.5,18.95427518527753
3,SD011,JH_H001,T3,3,85.75,18.95427518527753
3,SD011,JH_H006,T1,1,110.0,1.7150550139812313
3,SD011,JH_H006,T1,2,16.5,1.7150550139812313
3,SD011,JH_H006,T1,3,34.375,1.7150550139812313
3,SD011,JH_H006,T1,4,33.48125000000001,1.7150550139812313
3,SD011,JH_H006,T3,1,330.0,1.7150550139812313
3,SD011,JH_H006,T3,2,280.5,1.7150550139812313
3,SD011,JH_H006,T3,3,261.25,1.7150550139812313
3,SD011,JH_H006,T3,4,173.0,1.7150550139812313
3,SD011,S194,T2,1,348.0,58.789887838120585
3,SD011,S147,T2,1,205.0,59.19408142618804
3,SD011,S195,T2,1,440.0,59.87923315898765
3,SD011,S212,T2,1,223.0,59.52946138505003
3,SD011,S429,T2,1,33.0,54.92619755416661
4,SD001,JH_H002,T3,1,121.94550413771253,73.35724327852236
4,SD001,JH_H003,T3,3,55.5,21.731599722578093
4,SD001,JH_H004,T1,1,149.99993818576627,1.854989649044953
4,SD001,JH_H004,T1,2,22.500040179252096,1.854989649044953
4,SD001,JH_H004,T1,3,46.87499799103739,1.854989649044953
4,SD001,JH_H004,T1,4,45.65625010044812,1.854989649044953
4,SD001,JH_H004,T2,1,6.181423384532536e-05,1.854989649044953
4,SD001,JH_H004,T3,1,450.0,1.854989649044953
4,SD001,JH_H004,T3,2,382.49995673003633,1.854989649044953
4,SD001,JH_H004,T3,3,356.2500021634982,1.854989649044953
4,SD001,JH_H004,T3,4,277.0,1.854989649044953
4,SD001,S574,T2,2,55.19999999999999,71.89671568387841
4,SD001,S574,T3,1,999.0,71.89671568387841
4,SD001,S574,T3,2,129.30367870396623,71.89671568387841
4,SD001,S500,T2,3,204.0,71.51481572097616
4,SD001,S500,T2,4,166.0,71.51481572097616
4,SD001,S500,T3,3,142.2499978365018,71.51481572097616
4,SD001,S615,T2,1,327.0,73.12604490789893
4,SD001,S599,T3,2,201.65,71.95026822121885
4,SD001,S407,T2,3,128.0,71.68431985910988
4,SD001,S407,T3,2,414.40000000000003,71.68431985910988
4,SD001,S646,T2,2,156.0,72.49823348913633
4,SD001,S646,T3,1,585.0,72.49823348913633
4,SD001,S394,T2,1,430.0,72.1259364557284
4,SD001,S394,T2,2,344.0,72.1259364557284
4,SD001,S394,T3,2,257.14636456599726,72.1259364557284
4,SD001,S555,T2,1,344.0,73.51759159230284
4,SD001,S610,T2,1,144.0,72.37845192158939
4,SD001,S610,T2,2,115.2,72.37845192158939
4,SD001,S610,T3,1,57.789175994035304,72.37845192158939
4,SD001,S614,T2,1,104.99993818576615,73.21476069856318
4,SD001,S614,T2,2,100.0,73.21476069856318
4,SD001,S614,T3,1,375.0,73.21476069856318
4,SD001,S051,T3,1,735.2653198682522,73.62943644596442
4,SD001,S392,T2,1,515.0,72.55168514508541
4,SD001,S611,T2,1,129.0,72.80787198790621
4,SD001,S611,T2,2,60.60000000000001,72.80787198790621
4,SD002,JH_H002,T3,2,246.35000000000002,41.51640976921575
4,SD002,JH_H002,T3,3,14.599999999999994,41.51640976921575
4,SD002,JH_H008,T1,1,30.0,1.0827923580272938
4,SD002,JH_H008,T1,2,4.5,1.0827923580272938
4,SD002,JH_H008,T1,3,9.375,1.0827923580272938
4,SD002,JH_H008,T1,4,9.13125,1.0827923580272938
4,SD002,JH_H008,T3,1,90.0,1.0827923580272938
4,SD002,JH_H008,T3,2,76.5,1.0827923580272938
4,SD002,JH_H008,T3,3,71.25,1.0827923580272938
4,SD002,JH_H008,T3,4,71.5125,1.0827923580272938
4,SD002,S194,T2,1,283.99993818576615,107.55059442715597
4,SD002,S193,T2,1,172.0,106.68966294930287
4,SD002,S051,T2,1,74.00006181423385,41.72141084148072
4,SD002,S051,T2,2,205.8,41.72141084148072
4,SD002,S051,T2,3,62.8,41.72141084148072
4,SD002,S051,T2,4,15.8,41.72141084148072
4,SD002,S051,T3,1,742.0,41.72141084148072
4,SD002,S402,T2,1,39.0,26.129154168488203
4,SD002,S402,T2,2,31.2,26.129154168488203
4,SD002,S402,T2,3,31.2,26.129154168488203
4,SD002,S402,T2,4,31.2,26.129154168488203
4,SD002,S402,T3,1,117.0,26.129154168488203
4,SD002,S402,T3,2,72.15,26.129154168488203
4,SD002,S402,T3,3,72.15,26.129154168488203
4,SD002,S402,T3,4,7.487499999999997,26.129154168488203
4,SD003,JH_H001,T3,1,389.8026661974013,37.40508264752206
4,SD003,JH_H009,T1,1,10.0,0.4313840120055951
4,SD003,JH_H009,T1,2,1.5,0.4313840120055951
4,SD003,JH_H009,T1,3,3.125,0.4313840120055951
4,SD003,JH_H009,T1,4,3.04375,0.4313840120055951
4,SD003,JH_H009,T3,1,30.0,0.4313840120055951
4,SD003,JH_H009,T3,2,25.5,0.4313840120055951
4,SD003,JH_H009,T3,3,23.75,0.4313840120055951
4,SD003,JH_H009,T3,4,23.8375,0.4313840120055951
4,SD003,JH_H010,T3,4,4.75625,28.49230688861869
4,SD003,S557,T2,2,140.25262234735942,53.502656571670975
4,SD003,S794,T2,2,45.747377652640594,50.35982328204556
4,SD003,S209,T2,1,224.0,78.98298658195543
4,SD003,S576,T2,3,74.0,28.692801988341532
4,SD003,S576,T2,4,37.0,28.692801988341532
4,SD003,S576,T3,2,23.90000000000009,28.692801988341532
4,SD003,S576,T3,3,100.25,28.692801988341532
4,SD003,S576,T3,4,33.40625,28.692801988341532
4,SD003,S016,T2,1,64.0,79.01961949005532
4,SD003,S356,T2,1,159.0,73.45952101268428
4,SD003,S662,T3,1,326.1973338025987,34.41204287813438
4,SD003,S662,T3,2,261.5999999999999,34.41204287813438
4,SD004,JH_H001,T2,1,953.9342220658004,10.699808563193097
4,SD004,JH_H001,T2,2,212.14737765264033,10.699808563193097
4,SD004,JH_H012,T3,1,141.50388177230664,1.593785827447224
4,SD004,JH_H012,T3,2,120.27829950646064,1.593785827447224
4,SD004,JH_H013,T1,1,29.401277452056014,2.6842115905313224
4,SD004,JH_H013,T1,2,4.410191617808405,2.6842115905313224
4,SD004,JH_H013,T1,3,9.187899203767504,2.6842115905313224
4,SD004,JH_H013,T1,4,8.949013824469551,2.6842115905313224
4,SD004,JH_H013,T3,1,88.20383235616805,2.6842115905313224
4,SD004,JH_H013,T3,2,74.97325750274284,2.6842115905313224
4,SD004,JH_H014,T1,1,26.092931889386417,0.32354661842920146
4,SD004,JH_H014,T1,2,3.9139397834079617,0.32354661842920146
4,SD004,JH_H014,T1,3,8.154041215433258,0.32354661842920146
4,SD004,JH_H014,T1,4,7.94203614383199,0.32354661842920146
4,SD004,JH_H014,T3,1,78.27879566815925,0.32354661842920146
4,SD004,JH_H014,T3,2,66.53697631793536,0.32354661842920146
4,SD004,S487,T2,2,240.8,1.2507354917512443
4,SD004,S487,T2,3,139.9999999999999,1.2507354917512443
4,SD004,S487,T3,1,903.0,1.2507354917512443
4,SD004,S487,T3,2,110.91146667286046,1.2507354917512443
4,SD004,S626,T2,2,128.8,2.1097408109848033
4,SD004,S626,T3,1,483.0,2.1097408109848033
4,SD004,S626,T3,2,297.85,2.1097408109848033
4,SD004,S667,T2,1,301.0,74.07580995285737
4,SD004,S500,T2,2,58.05262234735943,3.8511885474328467
4,SD004,S500,T3,1,765.0,3.8511885474328467
4,SD004,S625,T2,2,265.6,2.077856378373978
4,SD004,S625,T2,3,65.40000000000003,2.077856378373978
4,SD004,S625,T3,1,996.0,2.077856378373978
4,SD004,S625,T3,2,614.2,2.077856378373978
4,SD004,S665,T2,1,27.065777934200014,73.98131463526003
4,SD004,S488,T2,2,193.20000000000005,1.8413665454132206
4,SD004,S488,T3,1,1649.2108240059647,1.8413665454132206
4,SD004,S387,T2,1,65.0,70.733000100257
4,SD004,S585,T2,1,173.0,1.0153546860217733
4,SD004,S585,T2,2,138.4,1.0153546860217733
4,SD004,S585,T2,3,138.4,1.0153546860217733
4,SD004,S585,T2,4,138.4,1.0153546860217733
4,SD004,S585,T3,1,519.0,1.0153546860217733
4,SD004,S585,T3,2,320.05,1.0153546860217733
4,SD004,S585,T3,3,320.05,1.0153546860217733
4,SD004,S585,T3,4,320.05,1.0153546860217733
4,SD004,S296,T2,1,197.0,72.58409590891421
4,SD004,S516,T2,1,350.0,2.8151316973303575
4,SD004,S516,T2,2,280.0,2.8151316973303575
4,SD004,S516,T3,1,1050.0,2.8151316973303575
4,SD004,S516,T3,2,467.3000000000001,2.8151316973303575
4,SD004,S386,T2,1,135.0,70.77095449642641
4,SD004,S169,T2,1,346.0,66.86436752992087
4,SD004,S596,T2,1,157.0,1.2472733119337553
4,SD004,S596,T2,2,125.6,1.2472733119337553
4,SD004,S596,T2,3,125.6,1.2472733119337553
4,SD004,S596,T2,4,125.6,1.2472733119337553
4,SD004,S596,T3,1,471.0,1.2472733119337553
4,SD004,S596,T3,2,290.45000000000005,1.2472733119337553
4,SD004,S596,T3,3,290.45000000000005,1.2472733119337553
4,SD004,S596,T3,4,137.85000000000002,1.2472733119337553
4,SD004,S301,T2,1,149.0,66.75326012915696
4,SD004,S586,T2,1,226.0,0.7669305123872737
4,SD004,S586,T2,2,180.8,0.7669305123872737
4,SD004,S586,T2,3,180.8,0.7669305123872737
4,SD004,S586,T2,4,180.8,0.7669305123872737
4,SD004,S586,T3,1,678.0,0.7669305123872737
4,SD004,S586,T3,2,418.1,0.7669305123872737
4,SD004,S586,T3,3,418.1,0.7669305123872737
4,SD004,S586,T3,4,418.1,0.7669305123872737
4,SD004,S246,T2,1,140.0,72.85137126260213
4,SD004,S362,T2,1,48.0,70.42724553478037
4,SD004,S160,T2,1,122.0,71.522723321158
4,SD004,S113,T2,1,205.0,70.65567907960376
4,SD004,S062,T2,1,174.0,72.25863467552259
4,SD004,S364,T2,1,103.0,70.6653440104886
4,SD004,S662,T2,1,506.0,3.084617507958989
4,SD004,S662,T2,2,404.8,3.084617507958989
4,SD004,S662,T3,1,1191.8026661974013,3.084617507958989
4,SD004,S662,T3,2,674.5000000000001,3.084617507958989
4,SD004,S583,T2,1,124.0,1.3098200579051456
4,SD004,S583,T2,2,99.2,1.3098200579051456
4,SD004,S583,T2,3,99.2,1.3098200579051456
4,SD004,S583,T2,4,80.19999999999999,1.3098200579051456
4,SD004,S583,T3,1,372.0,1.3098200579051456
4,SD004,S583,T3,2,229.4,1.3098200579051456
4,SD004,S583,T3,3,229.4,1.3098200579051456
4,SD004,S161,T2,1,160.0,72.07137230984515
4,SD004,S477,T2,1,228.0,1.4997932513210326
4,SD004,S477,T2,2,182.4,1.4997932513210326
4,SD004,S477,T2,3,182.4,1.4997932513210326
4,SD004,S477,T3,1,684.0,1.4997932513210326
4,SD004,S477,T3,2,421.8,1.4997932513210326
4,SD004,S477,T3,3,419.5946196403688,1.4997932513210326
4,SD004,S228,T2,1,185.0,71.26261505013056
4,SD004,S143,T2,1,123.0,68.86564922230718
4,SD004,S052,T2,1,174.0,69.32726244189244
4,SD004,S241,T2,1,228.0,70.64756141422629
4,SD004,S587,T2,1,149.0,1.6268730303347014
4,SD004,S587,T2,2,119.2,1.6268730303347014
4,SD004,S587,T2,3,119.2,1.6268730303347014
4,SD004,S587,T3,1,447.0,1.6268730303347014
4,SD004,S587,T3,2,275.65,1.6268730303347014
4,SD004,S587,T3,3,74.40538035963107,1.6268730303347014
4,SD004,S019,T2,1,174.0,70.3533644531121
4,SD004,S384,T2,1,221.0,69.625557247334
4,SD004,S249,T2,1,166.0,69.9189824220068
4,SD005,JH_H003,T3,4,4.162500000000001,16.1076975841419
4,SD005,JH_H011,T1,1,10.0,0.534981795654251
4,SD005,JH_H011,T1,2,1.5,0.534981795654251
4,SD005,JH_H011,T1,3,3.125,0.534981795654251
4,SD005,JH_H011,T1,4,3.04375,0.534981795654251
4,SD005,JH_H011,T3,1,30.0,0.534981795654251
4,SD005,JH_H011,T3,2,25.5,0.534981795654251
4,SD005,JH_H011,T3,3,23.75,0.534981795654251
4,SD005,JH_H011,T3,4,23.8375,0.534981795654251
4,SD005,S576,T2,1,203.0,64.0609251320312
4,SD005,S500,T2,2,84.0,57.23060275413017
4,SD005,S407,T3,1,309.0,58.317341859841996
4,SD005,S516,T2,3,33.0,56.60126439380239
4,SD005,S516,T3,2,115.5,56.60126439380239
4,SD005,S587,T2,4,16.0,56.465784070688635
4,SD005,S587,T3,3,32.25,56.465784070688635
4,SD006,JH_H003,T1,1,378.0,2.76486819460775
4,SD006,JH_H003,T1,2,56.70000000000002,2.76486819460775
4,SD006,JH_H003,T1,3,118.12500000000003,2.76486819460775
4,SD006,JH_H003,T1,4,115.05374999999998,2.76486819460775
4,SD006,JH_H003,T3,1,1134.0,2.76486819460775
4,SD006,JH_H003,T3,2,963.9,2.76486819460775
4,SD006,JH_H003,T3,3,842.25,2.76486819460775
4,SD006,JH_H003,T3,4,360.8125,2.76486819460775
4,SD006,JH_H015,T1,1,50.0,0.645170244514547
4,SD006,JH_H015,T1,2,7.5,0.645170244514547
4,SD006,JH_H015,T1,3,15.625,0.645170244514547
4,SD006,JH_H015,T1,4,15.21875,0.645170244514547
4,SD006,JH_H015,T3,1,150.0,0.645170244514547
4,SD006,JH_H015,T3,2,127.5,0.645170244514547
4,SD006,JH_H015,T3,3,118.75,0.645170244514547
4,SD006,JH_H015,T3,4,119.1875,0.645170244514547
4,SD006,S396,T2,1,114.0,116.31132961803561
4,SD006,S768,T2,1,209.0,114.89442484329975
4,SD006,S557,T2,1,290.0,103.46815823012216
4,SD006,S794,T2,1,102.0,97.296247789955
4,SD006,S794,T2,2,75.0526223473594,97.296247789955
4,SD006,S001,T2,2,46.19999999999999,96.66284671481966
4,SD006,S297,T2,1,339.0,104.35548660742765
4,SD006,S397,T2,1,174.0,111.32392139945415
4,SD006,S626,T2,3,128.8,71.16072456883458
4,SD006,S626,T2,4,22.399999999999977,71.16072456883458
4,SD006,S576,T2,1,446.0,79.62252650290161
4,SD006,S500,T2,2,61.94737765264057,71.66162320310904
4,SD006,S500,T3,2,471.75,71.66162320310904
4,SD006,S168,T2,1,148.0,124.58934317438383
4,SD006,S625,T2,3,200.2,71.15737565184527
4,SD006,S625,T2,4,265.6,71.15737565184527
4,SD006,S615,T2,2,261.6,74.81662046982781
4,SD006,S615,T3,1,981.0,74.81662046982781
4,SD006,S016,T2,1,110.0,130.10329748850475
4,SD006,S599,T2,2,87.2,72.54250883551236
4,SD006,S653,T3,2,418.1,71.95860830726068
4,SD006,S359,T2,1,389.0,125.35549684430904
4,SD006,S400,T2,1,71.0,108.7439912209304
4,SD006,S407,T2,2,179.2,72.5520713734699
4,SD006,S407,T3,1,363.0,72.5520713734699
4,SD006,S167,T2,1,166.0,124.44006894678701
4,SD006,S075,T2,1,188.0,126.66504747975978
4,SD006,S516,T2,3,247.0,71.56667790868094
4,SD006,S516,T3,2,64.69999999999987,71.56667790868094
4,SD006,S394,T3,1,1290.0,73.83887696334158
4,SD006,S555,T2,2,275.2,75.10624726451854
4,SD006,S378,T2,1,445.0,120.62760433707786
4,SD006,S600,T3,2,357.05,72.43437422947342
4,SD006,S610,T3,1,374.2108240059647,74.1623787566883
4,SD006,S392,T2,2,412.0,73.86249158942361
4,SD006,S392,T3,1,1087.7891759940353,73.86249158942361
4,SD006,S401,T2,1,269.0,124.4263493755748
4,SD006,S611,T2,2,42.599999999999994,74.5120557844105
4,SD006,S611,T3,1,387.0,74.5120557844105
4,SD007,JH_H002,T3,1,1403.0,56.31151722180492
4,SD007,JH_H002,T3,2,0.0036787039662726784,56.31151722180492
4,SD007,JH_H007,T1,1,75.0,4.981102350506281
4,SD007,JH_H007,T1,2,11.25,4.981102350506281
4,SD007,JH_H007,T1,3,23.4375,4.981102350506281
4,SD007,JH_H007,T1,4,22.828125,4.981102350506281
4,SD007,JH_H007,T3,1,225.0,4.981102350506281
4,SD007,JH_H007,T3,2,191.25,4.981102350506281
4,SD007,JH_H007,T3,3,178.125,4.981102350506281
4,SD007,JH_H007,T3,4,135.0,4.981102350506281
4,SD007,S574,T2,1,333.0,55.30035441403435
4,SD007,S574,T2,2,211.2,55.30035441403435
4,SD007,S574,T2,3,162.0,55.30035441403435
4,SD007,S574,T2,4,81.0,55.30035441403435
4,SD007,S574,T3,2,486.7463212960337,55.30035441403435
4,SD007,S574,T3,3,92.875,55.30035441403435
4,SD007,S646,T2,1,195.0,55.980994050691734
4,SD007,S614,T2,1,20.000061814233845,56.71053077279719
4,SD007,S051,T2,1,427.99993818576615,56.67533855897754
4,SD007,S051,T2,2,195.8,56.67533855897754
4,SD008,JH_H010,T1,1,15.0,2.2723099352135923
4,SD008,JH_H010,T1,2,2.25,2.2723099352135923
4,SD008,JH_H010,T1,3,4.6875,2.2723099352135923
4,SD008,JH_H010,T1,4,4.565625,2.2723099352135923
4,SD008,JH_H010,T3,1,45.0,2.2723099352135923
4,SD008,JH_H010,T3,2,38.25,2.2723099352135923
4,SD008,JH_H010,T3,3,35.625,2.2723099352135923
4,SD008,JH_H010,T3,4,31.0,2.2723099352135923
4,SD008,S794,T2,1,49.0,64.48707868496672
4,SD008,S001,T2,1,174.0,63.758184190697605
4,SD008,S001,T2,2,93.0,63.758184190697605
4,SD008,S001,T3,1,328.0,63.758184190697605
4,SD008,S576,T2,3,37.0,54.01101080067525
4,SD008,S576,T2,4,18.0,54.01101080067525
4,SD008,S576,T3,2,116.75,54.01101080067525
4,SD008,S576,T3,3,26.375,54.01101080067525
4,SD009,JH_H002,T1,1,508.3151680459042,8.677094127999364
4,SD009,JH_H002,T1,2,76.24727520688566,8.677094127999364
4,SD009,JH_H002,T1,3,158.84849001434506,8.677094127999364
4,SD009,JH_H002,T1,4,154.7184292739721,8.677094127999364
4,SD009,JH_H012,T1,1,47.167960590768885,1.4576943447875488
4,SD009,JH_H012,T1,2,7.075194088615337,1.4576943447875488
4,SD009,JH_H012,T1,3,14.739987684615272,1.4576943447875488
4,SD009,JH_H012,T1,4,14.356748004815284,1.4576943447875488
4,SD009,JH_H012,T3,3,112.0239064030761,1.4576943447875488
4,SD009,JH_H012,T3,4,112.43662605824531,1.4576943447875488
4,SD009,JH_H014,T3,3,61.970713237292735,0.4466966349245021
4,SD009,JH_H014,T3,4,62.199026391324864,0.4466966349245021
4,SD009,S487,T2,1,301.0,1.0348611048750498
4,SD009,S487,T2,3,100.80000000000013,1.0348611048750498
4,SD009,S487,T2,4,240.8,1.0348611048750498
4,SD009,S487,T3,2,445.93853332713957,1.0348611048750498
4,SD009,S487,T3,3,556.85,1.0348611048750498
4,SD009,S487,T3,4,556.85,1.0348611048750498
4,SD009,S626,T2,1,161.0,2.229220505779742
4,SD009,S664,T2,1,265.0,74.14753990492204
4,SD009,S668,T2,1,147.0,74.19812327545543
4,SD009,S669,T2,1,102.0,74.14119184352897
4,SD009,S500,T2,1,255.0,3.511821886553356
4,SD009,S625,T2,1,332.0,2.2142342239044885
4,SD009,S666,T2,1,84.0,74.3049168432821
4,SD009,S665,T2,1,34.934222065799986,74.15422970329507
4,SD009,S476,T2,1,442.0,2.397830934450181
4,SD009,S476,T2,2,353.6,2.397830934450181
4,SD009,S476,T3,1,1326.0,2.397830934450181
4,SD009,S476,T3,2,817.7,2.397830934450181
4,SD009,S488,T2,1,887.0,1.4592468756210197
4,SD009,S488,T2,2,516.4,1.4592468756210197
4,SD009,S488,T2,3,709.6,1.4592468756210197
4,SD009,S488,T2,4,471.2,1.4592468756210197
4,SD009,S488,T3,1,1011.7891759940353,1.4592468756210197
4,SD009,S488,T3,2,1640.95,1.4592468756210197
4,SD009,S488,T3,3,1640.95,1.4592468756210197
4,SD009,S488,T3,4,455.51434755042976,1.4592468756210197
4,SD009,S599,T2,1,109.0,4.390423292539299
4,SD009,S599,T3,1,327.0,4.390423292539299
4,SD009,S474,T2,1,130.0,2.1392098877866896
4,SD009,S474,T2,2,104.0,2.1392098877866896
4,SD009,S474,T2,3,104.0,2.1392098877866896
4,SD009,S474,T3,1,390.0,2.1392098877866896
4,SD009,S474,T3,2,240.5,2.1392098877866896
4,SD009,S653,T2,1,226.0,3.3728701796297083
4,SD009,S653,T2,2,180.8,3.3728701796297083
4,SD009,S653,T3,1,678.0,3.3728701796297083
4,SD009,S534,T2,1,220.0,6.589952614326456
4,SD009,S534,T2,2,176.0,6.589952614326456
4,SD009,S534,T3,1,660.0,6.589952614326456
4,SD009,S407,T2,1,224.0,5.206845854037303
4,SD009,S470,T2,1,159.0,3.004424742948205
4,SD009,S470,T2,2,127.2,3.004424742948205
4,SD009,S470,T3,1,477.0,3.004424742948205
4,SD009,S470,T3,2,294.15,3.004424742948205
4,SD009,S468,T2,1,258.0,2.5066937194501957
4,SD009,S468,T2,2,206.4,2.5066937194501957
4,SD009,S468,T3,1,774.0,2.5066937194501957
4,SD009,S468,T3,2,477.3,2.5066937194501957
4,SD009,S475,T2,1,411.0,2.2821384274382996
4,SD009,S475,T2,2,328.8,2.2821384274382996
4,SD009,S475,T2,3,328.8,2.2821384274382996
4,SD009,S475,T3,1,1233.0,2.2821384274382996
4,SD009,S475,T3,2,760.35,2.2821384274382996
4,SD009,S555,T3,1,1032.0,7.247923846154981
4,SD009,S527,T2,1,195.0,2.95674963336408
4,SD009,S527,T2,2,156.0,2.95674963336408
4,SD009,S527,T3,1,585.0,2.95674963336408
4,SD009,S527,T3,2,360.75,2.95674963336408
4,SD009,S652,T2,1,172.0,2.0922070322925164
4,SD009,S652,T2,2,137.6,2.0922070322925164
4,SD009,S652,T2,3,137.6,2.0922070322925164
4,SD009,S652,T3,1,516.0,2.0922070322925164
4,SD009,S652,T3,2,318.20000000000005,2.0922070322925164
4,SD009,S579,T2,1,185.0,4.964191600894386
4,SD009,S579,T2,2,148.0,4.964191600894386
4,SD009,S579,T3,1,555.0,4.964191600894386
4,SD009,S215,T2,1,154.0,71.92575610993201
4,SD009,S214,T2,1,243.0,71.93457132383558
4,SD009,S515,T2,1,79.0,2.325791786803242
4,SD009,S515,T2,2,63.2,2.325791786803242
4,SD009,S515,T2,3,43.19999999999985,2.325791786803242
4,SD009,S515,T3,1,237.0,2.325791786803242
4,SD009,S515,T3,2,146.15,2.325791786803242
4,SD009,S600,T2,1,193.0,4.0691848180766375
4,SD009,S600,T2,2,154.4,4.0691848180766375
4,SD009,S600,T3,1,579.0,4.0691848180766375
4,SD009,S492,T2,1,479.0,4.001671156251342
4,SD009,S492,T2,2,383.2,4.001671156251342
4,SD009,S492,T3,1,1437.0,4.001671156251342
4,SD009,S609,T2,1,112.0,3.6639555424998242
4,SD009,S609,T2,2,89.6,3.6639555424998242
4,SD009,S609,T3,1,336.0,3.6639555424998242
4,SD009,S609,T3,2,28.011466672860593,3.6639555424998242
4,SD009,S200,T2,1,271.0,73.65436445014127
4,SD009,S481,T2,1,193.0,4.440707825216017
4,SD009,S481,T2,2,154.4,4.440707825216017
4,SD009,S481,T3,1,579.0,4.440707825216017
4,SD009,S198,T2,1,404.0,73.91564805878362
4,SD009,S392,T3,1,457.2108240059647,6.347810373558756
4,SD009,S477,T3,3,2.205380359631185,1.76324660679698
4,SD009,S208,T2,1,354.06571611996617,74.47351473038695
4,SD009,S519,T2,1,40.0,4.79292685895804
4,SD009,S519,T2,2,32.0,4.79292685895804
4,SD009,S519,T3,1,120.0,4.79292685895804
4,SD009,S467,T2,1,93.0,3.667708178553188
4,SD009,S467,T2,2,74.4,3.667708178553188
4,SD009,S467,T3,1,279.0,3.667708178553188
4,SD009,S473,T2,1,220.0,2.681359796816352
4,SD009,S473,T2,2,176.0,2.681359796816352
4,SD009,S473,T3,1,660.0,2.681359796816352
4,SD009,S473,T3,2,407.0,2.681359796816352
4,SD009,S213,T2,1,414.00006181423385,73.36584974859413
4,SD010,JH_H001,T3,1,597.0,25.229261577539656
4,SD010,S557,T2,2,59.99999999999996,30.901508293591853
4,SD010,S576,T2,2,519.2,1.5750823381651595
4,SD010,S576,T2,3,254.0,1.5750823381651595
4,SD010,S576,T2,4,127.0,1.5750823381651595
4,SD010,S576,T3,1,1947.0,1.5750823381651595
4,SD010,S576,T3,2,1060.0,1.5750823381651595
4,SD010,S576,T3,3,424.0,1.5750823381651595
4,SD010,S576,T3,4,212.0,1.5750823381651595
4,SD010,S168,T2,1,272.0,45.324816709689756
4,SD010,S358,T2,1,143.0,46.243163600968444
4,SD010,S400,T2,2,56.8,30.88149425726887
4,SD010,S189,T2,1,489.0,47.41832340610207
4,SD010,S362,T2,1,215.0,47.5495234419959
4,SD010,S445,T2,1,63.0,45.74269378818629
4,SD010,S186,T2,1,141.0,47.641797465459895
4,SD010,S227,T2,1,203.0,48.11112261882882
4,SD011,JH_H001,T2,2,551.0,18.95427518527753
4,SD011,JH_H001,T2,3,220.0,18.95427518527753
4,SD011,JH_H001,T2,4,110.0,18.95427518527753
4,SD011,JH_H001,T3,1,1875.0,18.95427518527753
4,SD011,JH_H001,T3,2,637.5,18.95427518527753
4,SD011,JH_H001,T3,3,105.75,18.95427518527753
4,SD011,JH_H006,T1,1,110.0,1.7150550139812313
4,SD011,JH_H006,T1,2,16.5,1.7150550139812313
4,SD011,JH_H006,T1,3,34.375,1.7150550139812313
4,SD011,JH_H006,T1,4,33.48125000000001,1.7150550139812313
4,SD011,JH_H006,T3,1,330.0,1.7150550139812313
4,SD011,JH_H006,T3,2,280.5,1.7150550139812313
4,SD011,JH_H006,T3,3,261.25,1.7150550139812313
4,SD011,JH_H006,T3,4,183.0,1.7150550139812313
4,SD011,S194,T2,1,158.00006181423385,58.789887838120585
4,SD011,S147,T2,1,205.0,59.19408142618804
4,SD011,S466,T2,1,77.0,60.51237603557645
4,SD011,S195,T2,1,440.0,59.87923315898765
4,SD011,S213,T2,1,137.99993818576615,59.60990702766551
4,SD011,S212,T2,1,272.0,59.52946138505003
4,SD011,S429,T2,1,33.0,54.92619755416661
5,SD001,JH_H003,T3,2,82.39999999999998,21.731599722578093
5,SD001,JH_H004,T1,1,150.0,1.854989649044953
5,SD001,JH_H004,T1,2,22.499982333457808,1.854989649044953
5,SD001,JH_H004,T1,3,46.87501148325228,1.854989649044953
5,SD001,JH_H004,T1,4,45.6562494258374,1.854989649044953
5,SD001,JH_H004,T2,2,1.7666542049710188e-05,1.854989649044953
5,SD001,JH_H004,T3,1,450.0,1.854989649044953
5,SD001,JH_H004,T3,2,382.5,1.854989649044953
5,SD001,JH_H004,T3,3,232.0,1.854989649044953
5,SD001,JH_H004,T3,4,116.0,1.854989649044953
5,SD001,S500,T2,2,204.0,71.51481572097616
5,SD001,S500,T2,3,139.0,71.51481572097616
5,SD001,S500,T2,4,69.0,71.51481572097616
5,SD001,S500,T3,1,765.0,71.51481572097616
5,SD001,S500,T3,2,116.10000000000002,71.51481572097616
5,SD001,S407,T2,2,143.99998233345795,71.68431985910988
5,SD001,S407,T3,1,181.0,71.68431985910988
5,SD001,S646,T2,1,118.0,72.49823348913633
5,SD001,S394,T2,1,430.0,72.1259364557284
5,SD001,S610,T2,1,144.0,72.37845192158939
5,SD001,S392,T2,1,48.0,72.55168514508541
5,SD001,S611,T2,1,97.0,72.80787198790621
5,SD002,JH_H002,T3,1,192.0,41.51640976921575
5,SD002,JH_H002,T3,2,17.349999999999994,41.51640976921575
5,SD002,JH_H008,T1,1,30.0,1.0827923580272938
5,SD002,JH_H008,T1,2,4.5,1.0827923580272938
5,SD002,JH_H008,T1,3,9.375,1.0827923580272938
5,SD002,JH_H008,T1,4,9.13125,1.0827923580272938
5,SD002,JH_H008,T3,1,90.0,1.0827923580272938
5,SD002,JH_H008,T3,2,76.5,1.0827923580272938
5,SD002,JH_H008,T3,3,66.0,1.0827923580272938
5,SD002,JH_H008,T3,4,33.0,1.0827923580272938
5,SD002,S051,T2,1,200.0,41.72141084148072
5,SD002,S051,T2,2,67.8,41.72141084148072
5,SD002,S051,T2,3,7.800000000000001,41.72141084148072
5,SD002,S402,T2,1,39.0,26.129154168488203
5,SD002,S402,T2,2,31.2,26.129154168488203
5,SD002,S402,T2,3,31.2,26.129154168488203
5,SD002,S402,T2,4,19.0,26.129154168488203
5,SD002,S402,T3,1,117.0,26.129154168488203
5,SD002,S402,T3,2,72.15,26.129154168488203
5,SD003,JH_H009,T1,1,10.0,0.4313840120055951
5,SD003,JH_H009,T1,2,1.5,0.4313840120055951
5,SD003,JH_H009,T1,3,3.125,0.4313840120055951
5,SD003,JH_H009,T1,4,3.04375,0.4313840120055951
5,SD003,JH_H009,T3,1,30.0,0.4313840120055951
5,SD003,JH_H009,T3,2,25.5,0.4313840120055951
5,SD003,JH_H009,T3,3,23.75,0.4313840120055951
5,SD003,JH_H009,T3,4,23.8375,0.4313840120055951
5,SD003,JH_H010,T3,3,9.625,28.49230688861869
5,SD003,JH_H010,T3,4,2.1625000000000014,28.49230688861869
5,SD003,S576,T2,2,78.0,28.692801988341532
5,SD003,S576,T2,3,31.0,28.692801988341532
5,SD003,S576,T2,4,15.0,28.692801988341532
5,SD003,S576,T3,1,283.0,28.692801988341532
5,SD003,S576,T3,2,104.5,28.692801988341532
5,SD003,S576,T3,3,18.625,28.692801988341532
5,SD003,S662,T2,1,188.0,34.41204287813438
5,SD004,JH_H001,T1,1,980.6577242633648,10.699808563193097
5,SD004,JH_H001,T1,2,147.09865863950472,10.699808563193097
5,SD004,JH_H001,T1,3,306.4555388323015,10.699808563193097
5,SD004,JH_H001,T1,4,286.50390473190333,10.699808563193097
5,SD004,JH_H012,T3,1,119.83610204925344,1.593785827447224
5,SD004,JH_H013,T3,1,0.004235117365250509,2.6842115905313224
5,SD004,JH_H014,T3,1,102.48194051116081,0.32354661842920146
5,SD004,S487,T2,1,301.0,1.2507354917512443
5,SD004,S487,T2,2,223.9999999999999,1.2507354917512443
5,SD004,S626,T2,1,161.0,2.1097408109848033
5,SD004,S626,T3,1,27.677722322220607,2.1097408109848033
5,SD004,S625,T2,1,332.0,2.077856378373978
5,SD004,S625,T2,2,34.400000000000034,2.077856378373978
5,SD004,S625,T3,1,996.0,2.077856378373978
5,SD004,S488,T2,1,280.0,1.8413665454132206
5,SD004,S585,T2,1,173.0,1.0153546860217733
5,SD004,S585,T2,2,138.4,1.0153546860217733
5,SD004,S585,T2,3,138.4,1.0153546860217733
5,SD004,S585,T2,4,39.19999999999999,1.0153546860217733
5,SD004,S585,T3,1,519.0,1.0153546860217733
5,SD004,S585,T3,2,320.05,1.0153546860217733
5,SD004,S585,T3,3,317.9,1.0153546860217733
5,SD004,S516,T2,1,286.0,2.8151316973303575
5,SD004,S596,T2,1,157.0,1.2472733119337553
5,SD004,S596,T2,2,125.6,1.2472733119337553
5,SD004,S596,T2,3,121.80000000000001,1.2472733119337553
5,SD004,S596,T3,1,471.0,1.2472733119337553
5,SD004,S596,T3,2,290.45000000000005,1.2472733119337553
5,SD004,S586,T2,1,226.0,0.7669305123872737
5,SD004,S586,T2,2,180.8,0.7669305123872737
5,SD004,S586,T2,3,180.8,0.7669305123872737
5,SD004,S586,T2,4,180.8,0.7669305123872737
5,SD004,S586,T3,1,678.0,0.7669305123872737
5,SD004,S586,T3,2,418.1,0.7669305123872737
5,SD004,S586,T3,3,418.1,0.7669305123872737
5,SD004,S586,T3,4,368.0,0.7669305123872737
5,SD004,S662,T2,1,233.0,3.084617507958989
5,SD004,S583,T2,1,124.0,1.3098200579051456
5,SD004,S583,T2,2,99.2,1.3098200579051456
5,SD004,S583,T3,1,372.0,1.3098200579051456
5,SD004,S583,T3,2,229.4,1.3098200579051456
5,SD004,S477,T2,1,228.0,1.4997932513210326
5,SD004,S477,T2,2,182.4,1.4997932513210326
5,SD004,S477,T3,1,684.0,1.4997932513210326
5,SD004,S477,T3,2,352.97033617635185,1.4997932513210326
5,SD004,S587,T2,1,149.0,1.6268730303347014
5,SD004,S587,T2,2,119.2,1.6268730303347014
5,SD004,S587,T3,1,447.0,1.6268730303347014
5,SD004,S587,T3,2,229.02966382364804,1.6268730303347014
5,SD005,JH_H011,T1,1,10.0,0.534981795654251
5,SD005,JH_H011,T1,2,1.5,0.534981795654251
5,SD005,JH_H011,T1,3,3.125,0.534981795654251
5,SD005,JH_H011,T1,4,3.04375,0.534981795654251
5,SD005,JH_H011,T3,1,30.0,0.534981795654251
5,SD005,JH_H011,T3,2,25.5,0.534981795654251
5,SD005,JH_H011,T3,3,23.0,0.534981795654251
5,SD005,JH_H011,T3,4,11.0,0.534981795654251
5,SD005,S653,T2,1,21.0,57.52417161065788
5,SD005,S516,T2,1,64.0,56.60126439380239
5,SD005,S516,T2,2,35.0,56.60126439380239
5,SD005,S516,T3,1,112.0,56.60126439380239
5,SD005,S587,T2,3,14.0,56.465784070688635
5,SD005,S587,T2,4,6.0,56.465784070688635
5,SD005,S587,T3,2,33.5,56.465784070688635
5,SD006,JH_H003,T1,1,378.0,2.76486819460775
5,SD006,JH_H003,T1,2,56.70000000000002,2.76486819460775
5,SD006,JH_H003,T1,3,118.12500000000003,2.76486819460775
5,SD006,JH_H003,T1,4,115.05374999999998,2.76486819460775
5,SD006,JH_H003,T3,1,1134.0,2.76486819460775
5,SD006,JH_H003,T3,2,881.5,2.76486819460775
5,SD006,JH_H003,T3,3,284.25,2.76486819460775
5,SD006,JH_H003,T3,4,81.8125,2.76486819460775
5,SD006,JH_H015,T1,1,50.0,0.645170244514547
5,SD006,JH_H015,T1,2,7.5,0.645170244514547
5,SD006,JH_H015,T1,3,15.625,0.645170244514547
5,SD006,JH_H015,T1,4,15.21875,0.645170244514547
5,SD006,JH_H015,T3,1,150.0,0.645170244514547
5,SD006,JH_H015,T3,2,127.5,0.645170244514547
5,SD006,JH_H015,T3,3,118.75,0.645170244514547
5,SD006,JH_H015,T3,4,119.1875,0.645170244514547
5,SD006,S626,T2,2,128.8,71.16072456883458
5,SD006,S626,T3,1,455.32227767777937,71.16072456883458
5,SD006,S500,T2,1,255.0,71.66162320310904
5,SD006,S625,T2,2,231.2,71.15737565184527
5,SD006,S625,T2,3,242.0,71.15737565184527
5,SD006,S625,T2,4,120.0,71.15737565184527
5,SD006,S599,T2,1,109.0,72.54250883551236
5,SD006,S653,T2,1,205.0,71.95860830726068
5,SD006,S407,T2,1,224.0,72.5520713734699
5,SD006,S516,T2,2,245.0,71.56667790868094
5,SD006,S516,T3,1,682.6777223222207,71.56667790868094
5,SD006,S600,T2,1,193.0,72.43437422947342
5,SD006,S392,T2,1,467.0,73.86249158942361
5,SD007,JH_H007,T1,1,75.0,4.981102350506281
5,SD007,JH_H007,T1,2,11.25,4.981102350506281
5,SD007,JH_H007,T1,3,23.4375,4.981102350506281
5,SD007,JH_H007,T1,4,22.828125,4.981102350506281
5,SD007,JH_H007,T3,1,225.0,4.981102350506281
5,SD007,JH_H007,T3,2,191.25,4.981102350506281
5,SD007,JH_H007,T3,3,114.0,4.981102350506281
5,SD007,JH_H007,T3,4,57.0,4.981102350506281
5,SD007,S574,T2,1,333.0,55.30035441403435
5,SD007,S574,T2,2,171.0,55.30035441403435
5,SD007,S574,T2,3,68.0,55.30035441403435
5,SD007,S574,T2,4,34.0,55.30035441403435
5,SD007,S574,T3,1,459.0,55.30035441403435
5,SD007,S574,T3,2,93.75,55.30035441403435
5,SD007,S646,T2,1,77.0,55.980994050691734
5,SD008,JH_H010,T1,1,15.0,2.2723099352135923
5,SD008,JH_H010,T1,2,2.25,2.2723099352135923
5,SD008,JH_H010,T1,3,4.6875,2.2723099352135923
5,SD008,JH_H010,T1,4,4.565625,2.2723099352135923
5,SD008,JH_H010,T3,1,45.0,2.2723099352135923
5,SD008,JH_H010,T3,2,38.25,2.2723099352135923
5,SD008,JH_H010,T3,3,26.0,2.2723099352135923
5,SD008,JH_H010,T3,4,13.0,2.2723099352135923
5,SD008,S576,T2,1,8.0,54.01101080067525
5,SD008,S576,T2,2,39.0,54.01101080067525
5,SD008,S576,T2,3,15.0,54.01101080067525
5,SD008,S576,T2,4,7.0,54.01101080067525
5,SD008,S576,T3,1,111.0,54.01101080067525
5,SD008,S576,T3,2,26.75,54.01101080067525
5,SD008,S662,T2,1,85.0,59.96276202166144
5,SD009,JH_H002,T1,1,561.5030206793359,8.677094127999364
5,SD009,JH_H002,T1,2,84.22545310190043,8.677094127999364
5,SD009,JH_H002,T1,3,175.46969396229247,8.677094127999364
5,SD009,JH_H002,T1,4,170.90748191927287,8.677094127999364
5,SD009,JH_H012,T1,1,54.612034016417816,1.4576943447875488
5,SD009,JH_H012,T1,2,8.191805102462673,1.4576943447875488
5,SD009,JH_H012,T1,3,17.066260630130568,1.4576943447875488
5,SD009,JH_H012,T1,4,16.622537853747172,1.4576943447875488
5,SD009,JH_H012,T3,1,44.0,1.4576943447875488
5,SD009,JH_H012,T3,2,139.2606867418654,1.4576943447875488
5,SD009,JH_H012,T3,3,129.7035807889923,1.4576943447875488
5,SD009,JH_H013,T1,1,35.549767676315966,3.236510971938637
5,SD009,JH_H013,T1,2,5.332465151447394,3.236510971938637
5,SD009,JH_H013,T1,3,11.109302398848738,3.236510971938637
5,SD009,JH_H013,T1,4,10.820460536478674,3.236510971938637
5,SD009,JH_H014,T1,1,34.160646837053605,0.4466966349245021
5,SD009,JH_H014,T1,2,5.12409702555804,0.4466966349245021
5,SD009,JH_H014,T1,3,10.675202136579253,0.4466966349245021
5,SD009,JH_H014,T1,4,10.39764688102819,0.4466966349245021
5,SD009,JH_H014,T3,2,87.1096494344867,0.4466966349245021
5,SD009,JH_H014,T3,3,81.13153623800231,0.4466966349245021
5,SD009,JH_H014,T3,4,81.43044189782654,0.4466966349245021
5,SD009,S487,T2,2,16.800000000000125,1.0348611048750498
5,SD009,S487,T2,3,240.8,1.0348611048750498
5,SD009,S487,T2,4,240.8,1.0348611048750498
5,SD009,S487,T3,1,903.0,1.0348611048750498
5,SD009,S487,T3,2,556.85,1.0348611048750498
5,SD009,S487,T3,3,556.85,1.0348611048750498
5,SD009,S487,T3,4,416.56955810217346,1.0348611048750498
5,SD009,S476,T2,1,442.0,2.397830934450181
5,SD009,S476,T2,2,135.99999999999983,2.397830934450181
5,SD009,S488,T2,1,607.0,1.4592468756210197
5,SD009,S488,T2,2,709.6,1.4592468756210197
5,SD009,S488,T2,3,357.2,1.4592468756210197
5,SD009,S488,T3,1,2661.0,1.4592468756210197
5,SD009,S488,T3,2,1640.95,1.4592468756210197
5,SD009,S488,T3,3,227.1648829730053,1.4592468756210197
5,SD009,S474,T2,1,130.0,2.1392098877866896
5,SD009,S474,T2,2,104.0,2.1392098877866896
5,SD009,S474,T3,1,390.0,2.1392098877866896
5,SD009,S585,T2,4,58.19999999999999,1.378762806137195
5,SD009,S585,T3,3,2.150000000000034,1.378762806137195
5,SD009,S470,T2,1,159.0,3.004424742948205
5,SD009,S468,T2,1,258.0,2.5066937194501957
5,SD009,S475,T2,1,411.0,2.2821384274382996
5,SD009,S475,T2,2,328.8,2.2821384274382996
5,SD009,S475,T3,1,1233.0,2.2821384274382996
5,SD009,S527,T2,1,195.0,2.95674963336408
5,SD009,S652,T2,1,172.0,2.0922070322925164
5,SD009,S652,T2,2,137.6,2.0922070322925164
5,SD009,S652,T3,1,516.0,2.0922070322925164
5,SD009,S515,T2,1,79.0,2.325791786803242
5,SD009,S515,T2,2,63.2,2.325791786803242
5,SD009,S515,T3,1,237.0,2.325791786803242
5,SD009,S492,T2,1,479.0,4.001671156251342
5,SD009,S609,T2,1,112.0,3.6639555424998242
5,SD009,S481,T2,1,193.0,4.440707825216017
5,SD009,S477,T3,2,68.82966382364816,1.76324660679698
5,SD009,S519,T2,1,40.0,4.79292685895804
5,SD009,S467,T2,1,93.0,3.667708178553188
5,SD009,S473,T2,1,220.0,2.681359796816352
5,SD010,S576,T2,1,641.0,1.5750823381651595
5,SD010,S576,T2,2,267.0,1.5750823381651595
5,SD010,S576,T2,3,106.0,1.5750823381651595
5,SD010,S576,T2,4,53.0,1.5750823381651595
5,SD010,S576,T3,1,1068.0,1.5750823381651595
5,SD010,S576,T3,2,445.0,1.5750823381651595
5,SD010,S576,T3,3,178.0,1.5750823381651595
5,SD010,S576,T3,4,89.0,1.5750823381651595
5,SD011,JH_H001,T2,4,11.983790090758305,18.95427518527753
5,SD011,JH_H001,T3,1,596.0,18.95427518527753
5,SD011,JH_H001,T3,2,104.5,18.95427518527753
5,SD011,JH_H006,T1,1,110.0,1.7150550139812313
5,SD011,JH_H006,T1,2,16.5,1.7150550139812313
5,SD011,JH_H006,T1,3,34.375,1.7150550139812313
5,SD011,JH_H006,T1,4,33.48125000000001,1.7150550139812313
5,SD011,JH_H006,T3,1,330.0,1.7150550139812313
5,SD011,JH_H006,T3,2,280.5,1.7150550139812313
5,SD011,JH_H006,T3,3,154.0,1.7150550139812313
5,SD011,JH_H006,T3,4,77.0,1.7150550139812313
5,SD011,S534,T2,1,220.0,23.333302947830347
5,SD011,S555,T2,1,150.0,23.39419610565027
5,SD011,S527,T2,2,156.0,22.14727927837606
5,SD011,S527,T2,3,92.0,22.14727927837606
5,SD011,S527,T2,4,34.016209909241695,22.14727927837606
5,SD011,S579,T2,1,185.0,22.806811031738093
5,SD011,S579,T2,2,75.0,22.806811031738093
6,SD001,JH_H004,T1,1,150.0,1.854989649044953
6,SD001,JH_H004,T1,2,22.49997272539281,1.854989649044953
6,SD001,JH_H004,T1,3,46.87501772849461,1.854989649044953
6,SD001,JH_H004,T1,4,45.656249113575285,1.854989649044953
6,SD001,JH_H004,T2,2,2.7274607077742985e-05,1.854989649044953
6,SD001,JH_H004,T3,1,450.0,1.854989649044953
6,SD001,JH_H004,T3,2,382.5,1.854989649044953
6,SD001,JH_H004,T3,3,282.0,1.854989649044953
6,SD001,JH_H004,T3,4,141.0,1.854989649044953
6,SD001,S574,T2,1,86.0,71.89671568387841
6,SD001,S500,T2,2,62.99997272539292,71.51481572097616
6,SD001,S500,T2,3,169.0,71.51481572097616
6,SD001,S500,T2,4,84.0,71.51481572097616
6,SD001,S500,T3,1,572.8576626304689,71.51481572097616
6,SD001,S500,T3,2,323.5,71.51481572097616
6,SD001,S653,T2,2,180.8,71.80138022276273
6,SD001,S653,T3,1,1.1423373695311057,71.80138022276273
6,SD001,S407,T2,2,179.2,71.68431985910988
6,SD001,S407,T3,1,672.0,71.68431985910988
6,SD001,S646,T2,1,195.0,72.49823348913633
6,SD001,S394,T2,1,430.0,72.1259364557284
6,SD001,S610,T2,1,144.0,72.37845192158939
6,SD001,S614,T2,1,125.0,73.21476069856318
6,SD001,S611,T2,1,37.0,72.80787198790621
6,SD002,JH_H002,T3,1,277.0,41.51640976921575
6,SD002,JH_H002,T3,2,53.349999999999994,41.51640976921575
6,SD002,JH_H008,T1,1,30.0,1.0827923580272938
6,SD002,JH_H008,T1,2,4.5,1.0827923580272938
6,SD002,JH_H008,T1,3,9.375,1.0827923580272938
6,SD002,JH_H008,T1,4,9.13125,1.0827923580272938
6,SD002,JH_H008,T3,1,90.0,1.0827923580272938
6,SD002,JH_H008,T3,2,76.5,1.0827923580272938
6,SD002,JH_H008,T3,3,71.25,1.0827923580272938
6,SD002,JH_H008,T3,4,40.0,1.0827923580272938
6,SD002,S051,T2,1,251.0,41.72141084148072
6,SD002,S051,T2,2,89.8,41.72141084148072
6,SD002,S051,T2,3,16.8,41.72141084148072
6,SD002,S402,T2,1,39.0,26.129154168488203
6,SD002,S402,T2,2,31.2,26.129154168488203
6,SD002,S402,T2,3,31.2,26.129154168488203
6,SD002,S402,T2,4,24.0,26.129154168488203
6,SD002,S402,T3,1,117.0,26.129154168488203
6,SD002,S402,T3,2,72.15,26.129154168488203
6,SD002,S402,T3,3,8.75,26.129154168488203
6,SD003,JH_H001,T2,1,119.5000963801159,37.40508264752206
6,SD003,JH_H009,T1,1,10.0,0.4313840120055951
6,SD003,JH_H009,T1,2,1.5,0.4313840120055951
6,SD003,JH_H009,T1,3,3.125,0.4313840120055951
6,SD003,JH_H009,T1,4,3.04375,0.4313840120055951
6,SD003,JH_H009,T3,1,30.0,0.4313840120055951
6,SD003,JH_H009,T3,2,25.5,0.4313840120055951
6,SD003,JH_H009,T3,3,23.75,0.4313840120055951
6,SD003,JH_H009,T3,4,23.8375,0.4313840120055951
6,SD003,JH_H010,T3,3,4.625,28.49230688861869
6,SD003,JH_H010,T3,4,7.162500000000001,28.49230688861869
6,SD003,S794,T2,1,48.499903619884094,50.35982328204556
6,SD003,S001,T2,1,60.0,49.98914957568617
6,SD003,S576,T2,2,95.0,28.692801988341532
6,SD003,S576,T2,3,38.0,28.692801988341532
6,SD003,S576,T2,4,18.0,28.692801988341532
6,SD003,S576,T3,1,351.0,28.692801988341532
6,SD003,S576,T3,2,132.5,28.692801988341532
6,SD003,S576,T3,3,34.625,28.692801988341532
6,SD004,JH_H001,T2,1,180.0,10.699808563193097
6,SD004,JH_H012,T3,1,160.3616674099661,1.593785827447224
6,SD004,JH_H013,T1,1,34.59318892375276,2.6842115905313224
6,SD004,JH_H013,T1,2,5.188978338562915,2.6842115905313224
6,SD004,JH_H013,T1,3,10.81037153867274,2.6842115905313224
6,SD004,JH_H013,T1,4,10.529301878667248,2.6842115905313224
6,SD004,JH_H013,T3,1,103.77956677125829,2.6842115905313224
6,SD004,JH_H014,T1,1,32.90547614974819,0.32354661842920146
6,SD004,JH_H014,T1,2,4.935821422462229,0.32354661842920146
6,SD004,JH_H014,T1,3,10.282961296796309,0.32354661842920146
6,SD004,JH_H014,T1,4,10.015604303079607,0.32354661842920146
6,SD004,JH_H014,T3,1,98.71642844924456,0.32354661842920146
6,SD004,JH_H014,T3,4,28.899999999999977,0.32354661842920146
6,SD004,S487,T2,1,301.0,1.2507354917512443
6,SD004,S487,T2,2,240.8,1.2507354917512443
6,SD004,S487,T3,1,770.0,1.2507354917512443
6,SD004,S626,T2,1,161.0,2.1097408109848033
6,SD004,S626,T3,1,66.1423373695311,2.1097408109848033
6,SD004,S625,T2,1,332.0,2.077856378373978
6,SD004,S625,T2,2,254.59999999999985,2.077856378373978
6,SD004,S625,T3,1,996.0,2.077856378373978
6,SD004,S625,T3,2,280.55000000000007,2.077856378373978
6,SD004,S488,T2,1,332.0,1.8413665454132206
6,SD004,S585,T2,1,173.0,1.0153546860217733
6,SD004,S585,T2,2,138.4,1.0153546860217733
6,SD004,S585,T2,3,138.4,1.0153546860217733
6,SD004,S585,T2,4,87.19999999999999,1.0153546860217733
6,SD004,S585,T3,1,519.0,1.0153546860217733
6,SD004,S585,T3,2,320.05,1.0153546860217733
6,SD004,S585,T3,3,320.05,1.0153546860217733
6,SD004,S516,T2,1,350.0,2.8151316973303575
6,SD004,S596,T2,1,157.0,1.2472733119337553
6,SD004,S596,T2,2,125.6,1.2472733119337553
6,SD004,S596,T2,3,125.6,1.2472733119337553
6,SD004,S596,T3,1,471.0,1.2472733119337553
6,SD004,S596,T3,2,290.45000000000005,1.2472733119337553
6,SD004,S596,T3,3,155.85000000000002,1.2472733119337553
6,SD004,S586,T2,1,226.0,0.7669305123872737
6,SD004,S586,T2,2,180.8,0.7669305123872737
6,SD004,S586,T2,3,180.8,0.7669305123872737
6,SD004,S586,T2,4,180.8,0.7669305123872737
6,SD004,S586,T3,1,678.0,0.7669305123872737
6,SD004,S586,T3,2,418.1,0.7669305123872737
6,SD004,S586,T3,3,418.1,0.7669305123872737
6,SD004,S586,T3,4,418.1,0.7669305123872737
6,SD004,S662,T2,1,506.0,3.084617507958989
6,SD004,S583,T2,1,124.0,1.3098200579051456
6,SD004,S583,T2,2,99.2,1.3098200579051456
6,SD004,S583,T2,3,91.19999999999999,1.3098200579051456
6,SD004,S583,T3,1,372.0,1.3098200579051456
6,SD004,S583,T3,2,229.4,1.3098200579051456
6,SD004,S477,T2,1,228.0,1.4997932513210326
6,SD004,S477,T2,2,182.4,1.4997932513210326
6,SD004,S477,T3,1,684.0,1.4997932513210326
6,SD004,S477,T3,2,421.8,1.4997932513210326
6,SD004,S587,T2,1,149.0,1.6268730303347014
6,SD004,S587,T2,2,119.2,1.6268730303347014
6,SD004,S587,T3,1,447.0,1.6268730303347014
6,SD004,S587,T3,2,275.65,1.6268730303347014
6,SD005,JH_H001,T2,1,2.0,64.10618822546918
6,SD005,JH_H003,T3,3,4.25,16.1076975841419
6,SD005,JH_H011,T1,1,10.0,0.534981795654251
6,SD005,JH_H011,T1,2,1.5,0.534981795654251
6,SD005,JH_H011,T1,3,3.125,0.534981795654251
6,SD005,JH_H011,T1,4,3.04375,0.534981795654251
6,SD005,JH_H011,T3,1,30.0,0.534981795654251
6,SD005,JH_H011,T3,2,25.5,0.534981795654251
6,SD005,JH_H011,T3,3,23.75,0.534981795654251
6,SD005,JH_H011,T3,4,14.0,0.534981795654251
6,SD005,S500,T2,1,101.0,57.23060275413017
6,SD005,S625,T3,2,46.5,56.49980031610249
6,SD005,S662,T2,2,43.0,56.95075227594894
6,SD005,S662,T3,1,143.0,56.95075227594894
6,SD005,S587,T2,3,17.0,56.465784070688635
6,SD005,S587,T2,4,8.0,56.465784070688635
6,SD006,JH_H003,T1,1,378.0,2.76486819460775
6,SD006,JH_H003,T1,2,56.70000000000002,2.76486819460775
6,SD006,JH_H003,T1,3,118.12500000000003,2.76486819460775
6,SD006,JH_H003,T1,4,115.05374999999998,2.76486819460775
6,SD006,JH_H003,T3,1,1134.0,2.76486819460775
6,SD006,JH_H003,T3,2,963.9,2.76486819460775
6,SD006,JH_H003,T3,3,371.25,2.76486819460775
6,SD006,JH_H003,T3,4,125.8125,2.76486819460775
6,SD006,JH_H015,T1,1,50.0,0.645170244514547
6,SD006,JH_H015,T1,2,7.5,0.645170244514547
6,SD006,JH_H015,T1,3,15.625,0.645170244514547
6,SD006,JH_H015,T1,4,15.21875,0.645170244514547
6,SD006,JH_H015,T3,1,150.0,0.645170244514547
6,SD006,JH_H015,T3,2,127.5,0.645170244514547
6,SD006,JH_H015,T3,3,118.75,0.645170244514547
6,SD006,JH_H015,T3,4,119.1875,0.645170244514547
6,SD006,S626,T2,2,128.8,71.16072456883458
6,SD006,S626,T2,3,28.399999999999977,71.16072456883458
6,SD006,S626,T3,1,416.8576626304689,71.16072456883458
6,SD006,S500,T2,1,154.0,71.66162320310904
6,SD006,S500,T2,2,141.00002727460708,71.66162320310904
6,SD006,S500,T3,1,192.1423373695311,71.66162320310904
6,SD006,S625,T2,2,11.00000000000017,71.15737565184527
6,SD006,S625,T2,3,265.6,71.15737565184527
6,SD006,S625,T2,4,147.0,71.15737565184527
6,SD006,S625,T3,2,134.60000000000002,71.15737565184527
6,SD006,S615,T2,1,327.0,74.81662046982781
6,SD006,S599,T2,1,109.0,72.54250883551236
6,SD006,S407,T2,1,224.0,72.5520713734699
6,SD006,S516,T2,2,280.0,71.56667790868094
6,SD006,S516,T3,1,1050.0,71.56667790868094
6,SD006,S555,T2,1,344.0,75.10624726451854
6,SD006,S662,T2,2,174.1999727253928,71.95011219214574
6,SD006,S392,T2,1,515.0,73.86249158942361
6,SD006,S611,T2,1,92.0,74.5120557844105
6,SD007,JH_H007,T1,1,75.0,4.981102350506281
6,SD007,JH_H007,T1,2,11.25,4.981102350506281
6,SD007,JH_H007,T1,3,23.4375,4.981102350506281
6,SD007,JH_H007,T1,4,22.828125,4.981102350506281
6,SD007,JH_H007,T3,1,225.0,4.981102350506281
6,SD007,JH_H007,T3,2,191.25,4.981102350506281
6,SD007,JH_H007,T3,3,138.0,4.981102350506281
6,SD007,JH_H007,T3,4,69.0,4.981102350506281
6,SD007,S574,T2,1,247.0,55.30035441403435
6,SD007,S574,T2,2,207.0,55.30035441403435
6,SD007,S574,T2,3,83.0,55.30035441403435
6,SD007,S574,T2,4,41.0,55.30035441403435
6,SD007,S574,T3,1,606.0,55.30035441403435
6,SD007,S574,T3,2,154.75,55.30035441403435
6,SD007,S051,T2,1,251.0,56.67533855897754
6,SD008,JH_H010,T1,1,15.0,2.2723099352135923
6,SD008,JH_H010,T1,2,2.25,2.2723099352135923
6,SD008,JH_H010,T1,3,4.6875,2.2723099352135923
6,SD008,JH_H010,T1,4,4.565625,2.2723099352135923
6,SD008,JH_H010,T3,1,45.0,2.2723099352135923
6,SD008,JH_H010,T3,2,38.25,2.2723099352135923
6,SD008,JH_H010,T3,3,31.0,2.2723099352135923
6,SD008,JH_H010,T3,4,15.0,2.2723099352135923
6,SD008,S001,T2,1,114.0,63.758184190697605
6,SD008,S576,T2,2,47.0,54.01101080067525
6,SD008,S576,T2,3,18.0,54.01101080067525
6,SD008,S576,T2,4,9.0,54.01101080067525
6,SD008,S576,T3,1,145.0,54.01101080067525
6,SD008,S576,T3,2,40.75,54.01101080067525
6,SD009,JH_H002,T1,1,553.2280836024493,8.677094127999364
6,SD009,JH_H002,T1,2,82.98421254036742,8.677094127999364
6,SD009,JH_H002,T1,3,172.8837761257654,8.677094127999364
6,SD009,JH_H002,T1,4,168.38879794649552,8.677094127999364
6,SD009,JH_H012,T1,1,53.45388913665536,1.4576943447875488
6,SD009,JH_H012,T1,2,8.018083370498303,1.4576943447875488
6,SD009,JH_H012,T1,3,16.704340355204803,1.4576943447875488
6,SD009,JH_H012,T1,4,16.270027505969477,1.4576943447875488
6,SD009,JH_H012,T3,2,136.30741729847117,1.4576943447875488
6,SD009,JH_H012,T3,3,126.95298669955649,1.4576943447875488
6,SD009,JH_H012,T3,4,0.00215675523802778,1.4576943447875488
6,SD009,JH_H014,T3,2,83.90896418185788,0.4466966349245021
6,SD009,JH_H014,T3,3,78.15050585565194,0.4466966349245021
6,SD009,JH_H014,T3,4,49.538428771962266,0.4466966349245021
6,SD009,S487,T2,3,240.8,1.0348611048750498
6,SD009,S487,T2,4,240.8,1.0348611048750498
6,SD009,S487,T3,1,133.0,1.0348611048750498
6,SD009,S487,T3,2,556.85,1.0348611048750498
6,SD009,S487,T3,3,556.85,1.0348611048750498
6,SD009,S487,T3,4,555.4594144727997,1.0348611048750498
6,SD009,S625,T3,2,52.28361851967111,2.2142342239044885
6,SD009,S476,T2,1,442.0,2.397830934450181
6,SD009,S476,T2,2,353.6,2.397830934450181
6,SD009,S476,T3,1,1326.0,2.397830934450181
6,SD009,S488,T2,1,555.0,1.4592468756210197
6,SD009,S488,T2,2,709.6,1.4592468756210197
6,SD009,S488,T2,3,485.2,1.4592468756210197
6,SD009,S488,T2,4,70.99999999999997,1.4592468756210197
6,SD009,S488,T3,1,2661.0,1.4592468756210197
6,SD009,S488,T3,2,1640.95,1.4592468756210197
6,SD009,S488,T3,3,449.04650744479153,1.4592468756210197
6,SD009,S474,T2,1,130.0,2.1392098877866896
6,SD009,S474,T2,2,104.0,2.1392098877866896
6,SD009,S474,T3,1,390.0,2.1392098877866896
6,SD009,S474,T3,2,240.5,2.1392098877866896
6,SD009,S585,T2,4,51.20000000000002,1.378762806137195
6,SD009,S653,T2,1,226.0,3.3728701796297083
6,SD009,S534,T2,1,220.0,6.589952614326456
6,SD009,S470,T2,1,159.0,3.004424742948205
6,SD009,S468,T2,1,258.0,2.5066937194501957
6,SD009,S468,T2,2,120.20000000000006,2.5066937194501957
6,SD009,S468,T3,1,774.0,2.5066937194501957
6,SD009,S475,T2,1,411.0,2.2821384274382996
6,SD009,S475,T2,2,328.8,2.2821384274382996
6,SD009,S475,T3,1,1233.0,2.2821384274382996
6,SD009,S527,T2,1,195.0,2.95674963336408
6,SD009,S652,T2,1,172.0,2.0922070322925164
6,SD009,S652,T2,2,137.6,2.0922070322925164
6,SD009,S652,T3,1,516.0,2.0922070322925164
6,SD009,S652,T3,2,318.20000000000005,2.0922070322925164
6,SD009,S579,T2,1,185.0,4.964191600894386
6,SD009,S515,T2,1,79.0,2.325791786803242
6,SD009,S515,T2,2,63.2,2.325791786803242
6,SD009,S515,T3,1,237.0,2.325791786803242
6,SD009,S600,T2,1,193.0,4.0691848180766375
6,SD009,S492,T2,1,479.0,4.001671156251342
6,SD009,S609,T2,1,112.0,3.6639555424998242
6,SD009,S481,T2,1,193.0,4.440707825216017
6,SD009,S519,T2,1,40.0,4.79292685895804
6,SD009,S467,T2,1,93.0,3.667708178553188
6,SD009,S473,T2,1,220.0,2.681359796816352
6,SD010,S557,T2,1,58.0,30.901508293591853
6,SD010,S576,T2,1,649.0,1.5750823381651595
6,SD010,S576,T2,2,324.0,1.5750823381651595
6,SD010,S576,T2,3,129.0,1.5750823381651595
6,SD010,S576,T2,4,64.0,1.5750823381651595
6,SD010,S576,T3,1,1298.0,1.5750823381651595
6,SD010,S576,T3,2,541.0,1.5750823381651595
6,SD010,S576,T3,3,216.0,1.5750823381651595
6,SD010,S576,T3,4,108.0,1.5750823381651595
6,SD010,S400,T2,1,71.0,30.88149425726887
6,SD011,JH_H001,T2,1,675.0,18.95427518527753
6,SD011,JH_H001,T2,2,281.0,18.95427518527753
6,SD011,JH_H001,T2,3,112.0,18.95427518527753
6,SD011,JH_H001,T2,4,56.0,18.95427518527753
6,SD011,JH_H001,T3,1,795.0,18.95427518527753
6,SD011,JH_H001,T3,2,187.5,18.95427518527753
6,SD011,JH_H006,T1,1,110.0,1.7150550139812313
6,SD011,JH_H006,T1,2,16.5,1.7150550139812313
6,SD011,JH_H006,T1,3,34.375,1.7150550139812313
6,SD011,JH_H006,T1,4,33.48125000000001,1.7150550139812313
6,SD011,JH_H006,T3,1,330.0,1.7150550139812313
6,SD011,JH_H006,T3,2,280.5,1.7150550139812313
6,SD011,JH_H006,T3,3,187.0,1.7150550139812313
6,SD011,JH_H006,T3,4,93.0,1.7150550139812313
7,SD001,JH_H003,T3,3,77.74999835190687,21.731599722578093
7,SD001,JH_H004,T1,1,149.99995291162543,1.854989649044953
7,SD001,JH_H004,T1,2,22.50003060744359,1.854989649044953
7,SD001,JH_H004,T1,3,46.874998469627826,1.854989649044953
7,SD001,JH_H004,T1,4,45.6562500765186,1.854989649044953
7,SD001,JH_H004,T2,1,4.70883746288564e-05,1.854989649044953
7,SD001,JH_H004,T3,1,450.0,1.854989649044953
7,SD001,JH_H004,T3,2,382.49996703813775,1.854989649044953
7,SD001,JH_H004,T3,3,356.25000164809313,1.854989649044953
7,SD001,JH_H004,T3,4,217.0,1.854989649044953
7,SD001,S500,T2,3,204.0,71.51481572097616
7,SD001,S500,T2,4,130.0,71.51481572097616
7,SD001,S500,T3,2,288.10003296186215,71.51481572097616
7,SD001,S615,T2,1,310.0,73.12604490789893
7,SD001,S407,T2,3,56.0,71.68431985910988
7,SD001,S407,T3,2,414.40000000000003,71.68431985910988
7,SD001,S646,T2,2,104.39999999999998,72.49823348913633
7,SD001,S646,T3,1,433.0,72.49823348913633
7,SD001,S394,T2,1,430.0,72.1259364557284
7,SD001,S394,T2,2,344.0,72.1259364557284
7,SD001,S394,T3,1,1290.0,72.1259364557284
7,SD001,S555,T2,1,34.99995291162537,73.51759159230284
7,SD001,S610,T2,1,144.0,72.37845192158939
7,SD001,S610,T2,2,115.2,72.37845192158939
7,SD001,S610,T3,1,432.0,72.37845192158939
7,SD001,S392,T2,1,515.0,72.55168514508541
7,SD001,S392,T2,2,87.40000000000003,72.55168514508541
7,SD001,S611,T2,1,129.0,72.80787198790621
7,SD002,JH_H002,T3,1,537.0,41.51640976921575
7,SD002,JH_H002,T3,2,161.35,41.51640976921575
7,SD002,JH_H008,T1,1,30.0,1.0827923580272938
7,SD002,JH_H008,T1,2,4.5,1.0827923580272938
7,SD002,JH_H008,T1,3,9.375,1.0827923580272938
7,SD002,JH_H008,T1,4,9.13125,1.0827923580272938
7,SD002,JH_H008,T3,1,90.0,1.0827923580272938
7,SD002,JH_H008,T3,2,76.5,1.0827923580272938
7,SD002,JH_H008,T3,3,71.25,1.0827923580272938
7,SD002,JH_H008,T3,4,62.0,1.0827923580272938
7,SD002,S051,T2,1,407.0,41.72141084148072
7,SD002,S051,T2,2,154.8,41.72141084148072
7,SD002,S051,T2,3,42.8,41.72141084148072
7,SD002,S051,T2,4,5.800000000000001,41.72141084148072
7,SD002,S402,T2,1,39.0,26.129154168488203
7,SD002,S402,T2,2,31.2,26.129154168488203
7,SD002,S402,T2,3,31.2,26.129154168488203
7,SD002,S402,T2,4,31.2,26.129154168488203
7,SD002,S402,T3,1,117.0,26.129154168488203
7,SD002,S402,T3,2,72.15,26.129154168488203
7,SD002,S402,T3,3,52.75,26.129154168488203
7,SD003,JH_H001,T2,2,0.00200140275938422,37.40508264752206
7,SD003,JH_H009,T1,1,10.0,0.4313840120055951
7,SD003,JH_H009,T1,2,1.5,0.4313840120055951
7,SD003,JH_H009,T1,3,3.125,0.4313840120055951
7,SD003,JH_H009,T1,4,3.04375,0.4313840120055951
7,SD003,JH_H009,T3,1,30.0,0.4313840120055951
7,SD003,JH_H009,T3,2,25.5,0.4313840120055951
7,SD003,JH_H009,T3,3,23.75,0.4313840120055951
7,SD003,JH_H009,T3,4,23.8375,0.4313840120055951
7,SD003,JH_H010,T3,4,11.75625,28.49230688861869
7,SD003,S576,T2,3,58.0,28.692801988341532
7,SD003,S576,T2,4,29.0,28.692801988341532
7,SD003,S576,T3,2,217.5,28.692801988341532
7,SD003,S576,T3,3,73.25,28.692801988341532
7,SD003,S576,T3,4,12.406250000000002,28.692801988341532
7,SD003,S356,T2,1,159.0,73.45952101268428
7,SD003,S378,T2,1,192.0,69.54504685635165
7,SD003,S662,T2,2,145.9979985972406,34.41204287813438
7,SD003,S662,T3,1,555.0,34.41204287813438
7,SD004,JH_H001,T2,1,963.9047283012875,10.699808563193097
7,SD004,JH_H012,T3,1,149.83600605292816,1.593785827447224
7,SD004,JH_H012,T3,2,127.36060514498894,1.593785827447224
7,SD004,JH_H013,T1,1,31.695271692279597,2.6842115905313224
7,SD004,JH_H013,T1,2,4.754290753841943,2.6842115905313224
7,SD004,JH_H013,T1,3,9.904772403837372,2.6842115905313224
7,SD004,JH_H013,T1,4,9.647248321337607,2.6842115905313224
7,SD004,JH_H013,T3,1,95.08581507683878,2.6842115905313224
7,SD004,JH_H013,T3,2,80.82294281531297,2.6842115905313224
7,SD004,JH_H014,T1,1,29.10298654454232,0.32354661842920146
7,SD004,JH_H014,T1,2,4.365447981681349,0.32354661842920146
7,SD004,JH_H014,T1,3,9.094683295169476,0.32354661842920146
7,SD004,JH_H014,T1,4,8.85822152949507,0.32354661842920146
7,SD004,JH_H014,T3,1,87.30895963362696,0.32354661842920146
7,SD004,JH_H014,T3,2,74.21261568858291,0.32354661842920146
7,SD004,JH_H014,T3,3,69.119593043288,0.32354661842920146
7,SD004,S487,T2,2,240.8,1.2507354917512443
7,SD004,S487,T3,1,903.0,1.2507354917512443
7,SD004,S487,T3,2,305.99999999999966,1.2507354917512443
7,SD004,S626,T2,2,128.8,2.1097408109848033
7,SD004,S626,T3,1,483.0,2.1097408109848033
7,SD004,S626,T3,2,275.9538363511151,2.1097408109848033
7,SD004,S625,T2,2,265.6,2.077856378373978
7,SD004,S625,T3,1,996.0,2.077856378373978
7,SD004,S625,T3,2,614.2,2.077856378373978
7,SD004,S488,T2,2,273.0000000000002,1.8413665454132206
7,SD004,S488,T3,1,824.7692192366057,1.8413665454132206
7,SD004,S387,T2,1,65.0,70.733000100257
7,SD004,S585,T2,1,173.0,1.0153546860217733
7,SD004,S585,T2,2,138.4,1.0153546860217733
7,SD004,S585,T2,3,138.4,1.0153546860217733
7,SD004,S585,T2,4,138.4,1.0153546860217733
7,SD004,S585,T3,1,519.0,1.0153546860217733
7,SD004,S585,T3,2,320.05,1.0153546860217733
7,SD004,S585,T3,3,320.05,1.0153546860217733
7,SD004,S585,T3,4,267.9,1.0153546860217733
7,SD004,S189,T2,1,489.0,70.34522776415513
7,SD004,S516,T2,1,350.0,2.8151316973303575
7,SD004,S516,T2,2,98.19799859724014,2.8151316973303575
7,SD004,S516,T3,1,815.0,2.8151316973303575
7,SD004,S386,T2,1,135.0,70.77095449642641
7,SD004,S169,T2,1,346.0,66.86436752992087
7,SD004,S596,T2,1,157.0,1.2472733119337553
7,SD004,S596,T2,2,125.6,1.2472733119337553
7,SD004,S596,T2,3,125.6,1.2472733119337553
7,SD004,S596,T2,4,91.80000000000001,1.2472733119337553
7,SD004,S596,T3,1,471.0,1.2472733119337553
7,SD004,S596,T3,2,290.45000000000005,1.2472733119337553
7,SD004,S596,T3,3,290.45000000000005,1.2472733119337553
7,SD004,S301,T2,1,149.0,66.75326012915696
7,SD004,S586,T2,1,226.0,0.7669305123872737
7,SD004,S586,T2,2,180.8,0.7669305123872737
7,SD004,S586,T2,3,180.8,0.7669305123872737
7,SD004,S586,T2,4,180.8,0.7669305123872737
7,SD004,S586,T3,1,678.0,0.7669305123872737
7,SD004,S586,T3,2,418.1,0.7669305123872737
7,SD004,S586,T3,3,418.1,0.7669305123872737
7,SD004,S586,T3,4,418.1,0.7669305123872737
7,SD004,S362,T2,1,263.0,70.42724553478037
7,SD004,S364,T2,1,103.0,70.6653440104886
7,SD004,S662,T2,1,506.0,3.084617507958989
7,SD004,S662,T2,2,208.00200140275945,3.084617507958989
7,SD004,S662,T3,1,716.0,3.084617507958989
7,SD004,S583,T2,1,124.0,1.3098200579051456
7,SD004,S583,T2,2,99.2,1.3098200579051456
7,SD004,S583,T2,3,99.2,1.3098200579051456
7,SD004,S583,T3,1,372.0,1.3098200579051456
7,SD004,S583,T3,2,229.4,1.3098200579051456
7,SD004,S583,T3,3,229.4,1.3098200579051456
7,SD004,S477,T2,1,228.0,1.4997932513210326
7,SD004,S477,T2,2,182.4,1.4997932513210326
7,SD004,S477,T2,3,182.4,1.4997932513210326
7,SD004,S477,T3,1,684.0,1.4997932513210326
7,SD004,S477,T3,2,421.8,1.4997932513210326
7,SD004,S477,T3,3,45.88040695671191,1.4997932513210326
7,SD004,S228,T2,1,185.0,71.26261505013056
7,SD004,S186,T2,1,32.09522461033799,70.81318812827683
7,SD004,S587,T2,1,149.0,1.6268730303347014
7,SD004,S587,T2,2,119.2,1.6268730303347014
7,SD004,S587,T2,3,97.59999999999997,1.6268730303347014
7,SD004,S587,T3,1,447.0,1.6268730303347014
7,SD004,S587,T3,2,275.65,1.6268730303347014
7,SD004,S019,T2,1,134.00004708837463,70.3533644531121
7,SD004,S249,T2,1,166.0,69.9189824220068
7,SD005,JH_H003,T3,3,20.25,16.1076975841419
7,SD005,JH_H011,T1,1,10.0,0.534981795654251
7,SD005,JH_H011,T1,2,1.5,0.534981795654251
7,SD005,JH_H011,T1,3,3.125,0.534981795654251
7,SD005,JH_H011,T1,4,3.04375,0.534981795654251
7,SD005,JH_H011,T3,1,30.0,0.534981795654251
7,SD005,JH_H011,T3,2,25.5,0.534981795654251
7,SD005,JH_H011,T3,3,23.75,0.534981795654251
7,SD005,JH_H011,T3,4,22.0,0.534981795654251
7,SD005,S576,T2,1,159.0,64.0609251320312
7,SD005,S516,T2,2,66.0,56.60126439380239
7,SD005,S516,T2,3,26.0,56.60126439380239
7,SD005,S516,T3,1,235.0,56.60126439380239
7,SD005,S516,T3,2,61.44613068702279,56.60126439380239
7,SD005,S662,T3,2,23.053869312977213,56.95075227594894
7,SD005,S587,T2,4,13.0,56.465784070688635
7,SD006,JH_H003,T1,1,378.0,2.76486819460775
7,SD006,JH_H003,T1,2,56.70000000000002,2.76486819460775
7,SD006,JH_H003,T1,3,118.12500000000003,2.76486819460775
7,SD006,JH_H003,T1,4,115.05374999999998,2.76486819460775
7,SD006,JH_H003,T3,1,1134.0,2.76486819460775
7,SD006,JH_H003,T3,2,963.9,2.76486819460775
7,SD006,JH_H003,T3,3,634.25,2.76486819460775
7,SD006,JH_H003,T3,4,256.8125,2.76486819460775
7,SD006,JH_H015,T1,1,50.0,0.645170244514547
7,SD006,JH_H015,T1,2,7.5,0.645170244514547
7,SD006,JH_H015,T1,3,15.625,0.645170244514547
7,SD006,JH_H015,T1,4,15.21875,0.645170244514547
7,SD006,JH_H015,T3,1,150.0,0.645170244514547
7,SD006,JH_H015,T3,2,127.5,0.645170244514547
7,SD006,JH_H015,T3,3,118.75,0.645170244514547
7,SD006,JH_H015,T3,4,119.1875,0.645170244514547
7,SD006,S396,T2,1,114.0,116.31132961803561
7,SD006,S768,T2,1,209.0,114.89442484329975
7,SD006,S557,T2,1,290.0,103.46815823012216
7,SD006,S794,T2,1,150.0,97.296247789955
7,SD006,S297,T2,1,339.0,104.35548660742765
7,SD006,S397,T2,1,174.0,111.32392139945415
7,SD006,S626,T2,3,128.8,71.16072456883458
7,SD006,S626,T3,2,21.896163648884908,71.16072456883458
7,SD006,S576,T2,1,490.0,79.62252650290161
7,SD006,S500,T2,2,204.0,71.66162320310904
7,SD006,S500,T3,1,765.0,71.66162320310904
7,SD006,S500,T3,2,183.64996703813785,71.66162320310904
7,SD006,S625,T2,3,265.6,71.15737565184527
7,SD006,S625,T2,4,225.0,71.15737565184527
7,SD006,S599,T2,2,87.2,72.54250883551236
7,SD006,S599,T3,1,327.0,72.54250883551236
7,SD006,S653,T2,2,180.8,71.95860830726068
7,SD006,S653,T3,1,678.0,71.95860830726068
7,SD006,S359,T2,1,389.0,125.35549684430904
7,SD006,S400,T2,1,71.0,108.7439912209304
7,SD006,S407,T2,2,179.2,72.5520713734699
7,SD006,S407,T3,1,672.0,72.5520713734699
7,SD006,S167,T2,1,166.0,124.44006894678701
7,SD006,S075,T2,1,66.0,126.66504747975978
7,SD006,S516,T2,2,115.80200140275986,71.56667790868094
7,SD006,S516,T2,3,34.99999999999993,71.56667790868094
7,SD006,S516,T3,2,586.0538693129772,71.56667790868094
7,SD006,S378,T2,1,253.0,120.62760433707786
7,SD006,S600,T2,2,154.4,72.43437422947342
7,SD006,S600,T3,1,579.0,72.43437422947342
7,SD006,S392,T2,2,175.59799859724012,73.86249158942361
7,SD006,S392,T3,1,214.0,73.86249158942361
7,SD006,S519,T2,2,32.0,73.73425106223932
7,SD006,S587,T2,3,21.600000000000037,71.22516661651865
7,SD007,JH_H007,T1,1,75.0,4.981102350506281
7,SD007,JH_H007,T1,2,11.25,4.981102350506281
7,SD007,JH_H007,T1,3,23.4375,4.981102350506281
7,SD007,JH_H007,T1,4,22.828125,4.981102350506281
7,SD007,JH_H007,T3,1,225.0,4.981102350506281
7,SD007,JH_H007,T3,2,191.25,4.981102350506281
7,SD007,JH_H007,T3,3,178.125,4.981102350506281
7,SD007,JH_H007,T3,4,106.0,4.981102350506281
7,SD007,S574,T2,1,333.0,55.30035441403435
7,SD007,S574,T2,2,266.4,55.30035441403435
7,SD007,S574,T2,3,127.0,55.30035441403435
7,SD007,S574,T2,4,63.0,55.30035441403435
7,SD007,S574,T3,1,999.0,55.30035441403435
7,SD007,S574,T3,2,339.75,55.30035441403435
7,SD007,S574,T3,3,33.875,55.30035441403435
7,SD007,S615,T2,1,17.0,56.83741643732918
7,SD007,S646,T2,1,195.0,55.980994050691734
7,SD007,S646,T2,2,51.60000000000002,55.980994050691734
7,SD007,S646,T3,1,52.0,55.980994050691734
7,SD007,S614,T2,1,125.0,56.71053077279719
7,SD007,S051,T2,1,95.0,56.67533855897754
7,SD008,JH_H003,T3,3,12.375,36.223692885411175
7,SD008,JH_H010,T1,1,15.0,2.2723099352135923
7,SD008,JH_H010,T1,2,2.25,2.2723099352135923
7,SD008,JH_H010,T1,3,4.6875,2.2723099352135923
7,SD008,JH_H010,T1,4,4.565625,2.2723099352135923
7,SD008,JH_H010,T3,1,45.0,2.2723099352135923
7,SD008,JH_H010,T3,2,38.25,2.2723099352135923
7,SD008,JH_H010,T3,3,35.625,2.2723099352135923
7,SD008,JH_H010,T3,4,24.0,2.2723099352135923
7,SD008,S794,T2,1,1.0,64.48707868496672
7,SD008,S001,T2,1,174.0,63.758184190697605
7,SD008,S576,T2,2,21.200000000000045,54.01101080067525
7,SD008,S576,T2,3,29.0,54.01101080067525
7,SD008,S576,T2,4,14.0,54.01101080067525
7,SD008,S576,T3,2,82.75,54.01101080067525
7,SD008,S662,T2,2,50.799999999999955,59.96276202166144
7,SD008,S662,T3,1,247.0,59.96276202166144
7,SD009,JH_H002,T1,1,528.1594913091227,8.677094127999364
7,SD009,JH_H002,T1,2,79.22392369636844,8.677094127999364
7,SD009,JH_H002,T1,3,165.04984103410084,8.677094127999364
7,SD009,JH_H002,T1,4,160.7585451672142,8.677094127999364
7,SD009,JH_H012,T1,1,49.94533535097605,1.4576943447875488
7,SD009,JH_H012,T1,2,7.491800302646411,1.4576943447875488
7,SD009,JH_H012,T1,3,15.60791729718002,1.4576943447875488
7,SD009,JH_H012,T1,4,15.202111447453333,1.4576943447875488
7,SD009,JH_H012,T3,3,118.62017145856812,1.4576943447875488
7,SD009,JH_H012,T3,4,119.05719314288916,1.4576943447875488
7,SD009,JH_H014,T3,4,69.37424417555276,0.4466966349245021
7,SD009,S487,T2,1,301.0,1.0348611048750498
7,SD009,S487,T2,3,240.8,1.0348611048750498
7,SD009,S487,T2,4,240.8,1.0348611048750498
7,SD009,S487,T3,2,250.85000000000034,1.0348611048750498
7,SD009,S487,T3,3,556.85,1.0348611048750498
7,SD009,S487,T3,4,556.85,1.0348611048750498
7,SD009,S626,T2,1,161.0,2.229220505779742
7,SD009,S500,T2,1,255.0,3.511821886553356
7,SD009,S625,T2,1,332.0,2.2142342239044885
7,SD009,S476,T2,1,442.0,2.397830934450181
7,SD009,S476,T2,2,353.6,2.397830934450181
7,SD009,S476,T3,1,1326.0,2.397830934450181
7,SD009,S476,T3,2,817.7,2.397830934450181
7,SD009,S488,T2,1,887.0,1.4592468756210197
7,SD009,S488,T2,2,436.5999999999998,1.4592468756210197
7,SD009,S488,T2,3,709.6,1.4592468756210197
7,SD009,S488,T2,4,317.2,1.4592468756210197
7,SD009,S488,T3,1,1836.2307807633943,1.4592468756210197
7,SD009,S488,T3,2,1640.95,1.4592468756210197
7,SD009,S488,T3,3,1185.529828541432,1.4592468756210197
7,SD009,S488,T3,4,132.56856268155803,1.4592468756210197
7,SD009,S599,T2,1,109.0,4.390423292539299
7,SD009,S474,T2,1,130.0,2.1392098877866896
7,SD009,S474,T2,2,104.0,2.1392098877866896
7,SD009,S474,T2,3,28.00000000000003,2.1392098877866896
7,SD009,S474,T3,1,390.0,2.1392098877866896
7,SD009,S474,T3,2,240.5,2.1392098877866896
7,SD009,S585,T3,4,52.150000000000034,1.378762806137195
7,SD009,S653,T2,1,226.0,3.3728701796297083
7,SD009,S534,T2,1,220.0,6.589952614326456
7,SD009,S407,T2,1,224.0,5.206845854037303
7,SD009,S470,T2,1,159.0,3.004424742948205
7,SD009,S470,T2,2,127.2,3.004424742948205
7,SD009,S470,T3,1,477.0,3.004424742948205
7,SD009,S468,T2,1,258.0,2.5066937194501957
7,SD009,S468,T2,2,206.4,2.5066937194501957
7,SD009,S468,T3,1,774.0,2.5066937194501957
7,SD009,S468,T3,2,477.3,2.5066937194501957
7,SD009,S475,T2,1,411.0,2.2821384274382996
7,SD009,S475,T2,2,328.8,2.2821384274382996
7,SD009,S475,T3,1,1233.0,2.2821384274382996
7,SD009,S475,T3,2,760.35,2.2821384274382996
7,SD009,S555,T2,1,309.00004708837463,7.247923846154981
7,SD009,S527,T2,1,195.0,2.95674963336408
7,SD009,S527,T2,2,156.0,2.95674963336408
7,SD009,S527,T3,1,585.0,2.95674963336408
7,SD009,S652,T2,1,172.0,2.0922070322925164
7,SD009,S652,T2,2,137.6,2.0922070322925164
7,SD009,S652,T2,3,137.6,2.0922070322925164
7,SD009,S652,T3,1,516.0,2.0922070322925164
7,SD009,S652,T3,2,318.20000000000005,2.0922070322925164
7,SD009,S579,T2,1,185.0,4.964191600894386
7,SD009,S579,T3,1,380.76921923660575,4.964191600894386
7,SD009,S515,T2,1,79.0,2.325791786803242
7,SD009,S515,T2,2,63.2,2.325791786803242
7,SD009,S515,T3,1,237.0,2.325791786803242
7,SD009,S515,T3,2,146.15,2.325791786803242
7,SD009,S600,T2,1,193.0,4.0691848180766375
7,SD009,S492,T2,1,479.0,4.001671156251342
7,SD009,S492,T2,2,383.2,4.001671156251342
7,SD009,S492,T3,1,1437.0,4.001671156251342
7,SD009,S609,T2,1,112.0,3.6639555424998242
7,SD009,S609,T2,2,89.6,3.6639555424998242
7,SD009,S609,T3,1,336.0,3.6639555424998242
7,SD009,S481,T2,1,193.0,4.440707825216017
7,SD009,S481,T2,2,154.4,4.440707825216017
7,SD009,S481,T3,1,579.0,4.440707825216017
7,SD009,S143,T2,1,100.0,69.04589152355453
7,SD009,S052,T2,1,174.0,69.51307207558743
7,SD009,S519,T2,1,40.0,4.79292685895804
7,SD009,S519,T3,1,120.0,4.79292685895804
7,SD009,S019,T2,1,39.99995291162537,70.54520823627732
7,SD009,S467,T2,1,93.0,3.667708178553188
7,SD009,S467,T2,2,74.4,3.667708178553188
7,SD009,S467,T3,1,279.0,3.667708178553188
7,SD009,S473,T2,1,220.0,2.681359796816352
7,SD009,S473,T2,2,176.0,2.681359796816352
7,SD009,S473,T3,1,660.0,2.681359796816352
7,SD010,JH_H001,T3,1,46.0,25.229261577539656
7,SD010,S576,T2,2,498.0,1.5750823381651595
7,SD010,S576,T2,3,199.0,1.5750823381651595
7,SD010,S576,T2,4,99.0,1.5750823381651595
7,SD010,S576,T3,1,1947.0,1.5750823381651595
7,SD010,S576,T3,2,830.0,1.5750823381651595
7,SD010,S576,T3,3,332.0,1.5750823381651595
7,SD010,S576,T3,4,166.0,1.5750823381651595
7,SD010,S168,T2,1,420.0,45.324816709689756
7,SD010,S358,T2,1,143.0,46.243163600968444
7,SD010,S075,T2,1,122.0,47.41663678391791
7,SD010,S445,T2,1,63.0,45.74269378818629
7,SD010,S186,T2,1,108.904775389662,47.641797465459895
7,SD010,S227,T2,1,70.095224610338,48.11112261882882
7,SD010,S401,T2,1,269.0,45.16267111899092
7,SD011,JH_H001,T2,2,432.0,18.95427518527753
7,SD011,JH_H001,T2,3,172.0,18.95427518527753
7,SD011,JH_H001,T2,4,86.0,18.95427518527753
7,SD011,JH_H001,T3,1,1398.0,18.95427518527753
7,SD011,JH_H001,T3,2,439.5,18.95427518527753
7,SD011,JH_H001,T3,3,26.75,18.95427518527753
7,SD011,JH_H006,T1,1,110.0,1.7150550139812313
7,SD011,JH_H006,T1,2,16.5,1.7150550139812313
7,SD011,JH_H006,T1,3,34.375,1.7150550139812313
7,SD011,JH_H006,T1,4,33.48125000000001,1.7150550139812313
7,SD011,JH_H006,T3,1,330.0,1.7150550139812313
7,SD011,JH_H006,T3,2,280.5,1.7150550139812313
7,SD011,JH_H006,T3,3,261.25,1.7150550139812313
7,SD011,JH_H006,T3,4,144.0,1.7150550139812313
7,SD011,S215,T2,1,154.0,58.33431312566647
7,SD011,S193,T2,1,172.0,57.98767356151768
7,SD011,S113,T2,1,205.0,57.764653293260956
7,SD011,S143,T2,1,23.0,56.10496885568485
7,SD011,S241,T2,1,228.0,57.78920416255945
7,SD011,S384,T2,1,221.0,56.81215208513142
7,SD011,S429,T2,1,33.0,54.92619755416661
8,SD001,JH_H003,T3,3,23.74999858485529,21.731599722578093
8,SD001,JH_H004,T1,1,149.99995956729379,1.854989649044953
8,SD001,JH_H004,T1,2,22.500026281259068,1.854989649044953
8,SD001,JH_H004,T1,3,46.874998685937044,1.854989649044953
8,SD001,JH_H004,T1,4,45.65625006570315,1.854989649044953
8,SD001,JH_H004,T2,1,4.043270632791973e-05,1.854989649044953
8,SD001,JH_H004,T3,1,450.0,1.854989649044953
8,SD001,JH_H004,T3,2,382.4999716971056,1.854989649044953
8,SD001,JH_H004,T3,3,356.2500014151447,1.854989649044953
8,SD001,JH_H004,T3,4,190.0,1.854989649044953
8,SD001,S574,T3,1,108.0,71.89671568387841
8,SD001,S500,T2,3,204.0,71.51481572097616
8,SD001,S500,T2,4,114.0,71.51481572097616
8,SD001,S500,T3,2,471.75,71.51481572097616
8,SD001,S615,T2,1,327.0,73.12604490789893
8,SD001,S407,T2,2,110.8,71.68431985910988
8,SD001,S407,T2,3,24.0,71.68431985910988
8,SD001,S407,T3,1,672.0,71.68431985910988
8,SD001,S407,T3,2,95.7500283028944,71.68431985910988
8,SD001,S646,T2,1,10.0,72.49823348913633
8,SD001,S394,T2,1,430.0,72.1259364557284
8,SD001,S394,T2,2,344.0,72.1259364557284
8,SD001,S394,T3,1,1050.0,72.1259364557284
8,SD001,S610,T2,1,144.0,72.37845192158939
8,SD001,S610,T2,2,115.2,72.37845192158939
8,SD001,S614,T2,1,125.0,73.21476069856318
8,SD001,S392,T2,1,202.99995956729367,72.55168514508541
8,SD001,S611,T2,1,129.0,72.80787198790621
8,SD002,JH_H002,T3,1,444.0,41.51640976921575
8,SD002,JH_H002,T3,2,122.35,41.51640976921575
8,SD002,JH_H008,T1,1,30.0,1.0827923580272938
8,SD002,JH_H008,T1,2,4.5,1.0827923580272938
8,SD002,JH_H008,T1,3,9.375,1.0827923580272938
8,SD002,JH_H008,T1,4,9.13125,1.0827923580272938
8,SD002,JH_H008,T3,1,90.0,1.0827923580272938
8,SD002,JH_H008,T3,2,76.5,1.0827923580272938
8,SD002,JH_H008,T3,3,71.25,1.0827923580272938
8,SD002,JH_H008,T3,4,54.0,1.0827923580272938
8,SD002,S051,T2,1,351.0,41.72141084148072
8,SD002,S051,T2,2,130.8,41.72141084148072
8,SD002,S051,T2,3,33.8,41.72141084148072
8,SD002,S051,T2,4,0.8000000000000007,41.72141084148072
8,SD002,S402,T2,1,39.0,26.129154168488203
8,SD002,S402,T2,2,31.2,26.129154168488203
8,SD002,S402,T2,3,31.2,26.129154168488203
8,SD002,S402,T2,4,31.2,26.129154168488203
8,SD002,S402,T3,1,117.0,26.129154168488203
8,SD002,S402,T3,2,72.15,26.129154168488203
8,SD002,S402,T3,3,36.75,26.129154168488203
8,SD003,JH_H009,T1,1,10.0,0.4313840120055951
8,SD003,JH_H009,T1,2,1.5,0.4313840120055951
8,SD003,JH_H009,T1,3,3.125,0.4313840120055951
8,SD003,JH_H009,T1,4,3.04375,0.4313840120055951
8,SD003,JH_H009,T3,1,30.0,0.4313840120055951
8,SD003,JH_H009,T3,2,25.5,0.4313840120055951
8,SD003,JH_H009,T3,3,23.75,0.4313840120055951
8,SD003,JH_H009,T3,4,23.8375,0.4313840120055951
8,SD003,JH_H010,T3,4,14.75625,28.49230688861869
8,SD003,S576,T2,2,20.200000000000045,28.692801988341532
8,SD003,S576,T2,3,51.0,28.692801988341532
8,SD003,S576,T2,4,25.0,28.692801988341532
8,SD003,S576,T3,2,187.5,28.692801988341532
8,SD003,S576,T3,3,61.25,28.692801988341532
8,SD003,S576,T3,4,3.4062500000000018,28.692801988341532
8,SD003,S356,T2,1,159.0,73.45952101268428
8,SD003,S378,T2,1,147.0,69.54504685635165
8,SD003,S662,T2,2,106.79999999999995,34.41204287813438
8,SD003,S662,T3,1,481.0,34.41204287813438
8,SD004,JH_H001,T2,1,968.4085970846226,10.699808563193097
8,SD004,JH_H012,T3,1,153.59978630239974,1.593785827447224
8,SD004,JH_H012,T3,2,59.820150879421476,1.593785827447224
8,SD004,JH_H013,T1,1,32.73151286235383,2.6842115905313224
8,SD004,JH_H013,T1,2,4.909726929353074,2.6842115905313224
8,SD004,JH_H013,T1,3,10.228597769485576,2.6842115905313224
8,SD004,JH_H013,T1,4,9.962654227478946,2.6842115905313224
8,SD004,JH_H013,T3,1,98.19453858706149,2.6842115905313224
8,SD004,JH_H014,T1,1,30.46268592963848,0.32354661842920146
8,SD004,JH_H014,T1,2,4.569402889445772,0.32354661842920146
8,SD004,JH_H014,T1,3,9.519589353012025,0.32354661842920146
8,SD004,JH_H014,T1,4,9.272080029833713,0.32354661842920146
8,SD004,JH_H014,T3,1,91.38805778891543,0.32354661842920146
8,SD004,JH_H014,T3,2,77.67984912057811,0.32354661842920146
8,SD004,S487,T2,1,301.0,1.2507354917512443
8,SD004,S487,T2,2,240.8,1.2507354917512443
8,SD004,S487,T3,1,664.8176173216234,1.2507354917512443
8,SD004,S626,T2,1,161.0,2.1097408109848033
8,SD004,S626,T2,2,128.8,2.1097408109848033
8,SD004,S626,T3,1,483.0,2.1097408109848033
8,SD004,S626,T3,2,297.85,2.1097408109848033
8,SD004,S500,T2,1,75.00004043270633,3.8511885474328467
8,SD004,S168,T2,1,1.0,68.97294641872708
8,SD004,S625,T2,1,332.0,2.077856378373978
8,SD004,S625,T2,2,265.6,2.077856378373978
8,SD004,S625,T3,1,996.0,2.077856378373978
8,SD004,S625,T3,2,614.2,2.077856378373978
8,SD004,S488,T2,2,95.3999999999998,1.8413665454132206
8,SD004,S358,T2,1,18.591362482671002,69.7860038777055
8,SD004,S585,T2,1,173.0,1.0153546860217733
8,SD004,S585,T2,2,138.4,1.0153546860217733
8,SD004,S585,T2,3,138.4,1.0153546860217733
8,SD004,S585,T2,4,138.4,1.0153546860217733
8,SD004,S585,T3,1,519.0,1.0153546860217733
8,SD004,S585,T3,2,320.05,1.0153546860217733
8,SD004,S585,T3,3,320.05,1.0153546860217733
8,SD004,S585,T3,4,182.89999999999998,1.0153546860217733
8,SD004,S516,T2,1,350.0,2.8151316973303575
8,SD004,S516,T3,1,526.0,2.8151316973303575
8,SD004,S169,T2,1,346.0,66.86436752992087
8,SD004,S596,T2,1,157.0,1.2472733119337553
8,SD004,S596,T2,2,125.6,1.2472733119337553
8,SD004,S596,T2,3,125.6,1.2472733119337553
8,SD004,S596,T2,4,40.79999999999998,1.2472733119337553
8,SD004,S596,T3,1,471.0,1.2472733119337553
8,SD004,S596,T3,2,290.45000000000005,1.2472733119337553
8,SD004,S596,T3,3,290.45000000000005,1.2472733119337553
8,SD004,S301,T2,1,149.0,66.75326012915696
8,SD004,S586,T2,1,226.0,0.7669305123872737
8,SD004,S586,T2,2,180.8,0.7669305123872737
8,SD004,S586,T2,3,180.8,0.7669305123872737
8,SD004,S586,T2,4,180.8,0.7669305123872737
8,SD004,S586,T3,1,678.0,0.7669305123872737
8,SD004,S586,T3,2,418.1,0.7669305123872737
8,SD004,S586,T3,3,418.1,0.7669305123872737
8,SD004,S586,T3,4,418.1,0.7669305123872737
8,SD004,S445,T2,1,63.0,69.33128516234076
8,SD004,S662,T2,1,506.0,3.084617507958989
8,SD004,S662,T2,2,226.80000000000007,3.084617507958989
8,SD004,S662,T3,1,1029.0,3.084617507958989
8,SD004,S583,T2,1,124.0,1.3098200579051456
8,SD004,S583,T2,2,99.2,1.3098200579051456
8,SD004,S583,T2,3,99.2,1.3098200579051456
8,SD004,S583,T3,1,372.0,1.3098200579051456
8,SD004,S583,T3,2,229.4,1.3098200579051456
8,SD004,S583,T3,3,173.39999999999998,1.3098200579051456
8,SD004,S477,T2,1,228.0,1.4997932513210326
8,SD004,S477,T2,2,182.4,1.4997932513210326
8,SD004,S477,T2,3,155.79999999999998,1.4997932513210326
8,SD004,S477,T3,1,684.0,1.4997932513210326
8,SD004,S477,T3,2,421.8,1.4997932513210326
8,SD004,S587,T2,1,149.0,1.6268730303347014
8,SD004,S587,T2,2,119.2,1.6268730303347014
8,SD004,S587,T2,3,21.19999999999996,1.6268730303347014
8,SD004,S587,T3,1,447.0,1.6268730303347014
8,SD004,S587,T3,2,275.65,1.6268730303347014
8,SD005,JH_H003,T3,3,14.25,16.1076975841419
8,SD005,JH_H011,T1,1,10.0,0.534981795654251
8,SD005,JH_H011,T1,2,1.5,0.534981795654251
8,SD005,JH_H011,T1,3,3.125,0.534981795654251
8,SD005,JH_H011,T1,4,3.04375,0.534981795654251
8,SD005,JH_H011,T3,1,30.0,0.534981795654251
8,SD005,JH_H011,T3,2,25.5,0.534981795654251
8,SD005,JH_H011,T3,3,23.75,0.534981795654251
8,SD005,JH_H011,T3,4,19.0,0.534981795654251
8,SD005,S576,T2,1,139.0,64.0609251320312
8,SD005,S516,T3,1,202.0,56.60126439380239
8,SD005,S516,T3,2,71.5,56.60126439380239
8,SD005,S662,T2,2,58.0,56.95075227594894
8,SD005,S587,T2,3,23.0,56.465784070688635
8,SD005,S587,T2,4,11.0,56.465784070688635
8,SD006,JH_H003,T1,1,378.0,2.76486819460775
8,SD006,JH_H003,T1,2,56.70000000000002,2.76486819460775
8,SD006,JH_H003,T1,3,118.12500000000003,2.76486819460775
8,SD006,JH_H003,T1,4,115.05374999999998,2.76486819460775
8,SD006,JH_H003,T3,1,1134.0,2.76486819460775
8,SD006,JH_H003,T3,2,963.9,2.76486819460775
8,SD006,JH_H003,T3,3,540.25,2.76486819460775
8,SD006,JH_H003,T3,4,209.8125,2.76486819460775
8,SD006,JH_H015,T1,1,50.0,0.645170244514547
8,SD006,JH_H015,T1,2,7.5,0.645170244514547
8,SD006,JH_H015,T1,3,15.625,0.645170244514547
8,SD006,JH_H015,T1,4,15.21875,0.645170244514547
8,SD006,JH_H015,T3,1,150.0,0.645170244514547
8,SD006,JH_H015,T3,2,127.5,0.645170244514547
8,SD006,JH_H015,T3,3,118.75,0.645170244514547
8,SD006,JH_H015,T3,4,119.1875,0.645170244514547
8,SD006,S396,T2,1,114.0,116.31132961803561
8,SD006,S768,T2,1,209.0,114.89442484329975
8,SD006,S557,T2,1,290.0,103.46815823012216
8,SD006,S794,T2,1,151.0,97.296247789955
8,SD006,S001,T2,1,21.0,96.66284671481966
8,SD006,S297,T2,1,339.0,104.35548660742765
8,SD006,S397,T2,1,174.0,111.32392139945415
8,SD006,S626,T2,3,128.8,71.16072456883458
8,SD006,S576,T2,1,510.0,79.62252650290161
8,SD006,S500,T2,2,204.0,71.66162320310904
8,SD006,S500,T3,1,765.0,71.66162320310904
8,SD006,S625,T2,3,265.6,71.15737565184527
8,SD006,S625,T2,4,197.0,71.15737565184527
8,SD006,S599,T2,2,87.2,72.54250883551236
8,SD006,S599,T3,1,327.0,72.54250883551236
8,SD006,S653,T2,2,180.8,71.95860830726068
8,SD006,S653,T3,1,678.0,71.95860830726068
8,SD006,S359,T2,1,30.0,125.35549684430904
8,SD006,S400,T2,1,71.0,108.7439912209304
8,SD006,S407,T2,2,68.39999999999999,72.5520713734699
8,SD006,S167,T2,1,166.0,124.44006894678701
8,SD006,S516,T2,2,280.0,71.56667790868094
8,SD006,S516,T3,1,322.0,71.56667790868094
8,SD006,S516,T3,2,556.6,71.56667790868094
8,SD006,S378,T2,1,298.0,120.62760433707786
8,SD006,S600,T2,2,154.4,72.43437422947342
8,SD006,S600,T3,1,579.0,72.43437422947342
8,SD006,S662,T2,2,13.200000000000003,71.95011219214574
8,SD006,S587,T2,3,0.5999999999999659,71.22516661651865
8,SD007,JH_H007,T1,1,75.0,4.981102350506281
8,SD007,JH_H007,T1,2,11.25,4.981102350506281
8,SD007,JH_H007,T1,3,23.4375,4.981102350506281
8,SD007,JH_H007,T1,4,22.828125,4.981102350506281
8,SD007,JH_H007,T3,1,225.0,4.981102350506281
8,SD007,JH_H007,T3,2,191.25,4.981102350506281
8,SD007,JH_H007,T3,3,178.125,4.981102350506281
8,SD007,JH_H007,T3,4,93.0,4.981102350506281
8,SD007,S574,T2,1,333.0,55.30035441403435
8,SD007,S574,T2,2,266.4,55.30035441403435
8,SD007,S574,T2,3,111.0,55.30035441403435
8,SD007,S574,T2,4,55.0,55.30035441403435
8,SD007,S574,T3,1,891.0,55.30035441403435
8,SD007,S574,T3,2,273.75,55.30035441403435
8,SD007,S574,T3,3,7.875,55.30035441403435
8,SD007,S646,T2,1,185.0,55.980994050691734
8,SD007,S646,T2,2,12.600000000000023,55.980994050691734
8,SD007,S051,T2,1,151.0,56.67533855897754
8,SD008,JH_H003,T3,3,6.375,36.223692885411175
8,SD008,JH_H010,T1,1,15.0,2.2723099352135923
8,SD008,JH_H010,T1,2,2.25,2.2723099352135923
8,SD008,JH_H010,T1,3,4.6875,2.2723099352135923
8,SD008,JH_H010,T1,4,4.565625,2.2723099352135923
8,SD008,JH_H010,T3,1,45.0,2.2723099352135923
8,SD008,JH_H010,T3,2,38.25,2.2723099352135923
8,SD008,JH_H010,T3,3,35.625,2.2723099352135923
8,SD008,JH_H010,T3,4,21.0,2.2723099352135923
8,SD008,S001,T2,1,153.0,63.758184190697605
8,SD008,S576,T2,2,63.0,54.01101080067525
8,SD008,S576,T2,3,25.0,54.01101080067525
8,SD008,S576,T2,4,12.0,54.01101080067525
8,SD008,S576,T3,1,202.0,54.01101080067525
8,SD008,S576,T3,2,67.75,54.01101080067525
8,SD008,S662,T3,1,8.0,59.96276202166144
8,SD009,JH_H002,T1,1,537.1235525072906,8.677094127999364
8,SD009,JH_H002,T1,2,80.56853287609357,8.677094127999364
8,SD009,JH_H002,T1,3,167.85111015852831,8.677094127999364
8,SD009,JH_H002,T1,4,163.48698129440658,8.677094127999364
8,SD009,JH_H012,T1,1,51.19992876746658,1.4576943447875488
8,SD009,JH_H012,T1,2,7.679989315119986,1.4576943447875488
8,SD009,JH_H012,T1,3,15.999977739833309,1.4576943447875488
8,SD009,JH_H012,T1,4,15.583978318597637,1.4576943447875488
8,SD009,JH_H012,T3,2,70.7396674776183,1.4576943447875488
8,SD009,JH_H012,T3,3,121.59983082273313,1.4576943447875488
8,SD009,JH_H012,T3,4,47.40404765301961,1.4576943447875488
8,SD009,JH_H014,T3,3,72.34887908289137,0.4466966349245021
8,SD009,JH_H014,T3,4,72.61542758477572,0.4466966349245021
8,SD009,S487,T2,3,240.8,1.0348611048750498
8,SD009,S487,T2,4,240.8,1.0348611048750498
8,SD009,S487,T3,1,238.1823826783766,1.0348611048750498
8,SD009,S487,T3,2,556.85,1.0348611048750498
8,SD009,S487,T3,3,556.85,1.0348611048750498
8,SD009,S487,T3,4,556.85,1.0348611048750498
8,SD009,S500,T2,1,179.99995956729367,3.511821886553356
8,SD009,S476,T2,1,442.0,2.397830934450181
8,SD009,S476,T2,2,353.6,2.397830934450181
8,SD009,S476,T3,1,1326.0,2.397830934450181
8,SD009,S476,T3,2,338.2603325223817,2.397830934450181
8,SD009,S488,T2,1,887.0,1.4592468756210197
8,SD009,S488,T2,2,614.2000000000003,1.4592468756210197
8,SD009,S488,T2,3,709.6,1.4592468756210197
8,SD009,S488,T2,4,247.2,1.4592468756210197
8,SD009,S488,T3,1,2661.0,1.4592468756210197
8,SD009,S488,T3,2,1640.95,1.4592468756210197
8,SD009,S488,T3,3,877.2012900943756,1.4592468756210197
8,SD009,S599,T2,1,109.0,4.390423292539299
8,SD009,S474,T2,1,130.0,2.1392098877866896
8,SD009,S474,T2,2,104.0,2.1392098877866896
8,SD009,S474,T3,1,390.0,2.1392098877866896
8,SD009,S474,T3,2,240.5,2.1392098877866896
8,SD009,S585,T3,4,137.13052476220466,1.378762806137195
8,SD009,S653,T2,1,226.0,3.3728701796297083
8,SD009,S534,T2,1,220.0,6.589952614326456
8,SD009,S407,T2,1,224.0,5.206845854037303
8,SD009,S470,T2,1,159.0,3.004424742948205
8,SD009,S470,T2,2,127.2,3.004424742948205
8,SD009,S470,T3,1,477.0,3.004424742948205
8,SD009,S468,T2,1,258.0,2.5066937194501957
8,SD009,S468,T2,2,206.4,2.5066937194501957
8,SD009,S468,T3,1,774.0,2.5066937194501957
8,SD009,S475,T2,1,411.0,2.2821384274382996
8,SD009,S475,T2,2,328.8,2.2821384274382996
8,SD009,S475,T3,1,1233.0,2.2821384274382996
8,SD009,S475,T3,2,760.35,2.2821384274382996
8,SD009,S555,T2,1,344.0,7.247923846154981
8,SD009,S527,T2,1,195.0,2.95674963336408
8,SD009,S527,T2,2,156.0,2.95674963336408
8,SD009,S527,T3,1,585.0,2.95674963336408
8,SD009,S652,T2,1,172.0,2.0922070322925164
8,SD009,S652,T2,2,137.6,2.0922070322925164
8,SD009,S652,T3,1,516.0,2.0922070322925164
8,SD009,S652,T3,2,318.20000000000005,2.0922070322925164
8,SD009,S579,T2,1,185.0,4.964191600894386
8,SD009,S515,T2,1,79.0,2.325791786803242
8,SD009,S515,T2,2,63.2,2.325791786803242
8,SD009,S515,T3,1,237.0,2.325791786803242
8,SD009,S515,T3,2,146.15,2.325791786803242
8,SD009,S600,T2,1,193.0,4.0691848180766375
8,SD009,S492,T2,1,479.0,4.001671156251342
8,SD009,S492,T2,2,11.999999999999545,4.001671156251342
8,SD009,S492,T3,1,60.8176173216234,4.001671156251342
8,SD009,S609,T2,1,112.0,3.6639555424998242
8,SD009,S609,T2,2,89.6,3.6639555424998242
8,SD009,S609,T3,1,336.0,3.6639555424998242
8,SD009,S481,T2,1,193.0,4.440707825216017
8,SD009,S392,T2,1,312.0000404327063,6.347810373558756
8,SD009,S477,T2,3,26.600000000000023,1.76324660679698
8,SD009,S519,T2,1,40.0,4.79292685895804
8,SD009,S467,T2,1,93.0,3.667708178553188
8,SD009,S467,T2,2,74.4,3.667708178553188
8,SD009,S467,T3,1,279.0,3.667708178553188
8,SD009,S473,T2,1,220.0,2.681359796816352
8,SD009,S473,T2,2,176.0,2.681359796816352
8,SD009,S473,T3,1,660.0,2.681359796816352
8,SD010,S576,T2,2,436.0,1.5750823381651595
8,SD010,S576,T2,3,174.0,1.5750823381651595
8,SD010,S576,T2,4,87.0,1.5750823381651595
8,SD010,S576,T3,1,1745.0,1.5750823381651595
8,SD010,S576,T3,2,727.0,1.5750823381651595
8,SD010,S576,T3,3,290.0,1.5750823381651595
8,SD010,S576,T3,4,145.0,1.5750823381651595
8,SD010,S168,T2,1,419.0,45.324816709689756
8,SD010,S359,T2,1,359.0,46.12721099547114
8,SD010,S401,T2,1,269.0,45.16267111899092
8,SD011,JH_H001,T2,2,378.0,18.95427518527753
8,SD011,JH_H001,T2,3,151.0,18.95427518527753
8,SD011,JH_H001,T2,4,75.0,18.95427518527753
8,SD011,JH_H001,T3,1,1182.0,18.95427518527753
8,SD011,JH_H001,T3,2,349.5,18.95427518527753
8,SD011,JH_H006,T1,1,110.0,1.7150550139812313
8,SD011,JH_H006,T1,2,16.5,1.7150550139812313
8,SD011,JH_H006,T1,3,34.375,1.7150550139812313
8,SD011,JH_H006,T1,4,33.48125000000001,1.7150550139812313
8,SD011,JH_H006,T3,1,330.0,1.7150550139812313
8,SD011,JH_H006,T3,2,280.5,1.7150550139812313
8,SD011,JH_H006,T3,3,252.0,1.7150550139812313
8,SD011,JH_H006,T3,4,126.0,1.7150550139812313
8,SD011,S113,T2,1,205.0,57.764653293260956
8,SD011,S143,T2,1,123.0,56.10496885568485
8,SD011,S052,T2,1,174.0,56.72315593616297
8,SD011,S241,T2,1,151.0,57.78920416255945
8,SD011,S384,T2,1,221.0,56.81215208513142
8,SD011,S429,T2,1,33.0,54.92619755416661
9,SD001,JH_H003,T3,3,58.749998431454685,21.731599722578093
9,SD001,JH_H004,T1,1,149.99995518442051,1.854989649044953
9,SD001,JH_H004,T1,2,22.50002913012679,1.854989649044953
9,SD001,JH_H004,T1,3,46.87499854349363,1.854989649044953
9,SD001,JH_H004,T1,4,45.656250072825316,1.854989649044953
9,SD001,JH_H004,T2,1,4.4815579627766056e-05,1.854989649044953
9,SD001,JH_H004,T3,1,450.0,1.854989649044953
9,SD001,JH_H004,T3,2,382.49996862909427,1.854989649044953
9,SD001,JH_H004,T3,3,356.2500015685453,1.854989649044953
9,SD001,JH_H004,T3,4,207.0,1.854989649044953
9,SD001,S574,T3,1,3.004387741729772,71.89671568387841
9,SD001,S500,T2,3,204.0,71.51481572097616
9,SD001,S500,T2,4,124.0,71.51481572097616
9,SD001,S500,T3,2,471.75,71.51481572097616
9,SD001,S615,T2,1,327.0,73.12604490789893
9,SD001,S407,T2,3,45.0,71.68431985910988
9,SD001,S407,T3,2,184.75003137090573,71.68431985910988
9,SD001,S646,T2,2,117.39999999999998,72.49823348913633
9,SD001,S646,T3,1,318.9956122582702,72.49823348913633
9,SD001,S394,T2,1,430.0,72.1259364557284
9,SD001,S394,T2,2,344.0,72.1259364557284
9,SD001,S394,T3,1,1290.0,72.1259364557284
9,SD001,S610,T2,1,144.0,72.37845192158939
9,SD001,S610,T2,2,115.2,72.37845192158939
9,SD001,S610,T3,1,432.0,72.37845192158939
9,SD001,S614,T2,1,35.0,73.21476069856318
9,SD001,S392,T2,1,430.9999551844204,72.55168514508541
9,SD001,S392,T2,2,46.400000000000034,72.55168514508541
9,SD001,S611,T2,1,129.0,72.80787198790621
9,SD002,JH_H002,T3,1,505.0,41.51640976921575
9,SD002,JH_H002,T3,2,148.35,41.51640976921575
9,SD002,JH_H008,T1,1,30.0,1.0827923580272938
9,SD002,JH_H008,T1,2,4.5,1.0827923580272938
9,SD002,JH_H008,T1,3,9.375,1.0827923580272938
9,SD002,JH_H008,T1,4,9.13125,1.0827923580272938
9,SD002,JH_H008,T3,1,90.0,1.0827923580272938
9,SD002,JH_H008,T3,2,76.5,1.0827923580272938
9,SD002,JH_H008,T3,3,71.25,1.0827923580272938
9,SD002,JH_H008,T3,4,59.0,1.0827923580272938
9,SD002,S051,T2,1,388.0,41.72141084148072
9,SD002,S051,T2,2,146.8,41.72141084148072
9,SD002,S051,T2,3,39.8,41.72141084148072
9,SD002,S051,T2,4,3.8000000000000007,41.72141084148072
9,SD002,S402,T2,1,39.0,26.129154168488203
9,SD002,S402,T2,2,31.2,26.129154168488203
9,SD002,S402,T2,3,31.2,26.129154168488203
9,SD002,S402,T2,4,31.2,26.129154168488203
9,SD002,S402,T3,1,117.0,26.129154168488203
9,SD002,S402,T3,2,72.15,26.129154168488203
9,SD002,S402,T3,3,46.75,26.129154168488203
9,SD003,JH_H009,T1,1,10.0,0.4313840120055951
9,SD003,JH_H009,T1,2,1.5,0.4313840120055951
9,SD003,JH_H009,T1,3,3.125,0.4313840120055951
9,SD003,JH_H009,T1,4,3.04375,0.4313840120055951
9,SD003,JH_H009,T3,1,30.0,0.4313840120055951
9,SD003,JH_H009,T3,2,25.5,0.4313840120055951
9,SD003,JH_H009,T3,3,23.75,0.4313840120055951
9,SD003,JH_H009,T3,4,23.8375,0.4313840120055951
9,SD003,JH_H010,T3,4,12.75625,28.49230688861869
9,SD003,S576,T2,3,55.0,28.692801988341532
9,SD003,S576,T2,4,27.0,28.692801988341532
9,SD003,S576,T3,2,207.5,28.692801988341532
9,SD003,S576,T3,3,69.25,28.692801988341532
9,SD003,S576,T3,4,9.406250000000002,28.692801988341532
9,SD003,S356,T2,1,159.0,73.45952101268428
9,SD003,S378,T2,1,177.0,69.54504685635165
9,SD003,S662,T2,2,139.0,34.41204287813438
9,SD003,S662,T3,1,530.0,34.41204287813438
9,SD004,JH_H001,T2,1,965.4388628823019,10.699808563193097
9,SD004,JH_H012,T3,1,151.11804727433733,1.593785827447224
9,SD004,JH_H012,T3,2,128.45034018318674,1.593785827447224
9,SD004,JH_H013,T1,1,32.04824232480868,2.6842115905313224
9,SD004,JH_H013,T1,2,4.807236348721304,2.6842115905313224
9,SD004,JH_H013,T1,3,10.015075726502713,2.6842115905313224
9,SD004,JH_H013,T1,4,9.754683757613645,2.6842115905313224
9,SD004,JH_H013,T3,1,96.14472697442605,2.6842115905313224
9,SD004,JH_H013,T3,2,81.72301792826214,2.6842115905313224
9,SD004,JH_H014,T1,1,29.566135438706034,0.32354661842920146
9,SD004,JH_H014,T1,2,4.434920315805908,0.32354661842920146
9,SD004,JH_H014,T1,3,9.239417324595635,0.32354661842920146
9,SD004,JH_H014,T1,4,8.99919247415615,0.32354661842920146
9,SD004,JH_H014,T3,1,88.69840631611811,0.32354661842920146
9,SD004,JH_H014,T3,2,75.39364536870039,0.32354661842920146
9,SD004,JH_H014,T3,3,56.999999999999886,0.32354661842920146
9,SD004,S487,T2,2,240.8,1.2507354917512443
9,SD004,S487,T3,1,903.0,1.2507354917512443
9,SD004,S487,T3,2,279.5329965198508,1.2507354917512443
9,SD004,S626,T2,2,128.8,2.1097408109848033
9,SD004,S626,T3,1,483.0,2.1097408109848033
9,SD004,S626,T3,2,153.25,2.1097408109848033
9,SD004,S625,T2,1,89.0000448155796,2.077856378373978
9,SD004,S625,T2,2,265.6,2.077856378373978
9,SD004,S625,T3,1,996.0,2.077856378373978
9,SD004,S625,T3,2,614.2,2.077856378373978
9,SD004,S488,T2,2,310.5999999999998,1.8413665454132206
9,SD004,S488,T3,1,406.03881943511897,1.8413665454132206
9,SD004,S585,T2,1,173.0,1.0153546860217733
9,SD004,S585,T2,2,138.4,1.0153546860217733
9,SD004,S585,T2,3,138.4,1.0153546860217733
9,SD004,S585,T2,4,138.4,1.0153546860217733
9,SD004,S585,T3,1,519.0,1.0153546860217733
9,SD004,S585,T3,2,320.05,1.0153546860217733
9,SD004,S585,T3,3,320.05,1.0153546860217733
9,SD004,S585,T3,4,238.89999999999998,1.0153546860217733
9,SD004,S189,T2,1,489.0,70.34522776415513
9,SD004,S516,T2,1,350.0,2.8151316973303575
9,SD004,S516,T3,1,804.0,2.8151316973303575
9,SD004,S169,T2,1,346.0,66.86436752992087
9,SD004,S596,T2,1,157.0,1.2472733119337553
9,SD004,S596,T2,2,125.6,1.2472733119337553
9,SD004,S596,T2,3,125.6,1.2472733119337553
9,SD004,S596,T2,4,74.79999999999998,1.2472733119337553
9,SD004,S596,T3,1,471.0,1.2472733119337553
9,SD004,S596,T3,2,290.45000000000005,1.2472733119337553
9,SD004,S596,T3,3,290.45000000000005,1.2472733119337553
9,SD004,S301,T2,1,149.0,66.75326012915696
9,SD004,S586,T2,1,226.0,0.7669305123872737
9,SD004,S586,T2,2,180.8,0.7669305123872737
9,SD004,S586,T2,3,180.8,0.7669305123872737
9,SD004,S586,T2,4,180.8,0.7669305123872737
9,SD004,S586,T3,1,678.0,0.7669305123872737
9,SD004,S586,T3,2,418.1,0.7669305123872737
9,SD004,S586,T3,3,418.1,0.7669305123872737
9,SD004,S586,T3,4,418.1,0.7669305123872737
9,SD004,S362,T2,1,263.0,70.42724553478037
9,SD004,S364,T2,1,15.561092302118709,70.6653440104886
9,SD004,S662,T2,1,506.0,3.084617507958989
9,SD004,S662,T2,2,180.60000000000008,3.084617507958989
9,SD004,S662,T3,1,792.0,3.084617507958989
9,SD004,S583,T2,1,124.0,1.3098200579051456
9,SD004,S583,T2,2,99.2,1.3098200579051456
9,SD004,S583,T2,3,99.2,1.3098200579051456
9,SD004,S583,T3,1,372.0,1.3098200579051456
9,SD004,S583,T3,2,229.4,1.3098200579051456
9,SD004,S583,T3,3,229.4,1.3098200579051456
9,SD004,S477,T2,1,228.0,1.4997932513210326
9,SD004,S477,T2,2,182.4,1.4997932513210326
9,SD004,S477,T2,3,163.39999999999992,1.4997932513210326
9,SD004,S477,T3,1,684.0,1.4997932513210326
9,SD004,S477,T3,2,421.8,1.4997932513210326
9,SD004,S052,T2,1,164.0,69.32726244189244
9,SD004,S587,T2,1,149.0,1.6268730303347014
9,SD004,S587,T2,2,119.2,1.6268730303347014
9,SD004,S587,T2,3,81.60000000000004,1.6268730303347014
9,SD004,S587,T3,1,447.0,1.6268730303347014
9,SD004,S587,T3,2,275.65,1.6268730303347014
9,SD004,S019,T2,1,174.0,70.3533644531121
9,SD004,S249,T2,1,166.0,69.9189824220068
9,SD005,JH_H003,T3,3,18.25,16.1076975841419
9,SD005,JH_H011,T1,1,10.0,0.534981795654251
9,SD005,JH_H011,T1,2,1.5,0.534981795654251
9,SD005,JH_H011,T1,3,3.125,0.534981795654251
9,SD005,JH_H011,T1,4,3.04375,0.534981795654251
9,SD005,JH_H011,T3,1,30.0,0.534981795654251
9,SD005,JH_H011,T3,2,25.5,0.534981795654251
9,SD005,JH_H011,T3,3,23.75,0.534981795654251
9,SD005,JH_H011,T3,4,21.0,0.534981795654251
9,SD005,S576,T2,1,152.0,64.0609251320312
9,SD005,S516,T2,2,4.600000000000023,56.60126439380239
9,SD005,S516,T2,3,25.0,56.60126439380239
9,SD005,S516,T3,1,224.0,56.60126439380239
9,SD005,S516,T3,2,80.5,56.60126439380239
9,SD005,S662,T2,2,58.39999999999998,56.95075227594894
9,SD005,S587,T2,4,12.0,56.465784070688635
9,SD006,JH_H003,T1,1,378.0,2.76486819460775
9,SD006,JH_H003,T1,2,56.70000000000002,2.76486819460775
9,SD006,JH_H003,T1,3,118.12500000000003,2.76486819460775
9,SD006,JH_H003,T1,4,115.05374999999998,2.76486819460775
9,SD006,JH_H003,T3,1,1134.0,2.76486819460775
9,SD006,JH_H003,T3,2,963.9,2.76486819460775
9,SD006,JH_H003,T3,3,602.25,2.76486819460775
9,SD006,JH_H003,T3,4,240.8125,2.76486819460775
9,SD006,JH_H015,T1,1,50.0,0.645170244514547
9,SD006,JH_H015,T1,2,7.5,0.645170244514547
9,SD006,JH_H015,T1,3,15.625,0.645170244514547
9,SD006,JH_H015,T1,4,15.21875,0.645170244514547
9,SD006,JH_H015,T3,1,150.0,0.645170244514547
9,SD006,JH_H015,T3,2,127.5,0.645170244514547
9,SD006,JH_H015,T3,3,118.75,0.645170244514547
9,SD006,JH_H015,T3,4,119.1875,0.645170244514547
9,SD006,S396,T2,1,114.0,116.31132961803561
9,SD006,S768,T2,1,209.0,114.89442484329975
9,SD006,S557,T2,1,290.0,103.46815823012216
9,SD006,S794,T2,1,151.0,97.296247789955
9,SD006,S001,T2,1,7.0,96.66284671481966
9,SD006,S297,T2,1,339.0,104.35548660742765
9,SD006,S397,T2,1,174.0,111.32392139945415
9,SD006,S626,T2,3,128.8,71.16072456883458
9,SD006,S626,T3,2,144.60000000000002,71.16072456883458
9,SD006,S576,T2,1,497.0,79.62252650290161
9,SD006,S500,T2,2,204.0,71.66162320310904
9,SD006,S500,T3,1,765.0,71.66162320310904
9,SD006,S625,T2,3,265.6,71.15737565184527
9,SD006,S625,T2,4,216.0,71.15737565184527
9,SD006,S599,T2,2,87.2,72.54250883551236
9,SD006,S599,T3,1,327.0,72.54250883551236
9,SD006,S653,T2,2,180.8,71.95860830726068
9,SD006,S653,T3,1,678.0,71.95860830726068
9,SD006,S359,T2,1,310.0,125.35549684430904
9,SD006,S400,T2,1,71.0,108.7439912209304
9,SD006,S407,T2,2,179.2,72.5520713734699
9,SD006,S407,T3,1,672.0,72.5520713734699
9,SD006,S167,T2,1,166.0,124.44006894678701
9,SD006,S516,T2,2,275.4,71.56667790868094
9,SD006,S516,T3,1,22.0,71.56667790868094
9,SD006,S516,T3,2,567.0,71.56667790868094
9,SD006,S378,T2,1,268.0,120.62760433707786
9,SD006,S600,T2,2,154.4,72.43437422947342
9,SD006,S600,T3,1,579.0,72.43437422947342
9,SD006,S587,T2,3,37.599999999999966,71.22516661651865
9,SD007,JH_H002,T3,1,0.004387741729715344,56.31151722180492
9,SD007,JH_H007,T1,1,75.0,4.981102350506281
9,SD007,JH_H007,T1,2,11.25,4.981102350506281
9,SD007,JH_H007,T1,3,23.4375,4.981102350506281
9,SD007,JH_H007,T1,4,22.828125,4.981102350506281
9,SD007,JH_H007,T3,1,225.0,4.981102350506281
9,SD007,JH_H007,T3,2,191.25,4.981102350506281
9,SD007,JH_H007,T3,3,178.125,4.981102350506281
9,SD007,JH_H007,T3,4,101.0,4.981102350506281
9,SD007,S574,T2,1,333.0,55.30035441403435
9,SD007,S574,T2,2,266.4,55.30035441403435
9,SD007,S574,T2,3,122.0,55.30035441403435
9,SD007,S574,T2,4,60.0,55.30035441403435
9,SD007,S574,T3,1,995.9956122582703,55.30035441403435
9,SD007,S574,T3,2,317.75,55.30035441403435
9,SD007,S574,T3,3,24.875,55.30035441403435
9,SD007,S646,T2,1,195.0,55.980994050691734
9,SD007,S646,T2,2,38.60000000000002,55.980994050691734
9,SD007,S614,T2,1,90.0,56.71053077279719
9,SD007,S051,T2,1,114.0,56.67533855897754
9,SD008,JH_H003,T3,3,10.375,36.223692885411175
9,SD008,JH_H010,T1,1,15.0,2.2723099352135923
9,SD008,JH_H010,T1,2,2.25,2.2723099352135923
9,SD008,JH_H010,T1,3,4.6875,2.2723099352135923
9,SD008,JH_H010,T1,4,4.565625,2.2723099352135923
9,SD008,JH_H010,T3,1,45.0,2.2723099352135923
9,SD008,JH_H010,T3,2,38.25,2.2723099352135923
9,SD008,JH_H010,T3,3,35.625,2.2723099352135923
9,SD008,JH_H010,T3,4,23.0,2.2723099352135923
9,SD008,S001,T2,1,167.0,63.758184190697605
9,SD008,S576,T2,2,42.200000000000045,54.01101080067525
9,SD008,S576,T2,3,27.0,54.01101080067525
9,SD008,S576,T2,4,13.0,54.01101080067525
9,SD008,S576,T3,1,38.0,54.01101080067525
9,SD008,S576,T3,2,77.75,54.01101080067525
9,SD008,S662,T2,2,26.799999999999955,59.96276202166144
9,SD008,S662,T3,1,196.0,59.96276202166144
9,SD009,JH_H002,T1,1,531.2128831666572,8.677094127999364
9,SD009,JH_H002,T1,2,79.68193247499858,8.677094127999364
9,SD009,JH_H002,T1,3,166.00402598958038,8.677094127999364
9,SD009,JH_H002,T1,4,161.68792131385132,8.677094127999364
9,SD009,JH_H012,T1,1,50.372682424779114,1.4576943447875488
9,SD009,JH_H012,T1,2,7.555902363716871,1.4576943447875488
9,SD009,JH_H012,T1,3,15.741463257743469,1.4576943447875488
9,SD009,JH_H012,T1,4,15.332185213042141,1.4576943447875488
9,SD009,JH_H012,T3,3,119.63512075885038,1.4576943447875488
9,SD009,JH_H012,T3,4,120.07588173006721,1.4576943447875488
9,SD009,JH_H014,T3,3,13.219571666926953,0.4466966349245021
9,SD009,JH_H014,T3,4,70.47827535201552,0.4466966349245021
9,SD009,S487,T2,1,301.0,1.0348611048750498
9,SD009,S487,T2,3,240.8,1.0348611048750498
9,SD009,S487,T2,4,240.8,1.0348611048750498
9,SD009,S487,T3,2,277.3170034801492,1.0348611048750498
9,SD009,S487,T3,3,556.85,1.0348611048750498
9,SD009,S487,T3,4,556.85,1.0348611048750498
9,SD009,S626,T2,1,161.0,2.229220505779742
9,SD009,S500,T2,1,255.0,3.511821886553356
9,SD009,S625,T2,1,242.9999551844204,2.2142342239044885
9,SD009,S476,T2,1,442.0,2.397830934450181
9,SD009,S476,T2,2,353.6,2.397830934450181
9,SD009,S476,T3,1,1326.0,2.397830934450181
9,SD009,S476,T3,2,817.7,2.397830934450181
9,SD009,S488,T2,1,887.0,1.4592468756210197
9,SD009,S488,T2,2,399.0000000000002,1.4592468756210197
9,SD009,S488,T2,3,709.6,1.4592468756210197
9,SD009,S488,T2,4,293.2,1.4592468756210197
9,SD009,S488,T3,1,2254.961180564881,1.4592468756210197
9,SD009,S488,T3,2,1640.95,1.4592468756210197
9,SD009,S488,T3,3,1092.2953075742228,1.4592468756210197
9,SD009,S488,T3,4,62.44584291791722,1.4592468756210197
9,SD009,S599,T2,1,109.0,4.390423292539299
9,SD009,S474,T2,1,130.0,2.1392098877866896
9,SD009,S474,T2,2,104.0,2.1392098877866896
9,SD009,S474,T3,1,390.0,2.1392098877866896
9,SD009,S474,T3,2,240.5,2.1392098877866896
9,SD009,S585,T3,4,81.15000000000003,1.378762806137195
9,SD009,S653,T2,1,226.0,3.3728701796297083
9,SD009,S534,T2,1,220.0,6.589952614326456
9,SD009,S407,T2,1,224.0,5.206845854037303
9,SD009,S470,T2,1,159.0,3.004424742948205
9,SD009,S470,T2,2,127.2,3.004424742948205
9,SD009,S470,T3,1,477.0,3.004424742948205
9,SD009,S468,T2,1,258.0,2.5066937194501957
9,SD009,S468,T2,2,206.4,2.5066937194501957
9,SD009,S468,T3,1,774.0,2.5066937194501957
9,SD009,S468,T3,2,253.8329965198509,2.5066937194501957
9,SD009,S475,T2,1,411.0,2.2821384274382996
9,SD009,S475,T2,2,328.8,2.2821384274382996
9,SD009,S475,T3,1,1233.0,2.2821384274382996
9,SD009,S475,T3,2,760.35,2.2821384274382996
9,SD009,S555,T2,1,344.0,7.247923846154981
9,SD009,S527,T2,1,195.0,2.95674963336408
9,SD009,S527,T2,2,156.0,2.95674963336408
9,SD009,S527,T3,1,585.0,2.95674963336408
9,SD009,S652,T2,1,172.0,2.0922070322925164
9,SD009,S652,T2,2,137.6,2.0922070322925164
9,SD009,S652,T2,3,99.59999999999994,2.0922070322925164
9,SD009,S652,T3,1,516.0,2.0922070322925164
9,SD009,S652,T3,2,318.20000000000005,2.0922070322925164
9,SD009,S579,T2,1,185.0,4.964191600894386
9,SD009,S515,T2,1,79.0,2.325791786803242
9,SD009,S515,T2,2,63.2,2.325791786803242
9,SD009,S515,T3,1,237.0,2.325791786803242
9,SD009,S515,T3,2,146.15,2.325791786803242
9,SD009,S600,T2,1,193.0,4.0691848180766375
9,SD009,S492,T2,1,479.0,4.001671156251342
9,SD009,S492,T2,2,383.2,4.001671156251342
9,SD009,S492,T3,1,1437.0,4.001671156251342
9,SD009,S609,T2,1,112.0,3.6639555424998242
9,SD009,S609,T2,2,89.6,3.6639555424998242
9,SD009,S609,T3,1,336.0,3.6639555424998242
9,SD009,S481,T2,1,193.0,4.440707825216017
9,SD009,S481,T2,2,73.99999999999966,4.440707825216017
9,SD009,S481,T3,1,187.03881943511897,4.440707825216017
9,SD009,S392,T2,1,84.0000448155796,6.347810373558756
9,SD009,S477,T2,3,19.000000000000085,1.76324660679698
9,SD009,S519,T2,1,40.0,4.79292685895804
9,SD009,S467,T2,1,93.0,3.667708178553188
9,SD009,S467,T2,2,74.4,3.667708178553188
9,SD009,S467,T3,1,279.0,3.667708178553188
9,SD009,S473,T2,1,220.0,2.681359796816352
9,SD009,S473,T2,2,176.0,2.681359796816352
9,SD009,S473,T3,1,660.0,2.681359796816352
9,SD010,S576,T2,2,477.0,1.5750823381651595
9,SD010,S576,T2,3,190.0,1.5750823381651595
9,SD010,S576,T2,4,95.0,1.5750823381651595
9,SD010,S576,T3,1,1909.0,1.5750823381651595
9,SD010,S576,T3,2,795.0,1.5750823381651595
9,SD010,S576,T3,3,318.0,1.5750823381651595
9,SD010,S576,T3,4,159.0,1.5750823381651595
9,SD010,S168,T2,1,420.0,45.324816709689756
9,SD010,S358,T2,1,143.0,46.243163600968444
9,SD010,S359,T2,1,79.0,46.12721099547114
9,SD010,S075,T2,1,171.0,47.41663678391791
9,SD010,S445,T2,1,63.0,45.74269378818629
9,SD010,S401,T2,1,269.0,45.16267111899092
9,SD011,JH_H001,T2,2,413.0,18.95427518527753
9,SD011,JH_H001,T2,3,165.0,18.95427518527753
9,SD011,JH_H001,T2,4,82.0,18.95427518527753
9,SD011,JH_H001,T3,1,1324.0,18.95427518527753
9,SD011,JH_H001,T3,2,408.5,18.95427518527753
9,SD011,JH_H001,T3,3,13.75,18.95427518527753
9,SD011,JH_H006,T1,1,110.0,1.7150550139812313
9,SD011,JH_H006,T1,2,16.5,1.7150550139812313
9,SD011,JH_H006,T1,3,34.375,1.7150550139812313
9,SD011,JH_H006,T1,4,33.48125000000001,1.7150550139812313
9,SD011,JH_H006,T3,1,330.0,1.7150550139812313
9,SD011,JH_H006,T3,2,280.5,1.7150550139812313
9,SD011,JH_H006,T3,3,261.25,1.7150550139812313
9,SD011,JH_H006,T3,4,137.0,1.7150550139812313
9,SD011,S193,T2,1,172.0,57.98767356151768
9,SD011,S113,T2,1,205.0,57.764653293260956
9,SD011,S143,T2,1,123.0,56.10496885568485
9,SD011,S052,T2,1,10.0,56.72315593616297
9,SD011,S241,T2,1,228.0,57.78920416255945
9,SD011,S384,T2,1,221.0,56.81215208513142
9,SD011,S429,T2,1,33.0,54.92619755416661
10,SD001,JH_H004,T1,1,150.0,1.854989649044953
10,SD001,JH_H004,T1,2,22.4999679194932,1.854989649044953
10,SD001,JH_H004,T1,3,46.875020852329556,1.854989649044953
10,SD001,JH_H004,T1,4,45.65624895738367,1.854989649044953
10,SD001,JH_H004,T2,2,3.208050682701469e-05,1.854989649044953
10,SD001,JH_H004,T3,1,450.0,1.854989649044953
10,SD001,JH_H004,T3,2,382.5,1.854989649044953
10,SD001,JH_H004,T3,3,323.0,1.854989649044953
10,SD001,JH_H004,T3,4,161.0,1.854989649044953
10,SD001,S574,T2,2,29.399999999999977,71.89671568387841
10,SD001,S500,T2,3,194.0,71.51481572097616
10,SD001,S500,T2,4,96.0,71.51481572097616
10,SD001,S500,T3,1,141.0,71.51481572097616
10,SD001,S500,T3,2,425.5,71.51481572097616
10,SD001,S615,T2,1,169.0,73.12604490789893
10,SD001,S599,T2,2,87.2,71.95026822121885
10,SD001,S653,T2,2,111.80000000000024,71.80138022276273
10,SD001,S653,T3,1,678.0,71.80138022276273
10,SD001,S407,T2,2,179.2,71.68431985910988
10,SD001,S407,T3,1,672.0,71.68431985910988
10,SD001,S646,T2,1,167.0,72.49823348913633
10,SD001,S394,T2,1,430.0,72.1259364557284
10,SD001,S600,T2,2,77.39996791949298,71.96267982291167
10,SD001,S610,T2,1,144.0,72.37845192158939
10,SD001,S614,T2,1,125.0,73.21476069856318
10,SD001,S611,T2,1,129.0,72.80787198790621
10,SD002,JH_H002,T3,1,347.0,41.51640976921575
10,SD002,JH_H002,T3,2,82.35,41.51640976921575
10,SD002,JH_H008,T1,1,30.0,1.0827923580272938
10,SD002,JH_H008,T1,2,4.5,1.0827923580272938
10,SD002,JH_H008,T1,3,9.375,1.0827923580272938
10,SD002,JH_H008,T1,4,9.13125,1.0827923580272938
10,SD002,JH_H008,T3,1,90.0,1.0827923580272938
10,SD002,JH_H008,T3,2,76.5,1.0827923580272938
10,SD002,JH_H008,T3,3,71.25,1.0827923580272938
10,SD002,JH_H008,T3,4,46.0,1.0827923580272938
10,SD002,S051,T2,1,293.0,41.72141084148072
10,SD002,S051,T2,2,106.8,41.72141084148072
10,SD002,S051,T2,3,23.8,41.72141084148072
10,SD002,S402,T2,1,39.0,26.129154168488203
10,SD002,S402,T2,2,31.2,26.129154168488203
10,SD002,S402,T2,3,31.2,26.129154168488203
10,SD002,S402,T2,4,27.0,26.129154168488203
10,SD002,S402,T3,1,117.0,26.129154168488203
10,SD002,S402,T3,2,72.15,26.129154168488203
10,SD002,S402,T3,3,20.75,26.129154168488203
10,SD003,JH_H009,T1,1,10.0,0.4313840120055951
10,SD003,JH_H009,T1,2,1.5,0.4313840120055951
10,SD003,JH_H009,T1,3,3.125,0.4313840120055951
10,SD003,JH_H009,T1,4,3.04375,0.4313840120055951
10,SD003,JH_H009,T3,1,30.0,0.4313840120055951
10,SD003,JH_H009,T3,2,25.5,0.4313840120055951
10,SD003,JH_H009,T3,3,23.75,0.4313840120055951
10,SD003,JH_H009,T3,4,23.8375,0.4313840120055951
10,SD003,JH_H010,T3,4,12.162500000000001,28.49230688861869
10,SD003,S297,T2,1,258.0,54.366047784019706
10,SD003,S397,T2,1,3.0,60.66543092481636
10,SD003,S576,T2,2,94.20000000000005,28.692801988341532
10,SD003,S576,T2,3,43.0,28.692801988341532
10,SD003,S576,T2,4,21.0,28.692801988341532
10,SD003,S576,T3,1,290.0,28.692801988341532
10,SD003,S576,T3,2,155.5,28.692801988341532
10,SD003,S576,T3,3,48.25,28.692801988341532
10,SD003,S662,T2,2,13.799999999999955,34.41204287813438
10,SD003,S662,T3,1,115.0,34.41204287813438
10,SD004,JH_H001,T2,1,973.1102200579278,10.699808563193097
10,SD004,JH_H012,T3,1,157.52882521065246,1.593785827447224
10,SD004,JH_H013,T1,1,33.813252923061825,2.6842115905313224
10,SD004,JH_H013,T1,2,5.071987938459273,2.6842115905313224
10,SD004,JH_H013,T1,3,10.56664153845682,2.6842115905313224
10,SD004,JH_H013,T1,4,10.291908858456942,2.6842115905313224
10,SD004,JH_H013,T3,1,101.43975876918549,2.6842115905313224
10,SD004,JH_H014,T1,1,31.882086487978754,0.32354661842920146
10,SD004,JH_H014,T1,2,4.782312973196813,0.32354661842920146
10,SD004,JH_H014,T1,3,9.963152027493361,0.32354661842920146
10,SD004,JH_H014,T1,4,9.704110074778534,0.32354661842920146
10,SD004,JH_H014,T3,1,95.64625946393626,0.32354661842920146
10,SD004,JH_H014,T3,2,58.60000000000002,0.32354661842920146
10,SD004,S487,T2,1,301.0,1.2507354917512443
10,SD004,S487,T2,2,240.8,1.2507354917512443
10,SD004,S487,T3,1,381.0,1.2507354917512443
10,SD004,S626,T2,1,161.0,2.1097408109848033
10,SD004,S626,T2,2,128.8,2.1097408109848033
10,SD004,S626,T3,1,483.0,2.1097408109848033
10,SD004,S500,T2,1,3.889779942071982,3.8511885474328467
10,SD004,S625,T2,1,332.0,2.077856378373978
10,SD004,S625,T2,2,265.6,2.077856378373978
10,SD004,S625,T3,1,996.0,2.077856378373978
10,SD004,S625,T3,2,543.95,2.077856378373978
10,SD004,S488,T2,2,0.20000000000004547,1.8413665454132206
10,SD004,S585,T2,1,173.0,1.0153546860217733
10,SD004,S585,T2,2,138.4,1.0153546860217733
10,SD004,S585,T2,3,138.4,1.0153546860217733
10,SD004,S585,T2,4,125.19999999999999,1.0153546860217733
10,SD004,S585,T3,1,519.0,1.0153546860217733
10,SD004,S585,T3,2,320.05,1.0153546860217733
10,SD004,S585,T3,3,320.05,1.0153546860217733
10,SD004,S585,T3,4,92.89999999999998,1.0153546860217733
10,SD004,S516,T2,1,350.0,2.8151316973303575
10,SD004,S596,T2,1,157.0,1.2472733119337553
10,SD004,S596,T2,2,125.6,1.2472733119337553
10,SD004,S596,T2,3,125.6,1.2472733119337553
10,SD004,S596,T3,1,471.0,1.2472733119337553
10,SD004,S596,T3,2,290.45000000000005,1.2472733119337553
10,SD004,S596,T3,3,284.85,1.2472733119337553
10,SD004,S586,T2,1,226.0,0.7669305123872737
10,SD004,S586,T2,2,180.8,0.7669305123872737
10,SD004,S586,T2,3,180.8,0.7669305123872737
10,SD004,S586,T2,4,180.8,0.7669305123872737
10,SD004,S586,T3,1,678.0,0.7669305123872737
10,SD004,S586,T3,2,418.1,0.7669305123872737
10,SD004,S586,T3,3,418.1,0.7669305123872737
10,SD004,S586,T3,4,418.1,0.7669305123872737
10,SD004,S662,T2,1,506.0,3.084617507958989
10,SD004,S662,T2,2,53.99999999999986,3.084617507958989
10,SD004,S662,T3,1,754.3851565562263,3.084617507958989
10,SD004,S583,T2,1,124.0,1.3098200579051456
10,SD004,S583,T2,2,99.2,1.3098200579051456
10,SD004,S583,T2,3,99.2,1.3098200579051456
10,SD004,S583,T3,1,372.0,1.3098200579051456
10,SD004,S583,T3,2,229.4,1.3098200579051456
10,SD004,S477,T2,1,228.0,1.4997932513210326
10,SD004,S477,T2,2,182.4,1.4997932513210326
10,SD004,S477,T2,3,68.99999999999997,1.4997932513210326
10,SD004,S477,T3,1,684.0,1.4997932513210326
10,SD004,S477,T3,2,421.8,1.4997932513210326
10,SD004,S587,T2,1,149.0,1.6268730303347014
10,SD004,S587,T2,2,119.2,1.6268730303347014
10,SD004,S587,T3,1,447.0,1.6268730303347014
10,SD004,S587,T3,2,275.65,1.6268730303347014
10,SD005,JH_H003,T3,3,9.25,16.1076975841419
10,SD005,JH_H011,T1,1,10.0,0.534981795654251
10,SD005,JH_H011,T1,2,1.5,0.534981795654251
10,SD005,JH_H011,T1,3,3.125,0.534981795654251
10,SD005,JH_H011,T1,4,3.04375,0.534981795654251
10,SD005,JH_H011,T3,1,30.0,0.534981795654251
10,SD005,JH_H011,T3,2,25.5,0.534981795654251
10,SD005,JH_H011,T3,3,23.75,0.534981795654251
10,SD005,JH_H011,T3,4,16.0,0.534981795654251
10,SD005,S557,T2,1,37.0,88.73613476652349
10,SD005,S297,T2,1,81.0,89.61585203432902
10,SD005,S625,T3,2,56.5,56.49980031610249
10,SD005,S662,T2,2,49.0,56.95075227594894
10,SD005,S662,T3,1,168.0,56.95075227594894
10,SD005,S587,T2,3,19.0,56.465784070688635
10,SD005,S587,T2,4,9.0,56.465784070688635
10,SD006,JH_H003,T1,1,378.0,2.76486819460775
10,SD006,JH_H003,T1,2,56.70000000000002,2.76486819460775
10,SD006,JH_H003,T1,3,118.12500000000003,2.76486819460775
10,SD006,JH_H003,T1,4,115.05374999999998,2.76486819460775
10,SD006,JH_H003,T3,1,1134.0,2.76486819460775
10,SD006,JH_H003,T3,2,963.9,2.76486819460775
10,SD006,JH_H003,T3,3,442.25,2.76486819460775
10,SD006,JH_H003,T3,4,160.8125,2.76486819460775
10,SD006,JH_H015,T1,1,50.0,0.645170244514547
10,SD006,JH_H015,T1,2,7.5,0.645170244514547
10,SD006,JH_H015,T1,3,15.625,0.645170244514547
10,SD006,JH_H015,T1,4,15.21875,0.645170244514547
10,SD006,JH_H015,T3,1,150.0,0.645170244514547
10,SD006,JH_H015,T3,2,127.5,0.645170244514547
10,SD006,JH_H015,T3,3,118.75,0.645170244514547
10,SD006,JH_H015,T3,4,119.1875,0.645170244514547
10,SD006,S396,T2,1,58.88977994207198,116.31132961803561
10,SD006,S768,T2,1,209.0,114.89442484329975
10,SD006,S557,T2,1,253.0,103.46815823012216
10,SD006,S794,T2,1,151.0,97.296247789955
10,SD006,S001,T2,1,44.0,96.66284671481966
10,SD006,S626,T2,3,70.39999999999998,71.16072456883458
10,SD006,S626,T3,2,297.85,71.16072456883458
10,SD006,S500,T2,1,63.11022005792802,71.66162320310904
10,SD006,S500,T2,2,204.0,71.66162320310904
10,SD006,S500,T3,1,624.0,71.66162320310904
10,SD006,S625,T2,3,265.6,71.15737565184527
10,SD006,S625,T2,4,168.0,71.15737565184527
10,SD006,S625,T3,2,13.75,71.15737565184527
10,SD006,S615,T2,1,158.0,74.81662046982781
10,SD006,S653,T2,2,68.99999999999977,71.95860830726068
10,SD006,S407,T2,1,224.0,72.5520713734699
10,SD006,S516,T2,2,280.0,71.56667790868094
10,SD006,S516,T3,1,1050.0,71.56667790868094
10,SD006,S555,T2,1,344.0,75.10624726451854
10,SD006,S662,T2,2,288.0000000000002,71.95011219214574
10,SD006,S662,T3,1,409.0,71.95011219214574
10,SD006,S392,T2,1,515.0,73.86249158942361
10,SD007,JH_H007,T1,1,75.0,4.981102350506281
10,SD007,JH_H007,T1,2,11.25,4.981102350506281
10,SD007,JH_H007,T1,3,23.4375,4.981102350506281
10,SD007,JH_H007,T1,4,22.828125,4.981102350506281
10,SD007,JH_H007,T3,1,225.0,4.981102350506281
10,SD007,JH_H007,T3,2,191.25,4.981102350506281
10,SD007,JH_H007,T3,3,158.0,4.981102350506281
10,SD007,JH_H007,T3,4,79.0,4.981102350506281
10,SD007,S574,T2,1,333.0,55.30035441403435
10,SD007,S574,T2,2,237.0,55.30035441403435
10,SD007,S574,T2,3,94.0,55.30035441403435
10,SD007,S574,T2,4,47.0,55.30035441403435
10,SD007,S574,T3,1,725.0,55.30035441403435
10,SD007,S574,T3,2,204.75,55.30035441403435
10,SD007,S646,T2,1,28.0,55.980994050691734
10,SD007,S051,T2,1,209.0,56.67533855897754
10,SD008,JH_H003,T3,3,0.375,36.223692885411175
10,SD008,JH_H010,T1,1,15.0,2.2723099352135923
10,SD008,JH_H010,T1,2,2.25,2.2723099352135923
10,SD008,JH_H010,T1,3,4.6875,2.2723099352135923
10,SD008,JH_H010,T1,4,4.565625,2.2723099352135923
10,SD008,JH_H010,T3,1,45.0,2.2723099352135923
10,SD008,JH_H010,T3,2,38.25,2.2723099352135923
10,SD008,JH_H010,T3,3,35.625,2.2723099352135923
10,SD008,JH_H010,T3,4,18.0,2.2723099352135923
10,SD008,S001,T2,1,130.0,63.758184190697605
10,SD008,S576,T2,2,54.0,54.01101080067525
10,SD008,S576,T2,3,21.0,54.01101080067525
10,SD008,S576,T2,4,10.0,54.01101080067525
10,SD008,S576,T3,1,172.0,54.01101080067525
10,SD008,S576,T3,2,51.75,54.01101080067525
10,SD009,JH_H002,T1,1,546.4812043597079,8.677094127999364
10,SD009,JH_H002,T1,2,81.97218065395617,8.677094127999364
10,SD009,JH_H002,T1,3,170.77537636240876,8.677094127999364
10,SD009,JH_H002,T1,4,166.33521657698614,8.677094127999364
10,SD009,JH_H012,T1,1,52.50960840355082,1.4576943447875488
10,SD009,JH_H012,T1,2,7.876441260532623,1.4576943447875488
10,SD009,JH_H012,T1,3,16.409252626109634,1.4576943447875488
10,SD009,JH_H012,T1,4,15.982612057830778,1.4576943447875488
10,SD009,JH_H012,T3,2,133.8995014290546,1.4576943447875488
10,SD009,JH_H012,T3,3,124.7103199584332,1.4576943447875488
10,SD009,JH_H012,T3,4,0.014623340702140835,1.4576943447875488
10,SD009,JH_H014,T3,2,22.699320544345795,0.4466966349245021
10,SD009,JH_H014,T3,3,75.71995540894955,0.4466966349245021
10,SD009,JH_H014,T3,4,75.99892366571935,0.4466966349245021
10,SD009,S487,T2,3,240.8,1.0348611048750498
10,SD009,S487,T2,4,240.8,1.0348611048750498
10,SD009,S487,T3,1,522.0,1.0348611048750498
10,SD009,S487,T3,2,556.85,1.0348611048750498
10,SD009,S487,T3,3,556.85,1.0348611048750498
10,SD009,S487,T3,4,556.85,1.0348611048750498
10,SD009,S500,T2,1,188.0,3.511821886553356
10,SD009,S476,T2,1,442.0,2.397830934450181
10,SD009,S476,T2,2,353.6,2.397830934450181
10,SD009,S476,T3,1,1326.0,2.397830934450181
10,SD009,S488,T2,1,887.0,1.4592468756210197
10,SD009,S488,T2,2,709.4,1.4592468756210197
10,SD009,S488,T2,3,590.2,1.4592468756210197
10,SD009,S488,T2,4,160.99999999999997,1.4592468756210197
10,SD009,S488,T3,1,2661.0,1.4592468756210197
10,SD009,S488,T3,2,1640.95,1.4592468756210197
10,SD009,S488,T3,3,628.7197246326173,1.4592468756210197
10,SD009,S599,T2,1,109.0,4.390423292539299
10,SD009,S474,T2,1,130.0,2.1392098877866896
10,SD009,S474,T2,2,104.0,2.1392098877866896
10,SD009,S474,T3,1,390.0,2.1392098877866896
10,SD009,S474,T3,2,240.5,2.1392098877866896
10,SD009,S585,T2,4,13.200000000000017,1.378762806137195
10,SD009,S585,T3,4,60.13645299357849,1.378762806137195
10,SD009,S653,T2,1,226.0,3.3728701796297083
10,SD009,S534,T2,1,220.0,6.589952614326456
10,SD009,S470,T2,1,159.0,3.004424742948205
10,SD009,S468,T2,1,258.0,2.5066937194501957
10,SD009,S468,T2,2,206.4,2.5066937194501957
10,SD009,S468,T3,1,774.0,2.5066937194501957
10,SD009,S475,T2,1,411.0,2.2821384274382996
10,SD009,S475,T2,2,328.8,2.2821384274382996
10,SD009,S475,T3,1,1233.0,2.2821384274382996
10,SD009,S475,T3,2,552.9011780265997,2.2821384274382996
10,SD009,S527,T2,1,195.0,2.95674963336408
10,SD009,S652,T2,1,172.0,2.0922070322925164
10,SD009,S652,T2,2,137.6,2.0922070322925164
10,SD009,S652,T3,1,516.0,2.0922070322925164
10,SD009,S652,T3,2,318.20000000000005,2.0922070322925164
10,SD009,S579,T2,1,185.0,4.964191600894386
10,SD009,S515,T2,1,79.0,2.325791786803242
10,SD009,S515,T2,2,63.2,2.325791786803242
10,SD009,S515,T3,1,237.0,2.325791786803242
10,SD009,S600,T2,1,193.0,4.0691848180766375
10,SD009,S492,T2,1,479.0,4.001671156251342
10,SD009,S609,T2,1,112.0,3.6639555424998242
10,SD009,S481,T2,1,193.0,4.440707825216017
10,SD009,S519,T2,1,40.0,4.79292685895804
10,SD009,S467,T2,1,93.0,3.667708178553188
10,SD009,S473,T2,1,220.0,2.681359796816352
10,SD009,S473,T2,2,176.0,2.681359796816352
10,SD009,S473,T3,1,660.0,2.681359796816352
10,SD010,S397,T2,1,171.0,35.20038533900973
10,SD010,S576,T2,1,649.0,1.5750823381651595
10,SD010,S576,T2,2,371.0,1.5750823381651595
10,SD010,S576,T2,3,148.0,1.5750823381651595
10,SD010,S576,T2,4,74.0,1.5750823381651595
10,SD010,S576,T3,1,1485.0,1.5750823381651595
10,SD010,S576,T3,2,619.0,1.5750823381651595
10,SD010,S576,T3,3,247.0,1.5750823381651595
10,SD010,S576,T3,4,123.0,1.5750823381651595
10,SD010,S400,T2,1,71.0,30.88149425726887
10,SD011,JH_H001,T2,2,321.0,18.95427518527753
10,SD011,JH_H001,T2,3,128.0,18.95427518527753
10,SD011,JH_H001,T2,4,64.0,18.95427518527753
10,SD011,JH_H001,T3,1,957.0,18.95427518527753
10,SD011,JH_H001,T3,2,255.5,18.95427518527753
10,SD011,JH_H006,T1,1,110.0,1.7150550139812313
10,SD011,JH_H006,T1,2,16.5,1.7150550139812313
10,SD011,JH_H006,T1,3,34.375,1.7150550139812313
10,SD011,JH_H006,T1,4,33.48125000000001,1.7150550139812313
10,SD011,JH_H006,T3,1,330.0,1.7150550139812313
10,SD011,JH_H006,T3,2,280.5,1.7150550139812313
10,SD011,JH_H006,T3,3,214.0,1.7150550139812313
10,SD011,JH_H006,T3,4,107.0,1.7150550139812313
10,SD011,S169,T2,1,346.0,55.73118816758178
10,SD011,S378,T2,1,121.0,56.247179168309025
10,SD011,S301,T2,1,149.0,55.488079295934206
10,SD011,S143,T2,1,123.0,56.10496885568485
10,SD011,S429,T2,1,33.0,54.92619755416661
11,SD001,JH_H002,T3,1,131.6541705065929,73.35724327852236
11,SD001,JH_H003,T3,3,73.5,21.731599722578093
11,SD001,JH_H004,T1,1,149.999939409769,1.854989649044953
11,SD001,JH_H004,T1,2,22.50003938365029,1.854989649044953
11,SD001,JH_H004,T1,3,46.87499803081755,1.854989649044953
11,SD001,JH_H004,T1,4,45.65625009845917,1.854989649044953
11,SD001,JH_H004,T2,1,6.05902311860973e-05,1.854989649044953
11,SD001,JH_H004,T3,1,450.0,1.854989649044953
11,SD001,JH_H004,T3,2,382.49995758683815,1.854989649044953
11,SD001,JH_H004,T3,3,356.2500021206581,1.854989649044953
11,SD001,JH_H004,T3,4,272.0,1.854989649044953
11,SD001,S574,T2,2,67.19999999999999,71.89671568387841
11,SD001,S574,T3,1,999.0,71.89671568387841
11,SD001,S574,T3,2,141.30295332784954,71.89671568387841
11,SD001,S500,T2,3,204.0,71.51481572097616
11,SD001,S500,T2,4,163.0,71.51481572097616
11,SD001,S500,T3,3,114.24999787934189,71.51481572097616
11,SD001,S615,T2,1,327.0,73.12604490789893
11,SD001,S599,T3,2,201.65,71.95026822121885
11,SD001,S407,T2,3,122.0,71.68431985910988
11,SD001,S407,T3,2,414.40000000000003,71.68431985910988
11,SD001,S646,T2,2,156.0,72.49823348913633
11,SD001,S646,T3,1,585.0,72.49823348913633
11,SD001,S394,T2,1,430.0,72.1259364557284
11,SD001,S394,T2,2,344.0,72.1259364557284
11,SD001,S394,T3,1,291.3458294934071,72.1259364557284
11,SD001,S555,T2,1,344.0,73.51759159230284
11,SD001,S600,T3,2,220.14708908531213,71.96267982291167
11,SD001,S610,T2,1,144.0,72.37845192158939
11,SD001,S610,T2,2,115.2,72.37845192158939
11,SD001,S610,T3,1,432.0,72.37845192158939
11,SD001,S614,T2,1,68.99993940976881,73.21476069856318
11,SD001,S614,T2,2,100.0,73.21476069856318
11,SD001,S614,T3,1,375.0,73.21476069856318
11,SD001,S392,T2,1,515.0,72.55168514508541
11,SD001,S611,T2,1,129.0,72.80787198790621
11,SD001,S611,T2,2,33.60000000000001,72.80787198790621
11,SD002,JH_H002,T3,1,24.300421611499814,41.51640976921575
11,SD002,JH_H002,T3,2,239.35000000000002,41.51640976921575
11,SD002,JH_H002,T3,3,11.599999999999994,41.51640976921575
11,SD002,JH_H008,T1,1,30.0,1.0827923580272938
11,SD002,JH_H008,T1,2,4.5,1.0827923580272938
11,SD002,JH_H008,T1,3,9.375,1.0827923580272938
11,SD002,JH_H008,T1,4,9.13125,1.0827923580272938
11,SD002,JH_H008,T3,1,90.0,1.0827923580272938
11,SD002,JH_H008,T3,2,76.5,1.0827923580272938
11,SD002,JH_H008,T3,3,71.25,1.0827923580272938
11,SD002,JH_H008,T3,4,71.5125,1.0827923580272938
11,SD002,S194,T2,1,220.99993940976879,107.55059442715597
11,SD002,S193,T2,1,172.0,106.68966294930287
11,SD002,S051,T2,1,127.00006059023121,41.72141084148072
11,SD002,S051,T2,2,201.8,41.72141084148072
11,SD002,S051,T2,3,61.8,41.72141084148072
11,SD002,S051,T2,4,14.8,41.72141084148072
11,SD002,S051,T3,1,700.6995783885002,41.72141084148072
11,SD002,S402,T2,1,39.0,26.129154168488203
11,SD002,S402,T2,2,31.2,26.129154168488203
11,SD002,S402,T2,3,31.2,26.129154168488203
11,SD002,S402,T2,4,31.2,26.129154168488203
11,SD002,S402,T3,1,117.0,26.129154168488203
11,SD002,S402,T3,2,72.15,26.129154168488203
11,SD002,S402,T3,3,72.15,26.129154168488203
11,SD002,S402,T3,4,5.487499999999997,26.129154168488203
11,SD003,JH_H001,T2,2,56.418510211542895,37.40508264752206
11,SD003,JH_H001,T3,1,478.3194132932849,37.40508264752206
11,SD003,JH_H009,T1,1,10.0,0.4313840120055951
11,SD003,JH_H009,T1,2,1.5,0.4313840120055951
11,SD003,JH_H009,T1,3,3.125,0.4313840120055951
11,SD003,JH_H009,T1,4,3.04375,0.4313840120055951
11,SD003,JH_H009,T3,1,30.0,0.4313840120055951
11,SD003,JH_H009,T3,2,25.5,0.4313840120055951
11,SD003,JH_H009,T3,3,23.75,0.4313840120055951
11,SD003,JH_H009,T3,4,23.8375,0.4313840120055951
11,SD003,JH_H010,T3,4,5.75625,28.49230688861869
11,SD003,S794,T2,2,78.38148978845712,50.35982328204556
11,SD003,S001,T2,2,48.19999999999999,49.98914957568617
11,SD003,S209,T2,1,224.0,78.98298658195543
11,SD003,S576,T2,3,73.0,28.692801988341532
11,SD003,S576,T2,4,36.0,28.692801988341532
11,SD003,S576,T3,2,46.90000000000009,28.692801988341532
11,SD003,S576,T3,3,98.25,28.692801988341532
11,SD003,S576,T3,4,31.40625,28.692801988341532
11,SD003,S016,T2,1,56.0,79.01961949005532
11,SD003,S356,T2,1,159.0,73.45952101268428
11,SD003,S662,T3,1,223.68058670671508,34.41204287813438
11,SD003,S662,T3,2,232.5999999999999,34.41204287813438
11,SD004,JH_H001,T2,1,954.7731377644283,10.699808563193097
11,SD004,JH_H001,T2,2,157.19999999999976,10.699808563193097
11,SD004,JH_H012,T3,1,142.20494445627082,1.593785827447224
11,SD004,JH_H012,T3,2,120.8742027878302,1.593785827447224
11,SD004,JH_H013,T1,1,29.594293507132132,2.6842115905313224
11,SD004,JH_H013,T1,2,4.439144026069819,2.6842115905313224
11,SD004,JH_H013,T1,3,9.248216720978794,2.6842115905313224
11,SD004,JH_H013,T1,4,9.007763086233341,2.6842115905313224
11,SD004,JH_H013,T3,1,88.7828805213964,2.6842115905313224
11,SD004,JH_H013,T3,2,75.46544844318693,2.6842115905313224
11,SD004,JH_H014,T1,1,26.346197074152123,0.32354661842920146
11,SD004,JH_H014,T1,2,3.951929561122821,0.32354661842920146
11,SD004,JH_H014,T1,3,8.233186585672538,0.32354661842920146
11,SD004,JH_H014,T1,4,8.019123734445055,0.32354661842920146
11,SD004,JH_H014,T3,1,79.03859122245638,0.32354661842920146
11,SD004,JH_H014,T3,2,67.18280253908792,0.32354661842920146
11,SD004,JH_H014,T3,3,41.95113241232588,0.32354661842920146
11,SD004,S487,T2,2,240.8,1.2507354917512443
11,SD004,S487,T2,3,110.99999999999989,1.2507354917512443
11,SD004,S487,T3,1,903.0,1.2507354917512443
11,SD004,S487,T3,2,190.89999999999986,1.2507354917512443
11,SD004,S626,T2,2,128.8,2.1097408109848033
11,SD004,S626,T3,1,483.0,2.1097408109848033
11,SD004,S626,T3,2,297.85,2.1097408109848033
11,SD004,S667,T2,1,105.22686223557139,74.07580995285737
11,SD004,S500,T3,1,765.0,3.8511885474328467
11,SD004,S625,T2,2,265.6,2.077856378373978
11,SD004,S625,T2,3,75.40000000000003,2.077856378373978
11,SD004,S625,T3,1,996.0,2.077856378373978
11,SD004,S625,T3,2,614.2,2.077856378373978
11,SD004,S488,T2,2,258.20000000000005,1.8413665454132206
11,SD004,S488,T3,1,1353.654170506593,1.8413665454132206
11,SD004,S387,T2,1,65.0,70.733000100257
11,SD004,S585,T2,1,173.0,1.0153546860217733
11,SD004,S585,T2,2,138.4,1.0153546860217733
11,SD004,S585,T2,3,138.4,1.0153546860217733
11,SD004,S585,T2,4,138.4,1.0153546860217733
11,SD004,S585,T3,1,519.0,1.0153546860217733
11,SD004,S585,T3,2,320.05,1.0153546860217733
11,SD004,S585,T3,3,320.05,1.0153546860217733
11,SD004,S585,T3,4,320.05,1.0153546860217733
11,SD004,S296,T2,1,197.0,72.58409590891421
11,SD004,S516,T2,1,350.0,2.8151316973303575
11,SD004,S516,T2,2,280.0,2.8151316973303575
11,SD004,S516,T3,1,1050.0,2.8151316973303575
11,SD004,S516,T3,2,276.57754622989444,2.8151316973303575
11,SD004,S386,T2,1,135.0,70.77095449642641
11,SD004,S169,T2,1,346.0,66.86436752992087
11,SD004,S596,T2,1,157.0,1.2472733119337553
11,SD004,S596,T2,2,125.6,1.2472733119337553
11,SD004,S596,T2,3,125.6,1.2472733119337553
11,SD004,S596,T2,4,125.6,1.2472733119337553
11,SD004,S596,T3,1,471.0,1.2472733119337553
11,SD004,S596,T3,2,290.45000000000005,1.2472733119337553
11,SD004,S596,T3,3,290.45000000000005,1.2472733119337553
11,SD004,S596,T3,4,121.85000000000002,1.2472733119337553
11,SD004,S301,T2,1,149.0,66.75326012915696
11,SD004,S586,T2,1,226.0,0.7669305123872737
11,SD004,S586,T2,2,180.8,0.7669305123872737
11,SD004,S586,T2,3,180.8,0.7669305123872737
11,SD004,S586,T2,4,180.8,0.7669305123872737
11,SD004,S586,T3,1,678.0,0.7669305123872737
11,SD004,S586,T3,2,418.1,0.7669305123872737
11,SD004,S586,T3,3,418.1,0.7669305123872737
11,SD004,S586,T3,4,418.1,0.7669305123872737
11,SD004,S246,T2,1,140.0,72.85137126260213
11,SD004,S362,T2,1,155.0,70.42724553478037
11,SD004,S160,T2,1,122.0,71.522723321158
11,SD004,S113,T2,1,205.0,70.65567907960376
11,SD004,S062,T2,1,174.0,72.25863467552259
11,SD004,S364,T2,1,103.0,70.6653440104886
11,SD004,S662,T2,1,506.0,3.084617507958989
11,SD004,S662,T2,2,404.8,3.084617507958989
11,SD004,S662,T3,1,1294.319413293285,3.084617507958989
11,SD004,S662,T3,2,703.5000000000001,3.084617507958989
11,SD004,S583,T2,1,124.0,1.3098200579051456
11,SD004,S583,T2,2,99.2,1.3098200579051456
11,SD004,S583,T2,3,99.2,1.3098200579051456
11,SD004,S583,T2,4,71.20000000000002,1.3098200579051456
11,SD004,S583,T3,1,372.0,1.3098200579051456
11,SD004,S583,T3,2,229.4,1.3098200579051456
11,SD004,S583,T3,3,229.4,1.3098200579051456
11,SD004,S161,T2,1,160.0,72.07137230984515
11,SD004,S477,T2,1,228.0,1.4997932513210326
11,SD004,S477,T2,2,182.4,1.4997932513210326
11,SD004,S477,T2,3,182.4,1.4997932513210326
11,SD004,S477,T3,1,684.0,1.4997932513210326
11,SD004,S477,T3,2,421.8,1.4997932513210326
11,SD004,S477,T3,3,421.048867587674,1.4997932513210326
11,SD004,S228,T2,1,185.0,71.26261505013056
11,SD004,S143,T2,1,123.0,68.86564922230718
11,SD004,S052,T2,1,174.0,69.32726244189244
11,SD004,S241,T2,1,228.0,70.64756141422629
11,SD004,S587,T2,1,149.0,1.6268730303347014
11,SD004,S587,T2,2,119.2,1.6268730303347014
11,SD004,S587,T2,3,119.2,1.6268730303347014
11,SD004,S587,T3,1,447.0,1.6268730303347014
11,SD004,S587,T3,2,275.65,1.6268730303347014
11,SD004,S019,T2,1,174.0,70.3533644531121
11,SD004,S384,T2,1,221.0,69.625557247334
11,SD004,S249,T2,1,166.0,69.9189824220068
11,SD005,JH_H001,T2,2,9.19999999999996,64.10618822546918
11,SD005,JH_H003,T3,4,3.1625000000000014,16.1076975841419
11,SD005,JH_H011,T1,1,10.0,0.534981795654251
11,SD005,JH_H011,T1,2,1.5,0.534981795654251
11,SD005,JH_H011,T1,3,3.125,0.534981795654251
11,SD005,JH_H011,T1,4,3.04375,0.534981795654251
11,SD005,JH_H011,T3,1,30.0,0.534981795654251
11,SD005,JH_H011,T3,2,25.5,0.534981795654251
11,SD005,JH_H011,T3,3,23.75,0.534981795654251
11,SD005,JH_H011,T3,4,23.8375,0.534981795654251
11,SD005,S576,T2,1,199.0,64.0609251320312
11,SD005,S500,T2,2,73.80000000000004,57.23060275413017
11,SD005,S407,T3,1,303.0,58.317341859841996
11,SD005,S516,T2,3,33.0,56.60126439380239
11,SD005,S516,T3,2,112.5,56.60126439380239
11,SD005,S587,T2,4,16.0,56.465784070688635
11,SD005,S587,T3,3,31.25,56.465784070688635
11,SD006,JH_H003,T1,1,378.0,2.76486819460775
11,SD006,JH_H003,T1,2,56.70000000000002,2.76486819460775
11,SD006,JH_H003,T1,3,118.12500000000003,2.76486819460775
11,SD006,JH_H003,T1,4,115.05374999999998,2.76486819460775
11,SD006,JH_H003,T3,1,1134.0,2.76486819460775
11,SD006,JH_H003,T3,2,963.9,2.76486819460775
11,SD006,JH_H003,T3,3,824.25,2.76486819460775
11,SD006,JH_H003,T3,4,351.8125,2.76486819460775
11,SD006,JH_H015,T1,1,50.0,0.645170244514547
11,SD006,JH_H015,T1,2,7.5,0.645170244514547
11,SD006,JH_H015,T1,3,15.625,0.645170244514547
11,SD006,JH_H015,T1,4,15.21875,0.645170244514547
11,SD006,JH_H015,T3,1,150.0,0.645170244514547
11,SD006,JH_H015,T3,2,127.5,0.645170244514547
11,SD006,JH_H015,T3,3,118.75,0.645170244514547
11,SD006,JH_H015,T3,4,119.1875,0.645170244514547
11,SD006,S396,T2,1,114.0,116.31132961803561
11,SD006,S768,T2,1,209.0,114.89442484329975
11,SD006,S557,T2,1,290.0,103.46815823012216
11,SD006,S794,T2,1,106.0,97.296247789955
11,SD006,S297,T2,1,339.0,104.35548660742765
11,SD006,S397,T2,1,174.0,111.32392139945415
11,SD006,S626,T2,3,128.8,71.16072456883458
11,SD006,S626,T2,4,16.399999999999977,71.16072456883458
11,SD006,S576,T2,1,450.0,79.62252650290161
11,SD006,S500,T2,2,130.19999999999996,71.66162320310904
11,SD006,S500,T3,2,471.75,71.66162320310904
11,SD006,S168,T2,1,69.0,124.58934317438383
11,SD006,S625,T2,3,190.2,71.15737565184527
11,SD006,S625,T2,4,265.6,71.15737565184527
11,SD006,S615,T2,2,261.6,74.81662046982781
11,SD006,S615,T3,1,981.0,74.81662046982781
11,SD006,S016,T2,1,118.0,130.10329748850475
11,SD006,S599,T2,2,87.2,72.54250883551236
11,SD006,S653,T3,2,418.1,71.95860830726068
11,SD006,S359,T2,1,389.0,125.35549684430904
11,SD006,S400,T2,1,71.0,108.7439912209304
11,SD006,S407,T2,2,179.2,72.5520713734699
11,SD006,S407,T3,1,369.0,72.5520713734699
11,SD006,S167,T2,1,166.0,124.44006894678701
11,SD006,S075,T2,1,188.0,126.66504747975978
11,SD006,S516,T2,3,247.0,71.56667790868094
11,SD006,S516,T3,2,258.42245377010556,71.56667790868094
11,SD006,S394,T3,1,998.6541705065929,73.83887696334158
11,SD006,S555,T2,2,275.2,75.10624726451854
11,SD006,S555,T3,1,97.34582949340711,75.10624726451854
11,SD006,S378,T2,1,445.0,120.62760433707786
11,SD006,S600,T3,2,119.32754622989432,72.43437422947342
11,SD006,S392,T2,2,412.0,73.86249158942361
11,SD006,S392,T3,1,1545.0,73.86249158942361
11,SD006,S401,T2,1,269.0,124.4263493755748
11,SD006,S611,T2,2,69.6,74.5120557844105
11,SD006,S611,T3,1,387.0,74.5120557844105
11,SD007,JH_H002,T3,1,1374.0,56.31151722180492
11,SD007,JH_H002,T3,2,0.0029533278495819104,56.31151722180492
11,SD007,JH_H007,T1,1,75.0,4.981102350506281
11,SD007,JH_H007,T1,2,11.25,4.981102350506281
11,SD007,JH_H007,T1,3,23.4375,4.981102350506281
11,SD007,JH_H007,T1,4,22.828125,4.981102350506281
11,SD007,JH_H007,T3,1,225.0,4.981102350506281
11,SD007,JH_H007,T3,2,191.25,4.981102350506281
11,SD007,JH_H007,T3,3,178.125,4.981102350506281
11,SD007,JH_H007,T3,4,133.0,4.981102350506281
11,SD007,S574,T2,1,333.0,55.30035441403435
11,SD007,S574,T2,2,199.2,55.30035441403435
11,SD007,S574,T2,3,159.0,55.30035441403435
11,SD007,S574,T2,4,79.0,55.30035441403435
11,SD007,S574,T3,2,474.7470466721504,55.30035441403435
11,SD007,S574,T3,3,87.875,55.30035441403435
11,SD007,S646,T2,1,195.0,55.980994050691734
11,SD007,S614,T2,1,56.000060590231186,56.71053077279719
11,SD007,S051,T2,1,374.9999394097688,56.67533855897754
11,SD007,S051,T2,2,199.8,56.67533855897754
11,SD008,JH_H010,T1,1,15.0,2.2723099352135923
11,SD008,JH_H010,T1,2,2.25,2.2723099352135923
11,SD008,JH_H010,T1,3,4.6875,2.2723099352135923
11,SD008,JH_H010,T1,4,4.565625,2.2723099352135923
11,SD008,JH_H010,T3,1,45.0,2.2723099352135923
11,SD008,JH_H010,T3,2,38.25,2.2723099352135923
11,SD008,JH_H010,T3,3,35.625,2.2723099352135923
11,SD008,JH_H010,T3,4,30.0,2.2723099352135923
11,SD008,S794,T2,1,45.0,64.48707868496672
11,SD008,S001,T2,1,174.0,63.758184190697605
11,SD008,S001,T2,2,91.0,63.758184190697605
11,SD008,S001,T3,1,321.0,63.758184190697605
11,SD008,S576,T2,3,36.0,54.01101080067525
11,SD008,S576,T2,4,18.0,54.01101080067525
11,SD008,S576,T3,2,113.75,54.01101080067525
11,SD008,S576,T3,3,25.375,54.01101080067525
11,SD009,JH_H002,T1,1,509.9848640393642,8.677094127999364
11,SD009,JH_H002,T1,2,76.49772960590462,8.677094127999364
11,SD009,JH_H002,T1,3,159.37027001230132,8.677094127999364
11,SD009,JH_H002,T1,4,155.22664299198152,8.677094127999364
11,SD009,JH_H012,T1,1,47.401648152090274,1.4576943447875488
11,SD009,JH_H012,T1,2,7.110247222813541,1.4576943447875488
11,SD009,JH_H012,T1,3,14.81301504752821,1.4576943447875488
11,SD009,JH_H012,T1,4,14.427876656292476,1.4576943447875488
11,SD009,JH_H012,T3,3,112.5789143612144,1.4576943447875488
11,SD009,JH_H012,T3,4,112.99367878254519,1.4576943447875488
11,SD009,JH_H014,T3,3,20.621085638785416,0.4466966349245021
11,SD009,JH_H014,T3,4,62.80274727551013,0.4466966349245021
11,SD009,S487,T2,1,301.0,1.0348611048750498
11,SD009,S487,T2,3,129.80000000000013,1.0348611048750498
11,SD009,S487,T2,4,240.8,1.0348611048750498
11,SD009,S487,T3,2,365.95000000000016,1.0348611048750498
11,SD009,S487,T3,3,556.85,1.0348611048750498
11,SD009,S487,T3,4,556.85,1.0348611048750498
11,SD009,S626,T2,1,161.0,2.229220505779742
11,SD009,S667,T2,1,195.7731377644286,74.24882990317161
11,SD009,S664,T2,1,265.0,74.14753990492204
11,SD009,S668,T2,1,147.0,74.19812327545543
11,SD009,S669,T2,1,102.0,74.14119184352897
11,SD009,S500,T2,1,255.0,3.511821886553356
11,SD009,S625,T2,1,332.0,2.2142342239044885
11,SD009,S665,T2,1,62.0,74.15422970329507
11,SD009,S476,T2,1,442.0,2.397830934450181
11,SD009,S476,T2,2,353.6,2.397830934450181
11,SD009,S476,T3,1,1326.0,2.397830934450181
11,SD009,S476,T3,2,817.7,2.397830934450181
11,SD009,S488,T2,1,887.0,1.4592468756210197
11,SD009,S488,T2,2,451.4,1.4592468756210197
11,SD009,S488,T2,3,709.6,1.4592468756210197
11,SD009,S488,T2,4,458.2,1.4592468756210197
11,SD009,S488,T3,1,1307.345829493407,1.4592468756210197
11,SD009,S488,T3,2,1640.95,1.4592468756210197
11,SD009,S488,T3,3,1640.95,1.4592468756210197
11,SD009,S488,T3,4,432.35357394194466,1.4592468756210197
11,SD009,S599,T2,1,109.0,4.390423292539299
11,SD009,S599,T3,1,327.0,4.390423292539299
11,SD009,S474,T2,1,130.0,2.1392098877866896
11,SD009,S474,T2,2,104.0,2.1392098877866896
11,SD009,S474,T2,3,104.0,2.1392098877866896
11,SD009,S474,T3,1,390.0,2.1392098877866896
11,SD009,S474,T3,2,240.5,2.1392098877866896
11,SD009,S653,T2,1,226.0,3.3728701796297083
11,SD009,S653,T2,2,180.8,3.3728701796297083
11,SD009,S653,T3,1,678.0,3.3728701796297083
11,SD009,S534,T2,1,220.0,6.589952614326456
11,SD009,S534,T2,2,176.0,6.589952614326456
11,SD009,S534,T3,1,660.0,6.589952614326456
11,SD009,S407,T2,1,224.0,5.206845854037303
11,SD009,S470,T2,1,159.0,3.004424742948205
11,SD009,S470,T2,2,127.2,3.004424742948205
11,SD009,S470,T3,1,477.0,3.004424742948205
11,SD009,S470,T3,2,294.15,3.004424742948205
11,SD009,S468,T2,1,258.0,2.5066937194501957
11,SD009,S468,T2,2,206.4,2.5066937194501957
11,SD009,S468,T3,1,774.0,2.5066937194501957
11,SD009,S468,T3,2,477.3,2.5066937194501957
11,SD009,S475,T2,1,411.0,2.2821384274382996
11,SD009,S475,T2,2,328.8,2.2821384274382996
11,SD009,S475,T2,3,316.99999999999983,2.2821384274382996
11,SD009,S475,T3,1,1233.0,2.2821384274382996
11,SD009,S475,T3,2,760.35,2.2821384274382996
11,SD009,S555,T3,1,934.6541705065929,7.247923846154981
11,SD009,S527,T2,1,195.0,2.95674963336408
11,SD009,S527,T2,2,156.0,2.95674963336408
11,SD009,S527,T3,1,585.0,2.95674963336408
11,SD009,S527,T3,2,360.75,2.95674963336408
11,SD009,S652,T2,1,172.0,2.0922070322925164
11,SD009,S652,T2,2,137.6,2.0922070322925164
11,SD009,S652,T2,3,137.6,2.0922070322925164
11,SD009,S652,T3,1,516.0,2.0922070322925164
11,SD009,S652,T3,2,318.20000000000005,2.0922070322925164
11,SD009,S579,T2,1,185.0,4.964191600894386
11,SD009,S579,T2,2,148.0,4.964191600894386
11,SD009,S579,T3,1,555.0,4.964191600894386
11,SD009,S215,T2,1,154.0,71.92575610993201
11,SD009,S214,T2,1,243.0,71.93457132383558
11,SD009,S515,T2,1,79.0,2.325791786803242
11,SD009,S515,T2,2,63.2,2.325791786803242
11,SD009,S515,T3,1,237.0,2.325791786803242
11,SD009,S515,T3,2,146.15,2.325791786803242
11,SD009,S600,T2,1,193.0,4.0691848180766375
11,SD009,S600,T2,2,154.4,4.0691848180766375
11,SD009,S600,T3,1,579.0,4.0691848180766375
11,SD009,S492,T2,1,479.0,4.001671156251342
11,SD009,S492,T2,2,383.2,4.001671156251342
11,SD009,S492,T3,1,1437.0,4.001671156251342
11,SD009,S609,T2,1,112.0,3.6639555424998242
11,SD009,S609,T2,2,89.6,3.6639555424998242
11,SD009,S609,T3,1,336.0,3.6639555424998242
11,SD009,S200,T2,1,271.0,73.65436445014127
11,SD009,S481,T2,1,193.0,4.440707825216017
11,SD009,S481,T2,2,154.4,4.440707825216017
11,SD009,S481,T3,1,579.0,4.440707825216017
11,SD009,S198,T2,1,404.0,73.91564805878362
11,SD009,S519,T2,1,40.0,4.79292685895804
11,SD009,S519,T2,2,32.0,4.79292685895804
11,SD009,S519,T3,1,120.0,4.79292685895804
11,SD009,S467,T2,1,93.0,3.667708178553188
11,SD009,S467,T2,2,74.4,3.667708178553188
11,SD009,S467,T3,1,279.0,3.667708178553188
11,SD009,S473,T2,1,220.0,2.681359796816352
11,SD009,S473,T2,2,176.0,2.681359796816352
11,SD009,S473,T3,1,660.0,2.681359796816352
11,SD009,S473,T3,2,407.0,2.681359796816352
11,SD009,S213,T2,1,474.2268622355714,73.36584974859413
11,SD010,JH_H001,T3,1,551.0,25.229261577539656
11,SD010,S557,T2,2,47.99999999999996,30.901508293591853
11,SD010,S576,T2,2,519.2,1.5750823381651595
11,SD010,S576,T2,3,249.0,1.5750823381651595
11,SD010,S576,T2,4,124.0,1.5750823381651595
11,SD010,S576,T3,1,1947.0,1.5750823381651595
11,SD010,S576,T3,2,1040.0,1.5750823381651595
11,SD010,S576,T3,3,416.0,1.5750823381651595
11,SD010,S576,T3,4,208.0,1.5750823381651595
11,SD010,S168,T2,1,351.0,45.324816709689756
11,SD010,S358,T2,1,143.0,46.243163600968444
11,SD010,S400,T2,2,56.8,30.88149425726887
11,SD010,S189,T2,1,489.0,47.41832340610207
11,SD010,S362,T2,1,108.0,47.5495234419959
11,SD010,S445,T2,1,63.0,45.74269378818629
11,SD010,S186,T2,1,141.0,47.641797465459895
11,SD010,S227,T2,1,203.0,48.11112261882882
11,SD011,JH_H001,T2,2,541.0,18.95427518527753
11,SD011,JH_H001,T2,3,216.0,18.95427518527753
11,SD011,JH_H001,T2,4,108.0,18.95427518527753
11,SD011,JH_H001,T3,1,1835.0,18.95427518527753
11,SD011,JH_H001,T3,2,621.5,18.95427518527753
11,SD011,JH_H001,T3,3,98.75,18.95427518527753
11,SD011,JH_H006,T1,1,110.0,1.7150550139812313
11,SD011,JH_H006,T1,2,16.5,1.7150550139812313
11,SD011,JH_H006,T1,3,34.375,1.7150550139812313
11,SD011,JH_H006,T1,4,33.48125000000001,1.7150550139812313
11,SD011,JH_H006,T3,1,330.0,1.7150550139812313
11,SD011,JH_H006,T3,2,280.5,1.7150550139812313
11,SD011,JH_H006,T3,3,261.25,1.7150550139812313
11,SD011,JH_H006,T3,4,180.0,1.7150550139812313
11,SD011,S194,T2,1,221.00006059023121,58.789887838120585
11,SD011,S147,T2,1,205.0,59.19408142618804
11,SD011,S466,T2,1,50.226801645340174,60.51237603557645
11,SD011,S195,T2,1,440.0,59.87923315898765
11,SD011,S213,T2,1,77.77313776442861,59.60990702766551
11,SD011,S212,T2,1,272.0,59.52946138505003
11,SD011,S429,T2,1,33.0,54.92619755416661
12,SD001,JH_H003,T3,3,101.5,21.731599722578093
12,SD001,JH_H004,T1,1,149.99994142255673,1.854989649044953
12,SD001,JH_H004,T1,2,22.500038075338068,1.854989649044953
12,SD001,JH_H004,T1,3,46.874998096233185,1.854989649044953
12,SD001,JH_H004,T1,4,45.65625009518834,1.854989649044953
12,SD001,JH_H004,T2,1,5.8577443240892535e-05,1.854989649044953
12,SD001,JH_H004,T3,1,450.0,1.854989649044953
12,SD001,JH_H004,T3,2,382.4999589957897,1.854989649044953
12,SD001,JH_H004,T3,3,356.2500020502105,1.854989649044953
12,SD001,JH_H004,T3,4,263.0,1.854989649044953
12,SD001,S574,T2,2,86.19999999999999,71.89671568387841
12,SD001,S574,T3,1,999.0,71.89671568387841
12,SD001,S574,T3,2,161.3027757537365,71.89671568387841
12,SD001,S500,T2,3,204.0,71.51481572097616
12,SD001,S500,T2,4,158.0,71.51481572097616
12,SD001,S500,T3,3,69.24999794978947,71.51481572097616
12,SD001,S615,T2,1,327.0,73.12604490789893
12,SD001,S599,T3,2,54.31744436838808,71.95026822121885
12,SD001,S653,T3,2,306.4798208820856,71.80138022276273
12,SD001,S407,T2,3,112.0,71.68431985910988
12,SD001,S407,T3,2,414.40000000000003,71.68431985910988
12,SD001,S646,T2,2,156.0,72.49823348913633
12,SD001,S646,T3,1,585.0,72.49823348913633
12,SD001,S394,T2,1,430.0,72.1259364557284
12,SD001,S394,T2,2,333.6,72.1259364557284
12,SD001,S394,T3,1,374.0,72.1259364557284
12,SD001,S555,T2,1,344.0,73.51759159230284
12,SD001,S610,T2,1,144.0,72.37845192158939
12,SD001,S610,T2,2,115.2,72.37845192158939
12,SD001,S610,T3,1,432.0,72.37845192158939
12,SD001,S614,T2,1,9.999941422556759,73.21476069856318
12,SD001,S614,T2,2,100.0,73.21476069856318
12,SD001,S614,T3,1,326.0,73.21476069856318
12,SD001,S392,T2,1,515.0,72.55168514508541
12,SD001,S611,T2,1,129.0,72.80787198790621
12,SD002,JH_H002,T3,1,212.0647386442381,41.51640976921575
12,SD002,JH_H002,T3,2,228.35000000000002,41.51640976921575
12,SD002,JH_H002,T3,3,6.599999999999994,41.51640976921575
12,SD002,JH_H008,T1,1,30.0,1.0827923580272938
12,SD002,JH_H008,T1,2,4.5,1.0827923580272938
12,SD002,JH_H008,T1,3,9.375,1.0827923580272938
12,SD002,JH_H008,T1,4,9.13125,1.0827923580272938
12,SD002,JH_H008,T3,1,90.0,1.0827923580272938
12,SD002,JH_H008,T3,2,76.5,1.0827923580272938
12,SD002,JH_H008,T3,3,71.25,1.0827923580272938
12,SD002,JH_H008,T3,4,71.5125,1.0827923580272938
12,SD002,S194,T2,1,115.99994142255673,107.55059442715597
12,SD002,S193,T2,1,172.0,106.68966294930287
12,SD002,S051,T2,1,215.00005857744327,41.72141084148072
12,SD002,S051,T2,2,194.8,41.72141084148072
12,SD002,S051,T2,3,58.8,41.72141084148072
12,SD002,S051,T2,4,13.8,41.72141084148072
12,SD002,S051,T3,1,484.9352613557619,41.72141084148072
12,SD002,S402,T2,1,39.0,26.129154168488203
12,SD002,S402,T2,2,31.2,26.129154168488203
12,SD002,S402,T2,3,31.2,26.129154168488203
12,SD002,S402,T2,4,31.2,26.129154168488203
12,SD002,S402,T3,1,117.0,26.129154168488203
12,SD002,S402,T3,2,72.15,26.129154168488203
12,SD002,S402,T3,3,72.15,26.129154168488203
12,SD002,S402,T3,4,3.487499999999997,26.129154168488203
12,SD003,JH_H001,T2,2,154.10513185054845,37.40508264752206
12,SD003,JH_H001,T3,1,622.3942444395566,37.40508264752206
12,SD003,JH_H009,T1,1,10.0,0.4313840120055951
12,SD003,JH_H009,T1,2,1.5,0.4313840120055951
12,SD003,JH_H009,T1,3,3.125,0.4313840120055951
12,SD003,JH_H009,T1,4,3.04375,0.4313840120055951
12,SD003,JH_H009,T3,1,30.0,0.4313840120055951
12,SD003,JH_H009,T3,2,25.5,0.4313840120055951
12,SD003,JH_H009,T3,3,23.75,0.4313840120055951
12,SD003,JH_H009,T3,4,23.8375,0.4313840120055951
12,SD003,JH_H010,T3,4,6.75625,28.49230688861869
12,SD003,S209,T2,1,224.0,78.98298658195543
12,SD003,S576,T2,3,70.0,28.692801988341532
12,SD003,S576,T2,4,35.0,28.692801988341532
12,SD003,S576,T3,2,81.90000000000009,28.692801988341532
12,SD003,S576,T3,3,94.25,28.692801988341532
12,SD003,S576,T3,4,28.40625,28.692801988341532
12,SD003,S016,T2,1,43.0,79.01961949005532
12,SD003,S356,T2,1,159.0,73.45952101268428
12,SD003,S662,T2,2,22.894868149451554,34.41204287813438
12,SD003,S662,T3,1,57.60575556044341,34.41204287813438
12,SD003,S662,T3,2,188.5999999999999,34.41204287813438
12,SD004,JH_H001,T2,1,956.1314148131855,10.699808563193097
12,SD004,JH_H012,T3,1,143.34002555551132,1.593785827447224
12,SD004,JH_H012,T3,2,121.83902172218463,1.593785827447224
12,SD004,JH_H013,T1,1,29.906803188474782,2.6842115905313224
12,SD004,JH_H013,T1,2,4.486020478271218,2.6842115905313224
12,SD004,JH_H013,T1,3,9.345875996398368,2.6842115905313224
12,SD004,JH_H013,T1,4,9.102883220492014,2.6842115905313224
12,SD004,JH_H013,T3,1,89.72040956542435,2.6842115905313224
12,SD004,JH_H013,T3,2,76.26234813061069,2.6842115905313224
12,SD004,JH_H014,T1,1,26.75625530560394,0.32354661842920146
12,SD004,JH_H014,T1,2,4.01343829584059,0.32354661842920146
12,SD004,JH_H014,T1,3,8.361329783001233,0.32354661842920146
12,SD004,JH_H014,T1,4,8.1439352086432,0.32354661842920146
12,SD004,JH_H014,T3,1,80.26876591681182,0.32354661842920146
12,SD004,JH_H014,T3,2,68.22845102929004,0.32354661842920146
12,SD004,JH_H014,T3,3,63.54610635080935,0.32354661842920146
12,SD004,S487,T2,2,240.8,1.2507354917512443
12,SD004,S487,T2,3,61.999999999999886,1.2507354917512443
12,SD004,S487,T3,1,903.0,1.2507354917512443
12,SD004,S487,T3,2,365.89999999999975,1.2507354917512443
12,SD004,S626,T2,2,128.8,2.1097408109848033
12,SD004,S626,T3,1,483.0,2.1097408109848033
12,SD004,S626,T3,2,297.85,2.1097408109848033
12,SD004,S500,T3,1,765.0,3.8511885474328467
12,SD004,S625,T2,2,265.6,2.077856378373978
12,SD004,S625,T2,3,93.40000000000003,2.077856378373978
12,SD004,S625,T3,1,996.0,2.077856378373978
12,SD004,S625,T3,2,614.2,2.077856378373978
12,SD004,S488,T2,2,360.2948681494518,1.8413665454132206
12,SD004,S488,T3,1,874.2765545226953,1.8413665454132206
12,SD004,S387,T2,1,65.0,70.733000100257
12,SD004,S585,T2,1,173.0,1.0153546860217733
12,SD004,S585,T2,2,138.4,1.0153546860217733
12,SD004,S585,T2,3,138.4,1.0153546860217733
12,SD004,S585,T2,4,138.4,1.0153546860217733
12,SD004,S585,T3,1,519.0,1.0153546860217733
12,SD004,S585,T3,2,320.05,1.0153546860217733
12,SD004,S585,T3,3,320.05,1.0153546860217733
12,SD004,S585,T3,4,320.05,1.0153546860217733
12,SD004,S296,T2,1,197.0,72.58409590891421
12,SD004,S189,T2,1,64.0,70.34522776415513
12,SD004,S516,T2,1,350.0,2.8151316973303575
12,SD004,S516,T2,2,280.0,2.8151316973303575
12,SD004,S516,T3,1,1050.0,2.8151316973303575
12,SD004,S386,T2,1,135.0,70.77095449642641
12,SD004,S169,T2,1,346.0,66.86436752992087
12,SD004,S596,T2,1,157.0,1.2472733119337553
12,SD004,S596,T2,2,125.6,1.2472733119337553
12,SD004,S596,T2,3,125.6,1.2472733119337553
12,SD004,S596,T2,4,125.6,1.2472733119337553
12,SD004,S596,T3,1,471.0,1.2472733119337553
12,SD004,S596,T3,2,290.45000000000005,1.2472733119337553
12,SD004,S596,T3,3,290.45000000000005,1.2472733119337553
12,SD004,S596,T3,4,95.85000000000002,1.2472733119337553
12,SD004,S301,T2,1,149.0,66.75326012915696
12,SD004,S586,T2,1,226.0,0.7669305123872737
12,SD004,S586,T2,2,180.8,0.7669305123872737
12,SD004,S586,T2,3,180.8,0.7669305123872737
12,SD004,S586,T2,4,180.8,0.7669305123872737
12,SD004,S586,T3,1,678.0,0.7669305123872737
12,SD004,S586,T3,2,418.1,0.7669305123872737
12,SD004,S586,T3,3,418.1,0.7669305123872737
12,SD004,S586,T3,4,418.1,0.7669305123872737
12,SD004,S246,T2,1,140.0,72.85137126260213
12,SD004,S362,T2,1,263.0,70.42724553478037
12,SD004,S160,T2,1,122.0,71.522723321158
12,SD004,S062,T2,1,174.0,72.25863467552259
12,SD004,S364,T2,1,103.0,70.6653440104886
12,SD004,S662,T2,1,506.0,3.084617507958989
12,SD004,S662,T2,2,381.90513185054846,3.084617507958989
12,SD004,S662,T3,1,1460.3942444395566,3.084617507958989
12,SD004,S662,T3,2,673.2701791179146,3.084617507958989
12,SD004,S583,T2,1,124.0,1.3098200579051456
12,SD004,S583,T2,2,99.2,1.3098200579051456
12,SD004,S583,T2,3,99.2,1.3098200579051456
12,SD004,S583,T2,4,55.20000000000002,1.3098200579051456
12,SD004,S583,T3,1,372.0,1.3098200579051456
12,SD004,S583,T3,2,229.4,1.3098200579051456
12,SD004,S583,T3,3,229.4,1.3098200579051456
12,SD004,S161,T2,1,160.0,72.07137230984515
12,SD004,S477,T2,1,228.0,1.4997932513210326
12,SD004,S477,T2,2,182.4,1.4997932513210326
12,SD004,S477,T2,3,182.4,1.4997932513210326
12,SD004,S477,T3,1,684.0,1.4997932513210326
12,SD004,S477,T3,2,421.8,1.4997932513210326
12,SD004,S477,T3,3,347.4538936491905,1.4997932513210326
12,SD004,S228,T2,1,185.0,71.26261505013056
12,SD004,S143,T2,1,123.0,68.86564922230718
12,SD004,S052,T2,1,174.0,69.32726244189244
12,SD004,S241,T2,1,228.0,70.64756141422629
12,SD004,S587,T2,1,149.0,1.6268730303347014
12,SD004,S587,T2,2,119.2,1.6268730303347014
12,SD004,S587,T2,3,119.2,1.6268730303347014
12,SD004,S587,T3,1,447.0,1.6268730303347014
12,SD004,S587,T3,2,275.65,1.6268730303347014
12,SD004,S019,T2,1,174.0,70.3533644531121
12,SD004,S384,T2,1,171.86858518681402,69.625557247334
12,SD004,S249,T2,1,166.0,69.9189824220068
12,SD005,JH_H003,T3,4,2.1625000000000014,16.1076975841419
12,SD005,JH_H011,T1,1,10.0,0.534981795654251
12,SD005,JH_H011,T1,2,1.5,0.534981795654251
12,SD005,JH_H011,T1,3,3.125,0.534981795654251
12,SD005,JH_H011,T1,4,3.04375,0.534981795654251
12,SD005,JH_H011,T3,1,30.0,0.534981795654251
12,SD005,JH_H011,T3,2,25.5,0.534981795654251
12,SD005,JH_H011,T3,3,23.75,0.534981795654251
12,SD005,JH_H011,T3,4,23.8375,0.534981795654251
12,SD005,S576,T2,1,193.0,64.0609251320312
12,SD005,S500,T2,2,80.0,57.23060275413017
12,SD005,S407,T3,1,293.0,58.317341859841996
12,SD005,S516,T2,3,32.0,56.60126439380239
12,SD005,S516,T3,2,34.270179117914495,56.60126439380239
12,SD005,S662,T3,2,74.2298208820855,56.95075227594894
12,SD005,S587,T2,4,15.0,56.465784070688635
12,SD005,S587,T3,3,29.25,56.465784070688635
12,SD006,JH_H003,T1,1,378.0,2.76486819460775
12,SD006,JH_H003,T1,2,56.70000000000002,2.76486819460775
12,SD006,JH_H003,T1,3,118.12500000000003,2.76486819460775
12,SD006,JH_H003,T1,4,115.05374999999998,2.76486819460775
12,SD006,JH_H003,T3,1,1134.0,2.76486819460775
12,SD006,JH_H003,T3,2,963.9,2.76486819460775
12,SD006,JH_H003,T3,3,796.25,2.76486819460775
12,SD006,JH_H003,T3,4,337.8125,2.76486819460775
12,SD006,JH_H015,T1,1,50.0,0.645170244514547
12,SD006,JH_H015,T1,2,7.5,0.645170244514547
12,SD006,JH_H015,T1,3,15.625,0.645170244514547
12,SD006,JH_H015,T1,4,15.21875,0.645170244514547
12,SD006,JH_H015,T3,1,150.0,0.645170244514547
12,SD006,JH_H015,T3,2,127.5,0.645170244514547
12,SD006,JH_H015,T3,3,118.75,0.645170244514547
12,SD006,JH_H015,T3,4,119.1875,0.645170244514547
12,SD006,S396,T2,1,114.0,116.31132961803561
12,SD006,S768,T2,1,209.0,114.89442484329975
12,SD006,S557,T2,1,290.0,103.46815823012216
12,SD006,S794,T2,1,112.0,97.296247789955
12,SD006,S297,T2,1,339.0,104.35548660742765
12,SD006,S397,T2,1,174.0,111.32392139945415
12,SD006,S626,T2,3,128.8,71.16072456883458
12,SD006,S626,T2,4,8.399999999999977,71.16072456883458
12,SD006,S576,T2,1,456.0,79.62252650290161
12,SD006,S500,T2,2,124.0,71.66162320310904
12,SD006,S500,T3,2,471.75,71.66162320310904
12,SD006,S625,T2,3,172.2,71.15737565184527
12,SD006,S625,T2,4,265.6,71.15737565184527
12,SD006,S615,T2,2,261.6,74.81662046982781
12,SD006,S615,T3,1,981.0,74.81662046982781
12,SD006,S016,T2,1,131.0,130.10329748850475
12,SD006,S599,T2,2,87.2,72.54250883551236
12,SD006,S653,T3,2,111.6201791179144,71.95860830726068
12,SD006,S359,T2,1,389.0,125.35549684430904
12,SD006,S400,T2,1,71.0,108.7439912209304
12,SD006,S534,T2,2,2.90513185054823,74.85988037330426
12,SD006,S407,T2,2,179.2,72.5520713734699
12,SD006,S407,T3,1,379.0,72.5520713734699
12,SD006,S167,T2,1,166.0,124.44006894678701
12,SD006,S075,T2,1,188.0,126.66504747975978
12,SD006,S516,T2,3,248.0,71.56667790868094
12,SD006,S516,T3,2,613.2298208820855,71.56667790868094
12,SD006,S394,T2,2,10.399999999999977,73.83887696334158
12,SD006,S394,T3,1,916.0,73.83887696334158
12,SD006,S555,T2,2,192.49486814945175,75.10624726451854
12,SD006,S378,T2,1,445.0,120.62760433707786
12,SD006,S392,T2,2,412.0,73.86249158942361
12,SD006,S392,T3,1,1545.0,73.86249158942361
12,SD006,S401,T2,1,211.0,124.4263493755748
12,SD006,S611,T2,2,103.2,74.5120557844105
12,SD006,S611,T3,1,387.0,74.5120557844105
12,SD007,JH_H002,T3,1,1326.0,56.31151722180492
12,SD007,JH_H002,T3,2,0.0027757537365573626,56.31151722180492
12,SD007,JH_H007,T1,1,75.0,4.981102350506281
12,SD007,JH_H007,T1,2,11.25,4.981102350506281
12,SD007,JH_H007,T1,3,23.4375,4.981102350506281
12,SD007,JH_H007,T1,4,22.828125,4.981102350506281
12,SD007,JH_H007,T3,1,225.0,4.981102350506281
12,SD007,JH_H007,T3,2,191.25,4.981102350506281
12,SD007,JH_H007,T3,3,178.125,4.981102350506281
12,SD007,JH_H007,T3,4,129.0,4.981102350506281
12,SD007,S574,T2,1,333.0,55.30035441403435
12,SD007,S574,T2,2,180.2,55.30035441403435
12,SD007,S574,T2,3,155.0,55.30035441403435
12,SD007,S574,T2,4,77.0,55.30035441403435
12,SD007,S574,T3,2,454.74722424626344,55.30035441403435
12,SD007,S574,T3,3,79.875,55.30035441403435
12,SD007,S646,T2,1,195.0,55.980994050691734
12,SD007,S614,T2,1,115.00005857744324,56.71053077279719
12,SD007,S051,T2,1,286.99994142255673,56.67533855897754
12,SD007,S051,T2,2,206.8,56.67533855897754
12,SD008,JH_H010,T1,1,15.0,2.2723099352135923
12,SD008,JH_H010,T1,2,2.25,2.2723099352135923
12,SD008,JH_H010,T1,3,4.6875,2.2723099352135923
12,SD008,JH_H010,T1,4,4.565625,2.2723099352135923
12,SD008,JH_H010,T3,1,45.0,2.2723099352135923
12,SD008,JH_H010,T3,2,38.25,2.2723099352135923
12,SD008,JH_H010,T3,3,35.625,2.2723099352135923
12,SD008,JH_H010,T3,4,29.0,2.2723099352135923
12,SD008,S794,T2,1,39.0,64.48707868496672
12,SD008,S001,T2,1,174.0,63.758184190697605
12,SD008,S001,T2,2,88.0,63.758184190697605
12,SD008,S001,T3,1,310.0,63.758184190697605
12,SD008,S576,T2,3,35.0,54.01101080067525
12,SD008,S576,T2,4,17.0,54.01101080067525
12,SD008,S576,T3,2,109.75,54.01101080067525
12,SD008,S576,T3,3,23.375,54.01101080067525
12,SD009,JH_H002,T1,1,512.6882462147461,8.677094127999364
12,SD009,JH_H002,T1,2,76.90323693221194,8.677094127999364
12,SD009,JH_H002,T1,3,160.21507694210814,8.677094127999364
12,SD009,JH_H002,T1,4,156.04948494161334,8.677094127999364
12,SD009,JH_H012,T1,1,47.78000851850378,1.4576943447875488
12,SD009,JH_H012,T1,2,7.167001277775565,1.4576943447875488
12,SD009,JH_H012,T1,3,14.931252662032431,1.4576943447875488
12,SD009,JH_H012,T1,4,14.543040092819592,1.4576943447875488
12,SD009,JH_H012,T3,3,113.47752023144646,1.4576943447875488
12,SD009,JH_H012,T3,4,113.89559530598338,1.4576943447875488
12,SD009,JH_H014,T3,4,63.780223584733385,0.4466966349245021
12,SD009,S487,T2,1,301.0,1.0348611048750498
12,SD009,S487,T2,3,178.80000000000013,1.0348611048750498
12,SD009,S487,T2,4,240.8,1.0348611048750498
12,SD009,S487,T3,2,190.95000000000024,1.0348611048750498
12,SD009,S487,T3,3,556.85,1.0348611048750498
12,SD009,S487,T3,4,556.85,1.0348611048750498
12,SD009,S626,T2,1,161.0,2.229220505779742
12,SD009,S664,T2,1,69.86852660937075,74.14753990492204
12,SD009,S669,T2,1,102.0,74.14119184352897
12,SD009,S500,T2,1,255.0,3.511821886553356
12,SD009,S625,T2,1,332.0,2.2142342239044885
12,SD009,S476,T2,1,442.0,2.397830934450181
12,SD009,S476,T2,2,353.6,2.397830934450181
12,SD009,S476,T3,1,1326.0,2.397830934450181
12,SD009,S476,T3,2,817.7,2.397830934450181
12,SD009,S488,T2,1,887.0,1.4592468756210197
12,SD009,S488,T2,2,349.3051318505482,1.4592468756210197
12,SD009,S488,T2,3,709.6,1.4592468756210197
12,SD009,S488,T2,4,437.2,1.4592468756210197
12,SD009,S488,T3,1,1786.7234454773047,1.4592468756210197
12,SD009,S488,T3,2,1640.95,1.4592468756210197
12,SD009,S488,T3,3,1590.6724797685538,1.4592468756210197
12,SD009,S488,T3,4,395.4741811092832,1.4592468756210197
12,SD009,S599,T2,1,109.0,4.390423292539299
12,SD009,S599,T3,1,327.0,4.390423292539299
12,SD009,S474,T2,1,130.0,2.1392098877866896
12,SD009,S474,T2,2,104.0,2.1392098877866896
12,SD009,S474,T2,3,104.0,2.1392098877866896
12,SD009,S474,T3,1,390.0,2.1392098877866896
12,SD009,S474,T3,2,240.5,2.1392098877866896
12,SD009,S653,T2,1,226.0,3.3728701796297083
12,SD009,S653,T2,2,180.8,3.3728701796297083
12,SD009,S653,T3,1,678.0,3.3728701796297083
12,SD009,S534,T2,1,220.0,6.589952614326456
12,SD009,S534,T2,2,173.09486814945177,6.589952614326456
12,SD009,S534,T3,1,660.0,6.589952614326456
12,SD009,S407,T2,1,224.0,5.206845854037303
12,SD009,S470,T2,1,159.0,3.004424742948205
12,SD009,S470,T2,2,127.2,3.004424742948205
12,SD009,S470,T3,1,477.0,3.004424742948205
12,SD009,S470,T3,2,294.15,3.004424742948205
12,SD009,S468,T2,1,258.0,2.5066937194501957
12,SD009,S468,T2,2,206.4,2.5066937194501957
12,SD009,S468,T3,1,774.0,2.5066937194501957
12,SD009,S468,T3,2,477.3,2.5066937194501957
12,SD009,S475,T2,1,411.0,2.2821384274382996
12,SD009,S475,T2,2,328.8,2.2821384274382996
12,SD009,S475,T2,3,225.99999999999983,2.2821384274382996
12,SD009,S475,T3,1,1233.0,2.2821384274382996
12,SD009,S475,T3,2,760.35,2.2821384274382996
12,SD009,S555,T3,1,35.27655452269528,7.247923846154981
12,SD009,S527,T2,1,195.0,2.95674963336408
12,SD009,S527,T2,2,156.0,2.95674963336408
12,SD009,S527,T3,1,585.0,2.95674963336408
12,SD009,S527,T3,2,360.75,2.95674963336408
12,SD009,S652,T2,1,172.0,2.0922070322925164
12,SD009,S652,T2,2,137.6,2.0922070322925164
12,SD009,S652,T2,3,137.6,2.0922070322925164
12,SD009,S652,T3,1,516.0,2.0922070322925164
12,SD009,S652,T3,2,318.20000000000005,2.0922070322925164
12,SD009,S579,T2,1,185.0,4.964191600894386
12,SD009,S579,T2,2,148.0,4.964191600894386
12,SD009,S579,T3,1,555.0,4.964191600894386
12,SD009,S215,T2,1,154.0,71.92575610993201
12,SD009,S214,T2,1,243.0,71.93457132383558
12,SD009,S515,T2,1,79.0,2.325791786803242
12,SD009,S515,T2,2,63.2,2.325791786803242
12,SD009,S515,T3,1,237.0,2.325791786803242
12,SD009,S515,T3,2,146.15,2.325791786803242
12,SD009,S600,T2,1,193.0,4.0691848180766375
12,SD009,S600,T2,2,154.4,4.0691848180766375
12,SD009,S600,T3,1,579.0,4.0691848180766375
12,SD009,S113,T2,1,205.0,70.83450494490985
12,SD009,S492,T2,1,479.0,4.001671156251342
12,SD009,S492,T2,2,383.2,4.001671156251342
12,SD009,S492,T3,1,1437.0,4.001671156251342
12,SD009,S609,T2,1,112.0,3.6639555424998242
12,SD009,S609,T2,2,89.6,3.6639555424998242
12,SD009,S609,T3,1,336.0,3.6639555424998242
12,SD009,S200,T2,1,271.0,73.65436445014127
12,SD009,S481,T2,1,193.0,4.440707825216017
12,SD009,S481,T2,2,154.4,4.440707825216017
12,SD009,S481,T3,1,579.0,4.440707825216017
12,SD009,S198,T2,1,404.0,73.91564805878362
12,SD009,S519,T2,1,40.0,4.79292685895804
12,SD009,S519,T2,2,32.0,4.79292685895804
12,SD009,S519,T3,1,120.0,4.79292685895804
12,SD009,S467,T2,1,93.0,3.667708178553188
12,SD009,S467,T2,2,74.4,3.667708178553188
12,SD009,S467,T3,1,279.0,3.667708178553188
12,SD009,S473,T2,1,220.0,2.681359796816352
12,SD009,S473,T2,2,176.0,2.681359796816352
12,SD009,S473,T3,1,660.0,2.681359796816352
12,SD009,S473,T3,2,407.0,2.681359796816352
12,SD009,S384,T2,1,49.131414813185984,69.80530147033465
12,SD009,S213,T2,1,552.0,73.36584974859413
12,SD009,S212,T2,1,16.00005857744327,73.30907534011476
12,SD010,JH_H001,T2,2,85.79999999999995,25.229261577539656
12,SD010,JH_H001,T3,1,476.0,25.229261577539656
12,SD010,S576,T2,2,519.2,1.5750823381651595
12,SD010,S576,T2,3,242.0,1.5750823381651595
12,SD010,S576,T2,4,120.0,1.5750823381651595
12,SD010,S576,T3,1,1947.0,1.5750823381651595
12,SD010,S576,T3,2,1009.0,1.5750823381651595
12,SD010,S576,T3,3,403.0,1.5750823381651595
12,SD010,S576,T3,4,201.0,1.5750823381651595
12,SD010,S168,T2,1,420.0,45.324816709689756
12,SD010,S358,T2,1,143.0,46.243163600968444
12,SD010,S189,T2,1,425.0,47.41832340610207
12,SD010,S445,T2,1,63.0,45.74269378818629
12,SD010,S186,T2,1,141.0,47.641797465459895
12,SD010,S227,T2,1,203.0,48.11112261882882
12,SD010,S401,T2,1,58.0,45.16267111899092
12,SD011,JH_H001,T2,2,525.0,18.95427518527753
12,SD011,JH_H001,T2,3,210.0,18.95427518527753
12,SD011,JH_H001,T2,4,105.0,18.95427518527753
12,SD011,JH_H001,T3,1,1770.0,18.95427518527753
12,SD011,JH_H001,T3,2,594.5,18.95427518527753
12,SD011,JH_H001,T3,3,88.75,18.95427518527753
12,SD011,JH_H006,T1,1,110.0,1.7150550139812313
12,SD011,JH_H006,T1,2,16.5,1.7150550139812313
12,SD011,JH_H006,T1,3,34.375,1.7150550139812313
12,SD011,JH_H006,T1,4,33.48125000000001,1.7150550139812313
12,SD011,JH_H006,T3,1,330.0,1.7150550139812313
12,SD011,JH_H006,T3,2,280.5,1.7150550139812313
12,SD011,JH_H006,T3,3,261.25,1.7150550139812313
12,SD011,JH_H006,T3,4,175.0,1.7150550139812313
12,SD011,S194,T2,1,326.00005857744327,58.789887838120585
12,SD011,S147,T2,1,205.0,59.19408142618804
12,SD011,S195,T2,1,440.0,59.87923315898765
12,SD011,S212,T2,1,255.99994142255673,59.52946138505003
12,SD011,S429,T2,1,33.0,54.92619755416661
13,SD001,JH_H003,T3,3,69.74999838640787,21.731599722578093
13,SD001,JH_H004,T1,1,149.99995389736728,1.854989649044953
13,SD001,JH_H004,T1,2,22.50002996671128,1.854989649044953
13,SD001,JH_H004,T1,3,46.874998501664436,1.854989649044953
13,SD001,JH_H004,T1,4,45.656250074916784,1.854989649044953
13,SD001,JH_H004,T2,1,4.610263286508598e-05,1.854989649044953
13,SD001,JH_H004,T3,1,450.0,1.854989649044953
13,SD001,JH_H004,T3,2,382.499967728157,1.854989649044953
13,SD001,JH_H004,T3,3,356.25000161359213,1.854989649044953
13,SD001,JH_H004,T3,4,213.0,1.854989649044953
13,SD001,S500,T2,3,204.0,71.51481572097616
13,SD001,S500,T2,4,127.0,71.51481572097616
13,SD001,S500,T3,2,452.422268535513,71.51481572097616
13,SD001,S615,T2,1,327.0,73.12604490789893
13,SD001,S407,T2,3,51.0,71.68431985910988
13,SD001,S407,T3,2,230.07776373632998,71.68431985910988
13,SD001,S646,T2,2,109.39999999999998,72.49823348913633
13,SD001,S646,T3,1,385.0,72.49823348913633
13,SD001,S394,T2,1,430.0,72.1259364557284
13,SD001,S394,T2,2,344.0,72.1259364557284
13,SD001,S394,T3,1,1290.0,72.1259364557284
13,SD001,S610,T2,1,144.0,72.37845192158939
13,SD001,S610,T2,2,115.2,72.37845192158939
13,SD001,S610,T3,1,432.0,72.37845192158939
13,SD001,S614,T2,1,5.0,73.21476069856318
13,SD001,S392,T2,1,498.99995389736716,72.55168514508541
13,SD001,S392,T2,2,70.40000000000003,72.55168514508541
13,SD001,S611,T2,1,129.0,72.80787198790621
13,SD002,JH_H002,T3,1,523.0,41.51640976921575
13,SD002,JH_H002,T3,2,155.35,41.51640976921575
13,SD002,JH_H008,T1,1,30.0,1.0827923580272938
13,SD002,JH_H008,T1,2,4.5,1.0827923580272938
13,SD002,JH_H008,T1,3,9.375,1.0827923580272938
13,SD002,JH_H008,T1,4,9.13125,1.0827923580272938
13,SD002,JH_H008,T3,1,90.0,1.0827923580272938
13,SD002,JH_H008,T3,2,76.5,1.0827923580272938
13,SD002,JH_H008,T3,3,71.25,1.0827923580272938
13,SD002,JH_H008,T3,4,60.0,1.0827923580272938
13,SD002,S051,T2,1,399.0,41.72141084148072
13,SD002,S051,T2,2,150.8,41.72141084148072
13,SD002,S051,T2,3,40.8,41.72141084148072
13,SD002,S051,T2,4,4.800000000000001,41.72141084148072
13,SD002,S402,T2,1,39.0,26.129154168488203
13,SD002,S402,T2,2,31.2,26.129154168488203
13,SD002,S402,T2,3,31.2,26.129154168488203
13,SD002,S402,T2,4,31.2,26.129154168488203
13,SD002,S402,T3,1,117.0,26.129154168488203
13,SD002,S402,T3,2,72.15,26.129154168488203
13,SD002,S402,T3,3,49.75,26.129154168488203
13,SD003,JH_H009,T1,1,10.0,0.4313840120055951
13,SD003,JH_H009,T1,2,1.5,0.4313840120055951
13,SD003,JH_H009,T1,3,3.125,0.4313840120055951
13,SD003,JH_H009,T1,4,3.04375,0.4313840120055951
13,SD003,JH_H009,T3,1,30.0,0.4313840120055951
13,SD003,JH_H009,T3,2,25.5,0.4313840120055951
13,SD003,JH_H009,T3,3,23.75,0.4313840120055951
13,SD003,JH_H009,T3,4,23.8375,0.4313840120055951
13,SD003,JH_H010,T3,4,12.75625,28.49230688861869
13,SD003,S576,T2,3,57.0,28.692801988341532
13,SD003,S576,T2,4,28.0,28.692801988341532
13,SD003,S576,T3,2,213.5,28.692801988341532
13,SD003,S576,T3,3,71.25,28.692801988341532
13,SD003,S576,T3,4,10.406250000000002,28.692801988341532
13,SD003,S356,T2,1,159.0,73.45952101268428
13,SD003,S378,T2,1,185.0,69.54504685635165
13,SD003,S662,T2,2,143.0,34.41204287813438
13,SD003,S662,T3,1,544.0,34.41204287813438
13,SD004,JH_H001,T2,1,964.5705235498723,10.699808563193097
13,SD004,JH_H012,T3,1,150.3923959318002,1.593785827447224
13,SD004,JH_H012,T3,2,127.83353654203017,1.593785827447224
13,SD004,JH_H013,T1,1,31.848456538600203,2.6842115905313224
13,SD004,JH_H013,T1,2,4.777268480790031,2.6842115905313224
13,SD004,JH_H013,T1,3,9.952642668312562,2.6842115905313224
13,SD004,JH_H013,T1,4,9.69387395893644,2.6842115905313224
13,SD004,JH_H013,T3,1,95.54536961580061,2.6842115905313224
13,SD004,JH_H013,T3,2,81.21356417343051,2.6842115905313224
13,SD004,JH_H014,T1,1,29.303987380412657,0.32354661842920146
13,SD004,JH_H014,T1,2,4.3955981070619,0.32354661842920146
13,SD004,JH_H014,T1,3,9.157496056378955,0.32354661842920146
13,SD004,JH_H014,T1,4,8.919401158913104,0.32354661842920146
13,SD004,JH_H014,T3,1,87.91196214123798,0.32354661842920146
13,SD004,JH_H014,T3,2,74.72516782005228,0.32354661842920146
13,SD004,JH_H014,T3,3,69.59697002848007,0.32354661842920146
13,SD004,S487,T2,2,240.8,1.2507354917512443
13,SD004,S487,T3,1,903.0,1.2507354917512443
13,SD004,S487,T3,2,390.99999999999966,1.2507354917512443
13,SD004,S626,T2,2,128.8,2.1097408109848033
13,SD004,S626,T3,1,483.0,2.1097408109848033
13,SD004,S626,T3,2,125.57773146448699,2.1097408109848033
13,SD004,S625,T2,2,265.6,2.077856378373978
13,SD004,S625,T3,1,996.0,2.077856378373978
13,SD004,S625,T3,2,614.2,2.077856378373978
13,SD004,S488,T2,2,324.0000000000002,1.8413665454132206
13,SD004,S488,T3,1,652.1502723111616,1.8413665454132206
13,SD004,S387,T2,1,65.0,70.733000100257
13,SD004,S585,T2,1,173.0,1.0153546860217733
13,SD004,S585,T2,2,138.4,1.0153546860217733
13,SD004,S585,T2,3,138.4,1.0153546860217733
13,SD004,S585,T2,4,138.4,1.0153546860217733
13,SD004,S585,T3,1,519.0,1.0153546860217733
13,SD004,S585,T3,2,320.05,1.0153546860217733
13,SD004,S585,T3,3,320.05,1.0153546860217733
13,SD004,S585,T3,4,255.89999999999998,1.0153546860217733
13,SD004,S189,T2,1,489.0,70.34522776415513
13,SD004,S516,T2,1,350.0,2.8151316973303575
13,SD004,S516,T3,1,819.0,2.8151316973303575
13,SD004,S386,T2,1,135.0,70.77095449642641
13,SD004,S169,T2,1,346.0,66.86436752992087
13,SD004,S596,T2,1,157.0,1.2472733119337553
13,SD004,S596,T2,2,125.6,1.2472733119337553
13,SD004,S596,T2,3,125.6,1.2472733119337553
13,SD004,S596,T2,4,84.80000000000001,1.2472733119337553
13,SD004,S596,T3,1,471.0,1.2472733119337553
13,SD004,S596,T3,2,290.45000000000005,1.2472733119337553
13,SD004,S596,T3,3,290.45000000000005,1.2472733119337553
13,SD004,S301,T2,1,149.0,66.75326012915696
13,SD004,S586,T2,1,226.0,0.7669305123872737
13,SD004,S586,T2,2,180.8,0.7669305123872737
13,SD004,S586,T2,3,180.8,0.7669305123872737
13,SD004,S586,T2,4,180.8,0.7669305123872737
13,SD004,S586,T3,1,678.0,0.7669305123872737
13,SD004,S586,T3,2,418.1,0.7669305123872737
13,SD004,S586,T3,3,418.1,0.7669305123872737
13,SD004,S586,T3,4,418.1,0.7669305123872737
13,SD004,S362,T2,1,263.0,70.42724553478037
13,SD004,S364,T2,1,103.0,70.6653440104886
13,SD004,S662,T2,1,506.0,3.084617507958989
13,SD004,S662,T2,2,217.1999999999996,3.084617507958989
13,SD004,S662,T3,1,732.0,3.084617507958989
13,SD004,S583,T2,1,124.0,1.3098200579051456
13,SD004,S583,T2,2,99.2,1.3098200579051456
13,SD004,S583,T2,3,99.2,1.3098200579051456
13,SD004,S583,T3,1,372.0,1.3098200579051456
13,SD004,S583,T3,2,229.4,1.3098200579051456
13,SD004,S583,T3,3,229.4,1.3098200579051456
13,SD004,S477,T2,1,228.0,1.4997932513210326
13,SD004,S477,T2,2,182.4,1.4997932513210326
13,SD004,S477,T2,3,182.4,1.4997932513210326
13,SD004,S477,T3,1,684.0,1.4997932513210326
13,SD004,S477,T3,2,421.8,1.4997932513210326
13,SD004,S477,T3,3,20.403029971519913,1.4997932513210326
13,SD004,S186,T2,1,47.0,70.81318812827683
13,SD004,S052,T2,1,39.42947645012782,69.32726244189244
13,SD004,S587,T2,1,149.0,1.6268730303347014
13,SD004,S587,T2,2,119.2,1.6268730303347014
13,SD004,S587,T2,3,81.59999999999997,1.6268730303347014
13,SD004,S587,T3,1,447.0,1.6268730303347014
13,SD004,S587,T3,2,275.65,1.6268730303347014
13,SD004,S019,T2,1,174.0,70.3533644531121
13,SD004,S249,T2,1,166.0,69.9189824220068
13,SD005,JH_H003,T3,3,19.25,16.1076975841419
13,SD005,JH_H011,T1,1,10.0,0.534981795654251
13,SD005,JH_H011,T1,2,1.5,0.534981795654251
13,SD005,JH_H011,T1,3,3.125,0.534981795654251
13,SD005,JH_H011,T1,4,3.04375,0.534981795654251
13,SD005,JH_H011,T3,1,30.0,0.534981795654251
13,SD005,JH_H011,T3,2,25.5,0.534981795654251
13,SD005,JH_H011,T3,3,23.75,0.534981795654251
13,SD005,JH_H011,T3,4,21.0,0.534981795654251
13,SD005,S576,T2,1,156.0,64.0609251320312
13,SD005,S516,T2,2,61.199999999999534,56.60126439380239
13,SD005,S516,T2,3,26.0,56.60126439380239
13,SD005,S516,T3,1,231.0,56.60126439380239
13,SD005,S516,T3,2,82.5,56.60126439380239
13,SD005,S662,T2,2,3.800000000000466,56.95075227594894
13,SD005,S587,T2,4,12.0,56.465784070688635
13,SD006,JH_H003,T1,1,378.0,2.76486819460775
13,SD006,JH_H003,T1,2,56.70000000000002,2.76486819460775
13,SD006,JH_H003,T1,3,118.12500000000003,2.76486819460775
13,SD006,JH_H003,T1,4,115.05374999999998,2.76486819460775
13,SD006,JH_H003,T3,1,1134.0,2.76486819460775
13,SD006,JH_H003,T3,2,963.9,2.76486819460775
13,SD006,JH_H003,T3,3,620.25,2.76486819460775
13,SD006,JH_H003,T3,4,249.8125,2.76486819460775
13,SD006,JH_H015,T1,1,50.0,0.645170244514547
13,SD006,JH_H015,T1,2,7.5,0.645170244514547
13,SD006,JH_H015,T1,3,15.625,0.645170244514547
13,SD006,JH_H015,T1,4,15.21875,0.645170244514547
13,SD006,JH_H015,T3,1,150.0,0.645170244514547
13,SD006,JH_H015,T3,2,127.5,0.645170244514547
13,SD006,JH_H015,T3,3,118.75,0.645170244514547
13,SD006,JH_H015,T3,4,119.1875,0.645170244514547
13,SD006,S396,T2,1,114.0,116.31132961803561
13,SD006,S768,T2,1,209.0,114.89442484329975
13,SD006,S557,T2,1,290.0,103.46815823012216
13,SD006,S794,T2,1,151.0,97.296247789955
13,SD006,S001,T2,1,2.0,96.66284671481966
13,SD006,S297,T2,1,339.0,104.35548660742765
13,SD006,S397,T2,1,174.0,111.32392139945415
13,SD006,S626,T2,3,128.8,71.16072456883458
13,SD006,S626,T3,2,172.27226853551304,71.16072456883458
13,SD006,S576,T2,1,493.0,79.62252650290161
13,SD006,S500,T2,2,204.0,71.66162320310904
13,SD006,S500,T3,1,765.0,71.66162320310904
13,SD006,S500,T3,2,19.327731464486988,71.66162320310904
13,SD006,S625,T2,3,265.6,71.15737565184527
13,SD006,S625,T2,4,221.0,71.15737565184527
13,SD006,S599,T2,2,87.2,72.54250883551236
13,SD006,S599,T3,1,327.0,72.54250883551236
13,SD006,S653,T2,2,180.8,71.95860830726068
13,SD006,S653,T3,1,678.0,71.95860830726068
13,SD006,S359,T2,1,389.0,125.35549684430904
13,SD006,S400,T2,1,71.0,108.7439912209304
13,SD006,S407,T2,2,179.2,72.5520713734699
13,SD006,S407,T3,1,672.0,72.5520713734699
13,SD006,S167,T2,1,166.0,124.44006894678701
13,SD006,S075,T2,1,3.0,126.66504747975978
13,SD006,S516,T2,2,218.80000000000047,71.56667790868094
13,SD006,S516,T2,3,10.999999999999929,71.56667790868094
13,SD006,S516,T3,2,565.0,71.56667790868094
13,SD006,S378,T2,1,260.0,120.62760433707786
13,SD006,S600,T2,2,154.4,72.43437422947342
13,SD006,S600,T3,1,579.0,72.43437422947342
13,SD006,S392,T2,2,52.59999999999951,73.86249158942361
13,SD006,S392,T3,1,131.0,73.86249158942361
13,SD006,S519,T2,2,32.0,73.73425106223932
13,SD006,S587,T2,3,37.60000000000004,71.22516661651865
13,SD007,JH_H002,T3,1,0.005672902668395286,56.31151722180492
13,SD007,JH_H007,T1,1,75.0,4.981102350506281
13,SD007,JH_H007,T1,2,11.25,4.981102350506281
13,SD007,JH_H007,T1,3,23.4375,4.981102350506281
13,SD007,JH_H007,T1,4,22.828125,4.981102350506281
13,SD007,JH_H007,T3,1,225.0,4.981102350506281
13,SD007,JH_H007,T3,2,191.25,4.981102350506281
13,SD007,JH_H007,T3,3,178.125,4.981102350506281
13,SD007,JH_H007,T3,4,104.0,4.981102350506281
13,SD007,S574,T2,1,333.0,55.30035441403435
13,SD007,S574,T2,2,266.4,55.30035441403435
13,SD007,S574,T2,3,125.0,55.30035441403435
13,SD007,S574,T2,4,62.0,55.30035441403435
13,SD007,S574,T3,1,999.0,55.30035441403435
13,SD007,S574,T3,2,330.75,55.30035441403435
13,SD007,S574,T3,3,29.875,55.30035441403435
13,SD007,S646,T2,1,195.0,55.980994050691734
13,SD007,S646,T2,2,46.60000000000002,55.980994050691734
13,SD007,S646,T3,1,27.994327097331606,55.980994050691734
13,SD007,S614,T2,1,120.0,56.71053077279719
13,SD007,S051,T2,1,103.0,56.67533855897754
13,SD008,JH_H003,T3,3,11.375,36.223692885411175
13,SD008,JH_H010,T1,1,15.0,2.2723099352135923
13,SD008,JH_H010,T1,2,2.25,2.2723099352135923
13,SD008,JH_H010,T1,3,4.6875,2.2723099352135923
13,SD008,JH_H010,T1,4,4.565625,2.2723099352135923
13,SD008,JH_H010,T3,1,45.0,2.2723099352135923
13,SD008,JH_H010,T3,2,38.25,2.2723099352135923
13,SD008,JH_H010,T3,3,35.625,2.2723099352135923
13,SD008,JH_H010,T3,4,23.0,2.2723099352135923
13,SD008,S001,T2,1,172.0,63.758184190697605
13,SD008,S576,T2,2,30.200000000000045,54.01101080067525
13,SD008,S576,T2,3,28.0,54.01101080067525
13,SD008,S576,T2,4,14.0,54.01101080067525
13,SD008,S576,T3,2,80.75,54.01101080067525
13,SD008,S662,T2,2,40.799999999999955,59.96276202166144
13,SD008,S662,T3,1,242.0,59.96276202166144
13,SD009,JH_H002,T1,1,529.4846252419421,8.677094127999364
13,SD009,JH_H002,T1,2,79.42269378629135,8.677094127999364
13,SD009,JH_H002,T1,3,165.4639453881069,8.677094127999364
13,SD009,JH_H002,T1,4,161.16188280801617,8.677094127999364
13,SD009,JH_H012,T1,1,50.130798643933396,1.4576943447875488
13,SD009,JH_H012,T1,2,7.519619796590014,1.4576943447875488
13,SD009,JH_H012,T1,3,15.665874576229186,1.4576943447875488
13,SD009,JH_H012,T1,4,15.258561837247228,1.4576943447875488
13,SD009,JH_H012,T3,3,119.06064677934182,1.4576943447875488
13,SD009,JH_H012,T3,4,119.49929126747625,1.4576943447875488
13,SD009,JH_H014,T3,4,69.85337991805868,0.4466966349245021
13,SD009,S487,T2,1,301.0,1.0348611048750498
13,SD009,S487,T2,3,240.8,1.0348611048750498
13,SD009,S487,T2,4,240.8,1.0348611048750498
13,SD009,S487,T3,2,165.85000000000034,1.0348611048750498
13,SD009,S487,T3,3,556.85,1.0348611048750498
13,SD009,S487,T3,4,556.85,1.0348611048750498
13,SD009,S626,T2,1,161.0,2.229220505779742
13,SD009,S500,T2,1,255.0,3.511821886553356
13,SD009,S625,T2,1,332.0,2.2142342239044885
13,SD009,S476,T2,1,442.0,2.397830934450181
13,SD009,S476,T2,2,353.6,2.397830934450181
13,SD009,S476,T3,1,1326.0,2.397830934450181
13,SD009,S476,T3,2,817.7,2.397830934450181
13,SD009,S488,T2,1,887.0,1.4592468756210197
13,SD009,S488,T2,2,385.5999999999998,1.4592468756210197
13,SD009,S488,T2,3,709.6,1.4592468756210197
13,SD009,S488,T2,4,306.2,1.4592468756210197
13,SD009,S488,T3,1,2008.8497276888384,1.4592468756210197
13,SD009,S488,T3,2,1640.95,1.4592468756210197
13,SD009,S488,T3,3,1150.0893532206583,1.4592468756210197
13,SD009,S488,T3,4,102.64732881446503,1.4592468756210197
13,SD009,S599,T2,1,109.0,4.390423292539299
13,SD009,S474,T2,1,130.0,2.1392098877866896
13,SD009,S474,T2,2,104.0,2.1392098877866896
13,SD009,S474,T2,3,7.000000000000028,2.1392098877866896
13,SD009,S474,T3,1,390.0,2.1392098877866896
13,SD009,S474,T3,2,240.5,2.1392098877866896
13,SD009,S585,T3,4,64.15000000000003,1.378762806137195
13,SD009,S653,T2,1,226.0,3.3728701796297083
13,SD009,S534,T2,1,220.0,6.589952614326456
13,SD009,S407,T2,1,224.0,5.206845854037303
13,SD009,S470,T2,1,159.0,3.004424742948205
13,SD009,S470,T2,2,127.2,3.004424742948205
13,SD009,S470,T3,1,477.0,3.004424742948205
13,SD009,S468,T2,1,258.0,2.5066937194501957
13,SD009,S468,T2,2,206.4,2.5066937194501957
13,SD009,S468,T3,1,774.0,2.5066937194501957
13,SD009,S468,T3,2,477.3,2.5066937194501957
13,SD009,S475,T2,1,411.0,2.2821384274382996
13,SD009,S475,T2,2,328.8,2.2821384274382996
13,SD009,S475,T3,1,1233.0,2.2821384274382996
13,SD009,S475,T3,2,760.35,2.2821384274382996
13,SD009,S555,T2,1,344.0,7.247923846154981
13,SD009,S527,T2,1,195.0,2.95674963336408
13,SD009,S527,T2,2,156.0,2.95674963336408
13,SD009,S527,T3,1,585.0,2.95674963336408
13,SD009,S652,T2,1,172.0,2.0922070322925164
13,SD009,S652,T2,2,137.6,2.0922070322925164
13,SD009,S652,T2,3,137.6,2.0922070322925164
13,SD009,S652,T3,1,516.0,2.0922070322925164
13,SD009,S652,T3,2,318.20000000000005,2.0922070322925164
13,SD009,S579,T2,1,185.0,4.964191600894386
13,SD009,S579,T3,1,2.1502723111616433,4.964191600894386
13,SD009,S515,T2,1,79.0,2.325791786803242
13,SD009,S515,T2,2,63.2,2.325791786803242
13,SD009,S515,T3,1,237.0,2.325791786803242
13,SD009,S515,T3,2,146.15,2.325791786803242
13,SD009,S600,T2,1,193.0,4.0691848180766375
13,SD009,S492,T2,1,479.0,4.001671156251342
13,SD009,S492,T2,2,383.2,4.001671156251342
13,SD009,S492,T3,1,1437.0,4.001671156251342
13,SD009,S609,T2,1,112.0,3.6639555424998242
13,SD009,S609,T2,2,89.6,3.6639555424998242
13,SD009,S609,T3,1,336.0,3.6639555424998242
13,SD009,S481,T2,1,193.0,4.440707825216017
13,SD009,S481,T2,2,154.4,4.440707825216017
13,SD009,S481,T3,1,579.0,4.440707825216017
13,SD009,S392,T2,1,16.000046102632837,6.347810373558756
13,SD009,S143,T2,1,5.429430347494986,69.04589152355453
13,SD009,S052,T2,1,134.57052354987218,69.51307207558743
13,SD009,S519,T2,1,40.0,4.79292685895804
13,SD009,S519,T3,1,120.0,4.79292685895804
13,SD009,S467,T2,1,93.0,3.667708178553188
13,SD009,S467,T2,2,74.4,3.667708178553188
13,SD009,S467,T3,1,279.0,3.667708178553188
13,SD009,S473,T2,1,220.0,2.681359796816352
13,SD009,S473,T2,2,176.0,2.681359796816352
13,SD009,S473,T3,1,660.0,2.681359796816352
13,SD010,JH_H001,T3,1,10.0,25.229261577539656
13,SD010,S576,T2,2,489.0,1.5750823381651595
13,SD010,S576,T2,3,195.0,1.5750823381651595
13,SD010,S576,T2,4,97.0,1.5750823381651595
13,SD010,S576,T3,1,1947.0,1.5750823381651595
13,SD010,S576,T3,2,815.0,1.5750823381651595
13,SD010,S576,T3,3,326.0,1.5750823381651595
13,SD010,S576,T3,4,163.0,1.5750823381651595
13,SD010,S168,T2,1,420.0,45.324816709689756
13,SD010,S358,T2,1,143.0,46.243163600968444
13,SD010,S075,T2,1,185.0,47.41663678391791
13,SD010,S445,T2,1,63.0,45.74269378818629
13,SD010,S186,T2,1,94.0,47.641797465459895
13,SD010,S401,T2,1,269.0,45.16267111899092
13,SD011,JH_H001,T2,2,423.0,18.95427518527753
13,SD011,JH_H001,T2,3,169.0,18.95427518527753
13,SD011,JH_H001,T2,4,84.0,18.95427518527753
13,SD011,JH_H001,T3,1,1366.0,18.95427518527753
13,SD011,JH_H001,T3,2,425.5,18.95427518527753
13,SD011,JH_H001,T3,3,20.75,18.95427518527753
13,SD011,JH_H006,T1,1,110.0,1.7150550139812313
13,SD011,JH_H006,T1,2,16.5,1.7150550139812313
13,SD011,JH_H006,T1,3,34.375,1.7150550139812313
13,SD011,JH_H006,T1,4,33.48125000000001,1.7150550139812313
13,SD011,JH_H006,T3,1,330.0,1.7150550139812313
13,SD011,JH_H006,T3,2,280.5,1.7150550139812313
13,SD011,JH_H006,T3,3,261.25,1.7150550139812313
13,SD011,JH_H006,T3,4,141.0,1.7150550139812313
13,SD011,S215,T2,1,40.429430347494986,58.33431312566647
13,SD011,S193,T2,1,172.0,57.98767356151768
13,SD011,S113,T2,1,205.0,57.764653293260956
13,SD011,S143,T2,1,117.57056965250501,56.10496885568485
13,SD011,S241,T2,1,228.0,57.78920416255945
13,SD011,S384,T2,1,221.0,56.81215208513142
13,SD011,S429,T2,1,33.0,54.92619755416661
14,SD001,JH_H002,T3,1,12.101096969757009,73.35724327852236
14,SD001,JH_H003,T3,3,0.5,21.731599722578093
14,SD001,JH_H004,T1,1,149.99993427043364,1.854989649044953
14,SD001,JH_H004,T1,2,22.50004272421819,1.854989649044953
14,SD001,JH_H004,T1,3,46.874997863789076,1.854989649044953
14,SD001,JH_H004,T1,4,45.656250106810546,1.854989649044953
14,SD001,JH_H004,T2,1,6.572956647232786e-05,1.854989649044953
14,SD001,JH_H004,T3,1,450.0,1.854989649044953
14,SD001,JH_H004,T3,2,382.4999539893035,1.854989649044953
14,SD001,JH_H004,T3,3,356.25000230053485,1.854989649044953
14,SD001,JH_H004,T3,4,293.0,1.854989649044953
14,SD001,S574,T2,2,18.19999999999999,71.89671568387841
14,SD001,S574,T3,1,999.0,71.89671568387841
14,SD001,S574,T3,2,90.30408298860016,71.89671568387841
14,SD001,S500,T2,3,204.0,71.51481572097616
14,SD001,S500,T2,4,175.0,71.51481572097616
14,SD001,S500,T3,3,229.24999769946515,71.51481572097616
14,SD001,S615,T2,1,327.0,73.12604490789893
14,SD001,S615,T2,2,42.39999999999996,73.12604490789893
14,SD001,S407,T2,1,97.99993427043353,71.68431985910988
14,SD001,S407,T2,3,147.0,71.68431985910988
14,SD001,S407,T3,2,414.40000000000003,71.68431985910988
14,SD001,S646,T2,2,156.0,72.49823348913633
14,SD001,S646,T3,1,585.0,72.49823348913633
14,SD001,S394,T2,1,430.0,72.1259364557284
14,SD001,S394,T2,2,344.0,72.1259364557284
14,SD001,S394,T3,2,577.7959630220962,72.1259364557284
14,SD001,S555,T2,1,344.0,73.51759159230284
14,SD001,S610,T2,1,144.0,72.37845192158939
14,SD001,S610,T2,2,115.2,72.37845192158939
14,SD001,S610,T3,1,385.898903030243,72.37845192158939
14,SD001,S614,T2,1,122.0,73.21476069856318
14,SD001,S614,T2,2,100.0,73.21476069856318
14,SD001,S614,T3,1,375.0,73.21476069856318
14,SD001,S051,T3,1,709.0,73.62943644596442
14,SD001,S392,T2,1,515.0,72.55168514508541
14,SD001,S611,T2,1,129.0,72.80787198790621
14,SD001,S611,T2,2,103.2,72.80787198790621
14,SD002,JH_H002,T3,2,269.35,41.51640976921575
14,SD002,JH_H002,T3,3,23.599999999999994,41.51640976921575
14,SD002,JH_H008,T1,1,30.0,1.0827923580272938
14,SD002,JH_H008,T1,2,4.5,1.0827923580272938
14,SD002,JH_H008,T1,3,9.375,1.0827923580272938
14,SD002,JH_H008,T1,4,9.13125,1.0827923580272938
14,SD002,JH_H008,T3,1,90.0,1.0827923580272938
14,SD002,JH_H008,T3,2,76.5,1.0827923580272938
14,SD002,JH_H008,T3,3,71.25,1.0827923580272938
14,SD002,JH_H008,T3,4,71.5125,1.0827923580272938
14,SD002,S194,T2,1,391.0,107.55059442715597
14,SD002,S193,T2,1,172.0,106.68966294930287
14,SD002,S051,T2,2,219.8,41.72141084148072
14,SD002,S051,T2,3,68.8,41.72141084148072
14,SD002,S051,T2,4,18.8,41.72141084148072
14,SD002,S051,T3,1,797.0,41.72141084148072
14,SD002,S402,T2,1,39.0,26.129154168488203
14,SD002,S402,T2,2,31.2,26.129154168488203
14,SD002,S402,T2,3,31.2,26.129154168488203
14,SD002,S402,T2,4,31.2,26.129154168488203
14,SD002,S402,T3,1,117.0,26.129154168488203
14,SD002,S402,T3,2,72.15,26.129154168488203
14,SD002,S402,T3,3,72.15,26.129154168488203
14,SD002,S402,T3,4,11.487499999999997,26.129154168488203
14,SD003,JH_H009,T1,1,10.0,0.4313840120055951
14,SD003,JH_H009,T1,2,1.5,0.4313840120055951
14,SD003,JH_H009,T1,3,3.125,0.4313840120055951
14,SD003,JH_H009,T1,4,3.04375,0.4313840120055951
14,SD003,JH_H009,T3,1,30.0,0.4313840120055951
14,SD003,JH_H009,T3,2,25.5,0.4313840120055951
14,SD003,JH_H009,T3,3,23.75,0.4313840120055951
14,SD003,JH_H009,T3,4,23.8375,0.4313840120055951
14,SD003,JH_H010,T3,4,3.75625,28.49230688861869
14,SD003,S557,T3,1,562.4769758426089,53.502656571670975
14,SD003,S297,T2,2,153.79999999999995,54.366047784019706
14,SD003,S297,T3,1,196.5230241573911,54.366047784019706
14,SD003,S209,T2,1,224.0,78.98298658195543
14,SD003,S397,T2,2,43.20000000000003,60.66543092481636
14,SD003,S576,T2,3,78.0,28.692801988341532
14,SD003,S576,T2,4,39.0,28.692801988341532
14,SD003,S576,T3,3,107.25,28.692801988341532
14,SD003,S576,T3,4,37.40625,28.692801988341532
14,SD003,S016,T2,1,90.0,79.01961949005532
14,SD003,S356,T2,1,159.0,73.45952101268428
14,SD003,S662,T3,2,302.5,34.41204287813438
14,SD004,JH_H001,T2,1,951.2806208592107,10.699808563193097
14,SD004,JH_H001,T2,2,324.62449668736855,10.699808563193097
14,SD004,JH_H001,T3,1,851.8418625776321,10.699808563193097
14,SD004,JH_H012,T3,1,139.28632786658636,1.593785827447224
14,SD004,JH_H012,T3,2,118.39337868659841,1.593785827447224
14,SD004,JH_H013,T1,1,28.790742165281806,2.6842115905313224
14,SD004,JH_H013,T1,2,4.318611324792268,2.6842115905313224
14,SD004,JH_H013,T1,3,8.997106926650565,2.6842115905313224
14,SD004,JH_H013,T1,4,8.763182146557652,2.6842115905313224
14,SD004,JH_H013,T3,1,86.37222649584541,2.6842115905313224
14,SD004,JH_H013,T3,2,73.4163925214686,2.6842115905313224
14,SD004,JH_H014,T1,1,25.291820644262906,0.32354661842920146
14,SD004,JH_H014,T1,2,3.793773096639434,0.32354661842920146
14,SD004,JH_H014,T1,3,7.903693951332162,0.32354661842920146
14,SD004,JH_H014,T1,4,7.698197908597519,0.32354661842920146
14,SD004,JH_H014,T3,1,75.87546193278871,0.32354661842920146
14,SD004,JH_H014,T3,2,64.4941426428704,0.32354661842920146
14,SD004,S672,T2,1,198.0,74.52348246284207
14,SD004,S671,T2,1,635.0,74.40531605998945
14,SD004,S487,T2,2,240.8,1.2507354917512443
14,SD004,S487,T2,3,235.9999999999999,1.2507354917512443
14,SD004,S487,T3,1,903.0,1.2507354917512443
14,SD004,S487,T3,2,399.7460861490623,1.2507354917512443
14,SD004,S626,T2,2,128.8,2.1097408109848033
14,SD004,S626,T3,1,483.0,2.1097408109848033
14,SD004,S626,T3,2,297.85,2.1097408109848033
14,SD004,S667,T2,1,185.00006572956647,74.07580995285737
14,SD004,S500,T2,2,204.0,3.8511885474328467
14,SD004,S500,T3,1,765.0,3.8511885474328467
14,SD004,S625,T2,2,265.6,2.077856378373978
14,SD004,S625,T2,3,30.400000000000034,2.077856378373978
14,SD004,S625,T3,1,996.0,2.077856378373978
14,SD004,S625,T3,2,614.2,2.077856378373978
14,SD004,S488,T2,2,85.77550331263126,1.8413665454132206
14,SD004,S488,T3,1,1083.624121127148,1.8413665454132206
14,SD004,S387,T2,1,65.0,70.733000100257
14,SD004,S585,T2,1,173.0,1.0153546860217733
14,SD004,S585,T2,2,138.4,1.0153546860217733
14,SD004,S585,T2,3,138.4,1.0153546860217733
14,SD004,S585,T2,4,138.4,1.0153546860217733
14,SD004,S585,T3,1,519.0,1.0153546860217733
14,SD004,S585,T3,2,320.05,1.0153546860217733
14,SD004,S585,T3,3,320.05,1.0153546860217733
14,SD004,S585,T3,4,320.05,1.0153546860217733
14,SD004,S296,T2,1,197.0,72.58409590891421
14,SD004,S516,T2,1,350.0,2.8151316973303575
14,SD004,S516,T2,2,280.0,2.8151316973303575
14,SD004,S516,T3,1,1050.0,2.8151316973303575
14,SD004,S516,T3,2,522.95,2.8151316973303575
14,SD004,S386,T2,1,135.0,70.77095449642641
14,SD004,S169,T2,1,346.0,66.86436752992087
14,SD004,S596,T2,1,157.0,1.2472733119337553
14,SD004,S596,T2,2,125.6,1.2472733119337553
14,SD004,S596,T2,3,125.6,1.2472733119337553
14,SD004,S596,T2,4,125.6,1.2472733119337553
14,SD004,S596,T3,1,471.0,1.2472733119337553
14,SD004,S596,T3,2,290.45000000000005,1.2472733119337553
14,SD004,S596,T3,3,290.45000000000005,1.2472733119337553
14,SD004,S596,T3,4,187.85000000000002,1.2472733119337553
14,SD004,S301,T2,1,149.0,66.75326012915696
14,SD004,S586,T2,1,226.0,0.7669305123872737
14,SD004,S586,T2,2,180.8,0.7669305123872737
14,SD004,S586,T2,3,180.8,0.7669305123872737
14,SD004,S586,T2,4,180.8,0.7669305123872737
14,SD004,S586,T3,1,678.0,0.7669305123872737
14,SD004,S586,T3,2,418.1,0.7669305123872737
14,SD004,S586,T3,3,418.1,0.7669305123872737
14,SD004,S586,T3,4,418.1,0.7669305123872737
14,SD004,S246,T2,1,140.0,72.85137126260213
14,SD004,S210,T2,1,13.719313411222515,75.69556881056182
14,SD004,S160,T2,1,122.0,71.522723321158
14,SD004,S113,T2,1,205.0,70.65567907960376
14,SD004,S062,T2,1,174.0,72.25863467552259
14,SD004,S364,T2,1,103.0,70.6653440104886
14,SD004,S662,T2,1,506.0,3.084617507958989
14,SD004,S662,T2,2,404.8,3.084617507958989
14,SD004,S662,T3,1,1518.0,3.084617507958989
14,SD004,S662,T3,2,587.5000000000001,3.084617507958989
14,SD004,S583,T2,1,124.0,1.3098200579051456
14,SD004,S583,T2,2,99.2,1.3098200579051456
14,SD004,S583,T2,3,99.2,1.3098200579051456
14,SD004,S583,T2,4,99.2,1.3098200579051456
14,SD004,S583,T3,1,372.0,1.3098200579051456
14,SD004,S583,T3,2,229.4,1.3098200579051456
14,SD004,S583,T3,3,229.4,1.3098200579051456
14,SD004,S161,T2,1,160.0,72.07137230984515
14,SD004,S477,T2,1,228.0,1.4997932513210326
14,SD004,S477,T2,2,182.4,1.4997932513210326
14,SD004,S477,T2,3,182.4,1.4997932513210326
14,SD004,S477,T2,4,10.999999999999972,1.4997932513210326
14,SD004,S477,T3,1,684.0,1.4997932513210326
14,SD004,S477,T3,2,421.8,1.4997932513210326
14,SD004,S477,T3,3,319.3499999999998,1.4997932513210326
14,SD004,S228,T2,1,61.0,71.26261505013056
14,SD004,S143,T2,1,123.0,68.86564922230718
14,SD004,S052,T2,1,174.0,69.32726244189244
14,SD004,S241,T2,1,228.0,70.64756141422629
14,SD004,S587,T2,1,149.0,1.6268730303347014
14,SD004,S587,T2,2,119.2,1.6268730303347014
14,SD004,S587,T2,3,119.2,1.6268730303347014
14,SD004,S587,T3,1,447.0,1.6268730303347014
14,SD004,S587,T3,2,275.65,1.6268730303347014
14,SD004,S587,T3,3,275.65,1.6268730303347014
14,SD004,S019,T2,1,174.0,70.3533644531121
14,SD004,S384,T2,1,221.0,69.625557247334
14,SD005,JH_H003,T3,4,5.162500000000001,16.1076975841419
14,SD005,JH_H011,T1,1,10.0,0.534981795654251
14,SD005,JH_H011,T1,2,1.5,0.534981795654251
14,SD005,JH_H011,T1,3,3.125,0.534981795654251
14,SD005,JH_H011,T1,4,3.04375,0.534981795654251
14,SD005,JH_H011,T3,1,30.0,0.534981795654251
14,SD005,JH_H011,T3,2,25.5,0.534981795654251
14,SD005,JH_H011,T3,3,23.75,0.534981795654251
14,SD005,JH_H011,T3,4,23.8375,0.534981795654251
14,SD005,S557,T3,1,307.5230241573911,88.73613476652349
14,SD005,S297,T2,2,89.0,89.61585203432902
14,SD005,S576,T2,1,215.0,64.0609251320312
14,SD005,S625,T3,3,35.25,56.49980031610249
14,SD005,S407,T3,1,20.47697584260891,58.317341859841996
14,SD005,S516,T2,3,35.0,56.60126439380239
14,SD005,S516,T3,2,123.5,56.60126439380239
14,SD005,S587,T2,4,17.0,56.465784070688635
14,SD006,JH_H003,T1,1,378.0,2.76486819460775
14,SD006,JH_H003,T1,2,56.70000000000002,2.76486819460775
14,SD006,JH_H003,T1,3,118.12500000000003,2.76486819460775
14,SD006,JH_H003,T1,4,115.05374999999998,2.76486819460775
14,SD006,JH_H003,T3,1,1134.0,2.76486819460775
14,SD006,JH_H003,T3,2,963.9,2.76486819460775
14,SD006,JH_H003,T3,3,897.25,2.76486819460775
14,SD006,JH_H003,T3,4,388.8125,2.76486819460775
14,SD006,JH_H015,T1,1,50.0,0.645170244514547
14,SD006,JH_H015,T1,2,7.5,0.645170244514547
14,SD006,JH_H015,T1,3,15.625,0.645170244514547
14,SD006,JH_H015,T1,4,15.21875,0.645170244514547
14,SD006,JH_H015,T3,1,150.0,0.645170244514547
14,SD006,JH_H015,T3,2,127.5,0.645170244514547
14,SD006,JH_H015,T3,3,118.75,0.645170244514547
14,SD006,JH_H015,T3,4,119.1875,0.645170244514547
14,SD006,S396,T2,1,114.0,116.31132961803561
14,SD006,S768,T2,1,209.0,114.89442484329975
14,SD006,S768,T2,2,26.375503312631054,114.89442484329975
14,SD006,S557,T2,1,290.0,103.46815823012216
14,SD006,S557,T2,2,232.0,103.46815823012216
14,SD006,S794,T2,1,89.0,97.296247789955
14,SD006,S794,T2,2,120.8,97.296247789955
14,SD006,S794,T3,1,453.0,97.296247789955
14,SD006,S001,T2,2,41.19999999999999,96.66284671481966
14,SD006,S001,T3,1,173.0,96.66284671481966
14,SD006,S297,T2,1,339.0,104.35548660742765
14,SD006,S297,T2,2,28.400000000000034,104.35548660742765
14,SD006,S397,T2,1,174.0,111.32392139945415
14,SD006,S626,T2,3,128.8,71.16072456883458
14,SD006,S626,T2,4,38.39999999999998,71.16072456883458
14,SD006,S576,T2,1,434.0,79.62252650290161
14,SD006,S500,T3,2,471.75,71.66162320310904
14,SD006,S168,T2,1,398.0,124.58934317438383
14,SD006,S625,T2,3,235.2,71.15737565184527
14,SD006,S625,T2,4,265.6,71.15737565184527
14,SD006,S615,T2,2,219.20000000000005,74.81662046982781
14,SD006,S615,T3,1,981.0,74.81662046982781
14,SD006,S016,T2,1,84.0,130.10329748850475
14,SD006,S599,T3,2,201.65,72.54250883551236
14,SD006,S653,T3,2,418.1,71.95860830726068
14,SD006,S359,T2,1,389.0,125.35549684430904
14,SD006,S400,T2,1,71.0,108.7439912209304
14,SD006,S407,T2,2,179.2,72.5520713734699
14,SD006,S407,T3,1,651.5230241573911,72.5520713734699
14,SD006,S167,T2,1,166.0,124.44006894678701
14,SD006,S075,T2,1,188.0,126.66504747975978
14,SD006,S516,T2,3,245.0,71.56667790868094
14,SD006,S516,T3,2,1.0499999999998977,71.56667790868094
14,SD006,S394,T3,1,1290.0,73.83887696334158
14,SD006,S555,T2,2,264.8244966873688,75.10624726451854
14,SD006,S378,T2,1,445.0,120.62760433707786
14,SD006,S600,T3,2,357.05,72.43437422947342
14,SD006,S610,T3,1,46.10109696975701,74.1623787566883
14,SD006,S392,T2,2,412.0,73.86249158942361
14,SD006,S392,T3,1,833.3758788728519,73.86249158942361
14,SD006,S401,T2,1,269.0,124.4263493755748
14,SD006,S611,T3,1,387.0,74.5120557844105
14,SD007,JH_H002,T3,1,1497.0,56.31151722180492
14,SD007,JH_H002,T3,2,0.0040829886002029525,56.31151722180492
14,SD007,JH_H007,T1,1,75.0,4.981102350506281
14,SD007,JH_H007,T1,2,11.25,4.981102350506281
14,SD007,JH_H007,T1,3,23.4375,4.981102350506281
14,SD007,JH_H007,T1,4,22.828125,4.981102350506281
14,SD007,JH_H007,T3,1,225.0,4.981102350506281
14,SD007,JH_H007,T3,2,191.25,4.981102350506281
14,SD007,JH_H007,T3,3,178.125,4.981102350506281
14,SD007,JH_H007,T3,4,143.0,4.981102350506281
14,SD007,S574,T2,1,333.0,55.30035441403435
14,SD007,S574,T2,2,248.2,55.30035441403435
14,SD007,S574,T2,3,172.0,55.30035441403435
14,SD007,S574,T2,4,86.0,55.30035441403435
14,SD007,S574,T3,2,525.7459170113998,55.30035441403435
14,SD007,S574,T3,3,108.875,55.30035441403435
14,SD007,S646,T2,1,195.0,55.980994050691734
14,SD007,S614,T2,1,3.0,56.71053077279719
14,SD007,S051,T2,1,502.0,56.67533855897754
14,SD007,S051,T2,2,181.8,56.67533855897754
14,SD008,JH_H010,T1,1,15.0,2.2723099352135923
14,SD008,JH_H010,T1,2,2.25,2.2723099352135923
14,SD008,JH_H010,T1,3,4.6875,2.2723099352135923
14,SD008,JH_H010,T1,4,4.565625,2.2723099352135923
14,SD008,JH_H010,T3,1,45.0,2.2723099352135923
14,SD008,JH_H010,T3,2,38.25,2.2723099352135923
14,SD008,JH_H010,T3,3,35.625,2.2723099352135923
14,SD008,JH_H010,T3,4,32.0,2.2723099352135923
14,SD008,S794,T2,1,62.0,64.48707868496672
14,SD008,S001,T2,1,174.0,63.758184190697605
14,SD008,S001,T2,2,98.0,63.758184190697605
14,SD008,S001,T3,1,349.0,63.758184190697605
14,SD008,S576,T2,3,39.0,54.01101080067525
14,SD008,S576,T2,4,19.0,54.01101080067525
14,SD008,S576,T3,2,79.65000000000009,54.01101080067525
14,SD008,S576,T3,3,29.375,54.01101080067525
14,SD008,S662,T3,2,46.09999999999991,59.96276202166144
14,SD009,JH_H002,T1,1,503.033698989919,8.677094127999364
14,SD009,JH_H002,T1,2,75.45505484848786,8.677094127999364
14,SD009,JH_H002,T1,3,157.19803093434965,8.677094127999364
14,SD009,JH_H002,T1,4,153.11088213005664,8.677094127999364
14,SD009,JH_H012,T1,1,46.428775955528785,1.4576943447875488
14,SD009,JH_H012,T1,2,6.9643163933293195,1.4576943447875488
14,SD009,JH_H012,T1,3,14.508992486102745,1.4576943447875488
14,SD009,JH_H012,T1,4,14.131758681464074,1.4576943447875488
14,SD009,JH_H012,T3,3,110.26834289438088,1.4576943447875488
14,SD009,JH_H012,T3,4,110.67459468399176,1.4576943447875488
14,SD009,JH_H014,T3,3,60.06807403012439,0.4466966349245021
14,SD009,JH_H014,T3,4,60.28937746076169,0.4466966349245021
14,SD009,S487,T2,1,301.0,1.0348611048750498
14,SD009,S487,T2,3,4.800000000000125,1.0348611048750498
14,SD009,S487,T2,4,240.8,1.0348611048750498
14,SD009,S487,T3,2,157.10391385093772,1.0348611048750498
14,SD009,S487,T3,3,556.85,1.0348611048750498
14,SD009,S487,T3,4,556.85,1.0348611048750498
14,SD009,S626,T2,1,161.0,2.229220505779742
14,SD009,S667,T2,1,115.99993427043353,74.24882990317161
14,SD009,S664,T2,1,265.0,74.14753990492204
14,SD009,S668,T2,1,147.0,74.19812327545543
14,SD009,S669,T2,1,102.0,74.14119184352897
14,SD009,S500,T2,1,255.0,3.511821886553356
14,SD009,S625,T2,1,332.0,2.2142342239044885
14,SD009,S666,T2,1,84.0,74.3049168432821
14,SD009,S665,T2,1,62.0,74.15422970329507
14,SD009,S476,T2,1,442.0,2.397830934450181
14,SD009,S476,T2,2,353.6,2.397830934450181
14,SD009,S476,T2,3,157.99999999999983,2.397830934450181
14,SD009,S476,T3,1,1326.0,2.397830934450181
14,SD009,S476,T3,2,817.7,2.397830934450181
14,SD009,S488,T2,1,887.0,1.4592468756210197
14,SD009,S488,T2,2,623.8244966873688,1.4592468756210197
14,SD009,S488,T2,3,709.6,1.4592468756210197
14,SD009,S488,T2,4,512.2,1.4592468756210197
14,SD009,S488,T3,1,1577.375878872852,1.4592468756210197
14,SD009,S488,T3,2,1640.95,1.4592468756210197
14,SD009,S488,T3,3,1640.95,1.4592468756210197
14,SD009,S488,T3,4,527.1860278552465,1.4592468756210197
14,SD009,S599,T2,1,109.0,4.390423292539299
14,SD009,S599,T2,2,87.2,4.390423292539299
14,SD009,S599,T3,1,327.0,4.390423292539299
14,SD009,S474,T2,1,130.0,2.1392098877866896
14,SD009,S474,T2,2,104.0,2.1392098877866896
14,SD009,S474,T2,3,104.0,2.1392098877866896
14,SD009,S474,T3,1,390.0,2.1392098877866896
14,SD009,S474,T3,2,240.5,2.1392098877866896
14,SD009,S653,T2,1,226.0,3.3728701796297083
14,SD009,S653,T2,2,180.8,3.3728701796297083
14,SD009,S653,T3,1,678.0,3.3728701796297083
14,SD009,S534,T2,1,220.0,6.589952614326456
14,SD009,S534,T2,2,176.0,6.589952614326456
14,SD009,S534,T3,1,660.0,6.589952614326456
14,SD009,S407,T2,1,126.00006572956647,5.206845854037303
14,SD009,S470,T2,1,159.0,3.004424742948205
14,SD009,S470,T2,2,127.2,3.004424742948205
14,SD009,S470,T3,1,477.0,3.004424742948205
14,SD009,S470,T3,2,294.15,3.004424742948205
14,SD009,S468,T2,1,258.0,2.5066937194501957
14,SD009,S468,T2,2,206.4,2.5066937194501957
14,SD009,S468,T3,1,774.0,2.5066937194501957
14,SD009,S468,T3,2,477.3,2.5066937194501957
14,SD009,S475,T2,1,411.0,2.2821384274382996
14,SD009,S475,T2,2,328.8,2.2821384274382996
14,SD009,S475,T2,3,328.8,2.2821384274382996
14,SD009,S475,T3,1,1233.0,2.2821384274382996
14,SD009,S475,T3,2,760.35,2.2821384274382996
14,SD009,S555,T2,2,10.375503312631167,7.247923846154981
14,SD009,S555,T3,1,1032.0,7.247923846154981
14,SD009,S527,T2,1,195.0,2.95674963336408
14,SD009,S527,T2,2,156.0,2.95674963336408
14,SD009,S527,T3,1,585.0,2.95674963336408
14,SD009,S527,T3,2,360.75,2.95674963336408
14,SD009,S652,T2,1,172.0,2.0922070322925164
14,SD009,S652,T2,2,137.6,2.0922070322925164
14,SD009,S652,T2,3,137.6,2.0922070322925164
14,SD009,S652,T3,1,516.0,2.0922070322925164
14,SD009,S652,T3,2,318.20000000000005,2.0922070322925164
14,SD009,S652,T3,3,40.41358307549456,2.0922070322925164
14,SD009,S579,T2,1,185.0,4.964191600894386
14,SD009,S579,T2,2,148.0,4.964191600894386
14,SD009,S579,T3,1,555.0,4.964191600894386
14,SD009,S215,T2,1,154.0,71.92575610993201
14,SD009,S214,T2,1,243.0,71.93457132383558
14,SD009,S515,T2,1,79.0,2.325791786803242
14,SD009,S515,T2,2,63.2,2.325791786803242
14,SD009,S515,T2,3,63.2,2.325791786803242
14,SD009,S515,T3,1,237.0,2.325791786803242
14,SD009,S515,T3,2,146.15,2.325791786803242
14,SD009,S600,T2,1,193.0,4.0691848180766375
14,SD009,S600,T2,2,154.4,4.0691848180766375
14,SD009,S600,T3,1,579.0,4.0691848180766375
14,SD009,S492,T2,1,479.0,4.001671156251342
14,SD009,S492,T2,2,383.2,4.001671156251342
14,SD009,S492,T3,1,1437.0,4.001671156251342
14,SD009,S492,T3,2,279.5960861490622,4.001671156251342
14,SD009,S609,T2,1,112.0,3.6639555424998242
14,SD009,S609,T2,2,89.6,3.6639555424998242
14,SD009,S609,T3,1,336.0,3.6639555424998242
14,SD009,S609,T3,2,207.20000000000002,3.6639555424998242
14,SD009,S200,T2,1,271.0,73.65436445014127
14,SD009,S481,T2,1,193.0,4.440707825216017
14,SD009,S481,T2,2,154.4,4.440707825216017
14,SD009,S481,T3,1,579.0,4.440707825216017
14,SD009,S198,T2,1,404.0,73.91564805878362
14,SD009,S392,T3,1,711.6241211271481,6.347810373558756
14,SD009,S477,T3,3,102.45000000000022,1.76324660679698
14,SD009,S208,T2,1,984.0,74.47351473038695
14,SD009,S519,T2,1,40.0,4.79292685895804
14,SD009,S519,T2,2,32.0,4.79292685895804
14,SD009,S519,T3,1,120.0,4.79292685895804
14,SD009,S467,T2,1,93.0,3.667708178553188
14,SD009,S467,T2,2,74.4,3.667708178553188
14,SD009,S467,T3,1,279.0,3.667708178553188
14,SD009,S467,T3,2,172.05,3.667708178553188
14,SD009,S473,T2,1,220.0,2.681359796816352
14,SD009,S473,T2,2,176.0,2.681359796816352
14,SD009,S473,T3,1,660.0,2.681359796816352
14,SD009,S473,T3,2,407.0,2.681359796816352
14,SD009,S213,T2,1,231.0,73.36584974859413
14,SD010,S297,T3,1,531.0,31.586553026458354
14,SD010,S397,T2,2,95.99999999999996,35.20038533900973
14,SD010,S576,T2,2,519.2,1.5750823381651595
14,SD010,S576,T2,3,269.0,1.5750823381651595
14,SD010,S576,T2,4,134.0,1.5750823381651595
14,SD010,S576,T3,1,1947.0,1.5750823381651595
14,SD010,S576,T3,2,1121.0,1.5750823381651595
14,SD010,S576,T3,3,448.0,1.5750823381651595
14,SD010,S576,T3,4,224.0,1.5750823381651595
14,SD010,S168,T2,1,22.0,45.324816709689756
14,SD010,S358,T2,1,143.0,46.243163600968444
14,SD010,S400,T2,2,56.8,30.88149425726887
14,SD010,S400,T3,1,213.0,30.88149425726887
14,SD010,S189,T2,1,489.0,47.41832340610207
14,SD010,S362,T2,1,263.0,47.5495234419959
14,SD010,S445,T2,1,63.0,45.74269378818629
14,SD010,S228,T2,1,124.0,48.49320100176073
14,SD010,S186,T2,1,141.0,47.641797465459895
14,SD010,S227,T2,1,203.0,48.11112261882882
14,SD010,S249,T2,1,166.0,47.043849618933315
14,SD011,JH_H001,T2,2,436.40000000000003,18.95427518527753
14,SD011,JH_H001,T2,3,233.0,18.95427518527753
14,SD011,JH_H001,T2,4,116.0,18.95427518527753
14,SD011,JH_H001,T3,1,2002.0,18.95427518527753
14,SD011,JH_H001,T3,2,690.5,18.95427518527753
14,SD011,JH_H001,T3,3,126.75,18.95427518527753
14,SD011,JH_H006,T1,1,110.0,1.7150550139812313
14,SD011,JH_H006,T1,2,16.5,1.7150550139812313
14,SD011,JH_H006,T1,3,34.375,1.7150550139812313
14,SD011,JH_H006,T1,4,33.48125000000001,1.7150550139812313
14,SD011,JH_H006,T3,1,330.0,1.7150550139812313
14,SD011,JH_H006,T3,2,280.5,1.7150550139812313
14,SD011,JH_H006,T3,3,261.25,1.7150550139812313
14,SD011,JH_H006,T3,4,194.0,1.7150550139812313
14,SD011,S194,T2,1,51.0,58.789887838120585
14,SD011,S147,T2,1,205.0,59.19408142618804
14,SD011,S301,T2,2,119.2,55.488079295934206
14,SD011,S466,T2,1,77.0,60.51237603557645
14,SD011,S195,T2,1,440.0,59.87923315898765
14,SD011,S213,T2,1,321.0,59.60990702766551
14,SD011,S212,T2,1,272.0,59.52946138505003
14,SD011,S429,T2,1,33.0,54.92619755416661
14,SD011,S429,T2,2,26.4,54.92619755416661
15,SD001,JH_H003,T3,3,123.7499981518414,21.731599722578093
15,SD001,JH_H004,T1,1,149.99994719546874,1.854989649044953
15,SD001,JH_H004,T1,2,22.500034322945282,1.854989649044953
15,SD001,JH_H004,T1,3,46.87499828385279,1.854989649044953
15,SD001,JH_H004,T1,4,45.65625008580736,1.854989649044953
15,SD001,JH_H004,T2,1,5.2804531350147954e-05,1.854989649044953
15,SD001,JH_H004,T3,1,450.0,1.854989649044953
15,SD001,JH_H004,T3,2,382.49996303682804,1.854989649044953
15,SD001,JH_H004,T3,3,356.2500018481586,1.854989649044953
15,SD001,JH_H004,T3,4,240.0,1.854989649044953
15,SD001,S574,T3,1,315.21110124724146,71.89671568387841
15,SD001,S500,T2,3,204.0,71.51481572097616
15,SD001,S500,T2,4,144.0,71.51481572097616
15,SD001,S500,T3,2,125.64999999999998,71.51481572097616
15,SD001,S615,T2,1,222.96955876826883,73.12604490789893
15,SD001,S615,T2,2,89.19999999999999,73.12604490789893
15,SD001,S653,T3,2,279.4500369631719,71.80138022276273
15,SD001,S407,T2,3,84.0,71.68431985910988
15,SD001,S407,T3,2,414.40000000000003,71.68431985910988
15,SD001,S646,T2,2,69.39999999999998,72.49823348913633
15,SD001,S646,T3,1,585.0,72.49823348913633
15,SD001,S394,T2,1,430.0,72.1259364557284
15,SD001,S394,T2,2,344.0,72.1259364557284
15,SD001,S394,T3,1,1101.7888987527585,72.1259364557284
15,SD001,S555,T2,1,289.0303884271998,73.51759159230284
15,SD001,S610,T2,1,144.0,72.37845192158939
15,SD001,S610,T2,2,115.2,72.37845192158939
15,SD001,S610,T3,1,432.0,72.37845192158939
15,SD001,S392,T2,1,515.0,72.55168514508541
15,SD001,S611,T2,1,129.0,72.80787198790621
15,SD001,S611,T2,2,103.2,72.80787198790621
15,SD002,JH_H002,T3,1,617.0,41.51640976921575
15,SD002,JH_H002,T3,2,194.35000000000002,41.51640976921575
15,SD002,JH_H008,T1,1,30.0,1.0827923580272938
15,SD002,JH_H008,T1,2,4.5,1.0827923580272938
15,SD002,JH_H008,T1,3,9.375,1.0827923580272938
15,SD002,JH_H008,T1,4,9.13125,1.0827923580272938
15,SD002,JH_H008,T3,1,90.0,1.0827923580272938
15,SD002,JH_H008,T3,2,76.5,1.0827923580272938
15,SD002,JH_H008,T3,3,71.25,1.0827923580272938
15,SD002,JH_H008,T3,4,68.0,1.0827923580272938
15,SD002,S193,T2,1,42.969558768268826,106.68966294930287
15,SD002,S051,T2,1,412.0304412317312,41.72141084148072
15,SD002,S051,T2,2,174.8,41.72141084148072
15,SD002,S051,T2,3,50.8,41.72141084148072
15,SD002,S051,T2,4,9.8,41.72141084148072
15,SD002,S402,T2,1,39.0,26.129154168488203
15,SD002,S402,T2,2,31.2,26.129154168488203
15,SD002,S402,T2,3,31.2,26.129154168488203
15,SD002,S402,T2,4,31.2,26.129154168488203
15,SD002,S402,T3,1,117.0,26.129154168488203
15,SD002,S402,T3,2,72.15,26.129154168488203
15,SD002,S402,T3,3,65.75,26.129154168488203
15,SD003,JH_H001,T2,2,161.0,37.40508264752206
15,SD003,JH_H001,T3,1,617.0,37.40508264752206
15,SD003,JH_H009,T1,1,10.0,0.4313840120055951
15,SD003,JH_H009,T1,2,1.5,0.4313840120055951
15,SD003,JH_H009,T1,3,3.125,0.4313840120055951
15,SD003,JH_H009,T1,4,3.04375,0.4313840120055951
15,SD003,JH_H009,T3,1,30.0,0.4313840120055951
15,SD003,JH_H009,T3,2,25.5,0.4313840120055951
15,SD003,JH_H009,T3,3,23.75,0.4313840120055951
15,SD003,JH_H009,T3,4,23.8375,0.4313840120055951
15,SD003,JH_H010,T3,4,9.75625,28.49230688861869
15,SD003,S576,T2,3,64.0,28.692801988341532
15,SD003,S576,T2,4,32.0,28.692801988341532
15,SD003,S576,T3,2,185.9000000000001,28.692801988341532
15,SD003,S576,T3,3,83.25,28.692801988341532
15,SD003,S576,T3,4,19.40625,28.692801988341532
15,SD003,S356,T2,1,159.0,73.45952101268428
15,SD003,S378,T2,1,229.0,69.54504685635165
15,SD003,S662,T3,2,57.59999999999991,34.41204287813438
15,SD004,JH_H001,T2,1,960.0303884272,10.699808563193097
15,SD004,JH_H012,T3,1,146.59830873106424,1.593785827447224
15,SD004,JH_H012,T3,2,124.6085624214046,1.593785827447224
15,SD004,JH_H013,T1,1,30.80387128131632,2.6842115905313224
15,SD004,JH_H013,T1,2,4.62058069219745,2.6842115905313224
15,SD004,JH_H013,T1,3,9.62620977541135,2.6842115905313224
15,SD004,JH_H013,T1,4,9.375928321250653,2.6842115905313224
15,SD004,JH_H013,T3,1,92.41161384394896,2.6842115905313224
15,SD004,JH_H013,T3,2,78.54987176735662,2.6842115905313224
15,SD004,JH_H014,T1,1,27.933339337247503,0.32354661842920146
15,SD004,JH_H014,T1,2,4.190000900587126,0.32354661842920146
15,SD004,JH_H014,T1,3,8.729168542889843,0.32354661842920146
15,SD004,JH_H014,T1,4,8.50221016077471,0.32354661842920146
15,SD004,JH_H014,T3,1,83.80001801174251,0.32354661842920146
15,SD004,JH_H014,T3,2,71.23001530998113,0.32354661842920146
15,SD004,JH_H014,T3,3,66.34168092596282,0.32354661842920146
15,SD004,S487,T2,2,240.8,1.2507354917512443
15,SD004,S487,T3,1,903.0,1.2507354917512443
15,SD004,S487,T3,2,213.99999999999966,1.2507354917512443
15,SD004,S626,T2,2,128.8,2.1097408109848033
15,SD004,S626,T3,1,483.0,2.1097408109848033
15,SD004,S626,T3,2,297.85,2.1097408109848033
15,SD004,S625,T2,2,265.6,2.077856378373978
15,SD004,S625,T2,3,66.39999999999995,2.077856378373978
15,SD004,S625,T3,1,996.0,2.077856378373978
15,SD004,S625,T3,2,614.2,2.077856378373978
15,SD004,S488,T2,2,195.3999999999998,1.8413665454132206
15,SD004,S488,T3,1,959.190059413244,1.8413665454132206
15,SD004,S387,T2,1,65.0,70.733000100257
15,SD004,S585,T2,1,173.0,1.0153546860217733
15,SD004,S585,T2,2,138.4,1.0153546860217733
15,SD004,S585,T2,3,138.4,1.0153546860217733
15,SD004,S585,T2,4,138.4,1.0153546860217733
15,SD004,S585,T3,1,519.0,1.0153546860217733
15,SD004,S585,T3,2,320.05,1.0153546860217733
15,SD004,S585,T3,3,320.05,1.0153546860217733
15,SD004,S585,T3,4,320.05,1.0153546860217733
15,SD004,S296,T2,1,197.0,72.58409590891421
15,SD004,S189,T2,1,162.0,70.34522776415513
15,SD004,S516,T2,1,350.0,2.8151316973303575
15,SD004,S516,T2,2,280.0,2.8151316973303575
15,SD004,S516,T3,1,1050.0,2.8151316973303575
15,SD004,S386,T2,1,135.0,70.77095449642641
15,SD004,S169,T2,1,346.0,66.86436752992087
15,SD004,S596,T2,1,157.0,1.2472733119337553
15,SD004,S596,T2,2,125.6,1.2472733119337553
15,SD004,S596,T2,3,125.6,1.2472733119337553
15,SD004,S596,T2,4,125.6,1.2472733119337553
15,SD004,S596,T3,1,471.0,1.2472733119337553
15,SD004,S596,T3,2,290.45000000000005,1.2472733119337553
15,SD004,S596,T3,3,290.45000000000005,1.2472733119337553
15,SD004,S596,T3,4,21.849999999999966,1.2472733119337553
15,SD004,S301,T2,1,149.0,66.75326012915696
15,SD004,S586,T2,1,226.0,0.7669305123872737
15,SD004,S586,T2,2,180.8,0.7669305123872737
15,SD004,S586,T2,3,180.8,0.7669305123872737
15,SD004,S586,T2,4,180.8,0.7669305123872737
15,SD004,S586,T3,1,678.0,0.7669305123872737
15,SD004,S586,T3,2,418.1,0.7669305123872737
15,SD004,S586,T3,3,418.1,0.7669305123872737
15,SD004,S586,T3,4,418.1,0.7669305123872737
15,SD004,S246,T2,1,140.0,72.85137126260213
15,SD004,S362,T2,1,263.0,70.42724553478037
15,SD004,S160,T2,1,122.0,71.522723321158
15,SD004,S062,T2,1,174.0,72.25863467552259
15,SD004,S364,T2,1,103.0,70.6653440104886
15,SD004,S662,T2,1,506.0,3.084617507958989
15,SD004,S662,T2,2,324.8,3.084617507958989
15,SD004,S662,T3,1,1240.0,3.084617507958989
15,SD004,S662,T3,2,446.1115505012576,3.084617507958989
15,SD004,S583,T2,1,124.0,1.3098200579051456
15,SD004,S583,T2,2,99.2,1.3098200579051456
15,SD004,S583,T2,3,99.2,1.3098200579051456
15,SD004,S583,T2,4,11.200000000000017,1.3098200579051456
15,SD004,S583,T3,1,372.0,1.3098200579051456
15,SD004,S583,T3,2,229.4,1.3098200579051456
15,SD004,S583,T3,3,229.4,1.3098200579051456
15,SD004,S161,T2,1,160.0,72.07137230984515
15,SD004,S477,T2,1,228.0,1.4997932513210326
15,SD004,S477,T2,2,182.4,1.4997932513210326
15,SD004,S477,T2,3,182.4,1.4997932513210326
15,SD004,S477,T3,1,684.0,1.4997932513210326
15,SD004,S477,T3,2,421.8,1.4997932513210326
15,SD004,S477,T3,3,195.65831907403697,1.4997932513210326
15,SD004,S228,T2,1,185.0,71.26261505013056
15,SD004,S052,T2,1,60.969611572800204,69.32726244189244
15,SD004,S587,T2,1,149.0,1.6268730303347014
15,SD004,S587,T2,2,119.2,1.6268730303347014
15,SD004,S587,T2,3,119.2,1.6268730303347014
15,SD004,S587,T3,1,447.0,1.6268730303347014
15,SD004,S587,T3,2,275.65,1.6268730303347014
15,SD004,S019,T2,1,174.0,70.3533644531121
15,SD004,S249,T2,1,166.0,69.9189824220068
15,SD005,JH_H003,T3,3,25.25,16.1076975841419
15,SD005,JH_H003,T3,4,0.16250000000000142,16.1076975841419
15,SD005,JH_H011,T1,1,10.0,0.534981795654251
15,SD005,JH_H011,T1,2,1.5,0.534981795654251
15,SD005,JH_H011,T1,3,3.125,0.534981795654251
15,SD005,JH_H011,T1,4,3.04375,0.534981795654251
15,SD005,JH_H011,T3,1,30.0,0.534981795654251
15,SD005,JH_H011,T3,2,25.5,0.534981795654251
15,SD005,JH_H011,T3,3,23.75,0.534981795654251
15,SD005,JH_H011,T3,4,23.8375,0.534981795654251
15,SD005,S576,T2,1,176.0,64.0609251320312
15,SD005,S500,T3,1,264.0,57.23060275413017
15,SD005,S653,T2,2,73.0,57.52417161065788
15,SD005,S516,T2,3,29.0,56.60126439380239
15,SD005,S662,T3,2,96.5,56.95075227594894
15,SD005,S587,T2,4,14.0,56.465784070688635
15,SD006,JH_H003,T1,1,378.0,2.76486819460775
15,SD006,JH_H003,T1,2,56.70000000000002,2.76486819460775
15,SD006,JH_H003,T1,3,118.12500000000003,2.76486819460775
15,SD006,JH_H003,T1,4,115.05374999999998,2.76486819460775
15,SD006,JH_H003,T3,1,1134.0,2.76486819460775
15,SD006,JH_H003,T3,2,963.9,2.76486819460775
15,SD006,JH_H003,T3,3,715.25,2.76486819460775
15,SD006,JH_H003,T3,4,297.8125,2.76486819460775
15,SD006,JH_H015,T1,1,50.0,0.645170244514547
15,SD006,JH_H015,T1,2,7.5,0.645170244514547
15,SD006,JH_H015,T1,3,15.625,0.645170244514547
15,SD006,JH_H015,T1,4,15.21875,0.645170244514547
15,SD006,JH_H015,T3,1,150.0,0.645170244514547
15,SD006,JH_H015,T3,2,127.5,0.645170244514547
15,SD006,JH_H015,T3,3,118.75,0.645170244514547
15,SD006,JH_H015,T3,4,119.1875,0.645170244514547
15,SD006,S396,T2,1,114.0,116.31132961803561
15,SD006,S768,T2,1,209.0,114.89442484329975
15,SD006,S557,T2,1,290.0,103.46815823012216
15,SD006,S794,T2,1,131.0,97.296247789955
15,SD006,S297,T2,1,339.0,104.35548660742765
15,SD006,S397,T2,1,174.0,111.32392139945415
15,SD006,S626,T2,3,128.8,71.16072456883458
15,SD006,S576,T2,1,473.0,79.62252650290161
15,SD006,S500,T2,2,204.0,71.66162320310904
15,SD006,S500,T3,1,501.0,71.66162320310904
15,SD006,S500,T3,2,346.1,71.66162320310904
15,SD006,S625,T2,3,199.20000000000007,71.15737565184527
15,SD006,S625,T2,4,250.0,71.15737565184527
15,SD006,S615,T2,2,147.7999999999997,74.81662046982781
15,SD006,S599,T2,2,87.2,72.54250883551236
15,SD006,S599,T3,1,327.0,72.54250883551236
15,SD006,S653,T2,2,66.40000000000026,71.95860830726068
15,SD006,S359,T2,1,389.0,125.35549684430904
15,SD006,S400,T2,1,71.0,108.7439912209304
15,SD006,S407,T2,2,179.2,72.5520713734699
15,SD006,S407,T3,1,672.0,72.5520713734699
15,SD006,S167,T2,1,166.0,124.44006894678701
15,SD006,S075,T2,1,188.0,126.66504747975978
15,SD006,S516,T2,3,171.99999999999991,71.56667790868094
15,SD006,S516,T3,2,647.5,71.56667790868094
15,SD006,S394,T3,1,188.21110124724152,73.83887696334158
15,SD006,S378,T2,1,216.0,120.62760433707786
15,SD006,S600,T2,2,154.4,72.43437422947342
15,SD006,S600,T3,1,99.80994058675606,72.43437422947342
15,SD006,S392,T2,2,412.0,73.86249158942361
15,SD006,S392,T3,1,1545.0,73.86249158942361
15,SD006,S401,T2,1,242.0,124.4263493755748
15,SD006,S611,T3,1,386.9789581660024,74.5120557844105
15,SD007,JH_H002,T3,1,504.21110124724146,56.31151722180492
15,SD007,JH_H007,T1,1,75.0,4.981102350506281
15,SD007,JH_H007,T1,2,11.25,4.981102350506281
15,SD007,JH_H007,T1,3,23.4375,4.981102350506281
15,SD007,JH_H007,T1,4,22.828125,4.981102350506281
15,SD007,JH_H007,T3,1,225.0,4.981102350506281
15,SD007,JH_H007,T3,2,191.25,4.981102350506281
15,SD007,JH_H007,T3,3,178.125,4.981102350506281
15,SD007,JH_H007,T3,4,117.0,4.981102350506281
15,SD007,S574,T2,1,333.0,55.30035441403435
15,SD007,S574,T2,2,266.4,55.30035441403435
15,SD007,S574,T2,3,141.0,55.30035441403435
15,SD007,S574,T2,4,70.0,55.30035441403435
15,SD007,S574,T3,1,683.7888987527585,55.30035441403435
15,SD007,S574,T3,2,396.75,55.30035441403435
15,SD007,S574,T3,3,56.875,55.30035441403435
15,SD007,S615,T2,1,104.03044123173117,56.83741643732918
15,SD007,S646,T2,1,195.0,55.980994050691734
15,SD007,S646,T2,2,86.60000000000002,55.980994050691734
15,SD007,S614,T2,1,125.0,56.71053077279719
15,SD007,S051,T2,1,89.96955876826883,56.67533855897754
15,SD008,JH_H003,T3,3,17.375,36.223692885411175
15,SD008,JH_H010,T1,1,15.0,2.2723099352135923
15,SD008,JH_H010,T1,2,2.25,2.2723099352135923
15,SD008,JH_H010,T1,3,4.6875,2.2723099352135923
15,SD008,JH_H010,T1,4,4.565625,2.2723099352135923
15,SD008,JH_H010,T3,1,45.0,2.2723099352135923
15,SD008,JH_H010,T3,2,38.25,2.2723099352135923
15,SD008,JH_H010,T3,3,35.625,2.2723099352135923
15,SD008,JH_H010,T3,4,26.0,2.2723099352135923
15,SD008,S794,T2,1,20.0,64.48707868496672
15,SD008,S001,T2,1,174.0,63.758184190697605
15,SD008,S576,T2,3,32.0,54.01101080067525
15,SD008,S576,T2,4,15.0,54.01101080067525
15,SD008,S576,T3,2,95.75,54.01101080067525
15,SD008,S662,T2,2,80.0,59.96276202166144
15,SD008,S662,T3,1,278.0,59.96276202166144
15,SD009,JH_H002,T1,1,520.4483830587388,8.677094127999364
15,SD009,JH_H002,T1,2,78.06725745881084,8.677094127999364
15,SD009,JH_H002,T1,3,162.6401197058559,8.677094127999364
15,SD009,JH_H002,T1,4,158.4114765935036,8.677094127999364
15,SD009,JH_H012,T1,1,48.86610291035475,1.4576943447875488
15,SD009,JH_H012,T1,2,7.329915436553211,1.4576943447875488
15,SD009,JH_H012,T1,3,15.27065715948586,1.4576943447875488
15,SD009,JH_H012,T1,4,14.873620073339225,1.4576943447875488
15,SD009,JH_H012,T3,3,116.05699441209252,1.4576943447875488
15,SD009,JH_H012,T3,4,116.48457281255813,1.4576943447875488
15,SD009,JH_H014,T3,4,66.58609764516373,0.4466966349245021
15,SD009,S487,T2,1,301.0,1.0348611048750498
15,SD009,S487,T2,3,240.8,1.0348611048750498
15,SD009,S487,T2,4,240.8,1.0348611048750498
15,SD009,S487,T3,2,342.85000000000036,1.0348611048750498
15,SD009,S487,T3,3,556.85,1.0348611048750498
15,SD009,S487,T3,4,556.85,1.0348611048750498
15,SD009,S626,T2,1,161.0,2.229220505779742
15,SD009,S500,T2,1,255.0,3.511821886553356
15,SD009,S625,T2,1,332.0,2.2142342239044885
15,SD009,S476,T2,1,442.0,2.397830934450181
15,SD009,S476,T2,2,353.6,2.397830934450181
15,SD009,S476,T3,1,1326.0,2.397830934450181
15,SD009,S476,T3,2,817.7,2.397830934450181
15,SD009,S488,T2,1,887.0,1.4592468756210197
15,SD009,S488,T2,2,514.2000000000003,1.4592468756210197
15,SD009,S488,T2,3,709.6,1.4592468756210197
15,SD009,S488,T2,4,377.2,1.4592468756210197
15,SD009,S488,T3,1,1701.809940586756,1.4592468756210197
15,SD009,S488,T3,2,1640.95,1.4592468756210197
15,SD009,S488,T3,3,1387.0930055879076,1.4592468756210197
15,SD009,S488,T3,4,290.0793295422782,1.4592468756210197
15,SD009,S599,T2,1,109.0,4.390423292539299
15,SD009,S474,T2,1,130.0,2.1392098877866896
15,SD009,S474,T2,2,104.0,2.1392098877866896
15,SD009,S474,T2,3,104.0,2.1392098877866896
15,SD009,S474,T3,1,390.0,2.1392098877866896
15,SD009,S474,T3,2,240.5,2.1392098877866896
15,SD009,S653,T2,1,226.0,3.3728701796297083
15,SD009,S653,T2,2,41.39999999999975,3.3728701796297083
15,SD009,S653,T3,1,678.0,3.3728701796297083
15,SD009,S534,T2,1,220.0,6.589952614326456
15,SD009,S407,T2,1,224.0,5.206845854037303
15,SD009,S470,T2,1,159.0,3.004424742948205
15,SD009,S470,T2,2,127.2,3.004424742948205
15,SD009,S470,T3,1,477.0,3.004424742948205
15,SD009,S468,T2,1,258.0,2.5066937194501957
15,SD009,S468,T2,2,206.4,2.5066937194501957
15,SD009,S468,T3,1,774.0,2.5066937194501957
15,SD009,S468,T3,2,477.3,2.5066937194501957
15,SD009,S475,T2,1,411.0,2.2821384274382996
15,SD009,S475,T2,2,328.8,2.2821384274382996
15,SD009,S475,T2,3,44.00000000000003,2.2821384274382996
15,SD009,S475,T3,1,1233.0,2.2821384274382996
15,SD009,S475,T3,2,760.35,2.2821384274382996
15,SD009,S555,T2,1,54.969611572800204,7.247923846154981
15,SD009,S527,T2,1,195.0,2.95674963336408
15,SD009,S527,T2,2,156.0,2.95674963336408
15,SD009,S527,T3,1,585.0,2.95674963336408
15,SD009,S652,T2,1,172.0,2.0922070322925164
15,SD009,S652,T2,2,137.6,2.0922070322925164
15,SD009,S652,T2,3,137.6,2.0922070322925164
15,SD009,S652,T3,1,516.0,2.0922070322925164
15,SD009,S652,T3,2,318.20000000000005,2.0922070322925164
15,SD009,S579,T2,1,185.0,4.964191600894386
15,SD009,S579,T2,2,148.0,4.964191600894386
15,SD009,S579,T3,1,555.0,4.964191600894386
15,SD009,S215,T2,1,154.0,71.92575610993201
15,SD009,S214,T2,1,243.0,71.93457132383558
15,SD009,S515,T2,1,79.0,2.325791786803242
15,SD009,S515,T2,2,63.2,2.325791786803242
15,SD009,S515,T3,1,237.0,2.325791786803242
15,SD009,S515,T3,2,146.15,2.325791786803242
15,SD009,S600,T2,1,193.0,4.0691848180766375
15,SD009,S600,T3,1,479.19005941324394,4.0691848180766375
15,SD009,S113,T2,1,205.0,70.83450494490985
15,SD009,S492,T2,1,479.0,4.001671156251342
15,SD009,S492,T2,2,383.2,4.001671156251342
15,SD009,S492,T3,1,1437.0,4.001671156251342
15,SD009,S609,T2,1,112.0,3.6639555424998242
15,SD009,S609,T2,2,89.6,3.6639555424998242
15,SD009,S609,T3,1,336.0,3.6639555424998242
15,SD009,S481,T2,1,193.0,4.440707825216017
15,SD009,S481,T2,2,154.4,4.440707825216017
15,SD009,S481,T3,1,579.0,4.440707825216017
15,SD009,S143,T2,1,123.0,69.04589152355453
15,SD009,S052,T2,1,113.0303884271998,69.51307207558743
15,SD009,S519,T2,1,40.0,4.79292685895804
15,SD009,S519,T2,2,32.0,4.79292685895804
15,SD009,S519,T3,1,120.0,4.79292685895804
15,SD009,S241,T2,1,228.0,70.82739897316245
15,SD009,S467,T2,1,93.0,3.667708178553188
15,SD009,S467,T2,2,74.4,3.667708178553188
15,SD009,S467,T3,1,279.0,3.667708178553188
15,SD009,S473,T2,1,220.0,2.681359796816352
15,SD009,S473,T2,2,176.0,2.681359796816352
15,SD009,S473,T3,1,660.0,2.681359796816352
15,SD009,S473,T3,2,407.0,2.681359796816352
15,SD009,S384,T2,1,221.0,69.80530147033465
15,SD010,JH_H001,T2,2,31.799999999999955,25.229261577539656
15,SD010,JH_H001,T3,1,260.0,25.229261577539656
15,SD010,S576,T2,2,519.2,1.5750823381651595
15,SD010,S576,T2,3,220.0,1.5750823381651595
15,SD010,S576,T2,4,110.0,1.5750823381651595
15,SD010,S576,T3,1,1947.0,1.5750823381651595
15,SD010,S576,T3,2,919.0,1.5750823381651595
15,SD010,S576,T3,3,367.0,1.5750823381651595
15,SD010,S576,T3,4,183.0,1.5750823381651595
15,SD010,S168,T2,1,420.0,45.324816709689756
15,SD010,S358,T2,1,143.0,46.243163600968444
15,SD010,S189,T2,1,327.0,47.41832340610207
15,SD010,S445,T2,1,63.0,45.74269378818629
15,SD010,S186,T2,1,141.0,47.641797465459895
15,SD010,S227,T2,1,203.0,48.11112261882882
15,SD010,S401,T2,1,27.0,45.16267111899092
15,SD011,JH_H001,T2,2,478.0,18.95427518527753
15,SD011,JH_H001,T2,3,191.0,18.95427518527753
15,SD011,JH_H001,T2,4,95.0,18.95427518527753
15,SD011,JH_H001,T3,1,1583.0,18.95427518527753
15,SD011,JH_H001,T3,2,516.5,18.95427518527753
15,SD011,JH_H001,T3,3,56.75,18.95427518527753
15,SD011,JH_H006,T1,1,110.0,1.7150550139812313
15,SD011,JH_H006,T1,2,16.5,1.7150550139812313
15,SD011,JH_H006,T1,3,34.375,1.7150550139812313
15,SD011,JH_H006,T1,4,33.48125000000001,1.7150550139812313
15,SD011,JH_H006,T3,1,330.0,1.7150550139812313
15,SD011,JH_H006,T3,2,280.5,1.7150550139812313
15,SD011,JH_H006,T3,3,261.25,1.7150550139812313
15,SD011,JH_H006,T3,4,159.0,1.7150550139812313
15,SD011,S194,T2,1,442.0,58.789887838120585
15,SD011,S147,T2,1,205.0,59.19408142618804
15,SD011,S193,T2,1,129.03044123173117,57.98767356151768
15,SD011,S213,T2,1,65.96955876826883,59.60990702766551
15,SD011,S212,T2,1,272.0,59.52946138505003
15,SD011,S429,T2,1,33.0,54.92619755416661
16,SD001,JH_H004,T1,1,150.0,1.854989649044953
16,SD001,JH_H004,T1,2,22.499967986481238,1.854989649044953
16,SD001,JH_H004,T1,3,46.875020808787156,1.854989649044953
16,SD001,JH_H004,T1,4,45.6562489595608,1.854989649044953
16,SD001,JH_H004,T2,2,3.2013518847406885e-05,1.854989649044953
16,SD001,JH_H004,T3,1,450.0,1.854989649044953
16,SD001,JH_H004,T3,2,382.5,1.854989649044953
16,SD001,JH_H004,T3,3,322.0,1.854989649044953
16,SD001,JH_H004,T3,4,161.0,1.854989649044953
16,SD001,S574,T2,2,29.399999999999977,71.89671568387841
16,SD001,S500,T2,3,193.0,71.51481572097616
16,SD001,S500,T2,4,96.0,71.51481572097616
16,SD001,S500,T3,1,137.0,71.51481572097616
16,SD001,S500,T3,2,424.5,71.51481572097616
16,SD001,S615,T2,1,166.0,73.12604490789893
16,SD001,S599,T2,2,87.2,71.95026822121885
16,SD001,S653,T2,2,119.80000000000024,71.80138022276273
16,SD001,S653,T3,1,678.0,71.80138022276273
16,SD001,S407,T2,2,179.2,71.68431985910988
16,SD001,S407,T3,1,672.0,71.68431985910988
16,SD001,S646,T2,1,168.0,72.49823348913633
16,SD001,S394,T2,1,430.0,72.1259364557284
16,SD001,S600,T2,2,68.39996798648096,71.96267982291167
16,SD001,S610,T2,1,144.0,72.37845192158939
16,SD001,S614,T2,1,125.0,73.21476069856318
16,SD001,S611,T2,1,129.0,72.80787198790621
16,SD002,JH_H002,T3,1,346.0,41.51640976921575
16,SD002,JH_H002,T3,2,81.35,41.51640976921575
16,SD002,JH_H008,T1,1,30.0,1.0827923580272938
16,SD002,JH_H008,T1,2,4.5,1.0827923580272938
16,SD002,JH_H008,T1,3,9.375,1.0827923580272938
16,SD002,JH_H008,T1,4,9.13125,1.0827923580272938
16,SD002,JH_H008,T3,1,90.0,1.0827923580272938
16,SD002,JH_H008,T3,2,76.5,1.0827923580272938
16,SD002,JH_H008,T3,3,71.25,1.0827923580272938
16,SD002,JH_H008,T3,4,46.0,1.0827923580272938
16,SD002,S051,T2,1,293.0,41.72141084148072
16,SD002,S051,T2,2,106.8,41.72141084148072
16,SD002,S051,T2,3,23.8,41.72141084148072
16,SD002,S402,T2,1,39.0,26.129154168488203
16,SD002,S402,T2,2,31.2,26.129154168488203
16,SD002,S402,T2,3,31.2,26.129154168488203
16,SD002,S402,T2,4,27.0,26.129154168488203
16,SD002,S402,T3,1,117.0,26.129154168488203
16,SD002,S402,T3,2,72.15,26.129154168488203
16,SD002,S402,T3,3,20.75,26.129154168488203
16,SD003,JH_H009,T1,1,10.0,0.4313840120055951
16,SD003,JH_H009,T1,2,1.5,0.4313840120055951
16,SD003,JH_H009,T1,3,3.125,0.4313840120055951
16,SD003,JH_H009,T1,4,3.04375,0.4313840120055951
16,SD003,JH_H009,T3,1,30.0,0.4313840120055951
16,SD003,JH_H009,T3,2,25.5,0.4313840120055951
16,SD003,JH_H009,T3,3,23.75,0.4313840120055951
16,SD003,JH_H009,T3,4,23.8375,0.4313840120055951
16,SD003,JH_H010,T3,4,12.162500000000001,28.49230688861869
16,SD003,S297,T2,1,256.0,54.366047784019706
16,SD003,S397,T2,1,5.0,60.66543092481636
16,SD003,S576,T2,2,95.20000000000005,28.692801988341532
16,SD003,S576,T2,3,43.0,28.692801988341532
16,SD003,S576,T2,4,21.0,28.692801988341532
16,SD003,S576,T3,1,293.0,28.692801988341532
16,SD003,S576,T3,2,155.5,28.692801988341532
16,SD003,S576,T3,3,48.25,28.692801988341532
16,SD003,S662,T2,2,12.799999999999955,34.41204287813438
16,SD003,S662,T3,1,112.0,34.41204287813438
16,SD004,JH_H001,T2,1,973.160856078889,10.699808563193097
16,SD004,JH_H012,T3,1,157.57114057656872,1.593785827447224
16,SD004,JH_H013,T1,1,33.82490315803379,2.6842115905313224
16,SD004,JH_H013,T1,2,5.073735473705071,2.6842115905313224
16,SD004,JH_H013,T1,3,10.57028223688556,2.6842115905313224
16,SD004,JH_H013,T1,4,10.295454898726536,2.6842115905313224
16,SD004,JH_H013,T3,1,101.47470947410137,2.6842115905313224
16,SD004,JH_H014,T1,1,31.897373293584515,0.32354661842920146
16,SD004,JH_H014,T1,2,4.78460599403768,0.32354661842920146
16,SD004,JH_H014,T1,3,9.967929154245159,0.32354661842920146
16,SD004,JH_H014,T1,4,9.70876299623479,0.32354661842920146
16,SD004,JH_H014,T3,1,95.69211988075355,0.32354661842920146
16,SD004,JH_H014,T3,2,50.60000000000002,0.32354661842920146
16,SD004,S487,T2,1,297.8391439211109,1.2507354917512443
16,SD004,S487,T2,2,240.8,1.2507354917512443
16,SD004,S487,T3,1,396.0,1.2507354917512443
16,SD004,S626,T2,1,161.0,2.1097408109848033
16,SD004,S626,T2,2,128.8,2.1097408109848033
16,SD004,S626,T3,1,483.0,2.1097408109848033
16,SD004,S625,T2,1,332.0,2.077856378373978
16,SD004,S625,T2,2,265.6,2.077856378373978
16,SD004,S625,T3,1,996.0,2.077856378373978
16,SD004,S625,T3,2,546.95,2.077856378373978
16,SD004,S488,T2,2,3.2000000000000455,1.8413665454132206
16,SD004,S585,T2,1,173.0,1.0153546860217733
16,SD004,S585,T2,2,138.4,1.0153546860217733
16,SD004,S585,T2,3,138.4,1.0153546860217733
16,SD004,S585,T2,4,125.19999999999999,1.0153546860217733
16,SD004,S585,T3,1,519.0,1.0153546860217733
16,SD004,S585,T3,2,320.05,1.0153546860217733
16,SD004,S585,T3,3,320.05,1.0153546860217733
16,SD004,S585,T3,4,91.89999999999998,1.0153546860217733
16,SD004,S516,T2,1,350.0,2.8151316973303575
16,SD004,S596,T2,1,157.0,1.2472733119337553
16,SD004,S596,T2,2,125.6,1.2472733119337553
16,SD004,S596,T2,3,125.6,1.2472733119337553
16,SD004,S596,T3,1,471.0,1.2472733119337553
16,SD004,S596,T3,2,290.45000000000005,1.2472733119337553
16,SD004,S596,T3,3,282.85,1.2472733119337553
16,SD004,S586,T2,1,226.0,0.7669305123872737
16,SD004,S586,T2,2,180.8,0.7669305123872737
16,SD004,S586,T2,3,180.8,0.7669305123872737
16,SD004,S586,T2,4,180.8,0.7669305123872737
16,SD004,S586,T3,1,678.0,0.7669305123872737
16,SD004,S586,T3,2,418.1,0.7669305123872737
16,SD004,S586,T3,3,418.1,0.7669305123872737
16,SD004,S586,T3,4,418.1,0.7669305123872737
16,SD004,S662,T2,1,506.0,3.084617507958989
16,SD004,S662,T2,2,47.99999999999986,3.084617507958989
16,SD004,S662,T3,1,728.2620300685767,3.084617507958989
16,SD004,S583,T2,1,124.0,1.3098200579051456
16,SD004,S583,T2,2,99.2,1.3098200579051456
16,SD004,S583,T2,3,99.2,1.3098200579051456
16,SD004,S583,T3,1,372.0,1.3098200579051456
16,SD004,S583,T3,2,229.4,1.3098200579051456
16,SD004,S477,T2,1,228.0,1.4997932513210326
16,SD004,S477,T2,2,182.4,1.4997932513210326
16,SD004,S477,T2,3,67.99999999999997,1.4997932513210326
16,SD004,S477,T3,1,684.0,1.4997932513210326
16,SD004,S477,T3,2,421.8,1.4997932513210326
16,SD004,S587,T2,1,149.0,1.6268730303347014
16,SD004,S587,T2,2,119.2,1.6268730303347014
16,SD004,S587,T3,1,447.0,1.6268730303347014
16,SD004,S587,T3,2,275.65,1.6268730303347014
16,SD005,JH_H003,T3,3,8.25,16.1076975841419
16,SD005,JH_H011,T1,1,10.0,0.534981795654251
16,SD005,JH_H011,T1,2,1.5,0.534981795654251
16,SD005,JH_H011,T1,3,3.125,0.534981795654251
16,SD005,JH_H011,T1,4,3.04375,0.534981795654251
16,SD005,JH_H011,T3,1,30.0,0.534981795654251
16,SD005,JH_H011,T3,2,25.5,0.534981795654251
16,SD005,JH_H011,T3,3,23.75,0.534981795654251
16,SD005,JH_H011,T3,4,16.0,0.534981795654251
16,SD005,S557,T2,1,35.0,88.73613476652349
16,SD005,S297,T2,1,83.0,89.61585203432902
16,SD005,S625,T3,2,56.5,56.49980031610249
16,SD005,S662,T2,2,49.0,56.95075227594894
16,SD005,S662,T3,1,167.0,56.95075227594894
16,SD005,S587,T2,3,19.0,56.465784070688635
16,SD005,S587,T2,4,9.0,56.465784070688635
16,SD006,JH_H003,T1,1,378.0,2.76486819460775
16,SD006,JH_H003,T1,2,56.70000000000002,2.76486819460775
16,SD006,JH_H003,T1,3,118.12500000000003,2.76486819460775
16,SD006,JH_H003,T1,4,115.05374999999998,2.76486819460775
16,SD006,JH_H003,T3,1,1134.0,2.76486819460775
16,SD006,JH_H003,T3,2,963.9,2.76486819460775
16,SD006,JH_H003,T3,3,441.25,2.76486819460775
16,SD006,JH_H003,T3,4,160.8125,2.76486819460775
16,SD006,JH_H015,T1,1,50.0,0.645170244514547
16,SD006,JH_H015,T1,2,7.5,0.645170244514547
16,SD006,JH_H015,T1,3,15.625,0.645170244514547
16,SD006,JH_H015,T1,4,15.21875,0.645170244514547
16,SD006,JH_H015,T3,1,150.0,0.645170244514547
16,SD006,JH_H015,T3,2,127.5,0.645170244514547
16,SD006,JH_H015,T3,3,118.75,0.645170244514547
16,SD006,JH_H015,T3,4,119.1875,0.645170244514547
16,SD006,S396,T2,1,33.83914392111092,116.31132961803561
16,SD006,S768,T2,1,209.0,114.89442484329975
16,SD006,S557,T2,1,255.0,103.46815823012216
16,SD006,S794,T2,1,151.0,97.296247789955
16,SD006,S001,T2,1,44.0,96.66284671481966
16,SD006,S626,T2,3,70.39999999999998,71.16072456883458
16,SD006,S626,T3,2,297.85,71.16072456883458
16,SD006,S500,T2,1,79.16085607888908,71.66162320310904
16,SD006,S500,T2,2,204.0,71.66162320310904
16,SD006,S500,T3,1,628.0,71.66162320310904
16,SD006,S625,T2,3,265.6,71.15737565184527
16,SD006,S625,T2,4,168.0,71.15737565184527
16,SD006,S625,T3,2,10.75,71.15737565184527
16,SD006,S615,T2,1,161.0,74.81662046982781
16,SD006,S653,T2,2,60.99999999999977,71.95860830726068
16,SD006,S407,T2,1,224.0,72.5520713734699
16,SD006,S516,T2,2,280.0,71.56667790868094
16,SD006,S516,T3,1,1050.0,71.56667790868094
16,SD006,S555,T2,1,344.0,75.10624726451854
16,SD006,S662,T2,2,295.0000000000002,71.95011219214574
16,SD006,S662,T3,1,399.0,71.95011219214574
16,SD006,S392,T2,1,515.0,73.86249158942361
16,SD007,JH_H007,T1,1,75.0,4.981102350506281
16,SD007,JH_H007,T1,2,11.25,4.981102350506281
16,SD007,JH_H007,T1,3,23.4375,4.981102350506281
16,SD007,JH_H007,T1,4,22.828125,4.981102350506281
16,SD007,JH_H007,T3,1,225.0,4.981102350506281
16,SD007,JH_H007,T3,2,191.25,4.981102350506281
16,SD007,JH_H007,T3,3,158.0,4.981102350506281
16,SD007,JH_H007,T3,4,79.0,4.981102350506281
16,SD007,S574,T2,1,333.0,55.30035441403435
16,SD007,S574,T2,2,237.0,55.30035441403435
16,SD007,S574,T2,3,94.0,55.30035441403435
16,SD007,S574,T2,4,47.0,55.30035441403435
16,SD007,S574,T3,1,723.0,55.30035441403435
16,SD007,S574,T3,2,203.75,55.30035441403435
16,SD007,S646,T2,1,27.0,55.980994050691734
16,SD007,S051,T2,1,209.0,56.67533855897754
16,SD008,JH_H003,T3,3,0.375,36.223692885411175
16,SD008,JH_H010,T1,1,15.0,2.2723099352135923
16,SD008,JH_H010,T1,2,2.25,2.2723099352135923
16,SD008,JH_H010,T1,3,4.6875,2.2723099352135923
16,SD008,JH_H010,T1,4,4.565625,2.2723099352135923
16,SD008,JH_H010,T3,1,45.0,2.2723099352135923
16,SD008,JH_H010,T3,2,38.25,2.2723099352135923
16,SD008,JH_H010,T3,3,35.625,2.2723099352135923
16,SD008,JH_H010,T3,4,18.0,2.2723099352135923
16,SD008,S001,T2,1,130.0,63.758184190697605
16,SD008,S576,T2,2,54.0,54.01101080067525
16,SD008,S576,T2,3,21.0,54.01101080067525
16,SD008,S576,T2,4,10.0,54.01101080067525
16,SD008,S576,T3,1,172.0,54.01101080067525
16,SD008,S576,T3,2,51.75,54.01101080067525
16,SD009,JH_H002,T1,1,546.5819853576819,8.677094127999364
16,SD009,JH_H002,T1,2,81.98729780365233,8.677094127999364
16,SD009,JH_H002,T1,3,170.8068704242756,8.677094127999364
16,SD009,JH_H002,T1,4,166.3658917932445,8.677094127999364
16,SD009,JH_H012,T1,1,52.52371352552291,1.4576943447875488
16,SD009,JH_H012,T1,2,7.878557028828439,1.4576943447875488
16,SD009,JH_H012,T1,3,16.413660476725912,1.4576943447875488
16,SD009,JH_H012,T1,4,15.986905304331035,1.4576943447875488
16,SD009,JH_H012,T3,2,133.93546949008342,1.4576943447875488
16,SD009,JH_H012,T3,3,124.7438196231169,1.4576943447875488
16,SD009,JH_H012,T3,4,0.014579345314157107,1.4576943447875488
16,SD009,JH_H014,T3,2,30.7383018986405,0.4466966349245021
16,SD009,JH_H014,T3,3,75.75626157226323,0.4466966349245021
16,SD009,JH_H014,T3,4,76.0353635885821,0.4466966349245021
16,SD009,S487,T2,1,3.1608560788890827,1.0348611048750498
16,SD009,S487,T2,3,240.8,1.0348611048750498
16,SD009,S487,T2,4,240.8,1.0348611048750498
16,SD009,S487,T3,1,507.0,1.0348611048750498
16,SD009,S487,T3,2,556.85,1.0348611048750498
16,SD009,S487,T3,3,556.85,1.0348611048750498
16,SD009,S487,T3,4,556.85,1.0348611048750498
16,SD009,S500,T2,1,175.83914392111092,3.511821886553356
16,SD009,S476,T2,1,442.0,2.397830934450181
16,SD009,S476,T2,2,353.6,2.397830934450181
16,SD009,S476,T3,1,1326.0,2.397830934450181
16,SD009,S488,T2,1,887.0,1.4592468756210197
16,SD009,S488,T2,2,706.4,1.4592468756210197
16,SD009,S488,T2,3,589.2,1.4592468756210197
16,SD009,S488,T2,4,160.99999999999997,1.4592468756210197
16,SD009,S488,T3,1,2661.0,1.4592468756210197
16,SD009,S488,T3,2,1640.95,1.4592468756210197
16,SD009,S488,T3,3,626.6499188046198,1.4592468756210197
16,SD009,S599,T2,1,109.0,4.390423292539299
16,SD009,S474,T2,1,130.0,2.1392098877866896
16,SD009,S474,T2,2,104.0,2.1392098877866896
16,SD009,S474,T3,1,390.0,2.1392098877866896
16,SD009,S474,T3,2,240.5,2.1392098877866896
16,SD009,S585,T2,4,13.200000000000017,1.378762806137195
16,SD009,S585,T3,4,59.10005706610372,1.378762806137195
16,SD009,S653,T2,1,226.0,3.3728701796297083
16,SD009,S534,T2,1,220.0,6.589952614326456
16,SD009,S470,T2,1,159.0,3.004424742948205
16,SD009,S468,T2,1,258.0,2.5066937194501957
16,SD009,S468,T2,2,206.4,2.5066937194501957
16,SD009,S468,T3,1,774.0,2.5066937194501957
16,SD009,S475,T2,1,411.0,2.2821384274382996
16,SD009,S475,T2,2,328.8,2.2821384274382996
16,SD009,S475,T3,1,1233.0,2.2821384274382996
16,SD009,S475,T3,2,538.826228611276,2.2821384274382996
16,SD009,S527,T2,1,195.0,2.95674963336408
16,SD009,S652,T2,1,172.0,2.0922070322925164
16,SD009,S652,T2,2,137.6,2.0922070322925164
16,SD009,S652,T3,1,516.0,2.0922070322925164
16,SD009,S652,T3,2,318.20000000000005,2.0922070322925164
16,SD009,S579,T2,1,185.0,4.964191600894386
16,SD009,S515,T2,1,79.0,2.325791786803242
16,SD009,S515,T2,2,63.2,2.325791786803242
16,SD009,S515,T3,1,237.0,2.325791786803242
16,SD009,S600,T2,1,193.0,4.0691848180766375
16,SD009,S492,T2,1,479.0,4.001671156251342
16,SD009,S609,T2,1,112.0,3.6639555424998242
16,SD009,S481,T2,1,193.0,4.440707825216017
16,SD009,S519,T2,1,40.0,4.79292685895804
16,SD009,S467,T2,1,93.0,3.667708178553188
16,SD009,S473,T2,1,220.0,2.681359796816352
16,SD009,S473,T2,2,176.0,2.681359796816352
16,SD009,S473,T3,1,660.0,2.681359796816352
16,SD010,S397,T2,1,169.0,35.20038533900973
16,SD010,S576,T2,1,649.0,1.5750823381651595
16,SD010,S576,T2,2,370.0,1.5750823381651595
16,SD010,S576,T2,3,148.0,1.5750823381651595
16,SD010,S576,T2,4,74.0,1.5750823381651595
16,SD010,S576,T3,1,1482.0,1.5750823381651595
16,SD010,S576,T3,2,617.0,1.5750823381651595
16,SD010,S576,T3,3,247.0,1.5750823381651595
16,SD010,S576,T3,4,123.0,1.5750823381651595
16,SD010,S400,T2,1,71.0,30.88149425726887
16,SD011,JH_H001,T2,2,321.0,18.95427518527753
16,SD011,JH_H001,T2,3,128.0,18.95427518527753
16,SD011,JH_H001,T2,4,64.0,18.95427518527753
16,SD011,JH_H001,T3,1,955.0,18.95427518527753
16,SD011,JH_H001,T3,2,254.5,18.95427518527753
16,SD011,JH_H006,T1,1,110.0,1.7150550139812313
16,SD011,JH_H006,T1,2,16.5,1.7150550139812313
16,SD011,JH_H006,T1,3,34.375,1.7150550139812313
16,SD011,JH_H006,T1,4,33.48125000000001,1.7150550139812313
16,SD011,JH_H006,T3,1,330.0,1.7150550139812313
16,SD011,JH_H006,T3,2,280.5,1.7150550139812313
16,SD011,JH_H006,T3,3,214.0,1.7150550139812313
16,SD011,JH_H006,T3,4,107.0,1.7150550139812313
16,SD011,S169,T2,1,346.0,55.73118816758178
16,SD011,S378,T2,1,120.0,56.247179168309025
16,SD011,S301,T2,1,149.0,55.488079295934206
16,SD011,S143,T2,1,123.0,56.10496885568485
16,SD011,S429,T2,1,33.0,54.92619755416661
17,SD001,JH_H003,T3,3,109.74999821223696,21.731599722578093
17,SD001,JH_H004,T1,1,149.99994892105565,1.854989649044953
17,SD001,JH_H004,T1,2,22.500033201313784,1.854989649044953
17,SD001,JH_H004,T1,3,46.87499833993422,1.854989649044953
17,SD001,JH_H004,T1,4,45.65625008300327,1.854989649044953
17,SD001,JH_H004,T2,1,5.107894449452033e-05,1.854989649044953
17,SD001,JH_H004,T3,1,450.0,1.854989649044953
17,SD001,JH_H004,T3,2,382.49996424473886,1.854989649044953
17,SD001,JH_H004,T3,3,356.25000178776304,1.854989649044953
17,SD001,JH_H004,T3,4,233.0,1.854989649044953
17,SD001,S500,T2,3,204.0,71.51481572097616
17,SD001,S500,T2,4,139.0,71.51481572097616
17,SD001,S500,T3,2,186.64999999999998,71.51481572097616
17,SD001,S615,T2,1,219.0,73.12604490789893
17,SD001,S615,T2,2,53.599999999999966,73.12604490789893
17,SD001,S653,T3,2,183.45003575526107,71.80138022276273
17,SD001,S407,T2,3,75.0,71.68431985910988
17,SD001,S407,T3,2,414.40000000000003,71.68431985910988
17,SD001,S646,T2,2,80.39999999999998,72.49823348913633
17,SD001,S646,T3,1,438.10441679677535,72.49823348913633
17,SD001,S394,T2,1,430.0,72.1259364557284
17,SD001,S394,T2,2,344.0,72.1259364557284
17,SD001,S394,T3,1,1290.0,72.1259364557284
17,SD001,S555,T2,1,242.9999489210555,73.51759159230284
17,SD001,S610,T2,1,144.0,72.37845192158939
17,SD001,S610,T2,2,115.2,72.37845192158939
17,SD001,S610,T3,1,432.0,72.37845192158939
17,SD001,S392,T2,1,515.0,72.55168514508541
17,SD001,S392,T2,2,3.6000000000000227,72.55168514508541
17,SD001,S392,T3,1,59.0,72.55168514508541
17,SD001,S611,T2,1,129.0,72.80787198790621
17,SD001,S611,T2,2,103.2,72.80787198790621
17,SD001,S611,T3,1,130.89558320322467,72.80787198790621
17,SD002,JH_H002,T3,1,593.0,41.51640976921575
17,SD002,JH_H002,T3,2,184.35000000000002,41.51640976921575
17,SD002,JH_H008,T1,1,30.0,1.0827923580272938
17,SD002,JH_H008,T1,2,4.5,1.0827923580272938
17,SD002,JH_H008,T1,3,9.375,1.0827923580272938
17,SD002,JH_H008,T1,4,9.13125,1.0827923580272938
17,SD002,JH_H008,T3,1,90.0,1.0827923580272938
17,SD002,JH_H008,T3,2,76.5,1.0827923580272938
17,SD002,JH_H008,T3,3,71.25,1.0827923580272938
17,SD002,JH_H008,T3,4,66.0,1.0827923580272938
17,SD002,S051,T2,1,441.0,41.72141084148072
17,SD002,S051,T2,2,167.8,41.72141084148072
17,SD002,S051,T2,3,47.8,41.72141084148072
17,SD002,S051,T2,4,7.800000000000001,41.72141084148072
17,SD002,S402,T2,1,39.0,26.129154168488203
17,SD002,S402,T2,2,31.2,26.129154168488203
17,SD002,S402,T2,3,31.2,26.129154168488203
17,SD002,S402,T2,4,31.2,26.129154168488203
17,SD002,S402,T3,1,117.0,26.129154168488203
17,SD002,S402,T3,2,72.15,26.129154168488203
17,SD002,S402,T3,3,61.75,26.129154168488203
17,SD003,JH_H001,T2,2,110.39999999999958,37.40508264752206
17,SD003,JH_H001,T3,1,439.3465030971229,37.40508264752206
17,SD003,JH_H009,T1,1,10.0,0.4313840120055951
17,SD003,JH_H009,T1,2,1.5,0.4313840120055951
17,SD003,JH_H009,T1,3,3.125,0.4313840120055951
17,SD003,JH_H009,T1,4,3.04375,0.4313840120055951
17,SD003,JH_H009,T3,1,30.0,0.4313840120055951
17,SD003,JH_H009,T3,2,25.5,0.4313840120055951
17,SD003,JH_H009,T3,3,23.75,0.4313840120055951
17,SD003,JH_H009,T3,4,23.8375,0.4313840120055951
17,SD003,JH_H010,T3,4,9.75625,28.49230688861869
17,SD003,S576,T2,3,62.0,28.692801988341532
17,SD003,S576,T2,4,31.0,28.692801988341532
17,SD003,S576,T3,2,214.9000000000001,28.692801988341532
17,SD003,S576,T3,3,80.25,28.692801988341532
17,SD003,S576,T3,4,18.40625,28.692801988341532
17,SD003,S356,T2,1,159.0,73.45952101268428
17,SD003,S378,T2,1,218.0,69.54504685635165
17,SD003,S662,T2,2,46.60000000000042,34.41204287813438
17,SD003,S662,T3,1,158.65349690287712,34.41204287813438
17,SD003,S662,T3,2,21.59999999999991,34.41204287813438
17,SD004,JH_H001,T2,1,961.1998068031829,10.699808563193097
17,SD004,JH_H012,T3,1,147.57556495202246,1.593785827447224
17,SD004,JH_H012,T3,2,125.43923020921909,1.593785827447224
17,SD004,JH_H013,T1,1,31.072928734925686,2.6842115905313224
17,SD004,JH_H013,T1,2,4.660939310238856,2.6842115905313224
17,SD004,JH_H013,T1,3,9.710290229664276,2.6842115905313224
17,SD004,JH_H013,T1,4,9.457822683693005,2.6842115905313224
17,SD004,JH_H013,T3,1,93.21878620477706,2.6842115905313224
17,SD004,JH_H013,T3,2,79.2359682740605,2.6842115905313224
17,SD004,JH_H014,T1,1,28.286381915358916,0.32354661842920146
17,SD004,JH_H014,T1,2,4.242957287303838,0.32354661842920146
17,SD004,JH_H014,T1,3,8.839494348549659,0.32354661842920146
17,SD004,JH_H014,T1,4,8.609667495487374,0.32354661842920146
17,SD004,JH_H014,T3,1,84.85914574607675,0.32354661842920146
17,SD004,JH_H014,T3,2,72.13027388416523,0.32354661842920146
17,SD004,JH_H014,T3,3,67.18015704897743,0.32354661842920146
17,SD004,S487,T2,2,240.8,1.2507354917512443
17,SD004,S487,T3,1,903.0,1.2507354917512443
17,SD004,S487,T3,2,363.99999999999966,1.2507354917512443
17,SD004,S626,T2,2,128.8,2.1097408109848033
17,SD004,S626,T3,1,483.0,2.1097408109848033
17,SD004,S626,T3,2,297.85,2.1097408109848033
17,SD004,S625,T2,2,265.6,2.077856378373978
17,SD004,S625,T2,3,39.39999999999995,2.077856378373978
17,SD004,S625,T3,1,996.0,2.077856378373978
17,SD004,S625,T3,2,614.2,2.077856378373978
17,SD004,S488,T2,2,244.00000000000023,1.8413665454132206
17,SD004,S488,T3,1,840.0,1.8413665454132206
17,SD004,S387,T2,1,65.0,70.733000100257
17,SD004,S585,T2,1,173.0,1.0153546860217733
17,SD004,S585,T2,2,138.4,1.0153546860217733
17,SD004,S585,T2,3,138.4,1.0153546860217733
17,SD004,S585,T2,4,138.4,1.0153546860217733
17,SD004,S585,T3,1,519.0,1.0153546860217733
17,SD004,S585,T3,2,320.05,1.0153546860217733
17,SD004,S585,T3,3,320.05,1.0153546860217733
17,SD004,S585,T3,4,319.9,1.0153546860217733
17,SD004,S296,T2,1,26.80014211787295,72.58409590891421
17,SD004,S189,T2,1,310.0,70.34522776415513
17,SD004,S516,T2,1,350.0,2.8151316973303575
17,SD004,S516,T2,2,209.0,2.8151316973303575
17,SD004,S516,T3,1,1050.0,2.8151316973303575
17,SD004,S386,T2,1,135.0,70.77095449642641
17,SD004,S169,T2,1,346.0,66.86436752992087
17,SD004,S596,T2,1,157.0,1.2472733119337553
17,SD004,S596,T2,2,125.6,1.2472733119337553
17,SD004,S596,T2,3,125.6,1.2472733119337553
17,SD004,S596,T2,4,122.80000000000001,1.2472733119337553
17,SD004,S596,T3,1,471.0,1.2472733119337553
17,SD004,S596,T3,2,290.45000000000005,1.2472733119337553
17,SD004,S596,T3,3,290.45000000000005,1.2472733119337553
17,SD004,S301,T2,1,149.0,66.75326012915696
17,SD004,S586,T2,1,226.0,0.7669305123872737
17,SD004,S586,T2,2,180.8,0.7669305123872737
17,SD004,S586,T2,3,180.8,0.7669305123872737
17,SD004,S586,T2,4,180.8,0.7669305123872737
17,SD004,S586,T3,1,678.0,0.7669305123872737
17,SD004,S586,T3,2,418.1,0.7669305123872737
17,SD004,S586,T3,3,418.1,0.7669305123872737
17,SD004,S586,T3,4,418.1,0.7669305123872737
17,SD004,S362,T2,1,263.0,70.42724553478037
17,SD004,S160,T2,1,122.0,71.522723321158
17,SD004,S062,T2,1,174.0,72.25863467552259
17,SD004,S364,T2,1,103.0,70.6653440104886
17,SD004,S662,T2,1,506.0,3.084617507958989
17,SD004,S662,T2,2,280.1999999999996,3.084617507958989
17,SD004,S662,T3,1,1090.3465030971229,3.084617507958989
17,SD004,S662,T3,2,182.6945276325555,3.084617507958989
17,SD004,S583,T2,1,124.0,1.3098200579051456
17,SD004,S583,T2,2,99.2,1.3098200579051456
17,SD004,S583,T2,3,99.2,1.3098200579051456
17,SD004,S583,T3,1,372.0,1.3098200579051456
17,SD004,S583,T3,2,229.4,1.3098200579051456
17,SD004,S583,T3,3,229.4,1.3098200579051456
17,SD004,S161,T2,1,160.0,72.07137230984515
17,SD004,S477,T2,1,228.0,1.4997932513210326
17,SD004,S477,T2,2,182.4,1.4997932513210326
17,SD004,S477,T2,3,182.4,1.4997932513210326
17,SD004,S477,T3,1,684.0,1.4997932513210326
17,SD004,S477,T3,2,421.8,1.4997932513210326
17,SD004,S477,T3,3,150.81984295102245,1.4997932513210326
17,SD004,S228,T2,1,185.0,71.26261505013056
17,SD004,S052,T2,1,62.000051078944495,69.32726244189244
17,SD004,S587,T2,1,149.0,1.6268730303347014
17,SD004,S587,T2,2,119.2,1.6268730303347014
17,SD004,S587,T2,3,119.2,1.6268730303347014
17,SD004,S587,T3,1,447.0,1.6268730303347014
17,SD004,S587,T3,2,275.65,1.6268730303347014
17,SD004,S019,T2,1,174.0,70.3533644531121
17,SD004,S249,T2,1,166.0,69.9189824220068
17,SD005,JH_H003,T3,3,23.25,16.1076975841419
17,SD005,JH_H011,T1,1,10.0,0.534981795654251
17,SD005,JH_H011,T1,2,1.5,0.534981795654251
17,SD005,JH_H011,T1,3,3.125,0.534981795654251
17,SD005,JH_H011,T1,4,3.04375,0.534981795654251
17,SD005,JH_H011,T3,1,30.0,0.534981795654251
17,SD005,JH_H011,T3,2,25.5,0.534981795654251
17,SD005,JH_H011,T3,3,23.75,0.534981795654251
17,SD005,JH_H011,T3,4,23.0,0.534981795654251
17,SD005,S576,T2,1,171.0,64.0609251320312
17,SD005,S500,T3,1,255.0,57.23060275413017
17,SD005,S516,T2,2,71.0,56.60126439380239
17,SD005,S516,T2,3,28.0,56.60126439380239
17,SD005,S662,T3,2,93.5,56.95075227594894
17,SD005,S587,T2,4,14.0,56.465784070688635
17,SD006,JH_H003,T1,1,378.0,2.76486819460775
17,SD006,JH_H003,T1,2,56.70000000000002,2.76486819460775
17,SD006,JH_H003,T1,3,118.12500000000003,2.76486819460775
17,SD006,JH_H003,T1,4,115.05374999999998,2.76486819460775
17,SD006,JH_H003,T3,1,1134.0,2.76486819460775
17,SD006,JH_H003,T3,2,963.9,2.76486819460775
17,SD006,JH_H003,T3,3,690.25,2.76486819460775
17,SD006,JH_H003,T3,4,284.8125,2.76486819460775
17,SD006,JH_H015,T1,1,50.0,0.645170244514547
17,SD006,JH_H015,T1,2,7.5,0.645170244514547
17,SD006,JH_H015,T1,3,15.625,0.645170244514547
17,SD006,JH_H015,T1,4,15.21875,0.645170244514547
17,SD006,JH_H015,T3,1,150.0,0.645170244514547
17,SD006,JH_H015,T3,2,127.5,0.645170244514547
17,SD006,JH_H015,T3,3,118.75,0.645170244514547
17,SD006,JH_H015,T3,4,119.1875,0.645170244514547
17,SD006,S396,T2,1,114.0,116.31132961803561
17,SD006,S768,T2,1,209.0,114.89442484329975
17,SD006,S557,T2,1,290.0,103.46815823012216
17,SD006,S794,T2,1,137.0,97.296247789955
17,SD006,S297,T2,1,339.0,104.35548660742765
17,SD006,S397,T2,1,174.0,111.32392139945415
17,SD006,S626,T2,3,128.8,71.16072456883458
17,SD006,S576,T2,1,478.0,79.62252650290161
17,SD006,S500,T2,2,204.0,71.66162320310904
17,SD006,S500,T3,1,510.0,71.66162320310904
17,SD006,S500,T3,2,285.1,71.66162320310904
17,SD006,S625,T2,3,226.20000000000007,71.15737565184527
17,SD006,S625,T2,4,242.0,71.15737565184527
17,SD006,S599,T2,2,87.2,72.54250883551236
17,SD006,S599,T3,1,327.0,72.54250883551236
17,SD006,S653,T2,2,180.8,71.95860830726068
17,SD006,S359,T2,1,389.0,125.35549684430904
17,SD006,S400,T2,1,71.0,108.7439912209304
17,SD006,S407,T2,2,179.2,72.5520713734699
17,SD006,S407,T3,1,672.0,72.5520713734699
17,SD006,S167,T2,1,166.0,124.44006894678701
17,SD006,S075,T2,1,188.0,126.66504747975978
17,SD006,S516,T2,3,129.99999999999991,71.56667790868094
17,SD006,S516,T3,2,647.5,71.56667790868094
17,SD006,S378,T2,1,227.0,120.62760433707786
17,SD006,S600,T2,2,154.4,72.43437422947342
17,SD006,S600,T3,1,579.0,72.43437422947342
17,SD006,S392,T2,2,408.4,73.86249158942361
17,SD006,S392,T3,1,1486.0,73.86249158942361
17,SD006,S401,T2,1,132.0,124.4263493755748
17,SD007,JH_H002,T3,1,0.10441679677535376,56.31151722180492
17,SD007,JH_H007,T1,1,75.0,4.981102350506281
17,SD007,JH_H007,T1,2,11.25,4.981102350506281
17,SD007,JH_H007,T1,3,23.4375,4.981102350506281
17,SD007,JH_H007,T1,4,22.828125,4.981102350506281
17,SD007,JH_H007,T3,1,225.0,4.981102350506281
17,SD007,JH_H007,T3,2,191.25,4.981102350506281
17,SD007,JH_H007,T3,3,178.125,4.981102350506281
17,SD007,JH_H007,T3,4,114.0,4.981102350506281
17,SD007,S574,T2,1,333.0,55.30035441403435
17,SD007,S574,T2,2,266.4,55.30035441403435
17,SD007,S574,T2,3,137.0,55.30035441403435
17,SD007,S574,T2,4,68.0,55.30035441403435
17,SD007,S574,T3,1,999.0,55.30035441403435
17,SD007,S574,T3,2,379.75,55.30035441403435
17,SD007,S574,T3,3,49.875,55.30035441403435
17,SD007,S615,T2,1,108.0,56.83741643732918
17,SD007,S646,T2,1,195.0,55.980994050691734
17,SD007,S646,T2,2,75.60000000000002,55.980994050691734
17,SD007,S646,T3,1,146.89558320322465,55.980994050691734
17,SD007,S614,T2,1,125.0,56.71053077279719
17,SD007,S051,T2,1,61.0,56.67533855897754
17,SD008,JH_H003,T3,3,16.375,36.223692885411175
17,SD008,JH_H010,T1,1,15.0,2.2723099352135923
17,SD008,JH_H010,T1,2,2.25,2.2723099352135923
17,SD008,JH_H010,T1,3,4.6875,2.2723099352135923
17,SD008,JH_H010,T1,4,4.565625,2.2723099352135923
17,SD008,JH_H010,T3,1,45.0,2.2723099352135923
17,SD008,JH_H010,T3,2,38.25,2.2723099352135923
17,SD008,JH_H010,T3,3,35.625,2.2723099352135923
17,SD008,JH_H010,T3,4,26.0,2.2723099352135923
17,SD008,S794,T2,1,14.0,64.48707868496672
17,SD008,S001,T2,1,174.0,63.758184190697605
17,SD008,S576,T2,3,31.0,54.01101080067525
17,SD008,S576,T2,4,15.0,54.01101080067525
17,SD008,S576,T3,2,92.75,54.01101080067525
17,SD008,S662,T2,2,78.0,59.96276202166144
17,SD008,S662,T3,1,269.0,59.96276202166144
17,SD009,JH_H002,T1,1,522.7758793497854,8.677094127999364
17,SD009,JH_H002,T1,2,78.41638190246778,8.677094127999364
17,SD009,JH_H002,T1,3,163.367462296808,8.677094127999364
17,SD009,JH_H002,T1,4,159.11990827709096,8.677094127999364
17,SD009,JH_H012,T1,1,49.191854984007485,1.4576943447875488
17,SD009,JH_H012,T1,2,7.378778247601126,1.4576943447875488
17,SD009,JH_H012,T1,3,15.37245468250234,1.4576943447875488
17,SD009,JH_H012,T1,4,14.97277086075728,1.4576943447875488
17,SD009,JH_H012,T3,3,116.83065558701779,1.4576943447875488
17,SD009,JH_H012,T3,4,117.26108431812784,1.4576943447875488
17,SD009,JH_H014,T3,4,67.42766289073681,0.4466966349245021
17,SD009,S487,T2,1,301.0,1.0348611048750498
17,SD009,S487,T2,3,240.8,1.0348611048750498
17,SD009,S487,T2,4,240.8,1.0348611048750498
17,SD009,S487,T3,2,192.85000000000034,1.0348611048750498
17,SD009,S487,T3,3,556.85,1.0348611048750498
17,SD009,S487,T3,4,556.85,1.0348611048750498
17,SD009,S626,T2,1,161.0,2.229220505779742
17,SD009,S500,T2,1,255.0,3.511821886553356
17,SD009,S625,T2,1,332.0,2.2142342239044885
17,SD009,S476,T2,1,442.0,2.397830934450181
17,SD009,S476,T2,2,353.6,2.397830934450181
17,SD009,S476,T3,1,1326.0,2.397830934450181
17,SD009,S476,T3,2,817.7,2.397830934450181
17,SD009,S488,T2,1,887.0,1.4592468756210197
17,SD009,S488,T2,2,465.5999999999998,1.4592468756210197
17,SD009,S488,T2,3,709.6,1.4592468756210197
17,SD009,S488,T2,4,359.2,1.4592468756210197
17,SD009,S488,T3,1,1821.0,1.4592468756210197
17,SD009,S488,T3,2,1640.95,1.4592468756210197
17,SD009,S488,T3,3,1326.319344412982,1.4592468756210197
17,SD009,S488,T3,4,258.3112527911353,1.4592468756210197
17,SD009,S599,T2,1,109.0,4.390423292539299
17,SD009,S474,T2,1,130.0,2.1392098877866896
17,SD009,S474,T2,2,104.0,2.1392098877866896
17,SD009,S474,T2,3,104.0,2.1392098877866896
17,SD009,S474,T3,1,390.0,2.1392098877866896
17,SD009,S474,T3,2,240.5,2.1392098877866896
17,SD009,S585,T3,4,0.1500000000000341,1.378762806137195
17,SD009,S653,T2,1,226.0,3.3728701796297083
17,SD009,S653,T3,1,678.0,3.3728701796297083
17,SD009,S534,T2,1,220.0,6.589952614326456
17,SD009,S407,T2,1,224.0,5.206845854037303
17,SD009,S470,T2,1,159.0,3.004424742948205
17,SD009,S470,T2,2,127.2,3.004424742948205
17,SD009,S470,T3,1,477.0,3.004424742948205
17,SD009,S468,T2,1,258.0,2.5066937194501957
17,SD009,S468,T2,2,206.4,2.5066937194501957
17,SD009,S468,T3,1,774.0,2.5066937194501957
17,SD009,S468,T3,2,477.3,2.5066937194501957
17,SD009,S475,T2,1,411.0,2.2821384274382996
17,SD009,S475,T2,2,328.8,2.2821384274382996
17,SD009,S475,T2,3,8.000000000000028,2.2821384274382996
17,SD009,S475,T3,1,1233.0,2.2821384274382996
17,SD009,S475,T3,2,760.35,2.2821384274382996
17,SD009,S555,T2,1,101.0000510789445,7.247923846154981
17,SD009,S527,T2,1,195.0,2.95674963336408
17,SD009,S527,T2,2,156.0,2.95674963336408
17,SD009,S527,T3,1,585.0,2.95674963336408
17,SD009,S652,T2,1,172.0,2.0922070322925164
17,SD009,S652,T2,2,137.6,2.0922070322925164
17,SD009,S652,T2,3,137.6,2.0922070322925164
17,SD009,S652,T3,1,516.0,2.0922070322925164
17,SD009,S652,T3,2,318.20000000000005,2.0922070322925164
17,SD009,S579,T2,1,185.0,4.964191600894386
17,SD009,S579,T2,2,148.0,4.964191600894386
17,SD009,S579,T3,1,555.0,4.964191600894386
17,SD009,S214,T2,1,135.0,71.93457132383558
17,SD009,S515,T2,1,79.0,2.325791786803242
17,SD009,S515,T2,2,63.2,2.325791786803242
17,SD009,S515,T3,1,237.0,2.325791786803242
17,SD009,S515,T3,2,146.15,2.325791786803242
17,SD009,S600,T2,1,193.0,4.0691848180766375
17,SD009,S113,T2,1,205.0,70.83450494490985
17,SD009,S492,T2,1,479.0,4.001671156251342
17,SD009,S492,T2,2,383.2,4.001671156251342
17,SD009,S492,T3,1,1437.0,4.001671156251342
17,SD009,S609,T2,1,112.0,3.6639555424998242
17,SD009,S609,T2,2,89.6,3.6639555424998242
17,SD009,S609,T3,1,336.0,3.6639555424998242
17,SD009,S481,T2,1,193.0,4.440707825216017
17,SD009,S481,T2,2,154.4,4.440707825216017
17,SD009,S481,T3,1,579.0,4.440707825216017
17,SD009,S143,T2,1,123.0,69.04589152355453
17,SD009,S052,T2,1,111.9999489210555,69.51307207558743
17,SD009,S519,T2,1,40.0,4.79292685895804
17,SD009,S519,T2,2,32.0,4.79292685895804
17,SD009,S519,T3,1,120.0,4.79292685895804
17,SD009,S241,T2,1,228.0,70.82739897316245
17,SD009,S467,T2,1,93.0,3.667708178553188
17,SD009,S467,T2,2,74.4,3.667708178553188
17,SD009,S467,T3,1,279.0,3.667708178553188
17,SD009,S473,T2,1,220.0,2.681359796816352
17,SD009,S473,T2,2,176.0,2.681359796816352
17,SD009,S473,T3,1,660.0,2.681359796816352
17,SD009,S473,T3,2,407.0,2.681359796816352
17,SD009,S384,T2,1,221.0,69.80530147033465
17,SD010,JH_H001,T2,2,15.799999999999955,25.229261577539656
17,SD010,JH_H001,T3,1,196.0,25.229261577539656
17,SD010,S576,T2,2,519.2,1.5750823381651595
17,SD010,S576,T2,3,214.0,1.5750823381651595
17,SD010,S576,T2,4,107.0,1.5750823381651595
17,SD010,S576,T3,1,1947.0,1.5750823381651595
17,SD010,S576,T3,2,893.0,1.5750823381651595
17,SD010,S576,T3,3,357.0,1.5750823381651595
17,SD010,S576,T3,4,178.0,1.5750823381651595
17,SD010,S168,T2,1,420.0,45.324816709689756
17,SD010,S358,T2,1,143.0,46.243163600968444
17,SD010,S189,T2,1,179.0,47.41832340610207
17,SD010,S445,T2,1,63.0,45.74269378818629
17,SD010,S186,T2,1,141.0,47.641797465459895
17,SD010,S227,T2,1,203.0,48.11112261882882
17,SD010,S401,T2,1,137.0,45.16267111899092
17,SD011,JH_H001,T2,2,464.0,18.95427518527753
17,SD011,JH_H001,T2,3,185.0,18.95427518527753
17,SD011,JH_H001,T2,4,92.0,18.95427518527753
17,SD011,JH_H001,T3,1,1527.0,18.95427518527753
17,SD011,JH_H001,T3,2,493.5,18.95427518527753
17,SD011,JH_H001,T3,3,47.75,18.95427518527753
17,SD011,JH_H006,T1,1,110.0,1.7150550139812313
17,SD011,JH_H006,T1,2,16.5,1.7150550139812313
17,SD011,JH_H006,T1,3,34.375,1.7150550139812313
17,SD011,JH_H006,T1,4,33.48125000000001,1.7150550139812313
17,SD011,JH_H006,T3,1,330.0,1.7150550139812313
17,SD011,JH_H006,T3,2,280.5,1.7150550139812313
17,SD011,JH_H006,T3,3,261.25,1.7150550139812313
17,SD011,JH_H006,T3,4,154.0,1.7150550139812313
17,SD011,S194,T2,1,442.0,58.789887838120585
17,SD011,S147,T2,1,205.0,59.19408142618804
17,SD011,S215,T2,1,154.0,58.33431312566647
17,SD011,S214,T2,1,108.0,58.593194094734315
17,SD011,S193,T2,1,172.0,57.98767356151768
17,SD011,S429,T2,1,33.0,54.92619755416661
18,SD001,JH_H004,T1,1,150.0,1.854989649044953
18,SD001,JH_H004,T1,2,22.49996911993253,1.854989649044953
18,SD001,JH_H004,T1,3,46.87502007204375,1.854989649044953
18,SD001,JH_H004,T1,4,45.65624899639795,1.854989649044953
18,SD001,JH_H004,T2,2,3.088006732809845e-05,1.854989649044953
18,SD001,JH_H004,T3,1,450.0,1.854989649044953
18,SD001,JH_H004,T3,2,382.5,1.854989649044953
18,SD001,JH_H004,T3,3,313.0,1.854989649044953
18,SD001,JH_H004,T3,4,156.0,1.854989649044953
18,SD001,S574,T2,2,36.39999999999998,71.89671568387841
18,SD001,S500,T2,2,25.80000000000001,71.51481572097616
18,SD001,S500,T2,3,187.0,71.51481572097616
18,SD001,S500,T2,4,93.0,71.51481572097616
18,SD001,S500,T3,1,80.0,71.51481572097616
18,SD001,S500,T3,2,400.5,71.51481572097616
18,SD001,S615,T2,1,105.0,73.12604490789893
18,SD001,S599,T2,2,47.79996911993268,71.95026822121885
18,SD001,S653,T2,2,180.8,71.80138022276273
18,SD001,S653,T3,1,678.0,71.80138022276273
18,SD001,S407,T2,2,179.2,71.68431985910988
18,SD001,S407,T3,1,672.0,71.68431985910988
18,SD001,S646,T2,1,195.0,72.49823348913633
18,SD001,S394,T2,1,430.0,72.1259364557284
18,SD001,S610,T2,1,144.0,72.37845192158939
18,SD001,S614,T2,1,125.0,73.21476069856318
18,SD001,S611,T2,1,129.0,72.80787198790621
18,SD002,JH_H002,T3,1,330.0,41.51640976921575
18,SD002,JH_H002,T3,2,74.35,41.51640976921575
18,SD002,JH_H008,T1,1,30.0,1.0827923580272938
18,SD002,JH_H008,T1,2,4.5,1.0827923580272938
18,SD002,JH_H008,T1,3,9.375,1.0827923580272938
18,SD002,JH_H008,T1,4,9.13125,1.0827923580272938
18,SD002,JH_H008,T3,1,90.0,1.0827923580272938
18,SD002,JH_H008,T3,2,76.5,1.0827923580272938
18,SD002,JH_H008,T3,3,71.25,1.0827923580272938
18,SD002,JH_H008,T3,4,44.0,1.0827923580272938
18,SD002,S051,T2,1,283.0,41.72141084148072
18,SD002,S051,T2,2,102.8,41.72141084148072
18,SD002,S051,T2,3,21.8,41.72141084148072
18,SD002,S402,T2,1,39.0,26.129154168488203
18,SD002,S402,T2,2,31.2,26.129154168488203
18,SD002,S402,T2,3,31.2,26.129154168488203
18,SD002,S402,T2,4,26.0,26.129154168488203
18,SD002,S402,T3,1,117.0,26.129154168488203
18,SD002,S402,T3,2,72.15,26.129154168488203
18,SD002,S402,T3,3,17.75,26.129154168488203
18,SD003,JH_H009,T1,1,10.0,0.4313840120055951
18,SD003,JH_H009,T1,2,1.5,0.4313840120055951
18,SD003,JH_H009,T1,3,3.125,0.4313840120055951
18,SD003,JH_H009,T1,4,3.04375,0.4313840120055951
18,SD003,JH_H009,T3,1,30.0,0.4313840120055951
18,SD003,JH_H009,T3,2,25.5,0.4313840120055951
18,SD003,JH_H009,T3,3,23.75,0.4313840120055951
18,SD003,JH_H009,T3,4,23.8375,0.4313840120055951
18,SD003,JH_H010,T3,3,0.625,28.49230688861869
18,SD003,JH_H010,T3,4,11.162500000000001,28.49230688861869
18,SD003,S297,T2,1,222.0,54.366047784019706
18,SD003,S397,T2,1,31.0,60.66543092481636
18,SD003,S576,T2,2,105.0,28.692801988341532
18,SD003,S576,T2,3,42.0,28.692801988341532
18,SD003,S576,T2,4,21.0,28.692801988341532
18,SD003,S576,T3,1,342.0,28.692801988341532
18,SD003,S576,T3,2,149.5,28.692801988341532
18,SD003,S576,T3,3,45.625,28.692801988341532
18,SD003,S662,T3,1,50.0,34.41204287813438
18,SD004,JH_H001,T2,1,591.0,10.699808563193097
18,SD004,JH_H012,T3,1,158.2338906995006,1.593785827447224
18,SD004,JH_H013,T1,1,34.007371027392054,2.6842115905313224
18,SD004,JH_H013,T1,2,5.10110565410881,2.6842115905313224
18,SD004,JH_H013,T1,3,10.627303446060015,2.6842115905313224
18,SD004,JH_H013,T1,4,10.350993556462459,2.6842115905313224
18,SD004,JH_H013,T3,1,102.02211308217615,2.6842115905313224
18,SD004,JH_H014,T1,1,32.13679772192339,0.32354661842920146
18,SD004,JH_H014,T1,2,4.820519658288507,0.32354661842920146
18,SD004,JH_H014,T1,3,10.042749288101058,0.32354661842920146
18,SD004,JH_H014,T1,4,9.781637806610433,0.32354661842920146
18,SD004,JH_H014,T3,1,96.41039316577017,0.32354661842920146
18,SD004,S487,T2,1,301.0,1.2507354917512443
18,SD004,S487,T2,2,240.8,1.2507354917512443
18,SD004,S487,T3,1,641.0,1.2507354917512443
18,SD004,S626,T2,1,161.0,2.1097408109848033
18,SD004,S626,T2,2,128.8,2.1097408109848033
18,SD004,S626,T3,1,483.0,2.1097408109848033
18,SD004,S500,T2,1,255.0,3.8511885474328467
18,SD004,S625,T2,1,332.0,2.077856378373978
18,SD004,S625,T2,2,265.6,2.077856378373978
18,SD004,S625,T3,1,996.0,2.077856378373978
18,SD004,S625,T3,2,522.5500000000001,2.077856378373978
18,SD004,S488,T2,1,16.0,1.8413665454132206
18,SD004,S488,T2,2,6.199999999999903,1.8413665454132206
18,SD004,S585,T2,1,173.0,1.0153546860217733
18,SD004,S585,T2,2,138.4,1.0153546860217733
18,SD004,S585,T2,3,138.4,1.0153546860217733
18,SD004,S585,T2,4,116.19999999999999,1.0153546860217733
18,SD004,S585,T3,1,519.0,1.0153546860217733
18,SD004,S585,T3,2,320.05,1.0153546860217733
18,SD004,S585,T3,3,320.05,1.0153546860217733
18,SD004,S585,T3,4,76.89999999999998,1.0153546860217733
18,SD004,S516,T2,1,350.0,2.8151316973303575
18,SD004,S596,T2,1,157.0,1.2472733119337553
18,SD004,S596,T2,2,125.6,1.2472733119337553
18,SD004,S596,T2,3,125.6,1.2472733119337553
18,SD004,S596,T3,1,471.0,1.2472733119337553
18,SD004,S596,T3,2,290.45000000000005,1.2472733119337553
18,SD004,S596,T3,3,252.85000000000002,1.2472733119337553
18,SD004,S586,T2,1,226.0,0.7669305123872737
18,SD004,S586,T2,2,180.8,0.7669305123872737
18,SD004,S586,T2,3,180.8,0.7669305123872737
18,SD004,S586,T2,4,180.8,0.7669305123872737
18,SD004,S586,T3,1,678.0,0.7669305123872737
18,SD004,S586,T3,2,418.1,0.7669305123872737
18,SD004,S586,T3,3,418.1,0.7669305123872737
18,SD004,S586,T3,4,418.1,0.7669305123872737
18,SD004,S662,T2,1,506.0,3.084617507958989
18,SD004,S662,T3,1,300.33360305255246,3.084617507958989
18,SD004,S583,T2,1,124.0,1.3098200579051456
18,SD004,S583,T2,2,99.2,1.3098200579051456
18,SD004,S583,T2,3,99.2,1.3098200579051456
18,SD004,S583,T3,1,372.0,1.3098200579051456
18,SD004,S583,T3,2,229.4,1.3098200579051456
18,SD004,S477,T2,1,228.0,1.4997932513210326
18,SD004,S477,T2,2,182.4,1.4997932513210326
18,SD004,S477,T2,3,49.99999999999997,1.4997932513210326
18,SD004,S477,T3,1,684.0,1.4997932513210326
18,SD004,S477,T3,2,421.8,1.4997932513210326
18,SD004,S587,T2,1,149.0,1.6268730303347014
18,SD004,S587,T2,2,119.2,1.6268730303347014
18,SD004,S587,T3,1,447.0,1.6268730303347014
18,SD004,S587,T3,2,275.65,1.6268730303347014
18,SD005,JH_H003,T3,3,8.25,16.1076975841419
18,SD005,JH_H011,T1,1,10.0,0.534981795654251
18,SD005,JH_H011,T1,2,1.5,0.534981795654251
18,SD005,JH_H011,T1,3,3.125,0.534981795654251
18,SD005,JH_H011,T1,4,3.04375,0.534981795654251
18,SD005,JH_H011,T3,1,30.0,0.534981795654251
18,SD005,JH_H011,T3,2,25.5,0.534981795654251
18,SD005,JH_H011,T3,3,23.75,0.534981795654251
18,SD005,JH_H011,T3,4,16.0,0.534981795654251
18,SD005,S297,T2,1,115.0,89.61585203432902
18,SD005,S626,T3,2,30.25,56.508390594411956
18,SD005,S625,T3,2,24.25,56.49980031610249
18,SD005,S662,T2,2,48.0,56.95075227594894
18,SD005,S662,T3,1,162.0,56.95075227594894
18,SD005,S587,T2,3,19.0,56.465784070688635
18,SD005,S587,T2,4,9.0,56.465784070688635
18,SD006,JH_H003,T1,1,378.0,2.76486819460775
18,SD006,JH_H003,T1,2,56.70000000000002,2.76486819460775
18,SD006,JH_H003,T1,3,118.12500000000003,2.76486819460775
18,SD006,JH_H003,T1,4,115.05374999999998,2.76486819460775
18,SD006,JH_H003,T3,1,1134.0,2.76486819460775
18,SD006,JH_H003,T3,2,963.9,2.76486819460775
18,SD006,JH_H003,T3,3,424.25,2.76486819460775
18,SD006,JH_H003,T3,4,151.8125,2.76486819460775
18,SD006,JH_H015,T1,1,50.0,0.645170244514547
18,SD006,JH_H015,T1,2,7.5,0.645170244514547
18,SD006,JH_H015,T1,3,15.625,0.645170244514547
18,SD006,JH_H015,T1,4,15.21875,0.645170244514547
18,SD006,JH_H015,T3,1,150.0,0.645170244514547
18,SD006,JH_H015,T3,2,127.5,0.645170244514547
18,SD006,JH_H015,T3,3,118.75,0.645170244514547
18,SD006,JH_H015,T3,4,119.1875,0.645170244514547
18,SD006,S768,T2,1,209.0,114.89442484329975
18,SD006,S557,T2,1,290.0,103.46815823012216
18,SD006,S794,T2,1,151.0,97.296247789955
18,SD006,S001,T2,1,48.0,96.66284671481966
18,SD006,S297,T2,1,2.0,104.35548660742765
18,SD006,S626,T2,3,60.39999999999998,71.16072456883458
18,SD006,S626,T3,2,267.6,71.16072456883458
18,SD006,S500,T2,2,178.2,71.66162320310904
18,SD006,S500,T3,1,685.0,71.66162320310904
18,SD006,S625,T2,3,265.6,71.15737565184527
18,SD006,S625,T2,4,162.0,71.15737565184527
18,SD006,S615,T2,1,222.0,74.81662046982781
18,SD006,S407,T2,1,224.0,72.5520713734699
18,SD006,S516,T2,2,280.0,71.56667790868094
18,SD006,S516,T3,1,1050.0,71.56667790868094
18,SD006,S555,T2,1,296.0,75.10624726451854
18,SD006,S662,T2,2,356.8,71.95011219214574
18,SD006,S662,T3,1,243.0,71.95011219214574
18,SD006,S392,T2,1,515.0,73.86249158942361
18,SD007,JH_H007,T1,1,75.0,4.981102350506281
18,SD007,JH_H007,T1,2,11.25,4.981102350506281
18,SD007,JH_H007,T1,3,23.4375,4.981102350506281
18,SD007,JH_H007,T1,4,22.828125,4.981102350506281
18,SD007,JH_H007,T3,1,225.0,4.981102350506281
18,SD007,JH_H007,T3,2,191.25,4.981102350506281
18,SD007,JH_H007,T3,3,153.0,4.981102350506281
18,SD007,JH_H007,T3,4,76.0,4.981102350506281
18,SD007,S574,T2,1,333.0,55.30035441403435
18,SD007,S574,T2,2,230.0,55.30035441403435
18,SD007,S574,T2,3,92.0,55.30035441403435
18,SD007,S574,T2,4,45.0,55.30035441403435
18,SD007,S574,T3,1,696.0,55.30035441403435
18,SD007,S574,T3,2,191.75,55.30035441403435
18,SD007,S051,T2,1,219.0,56.67533855897754
18,SD008,JH_H010,T1,1,15.0,2.2723099352135923
18,SD008,JH_H010,T1,2,2.25,2.2723099352135923
18,SD008,JH_H010,T1,3,4.6875,2.2723099352135923
18,SD008,JH_H010,T1,4,4.565625,2.2723099352135923
18,SD008,JH_H010,T3,1,45.0,2.2723099352135923
18,SD008,JH_H010,T3,2,38.25,2.2723099352135923
18,SD008,JH_H010,T3,3,35.0,2.2723099352135923
18,SD008,JH_H010,T3,4,17.0,2.2723099352135923
18,SD008,S001,T2,1,126.0,63.758184190697605
18,SD008,S576,T2,2,52.0,54.01101080067525
18,SD008,S576,T2,3,21.0,54.01101080067525
18,SD008,S576,T2,4,10.0,54.01101080067525
18,SD008,S576,T3,1,166.0,54.01101080067525
18,SD008,S576,T3,2,49.75,54.01101080067525
18,SD009,JH_H002,T1,1,548.1604336908141,8.677094127999364
18,SD009,JH_H002,T1,2,82.22406505362216,8.677094127999364
18,SD009,JH_H002,T1,3,171.30013552837937,8.677094127999364
18,SD009,JH_H002,T1,4,166.8463320046416,8.677094127999364
18,SD009,JH_H012,T1,1,52.744630233166866,1.4576943447875488
18,SD009,JH_H012,T1,2,7.91169453497503,1.4576943447875488
18,SD009,JH_H012,T1,3,16.482696947864646,1.4576943447875488
18,SD009,JH_H012,T1,4,16.054146827220166,1.4576943447875488
18,SD009,JH_H012,T3,2,134.4988070945755,1.4576943447875488
18,SD009,JH_H012,T3,3,125.26849680377131,1.4576943447875488
18,SD009,JH_H012,T3,4,0.013827540439221278,1.4576943447875488
18,SD009,JH_H014,T3,2,81.94883419090465,0.4466966349245021
18,SD009,JH_H014,T3,3,76.32489458956806,0.4466966349245021
18,SD009,JH_H014,T3,4,76.60609156963488,0.4466966349245021
18,SD009,S487,T2,3,240.8,1.0348611048750498
18,SD009,S487,T2,4,240.8,1.0348611048750498
18,SD009,S487,T3,1,262.0,1.0348611048750498
18,SD009,S487,T3,2,556.85,1.0348611048750498
18,SD009,S487,T3,3,556.85,1.0348611048750498
18,SD009,S487,T3,4,556.85,1.0348611048750498
18,SD009,S625,T3,2,67.39999999999998,2.2142342239044885
18,SD009,S476,T2,1,442.0,2.397830934450181
18,SD009,S476,T2,2,353.6,2.397830934450181
18,SD009,S476,T3,1,1326.0,2.397830934450181
18,SD009,S488,T2,1,871.0,1.4592468756210197
18,SD009,S488,T2,2,703.4000000000001,1.4592468756210197
18,SD009,S488,T2,3,564.2,1.4592468756210197
18,SD009,S488,T2,4,138.99999999999997,1.4592468756210197
18,SD009,S488,T3,1,2661.0,1.4592468756210197
18,SD009,S488,T3,2,1640.95,1.4592468756210197
18,SD009,S488,T3,3,584.5566086066607,1.4592468756210197
18,SD009,S599,T2,1,109.0,4.390423292539299
18,SD009,S474,T2,1,130.0,2.1392098877866896
18,SD009,S474,T2,2,104.0,2.1392098877866896
18,SD009,S474,T3,1,390.0,2.1392098877866896
18,SD009,S474,T3,2,240.5,2.1392098877866896
18,SD009,S585,T2,4,22.200000000000017,1.378762806137195
18,SD009,S585,T3,4,37.53008088992587,1.378762806137195
18,SD009,S653,T2,1,226.0,3.3728701796297083
18,SD009,S534,T2,1,220.0,6.589952614326456
18,SD009,S470,T2,1,159.0,3.004424742948205
18,SD009,S468,T2,1,258.0,2.5066937194501957
18,SD009,S468,T2,2,206.4,2.5066937194501957
18,SD009,S468,T3,1,774.0,2.5066937194501957
18,SD009,S475,T2,1,411.0,2.2821384274382996
18,SD009,S475,T2,2,328.8,2.2821384274382996
18,SD009,S475,T3,1,1233.0,2.2821384274382996
18,SD009,S475,T3,2,317.6523587145199,2.2821384274382996
18,SD009,S555,T2,1,48.0,7.247923846154981
18,SD009,S527,T2,1,195.0,2.95674963336408
18,SD009,S652,T2,1,172.0,2.0922070322925164
18,SD009,S652,T2,2,137.6,2.0922070322925164
18,SD009,S652,T3,1,516.0,2.0922070322925164
18,SD009,S652,T3,2,318.20000000000005,2.0922070322925164
18,SD009,S579,T2,1,185.0,4.964191600894386
18,SD009,S515,T2,1,79.0,2.325791786803242
18,SD009,S515,T2,2,63.2,2.325791786803242
18,SD009,S515,T3,1,237.0,2.325791786803242
18,SD009,S600,T2,1,193.0,4.0691848180766375
18,SD009,S492,T2,1,479.0,4.001671156251342
18,SD009,S609,T2,1,112.0,3.6639555424998242
18,SD009,S481,T2,1,193.0,4.440707825216017
18,SD009,S519,T2,1,40.0,4.79292685895804
18,SD009,S467,T2,1,93.0,3.667708178553188
18,SD009,S473,T2,1,220.0,2.681359796816352
18,SD009,S473,T2,2,116.99999999999989,2.681359796816352
18,SD009,S473,T3,1,660.0,2.681359796816352
18,SD010,S397,T2,1,143.0,35.20038533900973
18,SD010,S576,T2,1,649.0,1.5750823381651595
18,SD010,S576,T2,2,359.0,1.5750823381651595
18,SD010,S576,T2,3,143.0,1.5750823381651595
18,SD010,S576,T2,4,71.0,1.5750823381651595
18,SD010,S576,T3,1,1439.0,1.5750823381651595
18,SD010,S576,T3,2,599.0,1.5750823381651595
18,SD010,S576,T3,3,239.0,1.5750823381651595
18,SD010,S576,T3,4,119.0,1.5750823381651595
18,SD010,S400,T2,1,71.0,30.88149425726887
18,SD011,JH_H001,T2,1,382.9539256504305,18.95427518527753
18,SD011,JH_H001,T2,2,311.0,18.95427518527753
18,SD011,JH_H001,T2,3,124.0,18.95427518527753
18,SD011,JH_H001,T2,4,62.0,18.95427518527753
18,SD011,JH_H001,T3,1,917.0,18.95427518527753
18,SD011,JH_H001,T3,2,238.5,18.95427518527753
18,SD011,JH_H006,T1,1,110.0,1.7150550139812313
18,SD011,JH_H006,T1,2,16.5,1.7150550139812313
18,SD011,JH_H006,T1,3,34.375,1.7150550139812313
18,SD011,JH_H006,T1,4,33.48125000000001,1.7150550139812313
18,SD011,JH_H006,T3,1,330.0,1.7150550139812313
18,SD011,JH_H006,T3,2,280.5,1.7150550139812313
18,SD011,JH_H006,T3,3,207.0,1.7150550139812313
18,SD011,JH_H006,T3,4,103.0,1.7150550139812313
18,SD011,S169,T2,1,183.0460743495695,55.73118816758178
18,SD011,S301,T2,1,149.0,55.488079295934206
18,SD011,S429,T2,1,33.0,54.92619755416661
19,SD001,JH_H002,T3,1,120.5835535274,73.35724327852236
19,SD001,JH_H003,T3,3,73.5,21.731599722578093
19,SD001,JH_H004,T1,1,149.9999394295578,1.854989649044953
19,SD001,JH_H004,T1,2,22.500039370787476,1.854989649044953
19,SD001,JH_H004,T1,3,46.874998031460564,1.854989649044953
19,SD001,JH_H004,T1,4,45.656250098426995,1.854989649044953
19,SD001,JH_H004,T2,1,6.057044242879783e-05,1.854989649044953
19,SD001,JH_H004,T3,1,450.0,1.854989649044953
19,SD001,JH_H004,T3,2,382.4999576006903,1.854989649044953
19,SD001,JH_H004,T3,3,356.2500021199655,1.854989649044953
19,SD001,JH_H004,T3,4,271.0,1.854989649044953
19,SD001,S574,T2,2,67.19999999999999,71.89671568387841
19,SD001,S574,T3,1,999.0,71.89671568387841
19,SD001,S574,T3,2,141.30295161251482,71.89671568387841
19,SD001,S500,T2,3,204.0,71.51481572097616
19,SD001,S500,T2,4,162.0,71.51481572097616
19,SD001,S500,T3,3,113.24999788003453,71.51481572097616
19,SD001,S615,T2,1,327.0,73.12604490789893
19,SD001,S599,T3,2,201.65,71.95026822121885
19,SD001,S407,T2,3,122.0,71.68431985910988
19,SD001,S407,T3,2,414.40000000000003,71.68431985910988
19,SD001,S646,T2,2,156.0,72.49823348913633
19,SD001,S646,T3,1,585.0,72.49823348913633
19,SD001,S394,T2,1,430.0,72.1259364557284
19,SD001,S394,T2,2,344.0,72.1259364557284
19,SD001,S394,T3,1,301.4164464726,72.1259364557284
19,SD001,S555,T2,1,344.0,73.51759159230284
19,SD001,S600,T3,2,219.14709078679468,71.96267982291167
19,SD001,S610,T2,1,144.0,72.37845192158939
19,SD001,S610,T2,2,115.2,72.37845192158939
19,SD001,S610,T3,1,432.0,72.37845192158939
19,SD001,S614,T2,1,67.99993942955757,73.21476069856318
19,SD001,S614,T2,2,100.0,73.21476069856318
19,SD001,S614,T3,1,375.0,73.21476069856318
19,SD001,S392,T2,1,515.0,72.55168514508541
19,SD001,S611,T2,1,129.0,72.80787198790621
19,SD001,S611,T2,2,32.60000000000001,72.80787198790621
19,SD002,JH_H002,T3,1,36.448667197240184,41.51640976921575
19,SD002,JH_H002,T3,2,239.35000000000002,41.51640976921575
19,SD002,JH_H002,T3,3,11.599999999999994,41.51640976921575
19,SD002,JH_H008,T1,1,30.0,1.0827923580272938
19,SD002,JH_H008,T1,2,4.5,1.0827923580272938
19,SD002,JH_H008,T1,3,9.375,1.0827923580272938
19,SD002,JH_H008,T1,4,9.13125,1.0827923580272938
19,SD002,JH_H008,T3,1,90.0,1.0827923580272938
19,SD002,JH_H008,T3,2,76.5,1.0827923580272938
19,SD002,JH_H008,T3,3,71.25,1.0827923580272938
19,SD002,JH_H008,T3,4,71.5125,1.0827923580272938
19,SD002,S194,T2,1,218.99993942955757,107.55059442715597
19,SD002,S193,T2,1,172.0,106.68966294930287
19,SD002,S051,T2,1,129.00006057044243,41.72141084148072
19,SD002,S051,T2,2,201.8,41.72141084148072
19,SD002,S051,T2,3,61.8,41.72141084148072
19,SD002,S051,T2,4,14.8,41.72141084148072
19,SD002,S051,T3,1,688.5513328027598,41.72141084148072
19,SD002,S402,T2,1,39.0,26.129154168488203
19,SD002,S402,T2,2,31.2,26.129154168488203
19,SD002,S402,T2,3,31.2,26.129154168488203
19,SD002,S402,T2,4,31.2,26.129154168488203
19,SD002,S402,T3,1,117.0,26.129154168488203
19,SD002,S402,T3,2,72.15,26.129154168488203
19,SD002,S402,T3,3,72.15,26.129154168488203
19,SD002,S402,T3,4,5.487499999999997,26.129154168488203
19,SD003,JH_H001,T2,2,60.428911123956624,37.40508264752206
19,SD003,JH_H001,T3,1,480.3584167148365,37.40508264752206
19,SD003,JH_H009,T1,1,10.0,0.4313840120055951
19,SD003,JH_H009,T1,2,1.5,0.4313840120055951
19,SD003,JH_H009,T1,3,3.125,0.4313840120055951
19,SD003,JH_H009,T1,4,3.04375,0.4313840120055951
19,SD003,JH_H009,T3,1,30.0,0.4313840120055951
19,SD003,JH_H009,T3,2,25.5,0.4313840120055951
19,SD003,JH_H009,T3,3,23.75,0.4313840120055951
19,SD003,JH_H009,T3,4,23.8375,0.4313840120055951
19,SD003,JH_H010,T3,4,5.75625,28.49230688861869
19,SD003,S794,T2,2,74.37108887604339,50.35982328204556
19,SD003,S001,T2,2,48.19999999999999,49.98914957568617
19,SD003,S209,T2,1,224.0,78.98298658195543
19,SD003,S576,T2,3,73.0,28.692801988341532
19,SD003,S576,T2,4,36.0,28.692801988341532
19,SD003,S576,T3,2,46.90000000000009,28.692801988341532
19,SD003,S576,T3,3,98.25,28.692801988341532
19,SD003,S576,T3,4,31.40625,28.692801988341532
19,SD003,S016,T2,1,56.0,79.01961949005532
19,SD003,S356,T2,1,159.0,73.45952101268428
19,SD003,S662,T3,1,221.6415832851635,34.41204287813438
19,SD003,S662,T3,2,232.5999999999999,34.41204287813438
19,SD004,JH_H001,T2,1,954.7861389049455,10.699808563193097
19,SD004,JH_H001,T2,2,155.19999999999976,10.699808563193097
19,SD004,JH_H012,T3,1,142.21580921238444,1.593785827447224
19,SD004,JH_H012,T3,2,120.88343783052677,1.593785827447224
19,SD004,JH_H013,T1,1,29.597284783678994,2.6842115905313224
19,SD004,JH_H013,T1,2,4.43959271755185,2.6842115905313224
19,SD004,JH_H013,T1,3,9.249151494899683,2.6842115905313224
19,SD004,JH_H013,T1,4,9.008673556032296,2.6842115905313224
19,SD004,JH_H013,T3,1,88.79185435103697,2.6842115905313224
19,SD004,JH_H013,T3,2,75.47307619838143,2.6842115905313224
19,SD004,JH_H014,T1,1,26.350122064780628,0.32354661842920146
19,SD004,JH_H014,T1,2,3.9525183097170924,0.32354661842920146
19,SD004,JH_H014,T1,3,8.234413145243948,0.32354661842920146
19,SD004,JH_H014,T1,4,8.020318403467604,0.32354661842920146
19,SD004,JH_H014,T3,1,79.05036619434188,0.32354661842920146
19,SD004,JH_H014,T3,2,67.1928112651906,0.32354661842920146
19,SD004,JH_H014,T3,3,41.96905553032497,0.32354661842920146
19,SD004,S487,T2,2,240.8,1.2507354917512443
19,SD004,S487,T2,3,110.99999999999989,1.2507354917512443
19,SD004,S487,T3,1,903.0,1.2507354917512443
19,SD004,S487,T3,2,192.89999999999986,1.2507354917512443
19,SD004,S626,T2,2,128.8,2.1097408109848033
19,SD004,S626,T3,1,483.0,2.1097408109848033
19,SD004,S626,T3,2,297.85,2.1097408109848033
19,SD004,S667,T2,1,102.2138610950542,74.07580995285737
19,SD004,S500,T3,1,765.0,3.8511885474328467
19,SD004,S625,T2,2,265.6,2.077856378373978
19,SD004,S625,T2,3,75.40000000000003,2.077856378373978
19,SD004,S625,T3,1,996.0,2.077856378373978
19,SD004,S625,T3,2,614.2,2.077856378373978
19,SD004,S488,T2,2,259.20000000000005,1.8413665454132206
19,SD004,S488,T3,1,1348.5835535274,1.8413665454132206
19,SD004,S387,T2,1,65.0,70.733000100257
19,SD004,S585,T2,1,173.0,1.0153546860217733
19,SD004,S585,T2,2,138.4,1.0153546860217733
19,SD004,S585,T2,3,138.4,1.0153546860217733
19,SD004,S585,T2,4,138.4,1.0153546860217733
19,SD004,S585,T3,1,519.0,1.0153546860217733
19,SD004,S585,T3,2,320.05,1.0153546860217733
19,SD004,S585,T3,3,320.05,1.0153546860217733
19,SD004,S585,T3,4,320.05,1.0153546860217733
19,SD004,S296,T2,1,197.0,72.58409590891421
19,SD004,S516,T2,1,350.0,2.8151316973303575
19,SD004,S516,T2,2,280.0,2.8151316973303575
19,SD004,S516,T3,1,1050.0,2.8151316973303575
19,SD004,S516,T3,2,273.55067470590086,2.8151316973303575
19,SD004,S386,T2,1,135.0,70.77095449642641
19,SD004,S169,T2,1,346.0,66.86436752992087
19,SD004,S596,T2,1,157.0,1.2472733119337553
19,SD004,S596,T2,2,125.6,1.2472733119337553
19,SD004,S596,T2,3,125.6,1.2472733119337553
19,SD004,S596,T2,4,125.6,1.2472733119337553
19,SD004,S596,T3,1,471.0,1.2472733119337553
19,SD004,S596,T3,2,290.45000000000005,1.2472733119337553
19,SD004,S596,T3,3,290.45000000000005,1.2472733119337553
19,SD004,S596,T3,4,121.85000000000002,1.2472733119337553
19,SD004,S301,T2,1,149.0,66.75326012915696
19,SD004,S586,T2,1,226.0,0.7669305123872737
19,SD004,S586,T2,2,180.8,0.7669305123872737
19,SD004,S586,T2,3,180.8,0.7669305123872737
19,SD004,S586,T2,4,180.8,0.7669305123872737
19,SD004,S586,T3,1,678.0,0.7669305123872737
19,SD004,S586,T3,2,418.1,0.7669305123872737
19,SD004,S586,T3,3,418.1,0.7669305123872737
19,SD004,S586,T3,4,418.1,0.7669305123872737
19,SD004,S246,T2,1,140.0,72.85137126260213
19,SD004,S362,T2,1,156.0,70.42724553478037
19,SD004,S160,T2,1,122.0,71.522723321158
19,SD004,S113,T2,1,205.0,70.65567907960376
19,SD004,S062,T2,1,174.0,72.25863467552259
19,SD004,S364,T2,1,103.0,70.6653440104886
19,SD004,S662,T2,1,506.0,3.084617507958989
19,SD004,S662,T2,2,404.8,3.084617507958989
19,SD004,S662,T3,1,1296.3584167148365,3.084617507958989
19,SD004,S662,T3,2,703.5000000000001,3.084617507958989
19,SD004,S583,T2,1,124.0,1.3098200579051456
19,SD004,S583,T2,2,99.2,1.3098200579051456
19,SD004,S583,T2,3,99.2,1.3098200579051456
19,SD004,S583,T2,4,71.20000000000002,1.3098200579051456
19,SD004,S583,T3,1,372.0,1.3098200579051456
19,SD004,S583,T3,2,229.4,1.3098200579051456
19,SD004,S583,T3,3,229.4,1.3098200579051456
19,SD004,S161,T2,1,160.0,72.07137230984515
19,SD004,S477,T2,1,228.0,1.4997932513210326
19,SD004,S477,T2,2,182.4,1.4997932513210326
19,SD004,S477,T2,3,182.4,1.4997932513210326
19,SD004,S477,T3,1,684.0,1.4997932513210326
19,SD004,S477,T3,2,421.8,1.4997932513210326
19,SD004,S477,T3,3,420.0309444696749,1.4997932513210326
19,SD004,S228,T2,1,185.0,71.26261505013056
19,SD004,S143,T2,1,123.0,68.86564922230718
19,SD004,S052,T2,1,174.0,69.32726244189244
19,SD004,S241,T2,1,228.0,70.64756141422629
19,SD004,S587,T2,1,149.0,1.6268730303347014
19,SD004,S587,T2,2,119.2,1.6268730303347014
19,SD004,S587,T2,3,119.2,1.6268730303347014
19,SD004,S587,T3,1,447.0,1.6268730303347014
19,SD004,S587,T3,2,275.65,1.6268730303347014
19,SD004,S019,T2,1,174.0,70.3533644531121
19,SD004,S384,T2,1,221.0,69.625557247334
19,SD004,S249,T2,1,166.0,69.9189824220068
19,SD005,JH_H001,T2,2,8.19999999999996,64.10618822546918
19,SD005,JH_H003,T3,4,3.1625000000000014,16.1076975841419
19,SD005,JH_H011,T1,1,10.0,0.534981795654251
19,SD005,JH_H011,T1,2,1.5,0.534981795654251
19,SD005,JH_H011,T1,3,3.125,0.534981795654251
19,SD005,JH_H011,T1,4,3.04375,0.534981795654251
19,SD005,JH_H011,T3,1,30.0,0.534981795654251
19,SD005,JH_H011,T3,2,25.5,0.534981795654251
19,SD005,JH_H011,T3,3,23.75,0.534981795654251
19,SD005,JH_H011,T3,4,23.8375,0.534981795654251
19,SD005,S576,T2,1,199.0,64.0609251320312
19,SD005,S500,T2,2,74.80000000000004,57.23060275413017
19,SD005,S407,T3,1,303.0,58.317341859841996
19,SD005,S516,T2,3,33.0,56.60126439380239
19,SD005,S516,T3,2,112.5,56.60126439380239
19,SD005,S587,T2,4,16.0,56.465784070688635
19,SD005,S587,T3,3,31.25,56.465784070688635
19,SD006,JH_H003,T1,1,378.0,2.76486819460775
19,SD006,JH_H003,T1,2,56.70000000000002,2.76486819460775
19,SD006,JH_H003,T1,3,118.12500000000003,2.76486819460775
19,SD006,JH_H003,T1,4,115.05374999999998,2.76486819460775
19,SD006,JH_H003,T3,1,1134.0,2.76486819460775
19,SD006,JH_H003,T3,2,963.9,2.76486819460775
19,SD006,JH_H003,T3,3,824.25,2.76486819460775
19,SD006,JH_H003,T3,4,351.8125,2.76486819460775
19,SD006,JH_H015,T1,1,50.0,0.645170244514547
19,SD006,JH_H015,T1,2,7.5,0.645170244514547
19,SD006,JH_H015,T1,3,15.625,0.645170244514547
19,SD006,JH_H015,T1,4,15.21875,0.645170244514547
19,SD006,JH_H015,T3,1,150.0,0.645170244514547
19,SD006,JH_H015,T3,2,127.5,0.645170244514547
19,SD006,JH_H015,T3,3,118.75,0.645170244514547
19,SD006,JH_H015,T3,4,119.1875,0.645170244514547
19,SD006,S396,T2,1,114.0,116.31132961803561
19,SD006,S768,T2,1,209.0,114.89442484329975
19,SD006,S557,T2,1,290.0,103.46815823012216
19,SD006,S794,T2,1,106.0,97.296247789955
19,SD006,S297,T2,1,339.0,104.35548660742765
19,SD006,S397,T2,1,174.0,111.32392139945415
19,SD006,S626,T2,3,128.8,71.16072456883458
19,SD006,S626,T2,4,16.399999999999977,71.16072456883458
19,SD006,S576,T2,1,450.0,79.62252650290161
19,SD006,S500,T2,2,129.19999999999996,71.66162320310904
19,SD006,S500,T3,2,471.75,71.66162320310904
19,SD006,S168,T2,1,68.0,124.58934317438383
19,SD006,S625,T2,3,190.2,71.15737565184527
19,SD006,S625,T2,4,265.6,71.15737565184527
19,SD006,S615,T2,2,261.6,74.81662046982781
19,SD006,S615,T3,1,981.0,74.81662046982781
19,SD006,S016,T2,1,118.0,130.10329748850475
19,SD006,S599,T2,2,87.2,72.54250883551236
19,SD006,S653,T3,2,418.1,71.95860830726068
19,SD006,S359,T2,1,389.0,125.35549684430904
19,SD006,S400,T2,1,71.0,108.7439912209304
19,SD006,S407,T2,2,179.2,72.5520713734699
19,SD006,S407,T3,1,369.0,72.5520713734699
19,SD006,S167,T2,1,166.0,124.44006894678701
19,SD006,S075,T2,1,188.0,126.66504747975978
19,SD006,S516,T2,3,247.0,71.56667790868094
19,SD006,S516,T3,2,261.44932529409914,71.56667790868094
19,SD006,S394,T3,1,988.5835535274,73.83887696334158
19,SD006,S555,T2,2,275.2,75.10624726451854
19,SD006,S555,T3,1,106.4164464726,75.10624726451854
19,SD006,S378,T2,1,445.0,120.62760433707786
19,SD006,S600,T3,2,115.30067470590075,72.43437422947342
19,SD006,S392,T2,2,412.0,73.86249158942361
19,SD006,S392,T3,1,1545.0,73.86249158942361
19,SD006,S401,T2,1,269.0,124.4263493755748
19,SD006,S611,T2,2,70.6,74.5120557844105
19,SD006,S611,T3,1,387.0,74.5120557844105
19,SD007,JH_H002,T3,1,1373.0,56.31151722180492
19,SD007,JH_H002,T3,2,0.0029516125148347783,56.31151722180492
19,SD007,JH_H007,T1,1,75.0,4.981102350506281
19,SD007,JH_H007,T1,2,11.25,4.981102350506281
19,SD007,JH_H007,T1,3,23.4375,4.981102350506281
19,SD007,JH_H007,T1,4,22.828125,4.981102350506281
19,SD007,JH_H007,T3,1,225.0,4.981102350506281
19,SD007,JH_H007,T3,2,191.25,4.981102350506281
19,SD007,JH_H007,T3,3,178.125,4.981102350506281
19,SD007,JH_H007,T3,4,133.0,4.981102350506281
19,SD007,S574,T2,1,333.0,55.30035441403435
19,SD007,S574,T2,2,199.2,55.30035441403435
19,SD007,S574,T2,3,159.0,55.30035441403435
19,SD007,S574,T2,4,79.0,55.30035441403435
19,SD007,S574,T3,2,474.74704838748517,55.30035441403435
19,SD007,S574,T3,3,87.875,55.30035441403435
19,SD007,S646,T2,1,195.0,55.980994050691734
19,SD007,S614,T2,1,57.00006057044243,56.71053077279719
19,SD007,S051,T2,1,372.99993942955757,56.67533855897754
19,SD007,S051,T2,2,199.8,56.67533855897754
19,SD008,JH_H010,T1,1,15.0,2.2723099352135923
19,SD008,JH_H010,T1,2,2.25,2.2723099352135923
19,SD008,JH_H010,T1,3,4.6875,2.2723099352135923
19,SD008,JH_H010,T1,4,4.565625,2.2723099352135923
19,SD008,JH_H010,T3,1,45.0,2.2723099352135923
19,SD008,JH_H010,T3,2,38.25,2.2723099352135923
19,SD008,JH_H010,T3,3,35.625,2.2723099352135923
19,SD008,JH_H010,T3,4,30.0,2.2723099352135923
19,SD008,S794,T2,1,45.0,64.48707868496672
19,SD008,S001,T2,1,174.0,63.758184190697605
19,SD008,S001,T2,2,91.0,63.758184190697605
19,SD008,S001,T3,1,321.0,63.758184190697605
19,SD008,S576,T2,3,36.0,54.01101080067525
19,SD008,S576,T2,4,18.0,54.01101080067525
19,SD008,S576,T3,2,113.75,54.01101080067525
19,SD008,S576,T3,3,25.375,54.01101080067525
19,SD009,JH_H002,T1,1,510.0107402415467,8.677094127999364
19,SD009,JH_H002,T1,2,76.50161103623202,8.677094127999364
19,SD009,JH_H002,T1,3,159.37835632548334,8.677094127999364
19,SD009,JH_H002,T1,4,155.23451906102082,8.677094127999364
19,SD009,JH_H012,T1,1,47.40526973746148,1.4576943447875488
19,SD009,JH_H012,T1,2,7.110790460619224,1.4576943447875488
19,SD009,JH_H012,T1,3,14.81414679295671,1.4576943447875488
19,SD009,JH_H012,T1,4,14.428978976339842,1.4576943447875488
19,SD009,JH_H012,T3,3,112.58751562647102,1.4576943447875488
19,SD009,JH_H012,T3,4,113.0023117366738,1.4576943447875488
19,SD009,JH_H014,T3,3,20.612484373529014,0.4466966349245021
19,SD009,JH_H014,T3,4,62.81210347192082,0.4466966349245021
19,SD009,S487,T2,1,301.0,1.0348611048750498
19,SD009,S487,T2,3,129.80000000000013,1.0348611048750498
19,SD009,S487,T2,4,240.8,1.0348611048750498
19,SD009,S487,T3,2,363.95000000000016,1.0348611048750498
19,SD009,S487,T3,3,556.85,1.0348611048750498
19,SD009,S487,T3,4,556.85,1.0348611048750498
19,SD009,S626,T2,1,161.0,2.229220505779742
19,SD009,S667,T2,1,198.7861389049458,74.24882990317161
19,SD009,S664,T2,1,265.0,74.14753990492204
19,SD009,S668,T2,1,147.0,74.19812327545543
19,SD009,S669,T2,1,102.0,74.14119184352897
19,SD009,S500,T2,1,255.0,3.511821886553356
19,SD009,S625,T2,1,332.0,2.2142342239044885
19,SD009,S665,T2,1,62.0,74.15422970329507
19,SD009,S476,T2,1,442.0,2.397830934450181
19,SD009,S476,T2,2,353.6,2.397830934450181
19,SD009,S476,T3,1,1326.0,2.397830934450181
19,SD009,S476,T3,2,817.7,2.397830934450181
19,SD009,S488,T2,1,887.0,1.4592468756210197
19,SD009,S488,T2,2,450.4,1.4592468756210197
19,SD009,S488,T2,3,709.6,1.4592468756210197
19,SD009,S488,T2,4,458.2,1.4592468756210197
19,SD009,S488,T3,1,1312.4164464726,1.4592468756210197
19,SD009,S488,T3,2,1640.95,1.4592468756210197
19,SD009,S488,T3,3,1640.95,1.4592468756210197
19,SD009,S488,T3,4,432.3355847914054,1.4592468756210197
19,SD009,S599,T2,1,109.0,4.390423292539299
19,SD009,S599,T3,1,327.0,4.390423292539299
19,SD009,S474,T2,1,130.0,2.1392098877866896
19,SD009,S474,T2,2,104.0,2.1392098877866896
19,SD009,S474,T2,3,104.0,2.1392098877866896
19,SD009,S474,T3,1,390.0,2.1392098877866896
19,SD009,S474,T3,2,240.5,2.1392098877866896
19,SD009,S653,T2,1,226.0,3.3728701796297083
19,SD009,S653,T2,2,180.8,3.3728701796297083
19,SD009,S653,T3,1,678.0,3.3728701796297083
19,SD009,S534,T2,1,220.0,6.589952614326456
19,SD009,S534,T2,2,176.0,6.589952614326456
19,SD009,S534,T3,1,660.0,6.589952614326456
19,SD009,S407,T2,1,224.0,5.206845854037303
19,SD009,S470,T2,1,159.0,3.004424742948205
19,SD009,S470,T2,2,127.2,3.004424742948205
19,SD009,S470,T3,1,477.0,3.004424742948205
19,SD009,S470,T3,2,294.15,3.004424742948205
19,SD009,S468,T2,1,258.0,2.5066937194501957
19,SD009,S468,T2,2,206.4,2.5066937194501957
19,SD009,S468,T3,1,774.0,2.5066937194501957
19,SD009,S468,T3,2,477.3,2.5066937194501957
19,SD009,S475,T2,1,411.0,2.2821384274382996
19,SD009,S475,T2,2,328.8,2.2821384274382996
19,SD009,S475,T2,3,316.99999999999983,2.2821384274382996
19,SD009,S475,T3,1,1233.0,2.2821384274382996
19,SD009,S475,T3,2,760.35,2.2821384274382996
19,SD009,S555,T3,1,925.5835535274,7.247923846154981
19,SD009,S527,T2,1,195.0,2.95674963336408
19,SD009,S527,T2,2,156.0,2.95674963336408
19,SD009,S527,T3,1,585.0,2.95674963336408
19,SD009,S527,T3,2,360.75,2.95674963336408
19,SD009,S652,T2,1,172.0,2.0922070322925164
19,SD009,S652,T2,2,137.6,2.0922070322925164
19,SD009,S652,T2,3,137.6,2.0922070322925164
19,SD009,S652,T3,1,516.0,2.0922070322925164
19,SD009,S652,T3,2,318.20000000000005,2.0922070322925164
19,SD009,S579,T2,1,185.0,4.964191600894386
19,SD009,S579,T2,2,148.0,4.964191600894386
19,SD009,S579,T3,1,555.0,4.964191600894386
19,SD009,S215,T2,1,154.0,71.92575610993201
19,SD009,S214,T2,1,243.0,71.93457132383558
19,SD009,S515,T2,1,79.0,2.325791786803242
19,SD009,S515,T2,2,63.2,2.325791786803242
19,SD009,S515,T3,1,237.0,2.325791786803242
19,SD009,S515,T3,2,146.15,2.325791786803242
19,SD009,S600,T2,1,193.0,4.0691848180766375
19,SD009,S600,T2,2,154.4,4.0691848180766375
19,SD009,S600,T3,1,579.0,4.0691848180766375
19,SD009,S492,T2,1,479.0,4.001671156251342
19,SD009,S492,T2,2,383.2,4.001671156251342
19,SD009,S492,T3,1,1437.0,4.001671156251342
19,SD009,S609,T2,1,112.0,3.6639555424998242
19,SD009,S609,T2,2,89.6,3.6639555424998242
19,SD009,S609,T3,1,336.0,3.6639555424998242
19,SD009,S200,T2,1,271.0,73.65436445014127
19,SD009,S481,T2,1,193.0,4.440707825216017
19,SD009,S481,T2,2,154.4,4.440707825216017
19,SD009,S481,T3,1,579.0,4.440707825216017
19,SD009,S198,T2,1,404.0,73.91564805878362
19,SD009,S519,T2,1,40.0,4.79292685895804
19,SD009,S519,T2,2,32.0,4.79292685895804
19,SD009,S519,T3,1,120.0,4.79292685895804
19,SD009,S467,T2,1,93.0,3.667708178553188
19,SD009,S467,T2,2,74.4,3.667708178553188
19,SD009,S467,T3,1,279.0,3.667708178553188
19,SD009,S473,T2,1,220.0,2.681359796816352
19,SD009,S473,T2,2,176.0,2.681359796816352
19,SD009,S473,T3,1,660.0,2.681359796816352
19,SD009,S473,T3,2,407.0,2.681359796816352
19,SD009,S213,T2,1,468.2138610950542,73.36584974859413
19,SD010,JH_H001,T3,1,550.0,25.229261577539656
19,SD010,S557,T2,2,47.99999999999996,30.901508293591853
19,SD010,S576,T2,2,519.2,1.5750823381651595
19,SD010,S576,T2,3,249.0,1.5750823381651595
19,SD010,S576,T2,4,124.0,1.5750823381651595
19,SD010,S576,T3,1,1947.0,1.5750823381651595
19,SD010,S576,T3,2,1040.0,1.5750823381651595
19,SD010,S576,T3,3,416.0,1.5750823381651595
19,SD010,S576,T3,4,208.0,1.5750823381651595
19,SD010,S168,T2,1,352.0,45.324816709689756
19,SD010,S358,T2,1,143.0,46.243163600968444
19,SD010,S400,T2,2,56.8,30.88149425726887
19,SD010,S189,T2,1,489.0,47.41832340610207
19,SD010,S362,T2,1,107.0,47.5495234419959
19,SD010,S445,T2,1,63.0,45.74269378818629
19,SD010,S186,T2,1,141.0,47.641797465459895
19,SD010,S227,T2,1,203.0,48.11112261882882
19,SD011,JH_H001,T2,2,540.0,18.95427518527753
19,SD011,JH_H001,T2,3,216.0,18.95427518527753
19,SD011,JH_H001,T2,4,108.0,18.95427518527753
19,SD011,JH_H001,T3,1,1834.0,18.95427518527753
19,SD011,JH_H001,T3,2,620.5,18.95427518527753
19,SD011,JH_H001,T3,3,98.75,18.95427518527753
19,SD011,JH_H006,T1,1,110.0,1.7150550139812313
19,SD011,JH_H006,T1,2,16.5,1.7150550139812313
19,SD011,JH_H006,T1,3,34.375,1.7150550139812313
19,SD011,JH_H006,T1,4,33.48125000000001,1.7150550139812313
19,SD011,JH_H006,T3,1,330.0,1.7150550139812313
19,SD011,JH_H006,T3,2,280.5,1.7150550139812313
19,SD011,JH_H006,T3,3,261.25,1.7150550139812313
19,SD011,JH_H006,T3,4,180.0,1.7150550139812313
19,SD011,S194,T2,1,223.00006057044243,58.789887838120585
19,SD011,S147,T2,1,205.0,59.19408142618804
19,SD011,S466,T2,1,41.21380052461177,60.51237603557645
19,SD011,S195,T2,1,440.0,59.87923315898765
19,SD011,S213,T2,1,83.7861389049458,59.60990702766551
19,SD011,S212,T2,1,272.0,59.52946138505003
19,SD011,S429,T2,1,33.0,54.92619755416661
20,SD001,JH_H003,T3,3,54.749998449037776,21.731599722578093
20,SD001,JH_H004,T1,1,149.99995568679424,1.854989649044953
20,SD001,JH_H004,T1,2,22.500028803583746,1.854989649044953
20,SD001,JH_H004,T1,3,46.874998559820824,1.854989649044953
20,SD001,JH_H004,T1,4,45.65625007200896,1.854989649044953
20,SD001,JH_H004,T2,1,4.4313205876278516e-05,1.854989649044953
20,SD001,JH_H004,T3,1,450.0,1.854989649044953
20,SD001,JH_H004,T3,2,382.4999689807559,1.854989649044953
20,SD001,JH_H004,T3,3,356.2500015509622,1.854989649044953
20,SD001,JH_H004,T3,4,205.0,1.854989649044953
20,SD001,S574,T3,1,15.004315481042966,71.89671568387841
20,SD001,S500,T2,3,204.0,71.51481572097616
20,SD001,S500,T2,4,123.0,71.51481572097616
20,SD001,S500,T3,2,471.75,71.51481572097616
20,SD001,S615,T2,1,327.0,73.12604490789893
20,SD001,S407,T2,3,42.0,71.68431985910988
20,SD001,S407,T3,1,69.7947801636974,71.68431985910988
20,SD001,S407,T3,2,174.7500310192441,71.68431985910988
20,SD001,S646,T2,2,120.39999999999998,72.49823348913633
20,SD001,S646,T3,1,213.20090435525964,72.49823348913633
20,SD001,S394,T2,1,430.0,72.1259364557284
20,SD001,S394,T2,2,344.0,72.1259364557284
20,SD001,S394,T3,1,1290.0,72.1259364557284
20,SD001,S610,T2,1,144.0,72.37845192158939
20,SD001,S610,T2,2,115.2,72.37845192158939
20,SD001,S610,T3,1,432.0,72.37845192158939
20,SD001,S614,T2,1,46.0,73.21476069856318
20,SD001,S392,T2,1,405.9999556867941,72.55168514508541
20,SD001,S392,T2,2,37.400000000000034,72.55168514508541
20,SD001,S611,T2,1,129.0,72.80787198790621
20,SD002,JH_H002,T3,1,498.0,41.51640976921575
20,SD002,JH_H002,T3,2,145.35,41.51640976921575
20,SD002,JH_H008,T1,1,30.0,1.0827923580272938
20,SD002,JH_H008,T1,2,4.5,1.0827923580272938
20,SD002,JH_H008,T1,3,9.375,1.0827923580272938
20,SD002,JH_H008,T1,4,9.13125,1.0827923580272938
20,SD002,JH_H008,T3,1,90.0,1.0827923580272938
20,SD002,JH_H008,T3,2,76.5,1.0827923580272938
20,SD002,JH_H008,T3,3,71.25,1.0827923580272938
20,SD002,JH_H008,T3,4,58.0,1.0827923580272938
20,SD002,S051,T2,1,384.0,41.72141084148072
20,SD002,S051,T2,2,144.8,41.72141084148072
20,SD002,S051,T2,3,38.8,41.72141084148072
20,SD002,S051,T2,4,3.8000000000000007,41.72141084148072
20,SD002,S402,T2,1,39.0,26.129154168488203
20,SD002,S402,T2,2,31.2,26.129154168488203
20,SD002,S402,T2,3,31.2,26.129154168488203
20,SD002,S402,T2,4,31.2,26.129154168488203
20,SD002,S402,T3,1,117.0,26.129154168488203
20,SD002,S402,T3,2,72.15,26.129154168488203
20,SD002,S402,T3,3,45.75,26.129154168488203
20,SD003,JH_H009,T1,1,10.0,0.4313840120055951
20,SD003,JH_H009,T1,2,1.5,0.4313840120055951
20,SD003,JH_H009,T1,3,3.125,0.4313840120055951
20,SD003,JH_H009,T1,4,3.04375,0.4313840120055951
20,SD003,JH_H009,T3,1,30.0,0.4313840120055951
20,SD003,JH_H009,T3,2,25.5,0.4313840120055951
20,SD003,JH_H009,T3,3,23.75,0.4313840120055951
20,SD003,JH_H009,T3,4,23.8375,0.4313840120055951
20,SD003,JH_H010,T3,4,12.75625,28.49230688861869
20,SD003,S576,T2,3,55.0,28.692801988341532
20,SD003,S576,T2,4,27.0,28.692801988341532
20,SD003,S576,T3,2,205.5,28.692801988341532
20,SD003,S576,T3,3,68.25,28.692801988341532
20,SD003,S576,T3,4,9.406250000000002,28.692801988341532
20,SD003,S356,T2,1,159.0,73.45952101268428
20,SD003,S378,T2,1,173.0,69.54504685635165
20,SD003,S662,T2,2,138.0,34.41204287813438
20,SD003,S662,T3,1,524.0,34.41204287813438
20,SD004,JH_H001,T2,1,965.7816824296204,10.699808563193097
20,SD004,JH_H012,T3,1,151.40453373817587,1.593785827447224
20,SD004,JH_H012,T3,2,128.69385367744948,1.593785827447224
20,SD004,JH_H013,T1,1,32.12711756428106,2.6842115905313224
20,SD004,JH_H013,T1,2,4.819067634642156,2.6842115905313224
20,SD004,JH_H013,T1,3,10.039724238837833,2.6842115905313224
20,SD004,JH_H013,T1,4,9.778691408628049,2.6842115905313224
20,SD004,JH_H013,T3,1,96.38135269284317,2.6842115905313224
20,SD004,JH_H013,T3,2,81.9241497889167,2.6842115905313224
20,SD004,JH_H014,T1,1,29.669631244226117,0.32354661842920146
20,SD004,JH_H014,T1,2,4.450444686633919,0.32354661842920146
20,SD004,JH_H014,T1,3,9.27175976382066,0.32354661842920146
20,SD004,JH_H014,T1,4,9.030694009961326,0.32354661842920146
20,SD004,JH_H014,T3,1,89.00889373267835,0.32354661842920146
20,SD004,JH_H014,T3,2,75.6575596727766,0.32354661842920146
20,SD004,JH_H014,T3,3,43.999999999999886,0.32354661842920146
20,SD004,S487,T2,2,240.8,1.2507354917512443
20,SD004,S487,T3,1,903.0,1.2507354917512443
20,SD004,S487,T3,2,226.82443686085674,1.2507354917512443
20,SD004,S626,T2,2,128.8,2.1097408109848033
20,SD004,S626,T3,1,483.0,2.1097408109848033
20,SD004,S626,T3,2,172.25,2.1097408109848033
20,SD004,S625,T2,1,178.00004431320588,2.077856378373978
20,SD004,S625,T2,2,265.6,2.077856378373978
20,SD004,S625,T3,1,996.0,2.077856378373978
20,SD004,S625,T3,2,614.2,2.077856378373978
20,SD004,S488,T2,2,275.5999999999998,1.8413665454132206
20,SD004,S488,T3,1,325.0,1.8413665454132206
20,SD004,S585,T2,1,173.0,1.0153546860217733
20,SD004,S585,T2,2,138.4,1.0153546860217733
20,SD004,S585,T2,3,138.4,1.0153546860217733
20,SD004,S585,T2,4,138.4,1.0153546860217733
20,SD004,S585,T3,1,519.0,1.0153546860217733
20,SD004,S585,T3,2,320.05,1.0153546860217733
20,SD004,S585,T3,3,320.05,1.0153546860217733
20,SD004,S585,T3,4,232.89999999999998,1.0153546860217733
20,SD004,S189,T2,1,489.0,70.34522776415513
20,SD004,S516,T2,1,350.0,2.8151316973303575
20,SD004,S516,T3,1,779.2052198363026,2.8151316973303575
20,SD004,S169,T2,1,346.0,66.86436752992087
20,SD004,S596,T2,1,157.0,1.2472733119337553
20,SD004,S596,T2,2,125.6,1.2472733119337553
20,SD004,S596,T2,3,125.6,1.2472733119337553
20,SD004,S596,T2,4,70.79999999999998,1.2472733119337553
20,SD004,S596,T3,1,471.0,1.2472733119337553
20,SD004,S596,T3,2,290.45000000000005,1.2472733119337553
20,SD004,S596,T3,3,290.45000000000005,1.2472733119337553
20,SD004,S301,T2,1,149.0,66.75326012915696
20,SD004,S586,T2,1,226.0,0.7669305123872737
20,SD004,S586,T2,2,180.8,0.7669305123872737
20,SD004,S586,T2,3,180.8,0.7669305123872737
20,SD004,S586,T2,4,180.8,0.7669305123872737
20,SD004,S586,T3,1,678.0,0.7669305123872737
20,SD004,S586,T3,2,418.1,0.7669305123872737
20,SD004,S586,T3,3,418.1,0.7669305123872737
20,SD004,S586,T3,4,418.1,0.7669305123872737
20,SD004,S362,T2,1,263.0,70.42724553478037
20,SD004,S662,T2,1,506.0,3.084617507958989
20,SD004,S662,T2,2,196.60000000000008,3.084617507958989
20,SD004,S662,T3,1,819.0,3.084617507958989
20,SD004,S583,T2,1,124.0,1.3098200579051456
20,SD004,S583,T2,2,99.2,1.3098200579051456
20,SD004,S583,T2,3,99.2,1.3098200579051456
20,SD004,S583,T3,1,372.0,1.3098200579051456
20,SD004,S583,T3,2,229.4,1.3098200579051456
20,SD004,S583,T3,3,229.4,1.3098200579051456
20,SD004,S477,T2,1,228.0,1.4997932513210326
20,SD004,S477,T2,2,182.4,1.4997932513210326
20,SD004,S477,T2,3,151.39999999999992,1.4997932513210326
20,SD004,S477,T3,1,684.0,1.4997932513210326
20,SD004,S477,T3,2,421.8,1.4997932513210326
20,SD004,S052,T2,1,44.218273257173564,69.32726244189244
20,SD004,S587,T2,1,149.0,1.6268730303347014
20,SD004,S587,T2,2,119.2,1.6268730303347014
20,SD004,S587,T2,3,85.60000000000004,1.6268730303347014
20,SD004,S587,T3,1,447.0,1.6268730303347014
20,SD004,S587,T3,2,275.65,1.6268730303347014
20,SD004,S019,T2,1,174.0,70.3533644531121
20,SD004,S249,T2,1,166.0,69.9189824220068
20,SD005,JH_H003,T3,3,18.25,16.1076975841419
20,SD005,JH_H011,T1,1,10.0,0.534981795654251
20,SD005,JH_H011,T1,2,1.5,0.534981795654251
20,SD005,JH_H011,T1,3,3.125,0.534981795654251
20,SD005,JH_H011,T1,4,3.04375,0.534981795654251
20,SD005,JH_H011,T3,1,30.0,0.534981795654251
20,SD005,JH_H011,T3,2,25.5,0.534981795654251
20,SD005,JH_H011,T3,3,23.75,0.534981795654251
20,SD005,JH_H011,T3,4,21.0,0.534981795654251
20,SD005,S576,T2,1,151.0,64.0609251320312
20,SD005,S516,T2,2,14.600000000000023,56.60126439380239
20,SD005,S516,T2,3,25.0,56.60126439380239
20,SD005,S516,T3,1,222.0,56.60126439380239
20,SD005,S516,T3,2,79.5,56.60126439380239
20,SD005,S662,T2,2,48.39999999999998,56.95075227594894
20,SD005,S587,T2,4,12.0,56.465784070688635
20,SD006,JH_H003,T1,1,378.0,2.76486819460775
20,SD006,JH_H003,T1,2,56.70000000000002,2.76486819460775
20,SD006,JH_H003,T1,3,118.12500000000003,2.76486819460775
20,SD006,JH_H003,T1,4,115.05374999999998,2.76486819460775
20,SD006,JH_H003,T3,1,1134.0,2.76486819460775
20,SD006,JH_H003,T3,2,963.9,2.76486819460775
20,SD006,JH_H003,T3,3,595.25,2.76486819460775
20,SD006,JH_H003,T3,4,237.8125,2.76486819460775
20,SD006,JH_H015,T1,1,50.0,0.645170244514547
20,SD006,JH_H015,T1,2,7.5,0.645170244514547
20,SD006,JH_H015,T1,3,15.625,0.645170244514547
20,SD006,JH_H015,T1,4,15.21875,0.645170244514547
20,SD006,JH_H015,T3,1,150.0,0.645170244514547
20,SD006,JH_H015,T3,2,127.5,0.645170244514547
20,SD006,JH_H015,T3,3,118.75,0.645170244514547
20,SD006,JH_H015,T3,4,119.1875,0.645170244514547
20,SD006,S396,T2,1,114.0,116.31132961803561
20,SD006,S768,T2,1,209.0,114.89442484329975
20,SD006,S557,T2,1,290.0,103.46815823012216
20,SD006,S794,T2,1,151.0,97.296247789955
20,SD006,S001,T2,1,8.0,96.66284671481966
20,SD006,S297,T2,1,339.0,104.35548660742765
20,SD006,S397,T2,1,174.0,111.32392139945415
20,SD006,S626,T2,3,128.8,71.16072456883458
20,SD006,S626,T3,2,125.60000000000002,71.16072456883458
20,SD006,S576,T2,1,498.0,79.62252650290161
20,SD006,S500,T2,2,204.0,71.66162320310904
20,SD006,S500,T3,1,765.0,71.66162320310904
20,SD006,S625,T2,3,265.6,71.15737565184527
20,SD006,S625,T2,4,214.0,71.15737565184527
20,SD006,S599,T2,2,87.2,72.54250883551236
20,SD006,S599,T3,1,327.0,72.54250883551236
20,SD006,S653,T2,2,180.8,71.95860830726068
20,SD006,S653,T3,1,678.0,71.95860830726068
20,SD006,S359,T2,1,278.0,125.35549684430904
20,SD006,S400,T2,1,71.0,108.7439912209304
20,SD006,S407,T2,2,179.2,72.5520713734699
20,SD006,S407,T3,1,602.2052198363026,72.5520713734699
20,SD006,S167,T2,1,166.0,124.44006894678701
20,SD006,S516,T2,2,265.4,71.56667790868094
20,SD006,S516,T3,1,48.794780163697396,71.56667790868094
20,SD006,S516,T3,2,568.0,71.56667790868094
20,SD006,S378,T2,1,272.0,120.62760433707786
20,SD006,S600,T2,2,154.4,72.43437422947342
20,SD006,S600,T3,1,579.0,72.43437422947342
20,SD006,S587,T2,3,33.599999999999966,71.22516661651865
20,SD007,JH_H002,T3,1,0.004315481043022373,56.31151722180492
20,SD007,JH_H007,T1,1,75.0,4.981102350506281
20,SD007,JH_H007,T1,2,11.25,4.981102350506281
20,SD007,JH_H007,T1,3,23.4375,4.981102350506281
20,SD007,JH_H007,T1,4,22.828125,4.981102350506281
20,SD007,JH_H007,T3,1,225.0,4.981102350506281
20,SD007,JH_H007,T3,2,191.25,4.981102350506281
20,SD007,JH_H007,T3,3,178.125,4.981102350506281
20,SD007,JH_H007,T3,4,100.0,4.981102350506281
20,SD007,S574,T2,1,333.0,55.30035441403435
20,SD007,S574,T2,2,266.4,55.30035441403435
20,SD007,S574,T2,3,120.0,55.30035441403435
20,SD007,S574,T2,4,60.0,55.30035441403435
20,SD007,S574,T3,1,983.995684518957,55.30035441403435
20,SD007,S574,T3,2,312.75,55.30035441403435
20,SD007,S574,T3,3,22.875,55.30035441403435
20,SD007,S646,T2,1,195.0,55.980994050691734
20,SD007,S646,T2,2,35.60000000000002,55.980994050691734
20,SD007,S614,T2,1,79.0,56.71053077279719
20,SD007,S051,T2,1,118.0,56.67533855897754
20,SD008,JH_H003,T3,3,10.375,36.223692885411175
20,SD008,JH_H010,T1,1,15.0,2.2723099352135923
20,SD008,JH_H010,T1,2,2.25,2.2723099352135923
20,SD008,JH_H010,T1,3,4.6875,2.2723099352135923
20,SD008,JH_H010,T1,4,4.565625,2.2723099352135923
20,SD008,JH_H010,T3,1,45.0,2.2723099352135923
20,SD008,JH_H010,T3,2,38.25,2.2723099352135923
20,SD008,JH_H010,T3,3,35.625,2.2723099352135923
20,SD008,JH_H010,T3,4,23.0,2.2723099352135923
20,SD008,S001,T2,1,166.0,63.758184190697605
20,SD008,S576,T2,2,47.200000000000045,54.01101080067525
20,SD008,S576,T2,3,27.0,54.01101080067525
20,SD008,S576,T2,4,13.0,54.01101080067525
20,SD008,S576,T3,1,57.0,54.01101080067525
20,SD008,S576,T3,2,76.75,54.01101080067525
20,SD008,S662,T2,2,21.799999999999955,59.96276202166144
20,SD008,S662,T3,1,175.0,59.96276202166144
20,SD009,JH_H002,T1,1,531.8951977610483,8.677094127999364
20,SD009,JH_H002,T1,2,79.78427966415728,8.677094127999364
20,SD009,JH_H002,T1,3,166.21724930032758,8.677094127999364
20,SD009,JH_H002,T1,4,161.89560081851909,8.677094127999364
20,SD009,JH_H012,T1,1,50.46817791272529,1.4576943447875488
20,SD009,JH_H012,T1,2,7.570226686908796,1.4576943447875488
20,SD009,JH_H012,T1,3,15.771305597726649,1.4576943447875488
20,SD009,JH_H012,T1,4,15.361251652185764,1.4576943447875488
20,SD009,JH_H012,T3,3,119.86192254272255,1.4576943447875488
20,SD009,JH_H012,T3,4,120.3035190994589,1.4576943447875488
20,SD009,JH_H014,T3,3,26.465374205037136,0.4466966349245021
20,SD009,JH_H014,T3,4,70.72498347842401,0.4466966349245021
20,SD009,S487,T2,1,301.0,1.0348611048750498
20,SD009,S487,T2,3,240.8,1.0348611048750498
20,SD009,S487,T2,4,240.8,1.0348611048750498
20,SD009,S487,T3,2,330.0255631391433,1.0348611048750498
20,SD009,S487,T3,3,556.85,1.0348611048750498
20,SD009,S487,T3,4,556.85,1.0348611048750498
20,SD009,S626,T2,1,161.0,2.229220505779742
20,SD009,S500,T2,1,255.0,3.511821886553356
20,SD009,S625,T2,1,153.99995568679412,2.2142342239044885
20,SD009,S476,T2,1,442.0,2.397830934450181
20,SD009,S476,T2,2,353.6,2.397830934450181
20,SD009,S476,T3,1,1326.0,2.397830934450181
20,SD009,S476,T3,2,817.7,2.397830934450181
20,SD009,S488,T2,1,887.0,1.4592468756210197
20,SD009,S488,T2,2,434.0000000000002,1.4592468756210197
20,SD009,S488,T2,3,709.6,1.4592468756210197
20,SD009,S488,T2,4,288.2,1.4592468756210197
20,SD009,S488,T3,1,2336.0,1.4592468756210197
20,SD009,S488,T3,2,1640.95,1.4592468756210197
20,SD009,S488,T3,3,1060.8227032522404,1.4592468756210197
20,SD009,S488,T3,4,46.97149742211704,1.4592468756210197
20,SD009,S599,T2,1,109.0,4.390423292539299
20,SD009,S474,T2,1,130.0,2.1392098877866896
20,SD009,S474,T2,2,104.0,2.1392098877866896
20,SD009,S474,T3,1,390.0,2.1392098877866896
20,SD009,S474,T3,2,240.5,2.1392098877866896
20,SD009,S585,T3,4,87.15000000000003,1.378762806137195
20,SD009,S653,T2,1,226.0,3.3728701796297083
20,SD009,S534,T2,1,220.0,6.589952614326456
20,SD009,S407,T2,1,224.0,5.206845854037303
20,SD009,S470,T2,1,159.0,3.004424742948205
20,SD009,S470,T2,2,127.2,3.004424742948205
20,SD009,S470,T3,1,477.0,3.004424742948205
20,SD009,S468,T2,1,258.0,2.5066937194501957
20,SD009,S468,T2,2,206.4,2.5066937194501957
20,SD009,S468,T3,1,774.0,2.5066937194501957
20,SD009,S468,T3,2,156.1244368608568,2.5066937194501957
20,SD009,S475,T2,1,411.0,2.2821384274382996
20,SD009,S475,T2,2,328.8,2.2821384274382996
20,SD009,S475,T3,1,1233.0,2.2821384274382996
20,SD009,S475,T3,2,760.35,2.2821384274382996
20,SD009,S555,T2,1,344.0,7.247923846154981
20,SD009,S527,T2,1,195.0,2.95674963336408
20,SD009,S527,T2,2,156.0,2.95674963336408
20,SD009,S527,T3,1,585.0,2.95674963336408
20,SD009,S652,T2,1,172.0,2.0922070322925164
20,SD009,S652,T2,2,137.6,2.0922070322925164
20,SD009,S652,T2,3,76.59999999999994,2.0922070322925164
20,SD009,S652,T3,1,516.0,2.0922070322925164
20,SD009,S652,T3,2,318.20000000000005,2.0922070322925164
20,SD009,S579,T2,1,185.0,4.964191600894386
20,SD009,S515,T2,1,79.0,2.325791786803242
20,SD009,S515,T2,2,63.2,2.325791786803242
20,SD009,S515,T3,1,237.0,2.325791786803242
20,SD009,S515,T3,2,146.15,2.325791786803242
20,SD009,S600,T2,1,193.0,4.0691848180766375
20,SD009,S492,T2,1,479.0,4.001671156251342
20,SD009,S492,T2,2,383.2,4.001671156251342
20,SD009,S492,T3,1,1437.0,4.001671156251342
20,SD009,S609,T2,1,112.0,3.6639555424998242
20,SD009,S609,T2,2,89.6,3.6639555424998242
20,SD009,S609,T3,1,336.0,3.6639555424998242
20,SD009,S481,T2,1,193.0,4.440707825216017
20,SD009,S481,T2,2,11.999999999999659,4.440707825216017
20,SD009,S392,T2,1,109.00004431320588,6.347810373558756
20,SD009,S477,T2,3,31.000000000000085,1.76324660679698
20,SD009,S519,T2,1,40.0,4.79292685895804
20,SD009,S467,T2,1,93.0,3.667708178553188
20,SD009,S467,T2,2,74.4,3.667708178553188
20,SD009,S467,T3,1,279.0,3.667708178553188
20,SD009,S473,T2,1,220.0,2.681359796816352
20,SD009,S473,T2,2,176.0,2.681359796816352
20,SD009,S473,T3,1,660.0,2.681359796816352
20,SD010,S576,T2,2,472.0,1.5750823381651595
20,SD010,S576,T2,3,189.0,1.5750823381651595
20,SD010,S576,T2,4,94.0,1.5750823381651595
20,SD010,S576,T3,1,1890.0,1.5750823381651595
20,SD010,S576,T3,2,787.0,1.5750823381651595
20,SD010,S576,T3,3,315.0,1.5750823381651595
20,SD010,S576,T3,4,157.0,1.5750823381651595
20,SD010,S168,T2,1,420.0,45.324816709689756
20,SD010,S358,T2,1,143.0,46.243163600968444
20,SD010,S359,T2,1,111.0,46.12721099547114
20,SD010,S075,T2,1,128.0,47.41663678391791
20,SD010,S445,T2,1,63.0,45.74269378818629
20,SD010,S401,T2,1,269.0,45.16267111899092
20,SD011,JH_H001,T2,2,409.0,18.95427518527753
20,SD011,JH_H001,T2,3,163.0,18.95427518527753
20,SD011,JH_H001,T2,4,81.0,18.95427518527753
20,SD011,JH_H001,T3,1,1308.0,18.95427518527753
20,SD011,JH_H001,T3,2,401.5,18.95427518527753
20,SD011,JH_H001,T3,3,11.75,18.95427518527753
20,SD011,JH_H006,T1,1,110.0,1.7150550139812313
20,SD011,JH_H006,T1,2,16.5,1.7150550139812313
20,SD011,JH_H006,T1,3,34.375,1.7150550139812313
20,SD011,JH_H006,T1,4,33.48125000000001,1.7150550139812313
20,SD011,JH_H006,T3,1,330.0,1.7150550139812313
20,SD011,JH_H006,T3,2,280.5,1.7150550139812313
20,SD011,JH_H006,T3,3,261.25,1.7150550139812313
20,SD011,JH_H006,T3,4,136.0,1.7150550139812313
20,SD011,S193,T2,1,42.218273257173564,57.98767356151768
20,SD011,S113,T2,1,205.0,57.764653293260956
20,SD011,S143,T2,1,123.0,56.10496885568485
20,SD011,S052,T2,1,129.78172674282644,56.72315593616297
20,SD011,S241,T2,1,228.0,57.78920416255945
20,SD011,S384,T2,1,221.0,56.81215208513142
20,SD011,S429,T2,1,33.0,54.92619755416661
