scenario_id,facility_id,staff_type,period,extra_staff
1,JH_H001,doctor,1,40.484533682610504
1,JH_H002,doctor,1,11.061343813168918
1,JH_H003,doctor,1,19.5
1,JH_H004,doctor,1,7.500000000000021
1,JH_H006,doctor,1,5.5
1,JH_H007,doctor,1,3.75
1,JH_H008,doctor,1,1.5
1,JH_H009,doctor,1,0.5
1,JH_H010,doctor,1,0.75
1,JH_H011,doctor,1,0.5
1,JH_H012,doctor,1,0.34938072778526674
1,JH_H015,doctor,1,2.5
1,S396,doctor,1,28.5
1,S768,doctor,1,52.25
1,S557,doctor,1,72.5
1,S794,doctor,1,37.75
1,S001,doctor,1,43.5
1,S297,doctor,1,84.75
1,S397,doctor,1,43.5
1,S574,doctor,1,83.25
1,S574,doctor,2,66.6
1,S574,doctor,3,33.5
1,S574,doctor,4,16.75
1,S487,doctor,1,75.25
1,S487,doctor,2,60.2
1,S487,doctor,3,60.2
1,S487,doctor,4,60.2
1,S626,doctor,1,40.25
1,S626,doctor,2,32.2
1,S626,doctor,3,32.2
1,S576,doctor,1,162.25
1,S576,doctor,2,129.8
1,S576,doctor,3,75.25
1,S576,doctor,4,37.5
1,S500,doctor,1,63.75
1,S500,doctor,2,51.0
1,S500,doctor,3,51.0
1,S500,doctor,4,34.25
1,S168,doctor,1,105.0
1,S625,doctor,1,83.0
1,S625,doctor,2,66.4
1,S625,doctor,3,66.4
1,S625,doctor,4,59.5
1,S615,doctor,1,81.75
1,S615,doctor,2,2.647358919198609
1,S476,doctor,1,110.5
1,S476,doctor,2,88.4
1,S488,doctor,1,221.75
1,S488,doctor,2,177.4
1,S488,doctor,3,177.4
1,S488,doctor,4,86.8
1,S194,doctor,1,110.5
1,S599,doctor,1,27.25
1,S599,doctor,2,21.8
1,S358,doctor,1,35.75
1,S356,doctor,1,39.75
1,S387,doctor,1,16.25
1,S474,doctor,1,32.5
1,S474,doctor,2,26.0
1,S474,doctor,3,26.0
1,S585,doctor,1,43.25
1,S585,doctor,2,34.6
1,S585,doctor,3,34.6
1,S585,doctor,4,34.6
1,S653,doctor,1,56.5
1,S653,doctor,2,45.2
1,S359,doctor,1,97.25
1,S400,doctor,1,17.75
1,S534,doctor,1,55.0
1,S407,doctor,1,56.0
1,S407,doctor,2,44.8
1,S407,doctor,3,17.5
1,S167,doctor,1,41.5
1,S189,doctor,1,122.25
1,S470,doctor,1,39.75
1,S470,doctor,2,31.8
1,S468,doctor,1,64.5
1,S468,doctor,2,51.6
1,S075,doctor,1,47.0
1,S646,doctor,1,48.75
1,S646,doctor,2,39.0
1,S516,doctor,1,87.5
1,S516,doctor,2,70.0
1,S516,doctor,3,28.99999999999997
1,S475,doctor,1,102.75
1,S475,doctor,2,82.2
1,S394,doctor,1,107.5
1,S394,doctor,2,86.0
1,S386,doctor,1,33.75
1,S169,doctor,1,86.5
1,S596,doctor,1,39.25
1,S596,doctor,2,31.4
1,S596,doctor,3,31.4
1,S596,doctor,4,28.700000000000003
1,S555,doctor,1,86.0
1,S527,doctor,1,48.75
1,S527,doctor,2,39.0
1,S652,doctor,1,43.0
1,S652,doctor,2,34.4
1,S652,doctor,3,34.4
1,S579,doctor,1,46.25
1,S579,doctor,2,37.0
1,S378,doctor,1,111.25
1,S301,doctor,1,37.25
1,S215,doctor,1,38.5
1,S586,doctor,1,56.5
1,S586,doctor,2,45.2
1,S586,doctor,3,45.2
1,S586,doctor,4,45.2
1,S214,doctor,1,60.75
1,S362,doctor,1,65.75
1,S193,doctor,1,43.0
1,S515,doctor,1,19.75
1,S515,doctor,2,15.8
1,S600,doctor,1,48.25
1,S600,doctor,2,38.6
1,S160,doctor,1,30.5
1,S113,doctor,1,51.25
1,S492,doctor,1,119.75
1,S492,doctor,2,95.8
1,S445,doctor,1,15.75
1,S610,doctor,1,36.0
1,S610,doctor,2,28.8
1,S609,doctor,1,28.0
1,S609,doctor,2,22.4
1,S614,doctor,1,31.25
1,S364,doctor,1,25.75
1,S481,doctor,1,48.25
1,S481,doctor,2,38.6
1,S662,doctor,1,126.5
1,S662,doctor,2,101.2
1,S583,doctor,1,31.0
1,S583,doctor,2,24.8
1,S583,doctor,3,24.8
1,S051,doctor,1,125.5
1,S051,doctor,2,41.2
1,S051,doctor,3,11.7
1,S051,doctor,4,1.9500000000000002
1,S161,doctor,1,38.76545381979261
1,S392,doctor,1,128.75
1,S392,doctor,2,103.0
1,S477,doctor,1,57.0
1,S477,doctor,2,45.6
1,S477,doctor,3,45.6
1,S228,doctor,1,46.25
1,S186,doctor,1,35.25
1,S143,doctor,1,30.75
1,S052,doctor,1,43.5
1,S227,doctor,1,50.75
1,S519,doctor,1,10.0
1,S519,doctor,2,8.0
1,S401,doctor,1,67.25
1,S241,doctor,1,57.0
1,S587,doctor,1,37.25
1,S587,doctor,2,29.8
1,S587,doctor,3,29.8
1,S587,doctor,4,3.25
1,S019,doctor,1,43.5
1,S467,doctor,1,23.25
1,S467,doctor,2,18.6
1,S473,doctor,1,55.0
1,S473,doctor,2,44.0
1,S384,doctor,1,55.25
1,S402,doctor,1,9.75
1,S402,doctor,2,7.8
1,S402,doctor,3,7.8
1,S402,doctor,4,7.8
1,S611,doctor,1,32.25
1,S611,doctor,2,25.8
1,S249,doctor,1,41.5
1,S429,doctor,1,8.25
1,JH_H007,nurse,1,0.5
1,JH_H010,nurse,1,0.5
1,S396,nurse,1,14.25
1,S768,nurse,1,26.125
1,S557,nurse,1,36.25
1,S794,nurse,1,18.875
1,S001,nurse,1,21.75
1,S297,nurse,1,42.375
1,S397,nurse,1,21.75
1,S574,nurse,1,166.5
1,S574,nurse,2,79.39375
1,S574,nurse,3,22.484375
1,S574,nurse,4,8.375
1,S487,nurse,1,150.5
1,S487,nurse,2,99.70625000000001
1,S487,nurse,3,99.70625000000001
1,S487,nurse,4,99.70625000000001
1,S626,nurse,1,80.5
1,S626,nurse,2,53.331250000000004
1,S626,nurse,3,16.1
1,S576,nurse,1,324.5
1,S576,nurse,2,214.55625
1,S576,nurse,3,91.15625
1,S576,nurse,4,42.67578125
1,S500,nurse,1,127.5
1,S500,nurse,2,84.46875
1,S500,nurse,3,25.5
1,S500,nurse,4,17.125
1,S168,nurse,1,52.5
1,S625,nurse,1,166.0
1,S625,nurse,2,109.97500000000001
1,S625,nurse,3,33.2
1,S625,nurse,4,29.75
1,S615,nurse,1,40.875
1,S615,nurse,2,1.3236794595993044
1,S476,nurse,1,221.0
1,S476,nurse,2,146.41250000000002
1,S488,nurse,1,443.5
1,S488,nurse,2,293.81875
1,S488,nurse,3,249.678860385755
1,S488,nurse,4,71.43620729999759
1,S194,nurse,1,55.25
1,S599,nurse,1,54.5
1,S599,nurse,2,10.9
1,S358,nurse,1,17.875
1,S356,nurse,1,19.875
1,S387,nurse,1,8.125
1,S474,nurse,1,65.0
1,S474,nurse,2,43.0625
1,S474,nurse,3,13.0
1,S585,nurse,1,86.5
1,S585,nurse,2,57.306250000000006
1,S585,nurse,3,57.306250000000006
1,S585,nurse,4,57.306250000000006
1,S653,nurse,1,113.0
1,S653,nurse,2,37.78125437415886
1,S359,nurse,1,48.625
1,S400,nurse,1,8.875
1,S534,nurse,1,27.5
1,S407,nurse,1,112.0
1,S407,nurse,2,74.2
1,S407,nurse,3,8.75
1,S167,nurse,1,20.75
1,S189,nurse,1,61.125
1,S470,nurse,1,79.5
1,S470,nurse,2,15.9
1,S468,nurse,1,129.0
1,S468,nurse,2,85.4625
1,S075,nurse,1,23.5
1,S646,nurse,1,97.5
1,S646,nurse,2,19.5
1,S516,nurse,1,175.0
1,S516,nurse,2,115.9375
1,S516,nurse,3,14.499999999999986
1,S475,nurse,1,205.5
1,S475,nurse,2,136.14375
1,S394,nurse,1,215.0
1,S394,nurse,2,43.0
1,S386,nurse,1,16.875
1,S169,nurse,1,43.25
1,S596,nurse,1,78.5
1,S596,nurse,2,52.00625000000001
1,S596,nurse,3,52.00625000000001
1,S596,nurse,4,14.350000000000001
1,S555,nurse,1,43.0
1,S527,nurse,1,97.5
1,S527,nurse,2,19.5
1,S652,nurse,1,86.0
1,S652,nurse,2,56.97500000000001
1,S652,nurse,3,17.2
1,S579,nurse,1,92.5
1,S579,nurse,2,18.5
1,S378,nurse,1,55.625
1,S301,nurse,1,18.625
1,S215,nurse,1,19.25
1,S586,nurse,1,113.0
1,S586,nurse,2,74.86250000000001
1,S586,nurse,3,74.86250000000001
1,S586,nurse,4,74.86250000000001
1,S214,nurse,1,30.375
1,S362,nurse,1,32.875
1,S193,nurse,1,21.5
1,S515,nurse,1,39.5
1,S515,nurse,2,26.168750000000003
1,S600,nurse,1,96.5
1,S600,nurse,2,19.3
1,S160,nurse,1,15.25
1,S113,nurse,1,25.625
1,S492,nurse,1,239.5
1,S492,nurse,2,47.9
1,S445,nurse,1,7.875
1,S610,nurse,1,72.0
1,S610,nurse,2,14.4
1,S609,nurse,1,56.0
1,S609,nurse,2,11.2
1,S614,nurse,1,15.625
1,S364,nurse,1,12.875
1,S481,nurse,1,96.5
1,S481,nurse,2,19.3
1,S662,nurse,1,253.0
1,S662,nurse,2,63.933563490982074
1,S583,nurse,1,62.0
1,S583,nurse,2,41.075
1,S583,nurse,3,41.075
1,S051,nurse,1,62.75
1,S051,nurse,2,20.6
1,S051,nurse,3,5.85
1,S051,nurse,4,0.9750000000000001
1,S161,nurse,1,19.382726909896306
1,S392,nurse,1,254.44389822468486
1,S392,nurse,2,51.5
1,S477,nurse,1,114.0
1,S477,nurse,2,75.525
1,S477,nurse,3,38.086307480000336
1,S228,nurse,1,23.125
1,S186,nurse,1,17.625
1,S143,nurse,1,15.375
1,S052,nurse,1,21.75
1,S227,nurse,1,25.375
1,S519,nurse,1,20.0
1,S519,nurse,2,4.0
1,S401,nurse,1,33.625
1,S241,nurse,1,28.5
1,S587,nurse,1,74.5
1,S587,nurse,2,49.356249999999996
1,S587,nurse,3,14.9
1,S587,nurse,4,1.625
1,S019,nurse,1,21.75
1,S467,nurse,1,46.5
1,S467,nurse,2,9.3
1,S473,nurse,1,110.0
1,S473,nurse,2,72.875
1,S384,nurse,1,27.625
1,S402,nurse,1,19.5
1,S402,nurse,2,12.918750000000001
1,S402,nurse,3,11.24375
1,S402,nurse,4,3.9
1,S611,nurse,1,16.125
1,S611,nurse,2,12.9
1,S249,nurse,1,20.75
1,S429,nurse,1,4.125
2,JH_H001,doctor,1,43.64483723408924
2,JH_H002,doctor,1,17.351303801582503
2,JH_H003,doctor,1,19.5
2,JH_H004,doctor,1,7.5
2,JH_H006,doctor,1,5.5
2,JH_H007,doctor,1,3.75
2,JH_H008,doctor,1,1.5
2,JH_H009,doctor,1,0.5
2,JH_H010,doctor,1,0.75
2,JH_H011,doctor,1,0.5
2,JH_H012,doctor,1,1.2297118876244557
2,JH_H013,doctor,1,0.5378167932141569
2,JH_H014,doctor,1,0.08140260724998605
2,JH_H015,doctor,1,2.5
2,S768,doctor,1,10.605162765910762
2,S557,doctor,1,72.5
2,S794,doctor,1,37.75
2,S001,doctor,1,43.5
2,S297,doctor,1,84.75
2,S397,doctor,1,43.5
2,S574,doctor,1,83.25
2,S574,doctor,2,61.099992502024385
2,S574,doctor,3,22.25
2,S574,doctor,4,11.0
2,S487,doctor,1,75.25
2,S487,doctor,2,60.2
2,S487,doctor,3,60.2
2,S487,doctor,4,60.2
2,S626,doctor,1,40.25
2,S626,doctor,2,32.2
2,S626,doctor,3,13.099999999999994
2,S576,doctor,1,162.25
2,S576,doctor,2,126.0
2,S576,doctor,3,50.25
2,S576,doctor,4,25.0
2,S500,doctor,1,63.75
2,S500,doctor,2,51.0
2,S500,doctor,3,45.75
2,S500,doctor,4,22.75
2,S625,doctor,1,83.0
2,S625,doctor,2,66.4
2,S625,doctor,3,66.4
2,S625,doctor,4,39.75
2,S615,doctor,1,81.75
2,S476,doctor,1,110.5
2,S476,doctor,2,88.4
2,S488,doctor,1,221.75
2,S488,doctor,2,177.4
2,S488,doctor,3,136.3
2,S488,doctor,4,30.749999999999993
2,S599,doctor,1,27.25
2,S474,doctor,1,32.5
2,S474,doctor,2,26.0
2,S585,doctor,1,43.25
2,S585,doctor,2,34.6
2,S585,doctor,3,34.6
2,S585,doctor,4,34.6
2,S653,doctor,1,56.5
2,S653,doctor,2,45.2
2,S400,doctor,1,17.75
2,S534,doctor,1,55.0
2,S407,doctor,1,56.0
2,S407,doctor,2,44.8
2,S470,doctor,1,39.75
2,S468,doctor,1,64.5
2,S468,doctor,2,51.6
2,S646,doctor,1,48.75
2,S516,doctor,1,87.5
2,S516,doctor,2,70.0
2,S475,doctor,1,102.75
2,S475,doctor,2,82.2
2,S394,doctor,1,107.5
2,S596,doctor,1,39.25
2,S596,doctor,2,31.4
2,S596,doctor,3,31.4
2,S555,doctor,1,86.0
2,S527,doctor,1,48.75
2,S652,doctor,1,43.0
2,S652,doctor,2,34.4
2,S579,doctor,1,46.25
2,S301,doctor,1,37.25
2,S586,doctor,1,56.5
2,S586,doctor,2,45.2
2,S586,doctor,3,45.2
2,S586,doctor,4,45.2
2,S515,doctor,1,19.75
2,S515,doctor,2,15.8
2,S600,doctor,1,48.25
2,S492,doctor,1,119.75
2,S610,doctor,1,36.0
2,S609,doctor,1,28.0
2,S614,doctor,1,31.25
2,S481,doctor,1,48.25
2,S662,doctor,1,126.5
2,S662,doctor,2,101.2
2,S583,doctor,1,31.0
2,S583,doctor,2,24.8
2,S583,doctor,3,24.8
2,S051,doctor,1,125.5
2,S051,doctor,2,24.95
2,S051,doctor,3,5.2
2,S392,doctor,1,128.75
2,S477,doctor,1,57.0
2,S477,doctor,2,45.6
2,S477,doctor,3,8.999999999999993
2,S519,doctor,1,10.0
2,S587,doctor,1,37.25
2,S587,doctor,2,29.8
2,S587,doctor,3,4.5
2,S587,doctor,4,2.25
2,S467,doctor,1,23.25
2,S473,doctor,1,55.0
2,S473,doctor,2,15.70000000000002
2,S402,doctor,1,9.75
2,S402,doctor,2,7.8
2,S402,doctor,3,7.8
2,S402,doctor,4,6.5
2,S611,doctor,1,32.25
2,S429,doctor,1,8.25
2,JH_H007,nurse,1,0.5
2,JH_H010,nurse,1,0.5
2,S768,nurse,1,5.302581382955381
2,S557,nurse,1,36.25
2,S794,nurse,1,18.875
2,S001,nurse,1,21.75
2,S297,nurse,1,42.375
2,S397,nurse,1,21.75
2,S574,nurse,1,125.875
2,S574,nurse,2,53.39374625101219
2,S574,nurse,3,11.125
2,S574,nurse,4,5.5
2,S487,nurse,1,150.5
2,S487,nurse,2,99.70625000000001
2,S487,nurse,3,99.70625000000001
2,S487,nurse,4,99.70625000000001
2,S626,nurse,1,80.5
2,S626,nurse,2,53.331250000000004
2,S626,nurse,3,6.549999999999997
2,S576,nurse,1,324.375
2,S576,nurse,2,160.15625
2,S576,nurse,3,59.703125
2,S576,nurse,4,27.125
2,S500,nurse,1,127.5
2,S500,nurse,2,73.1875
2,S500,nurse,3,22.875
2,S500,nurse,4,11.375
2,S625,nurse,1,166.0
2,S625,nurse,2,109.97500000000001
2,S625,nurse,3,33.2
2,S625,nurse,4,19.875
2,S615,nurse,1,40.875
2,S476,nurse,1,221.0
2,S476,nurse,2,44.2
2,S488,nurse,1,443.5
2,S488,nurse,2,293.81875
2,S488,nurse,3,136.9868015373366
2,S488,nurse,4,15.374999999999996
2,S599,nurse,1,13.625
2,S474,nurse,1,65.0
2,S474,nurse,2,43.0625
2,S585,nurse,1,86.5
2,S585,nurse,2,57.306250000000006
2,S585,nurse,3,57.306250000000006
2,S585,nurse,4,28.047574521155838
2,S653,nurse,1,113.0
2,S653,nurse,2,22.6
2,S400,nurse,1,8.875
2,S534,nurse,1,27.5
2,S407,nurse,1,112.0
2,S407,nurse,2,22.4
2,S470,nurse,1,19.875
2,S468,nurse,1,129.0
2,S468,nurse,2,25.8
2,S646,nurse,1,24.375
2,S516,nurse,1,175.0
2,S516,nurse,2,35.0
2,S475,nurse,1,205.5
2,S475,nurse,2,58.8158290190351
2,S394,nurse,1,53.75
2,S596,nurse,1,78.5
2,S596,nurse,2,52.00625000000001
2,S596,nurse,3,44.306250000000006
2,S555,nurse,1,43.0
2,S527,nurse,1,24.375
2,S652,nurse,1,86.0
2,S652,nurse,2,56.97500000000001
2,S579,nurse,1,23.125
2,S301,nurse,1,18.625
2,S586,nurse,1,113.0
2,S586,nurse,2,74.86250000000001
2,S586,nurse,3,74.86250000000001
2,S586,nurse,4,74.86250000000001
2,S515,nurse,1,39.5
2,S515,nurse,2,7.9
2,S600,nurse,1,24.125
2,S492,nurse,1,59.875
2,S610,nurse,1,18.0
2,S609,nurse,1,14.0
2,S614,nurse,1,15.625
2,S481,nurse,1,24.125
2,S662,nurse,1,92.97660306786707
2,S662,nurse,2,50.6
2,S583,nurse,1,62.0
2,S583,nurse,2,41.075
2,S583,nurse,3,12.4
2,S051,nurse,1,62.75
2,S051,nurse,2,12.475
2,S051,nurse,3,2.6
2,S392,nurse,1,64.375
2,S477,nurse,1,114.0
2,S477,nurse,2,75.525
2,S477,nurse,3,4.4999999999999964
2,S519,nurse,1,5.0
2,S587,nurse,1,74.5
2,S587,nurse,2,49.356249999999996
2,S587,nurse,3,2.25
2,S587,nurse,4,1.125
2,S467,nurse,1,11.625
2,S473,nurse,1,110.0
2,S473,nurse,2,7.85000000000001
2,S402,nurse,1,19.5
2,S402,nurse,2,12.918750000000001
2,S402,nurse,3,5.86875
2,S402,nurse,4,3.25
2,S611,nurse,1,16.125
2,S429,nurse,1,4.125
3,JH_H001,doctor,1,39.1228352810856
3,JH_H002,doctor,1,8.351152110896948
3,JH_H003,doctor,1,19.5
3,JH_H004,doctor,1,7.500000000000021
3,JH_H006,doctor,1,5.5
3,JH_H007,doctor,1,3.75
3,JH_H008,doctor,1,1.5
3,JH_H009,doctor,1,0.5
3,JH_H010,doctor,1,0.75
3,JH_H011,doctor,1,0.5
3,JH_H015,doctor,1,2.5
3,S396,doctor,1,28.5
3,S768,doctor,1,52.25
3,S557,doctor,1,72.5
3,S794,doctor,1,37.75
3,S001,doctor,1,43.5
3,S001,doctor,2,21.75
3,S297,doctor,1,84.75
3,S209,doctor,1,56.0
3,S397,doctor,1,43.5
3,S574,doctor,1,83.25
3,S574,doctor,2,66.6
3,S574,doctor,3,38.25
3,S574,doctor,4,19.0
3,S487,doctor,1,75.25
3,S487,doctor,2,60.2
3,S487,doctor,3,60.2
3,S487,doctor,4,60.2
3,S626,doctor,1,40.25
3,S626,doctor,2,32.2
3,S626,doctor,3,32.2
3,S626,doctor,4,1.5999999999999943
3,S576,doctor,1,162.25
3,S576,doctor,2,129.8
3,S576,doctor,3,86.25
3,S576,doctor,4,43.0
3,S500,doctor,1,63.75
3,S500,doctor,2,51.0
3,S500,doctor,3,51.0
3,S500,doctor,4,39.0
3,S168,doctor,1,105.0
3,S625,doctor,1,83.0
3,S625,doctor,2,66.4
3,S625,doctor,3,66.4
3,S625,doctor,4,66.4
3,S615,doctor,1,81.75
3,S615,doctor,2,65.4
3,S476,doctor,1,110.5
3,S476,doctor,2,88.4
3,S488,doctor,1,221.75
3,S488,doctor,2,177.4
3,S488,doctor,3,177.4
3,S488,doctor,4,107.8
3,S194,doctor,1,110.5
3,S016,doctor,1,36.62715020692556
3,S599,doctor,1,27.25
3,S599,doctor,2,21.8
3,S358,doctor,1,35.75
3,S356,doctor,1,39.75
3,S387,doctor,1,16.25
3,S474,doctor,1,32.5
3,S474,doctor,2,26.0
3,S474,doctor,3,26.0
3,S585,doctor,1,43.25
3,S585,doctor,2,34.6
3,S585,doctor,3,34.6
3,S585,doctor,4,34.6
3,S147,doctor,1,51.25
3,S296,doctor,1,49.25
3,S653,doctor,1,56.5
3,S653,doctor,2,45.2
3,S359,doctor,1,97.25
3,S400,doctor,1,17.75
3,S534,doctor,1,55.0
3,S534,doctor,2,44.0
3,S407,doctor,1,56.0
3,S407,doctor,2,44.8
3,S407,doctor,3,27.25
3,S167,doctor,1,41.5
3,S189,doctor,1,122.25
3,S470,doctor,1,39.75
3,S470,doctor,2,31.8
3,S468,doctor,1,64.5
3,S468,doctor,2,51.6
3,S075,doctor,1,47.0
3,S646,doctor,1,48.75
3,S646,doctor,2,39.0
3,S516,doctor,1,87.5
3,S516,doctor,2,70.0
3,S516,doctor,3,70.0
3,S475,doctor,1,102.75
3,S475,doctor,2,82.2
3,S475,doctor,3,50.24999999999996
3,S394,doctor,1,107.5
3,S394,doctor,2,86.0
3,S386,doctor,1,33.75
3,S169,doctor,1,86.5
3,S596,doctor,1,39.25
3,S596,doctor,2,31.4
3,S596,doctor,3,31.4
3,S596,doctor,4,31.4
3,S555,doctor,1,86.0
3,S555,doctor,2,27.551731775131557
3,S527,doctor,1,48.75
3,S527,doctor,2,39.0
3,S652,doctor,1,43.0
3,S652,doctor,2,34.4
3,S652,doctor,3,34.4
3,S579,doctor,1,46.25
3,S579,doctor,2,37.0
3,S378,doctor,1,111.25
3,S301,doctor,1,37.25
3,S215,doctor,1,38.5
3,S586,doctor,1,56.5
3,S586,doctor,2,45.2
3,S586,doctor,3,45.2
3,S586,doctor,4,45.2
3,S246,doctor,1,35.0
3,S214,doctor,1,60.75
3,S362,doctor,1,65.75
3,S193,doctor,1,43.0
3,S515,doctor,1,19.75
3,S515,doctor,2,15.8
3,S600,doctor,1,48.25
3,S600,doctor,2,38.6
3,S160,doctor,1,30.5
3,S113,doctor,1,51.25
3,S492,doctor,1,119.75
3,S492,doctor,2,95.8
3,S445,doctor,1,15.75
3,S610,doctor,1,36.0
3,S610,doctor,2,28.8
3,S609,doctor,1,28.0
3,S609,doctor,2,22.4
3,S062,doctor,1,43.5
3,S200,doctor,1,67.75
3,S614,doctor,1,31.25
3,S614,doctor,2,25.0
3,S364,doctor,1,25.75
3,S481,doctor,1,48.25
3,S481,doctor,2,38.6
3,S662,doctor,1,126.5
3,S662,doctor,2,101.2
3,S583,doctor,1,31.0
3,S583,doctor,2,24.8
3,S583,doctor,3,24.8
3,S583,doctor,4,12.800000000000004
3,S051,doctor,1,125.5
3,S051,doctor,2,100.4
3,S051,doctor,3,14.45
3,S051,doctor,4,3.2
3,S161,doctor,1,40.0
3,S198,doctor,1,101.0
3,S392,doctor,1,128.75
3,S392,doctor,2,103.0
3,S477,doctor,1,57.0
3,S477,doctor,2,45.6
3,S477,doctor,3,45.6
3,S228,doctor,1,46.25
3,S186,doctor,1,35.25
3,S143,doctor,1,30.75
3,S052,doctor,1,43.5
3,S195,doctor,1,110.0
3,S227,doctor,1,50.75
3,S519,doctor,1,10.0
3,S519,doctor,2,8.0
3,S401,doctor,1,67.25
3,S241,doctor,1,57.0
3,S587,doctor,1,37.25
3,S587,doctor,2,29.8
3,S587,doctor,3,29.8
3,S587,doctor,4,3.75
3,S019,doctor,1,43.5
3,S467,doctor,1,23.25
3,S467,doctor,2,18.6
3,S473,doctor,1,55.0
3,S473,doctor,2,44.0
3,S384,doctor,1,55.25
3,S402,doctor,1,9.75
3,S402,doctor,2,7.8
3,S402,doctor,3,7.8
3,S402,doctor,4,7.8
3,S213,doctor,1,138.0
3,S611,doctor,1,32.25
3,S611,doctor,2,25.8
3,S212,doctor,1,68.0
3,S249,doctor,1,41.5
3,S429,doctor,1,8.25
3,JH_H007,nurse,1,0.5
3,JH_H010,nurse,1,0.5
3,S396,nurse,1,14.25
3,S768,nurse,1,26.125
3,S557,nurse,1,36.25
3,S794,nurse,1,18.875
3,S001,nurse,1,60.125
3,S001,nurse,2,10.875
3,S297,nurse,1,42.375
3,S209,nurse,1,28.0
3,S397,nurse,1,21.75
3,S574,nurse,1,166.5
3,S574,nurse,2,108.31218077875414
3,S574,nurse,3,28.859375
3,S574,nurse,4,9.5
3,S487,nurse,1,150.5
3,S487,nurse,2,99.70625000000001
3,S487,nurse,3,99.70625000000001
3,S487,nurse,4,99.70625000000001
3,S626,nurse,1,80.5
3,S626,nurse,2,53.331250000000004
3,S626,nurse,3,16.1
3,S626,nurse,4,0.7999999999999972
3,S576,nurse,1,324.5
3,S576,nurse,2,214.98125000000002
3,S576,nurse,3,107.578125
3,S576,nurse,4,49.92578125
3,S500,nurse,1,127.5
3,S500,nurse,2,84.46875
3,S500,nurse,3,32.656249746040196
3,S500,nurse,4,19.5
3,S168,nurse,1,52.5
3,S625,nurse,1,166.0
3,S625,nurse,2,109.97500000000001
3,S625,nurse,3,33.2
3,S625,nurse,4,33.2
3,S615,nurse,1,163.5
3,S615,nurse,2,32.7
3,S476,nurse,1,221.0
3,S476,nurse,2,146.41250000000002
3,S488,nurse,1,443.5
3,S488,nurse,2,293.81875
3,S488,nurse,3,285.25429506629956
3,S488,nurse,4,102.14702070982034
3,S194,nurse,1,55.25
3,S016,nurse,1,18.31357510346278
3,S599,nurse,1,54.5
3,S599,nurse,2,10.9
3,S358,nurse,1,17.875
3,S356,nurse,1,19.875
3,S387,nurse,1,8.125
3,S474,nurse,1,65.0
3,S474,nurse,2,43.0625
3,S474,nurse,3,13.0
3,S585,nurse,1,86.5
3,S585,nurse,2,57.306250000000006
3,S585,nurse,3,57.306250000000006
3,S585,nurse,4,57.306250000000006
3,S147,nurse,1,25.625
3,S296,nurse,1,24.625
3,S653,nurse,1,113.0
3,S653,nurse,2,74.86250000000001
3,S359,nurse,1,48.625
3,S400,nurse,1,8.875
3,S534,nurse,1,110.0
3,S534,nurse,2,22.0
3,S407,nurse,1,112.0
3,S407,nurse,2,74.2
3,S407,nurse,3,13.625
3,S167,nurse,1,20.75
3,S189,nurse,1,61.125
3,S470,nurse,1,79.5
3,S470,nurse,2,45.10953277381349
3,S468,nurse,1,129.0
3,S468,nurse,2,85.4625
3,S075,nurse,1,23.5
3,S646,nurse,1,97.5
3,S646,nurse,2,19.5
3,S516,nurse,1,175.0
3,S516,nurse,2,115.9375
3,S516,nurse,3,35.0
3,S475,nurse,1,205.5
3,S475,nurse,2,136.14375
3,S475,nurse,3,25.12499999999998
3,S394,nurse,1,215.0
3,S394,nurse,2,43.0
3,S386,nurse,1,16.875
3,S169,nurse,1,43.25
3,S596,nurse,1,78.5
3,S596,nurse,2,52.00625000000001
3,S596,nurse,3,52.00625000000001
3,S596,nurse,4,26.806249999999995
3,S555,nurse,1,43.0
3,S555,nurse,2,13.775865887565779
3,S527,nurse,1,97.5
3,S527,nurse,2,64.59375
3,S652,nurse,1,86.0
3,S652,nurse,2,56.97500000000001
3,S652,nurse,3,17.2
3,S579,nurse,1,92.5
3,S579,nurse,2,18.5
3,S378,nurse,1,55.625
3,S301,nurse,1,18.625
3,S215,nurse,1,19.25
3,S586,nurse,1,113.0
3,S586,nurse,2,74.86250000000001
3,S586,nurse,3,74.86250000000001
3,S586,nurse,4,74.86250000000001
3,S246,nurse,1,17.5
3,S214,nurse,1,30.375
3,S362,nurse,1,32.875
3,S193,nurse,1,21.5
3,S515,nurse,1,39.5
3,S515,nurse,2,26.168750000000003
3,S600,nurse,1,96.5
3,S600,nurse,2,19.3
3,S160,nurse,1,15.25
3,S113,nurse,1,25.625
3,S492,nurse,1,239.5
3,S492,nurse,2,47.9
3,S445,nurse,1,7.875
3,S610,nurse,1,72.0
3,S610,nurse,2,14.4
3,S609,nurse,1,56.0
3,S609,nurse,2,11.2
3,S062,nurse,1,21.75
3,S200,nurse,1,33.875
3,S614,nurse,1,21.790197400505235
3,S614,nurse,2,12.5
3,S364,nurse,1,12.875
3,S481,nurse,1,96.5
3,S481,nurse,2,19.3
3,S662,nurse,1,253.0
3,S662,nurse,2,167.6125
3,S583,nurse,1,62.0
3,S583,nurse,2,41.075
3,S583,nurse,3,41.075
3,S583,nurse,4,6.400000000000002
3,S051,nurse,1,120.5982718336546
3,S051,nurse,2,50.2
3,S051,nurse,3,7.225
3,S051,nurse,4,1.6
3,S161,nurse,1,20.0
3,S198,nurse,1,50.5
3,S392,nurse,1,257.5
3,S392,nurse,2,51.5
3,S477,nurse,1,114.0
3,S477,nurse,2,75.525
3,S477,nurse,3,64.44947818942077
3,S228,nurse,1,23.125
3,S186,nurse,1,17.625
3,S143,nurse,1,15.375
3,S052,nurse,1,21.75
3,S195,nurse,1,55.0
3,S227,nurse,1,25.375
3,S519,nurse,1,20.0
3,S519,nurse,2,4.0
3,S401,nurse,1,33.625
3,S241,nurse,1,28.5
3,S587,nurse,1,74.5
3,S587,nurse,2,49.356249999999996
3,S587,nurse,3,18.55625
3,S587,nurse,4,1.875
3,S019,nurse,1,21.75
3,S467,nurse,1,46.5
3,S467,nurse,2,9.3
3,S473,nurse,1,110.0
3,S473,nurse,2,72.875
3,S384,nurse,1,27.625
3,S402,nurse,1,19.5
3,S402,nurse,2,12.918750000000001
3,S402,nurse,3,12.918750000000001
3,S402,nurse,4,4.2109375
3,S213,nurse,1,69.0
3,S611,nurse,1,64.5
3,S611,nurse,2,12.9
3,S212,nurse,1,34.0
3,S249,nurse,1,20.75
3,S429,nurse,1,4.125
4,JH_H001,doctor,1,38.48355551645011
4,JH_H002,doctor,1,7.078792011476054
4,JH_H003,doctor,1,19.5
4,JH_H004,doctor,1,7.500000000000028
4,JH_H006,doctor,1,5.5
4,JH_H007,doctor,1,3.75
4,JH_H008,doctor,1,1.5
4,JH_H009,doctor,1,0.5
4,JH_H010,doctor,1,0.75
4,JH_H011,doctor,1,0.5
4,JH_H015,doctor,1,2.5
4,S396,doctor,1,28.5
4,S768,doctor,1,52.25
4,S557,doctor,1,72.5
4,S557,doctor,2,50.06315558683984
4,S794,doctor,1,37.75
4,S794,doctor,2,30.2
4,S001,doctor,1,43.5
4,S001,doctor,2,34.8
4,S297,doctor,1,84.75
4,S209,doctor,1,56.0
4,S397,doctor,1,43.5
4,S574,doctor,1,83.25
4,S574,doctor,2,66.6
4,S574,doctor,3,40.5
4,S574,doctor,4,20.25
4,S487,doctor,1,75.25
4,S487,doctor,2,60.2
4,S487,doctor,3,60.2
4,S487,doctor,4,60.2
4,S626,doctor,1,40.25
4,S626,doctor,2,32.2
4,S626,doctor,3,32.2
4,S626,doctor,4,5.599999999999994
4,S576,doctor,1,162.25
4,S576,doctor,2,129.8
4,S576,doctor,3,91.25
4,S576,doctor,4,45.5
4,S667,doctor,1,75.25
4,S664,doctor,1,66.25
4,S668,doctor,1,36.75
4,S669,doctor,1,25.5
4,S500,doctor,1,63.75
4,S500,doctor,2,51.0
4,S500,doctor,3,51.0
4,S500,doctor,4,41.5
4,S168,doctor,1,105.0
4,S625,doctor,1,83.0
4,S625,doctor,2,66.4
4,S625,doctor,3,66.4
4,S625,doctor,4,66.4
4,S666,doctor,1,21.0
4,S615,doctor,1,81.75
4,S615,doctor,2,65.4
4,S665,doctor,1,15.5
4,S476,doctor,1,110.5
4,S476,doctor,2,88.4
4,S488,doctor,1,221.75
4,S488,doctor,2,177.4
4,S488,doctor,3,177.4
4,S488,doctor,4,117.8
4,S194,doctor,1,110.5
4,S016,doctor,1,43.5
4,S599,doctor,1,27.25
4,S599,doctor,2,21.8
4,S358,doctor,1,35.75
4,S356,doctor,1,39.75
4,S387,doctor,1,16.25
4,S474,doctor,1,32.5
4,S474,doctor,2,26.0
4,S474,doctor,3,26.0
4,S585,doctor,1,43.25
4,S585,doctor,2,34.6
4,S585,doctor,3,34.6
4,S585,doctor,4,34.6
4,S147,doctor,1,51.25
4,S296,doctor,1,49.25
4,S653,doctor,1,56.5
4,S653,doctor,2,45.2
4,S359,doctor,1,97.25
4,S400,doctor,1,17.75
4,S400,doctor,2,14.2
4,S534,doctor,1,55.0
4,S534,doctor,2,44.0
4,S407,doctor,1,56.0
4,S407,doctor,2,44.8
4,S407,doctor,3,32.0
4,S167,doctor,1,41.5
4,S189,doctor,1,122.25
4,S470,doctor,1,39.75
4,S470,doctor,2,31.8
4,S468,doctor,1,64.5
4,S468,doctor,2,51.6
4,S075,doctor,1,47.0
4,S646,doctor,1,48.75
4,S646,doctor,2,39.0
4,S516,doctor,1,87.5
4,S516,doctor,2,70.0
4,S516,doctor,3,70.0
4,S475,doctor,1,102.75
4,S475,doctor,2,82.2
4,S475,doctor,3,82.2
4,S394,doctor,1,107.5
4,S394,doctor,2,86.0
4,S386,doctor,1,33.75
4,S169,doctor,1,86.5
4,S596,doctor,1,39.25
4,S596,doctor,2,31.4
4,S596,doctor,3,31.4
4,S596,doctor,4,31.4
4,S555,doctor,1,86.0
4,S555,doctor,2,68.8
4,S527,doctor,1,48.75
4,S527,doctor,2,39.0
4,S652,doctor,1,43.0
4,S652,doctor,2,34.4
4,S652,doctor,3,34.4
4,S579,doctor,1,46.25
4,S579,doctor,2,37.0
4,S378,doctor,1,111.25
4,S301,doctor,1,37.25
4,S215,doctor,1,38.5
4,S586,doctor,1,56.5
4,S586,doctor,2,45.2
4,S586,doctor,3,45.2
4,S586,doctor,4,45.2
4,S246,doctor,1,35.0
4,S214,doctor,1,60.75
4,S362,doctor,1,65.75
4,S193,doctor,1,43.0
4,S515,doctor,1,19.75
4,S515,doctor,2,15.8
4,S515,doctor,3,10.799999999999962
4,S600,doctor,1,48.25
4,S600,doctor,2,38.6
4,S160,doctor,1,30.5
4,S113,doctor,1,51.25
4,S492,doctor,1,119.75
4,S492,doctor,2,95.8
4,S445,doctor,1,15.75
4,S610,doctor,1,36.0
4,S610,doctor,2,28.8
4,S609,doctor,1,28.0
4,S609,doctor,2,22.4
4,S062,doctor,1,43.5
4,S466,doctor,1,19.25
4,S200,doctor,1,67.75
4,S614,doctor,1,31.25
4,S614,doctor,2,25.0
4,S364,doctor,1,25.75
4,S481,doctor,1,48.25
4,S481,doctor,2,38.6
4,S662,doctor,1,126.5
4,S662,doctor,2,101.2
4,S583,doctor,1,31.0
4,S583,doctor,2,24.8
4,S583,doctor,3,24.8
4,S583,doctor,4,20.049999999999997
4,S051,doctor,1,125.5
4,S051,doctor,2,100.4
4,S051,doctor,3,15.7
4,S051,doctor,4,3.95
4,S161,doctor,1,40.0
4,S198,doctor,1,101.0
4,S392,doctor,1,128.75
4,S392,doctor,2,103.0
4,S477,doctor,1,57.0
4,S477,doctor,2,45.6
4,S477,doctor,3,45.6
4,S228,doctor,1,46.25
4,S186,doctor,1,35.25
4,S143,doctor,1,30.75
4,S208,doctor,1,88.51642902999154
4,S052,doctor,1,43.5
4,S195,doctor,1,110.0
4,S227,doctor,1,50.75
4,S519,doctor,1,10.0
4,S519,doctor,2,8.0
4,S401,doctor,1,67.25
4,S241,doctor,1,57.0
4,S587,doctor,1,37.25
4,S587,doctor,2,29.8
4,S587,doctor,3,29.8
4,S587,doctor,4,4.0
4,S019,doctor,1,43.5
4,S467,doctor,1,23.25
4,S467,doctor,2,18.6
4,S473,doctor,1,55.0
4,S473,doctor,2,44.0
4,S384,doctor,1,55.25
4,S402,doctor,1,9.75
4,S402,doctor,2,7.8
4,S402,doctor,3,7.8
4,S402,doctor,4,7.8
4,S213,doctor,1,138.0
4,S611,doctor,1,32.25
4,S611,doctor,2,25.8
4,S212,doctor,1,68.0
4,S249,doctor,1,41.5
4,S429,doctor,1,8.25
4,JH_H007,nurse,1,0.5
4,JH_H010,nurse,1,0.5
4,S396,nurse,1,14.25
4,S768,nurse,1,26.125
4,S557,nurse,1,36.25
4,S557,nurse,2,25.03157779341992
4,S794,nurse,1,18.875
4,S794,nurse,2,15.1
4,S001,nurse,1,62.75
4,S001,nurse,2,17.4
4,S297,nurse,1,42.375
4,S209,nurse,1,28.0
4,S397,nurse,1,21.75
4,S574,nurse,1,166.5
4,S574,nurse,2,110.30625
4,S574,nurse,3,31.859375
4,S574,nurse,4,10.125
4,S487,nurse,1,150.5
4,S487,nurse,2,99.70625000000001
4,S487,nurse,3,99.70625000000001
4,S487,nurse,4,99.70625000000001
4,S626,nurse,1,80.5
4,S626,nurse,2,53.331250000000004
4,S626,nurse,3,16.1
4,S626,nurse,4,2.799999999999997
4,S576,nurse,1,324.5
4,S576,nurse,2,214.98125000000002
4,S576,nurse,3,114.453125
4,S576,nurse,4,53.42578125
4,S667,nurse,1,37.625
4,S664,nurse,1,33.125
4,S668,nurse,1,18.375
4,S669,nurse,1,12.75
4,S500,nurse,1,127.5
4,S500,nurse,2,84.46875
4,S500,nurse,3,43.281249729562724
4,S500,nurse,4,20.75
4,S168,nurse,1,52.5
4,S625,nurse,1,166.0
4,S625,nurse,2,109.97500000000001
4,S625,nurse,3,33.2
4,S625,nurse,4,33.2
4,S666,nurse,1,10.5
4,S615,nurse,1,163.5
4,S615,nurse,2,32.7
4,S665,nurse,1,7.75
4,S476,nurse,1,221.0
4,S476,nurse,2,146.41250000000002
4,S488,nurse,1,443.5
4,S488,nurse,2,293.81875
4,S488,nurse,3,293.81875
4,S488,nurse,4,115.83929344380371
4,S194,nurse,1,55.25
4,S016,nurse,1,21.75
4,S599,nurse,1,54.5
4,S599,nurse,2,36.10625
4,S358,nurse,1,17.875
4,S356,nurse,1,19.875
4,S387,nurse,1,8.125
4,S474,nurse,1,65.0
4,S474,nurse,2,43.0625
4,S474,nurse,3,13.0
4,S585,nurse,1,86.5
4,S585,nurse,2,57.306250000000006
4,S585,nurse,3,57.306250000000006
4,S585,nurse,4,57.306250000000006
4,S147,nurse,1,25.625
4,S296,nurse,1,24.625
4,S653,nurse,1,113.0
4,S653,nurse,2,74.86250000000001
4,S359,nurse,1,48.625
4,S400,nurse,1,8.875
4,S400,nurse,2,7.1
4,S534,nurse,1,110.0
4,S534,nurse,2,22.0
4,S407,nurse,1,112.0
4,S407,nurse,2,74.2
4,S407,nurse,3,16.0
4,S167,nurse,1,20.75
4,S189,nurse,1,61.125
4,S470,nurse,1,79.5
4,S470,nurse,2,52.668749999999996
4,S468,nurse,1,129.0
4,S468,nurse,2,85.4625
4,S075,nurse,1,23.5
4,S646,nurse,1,97.5
4,S646,nurse,2,19.5
4,S516,nurse,1,175.0
4,S516,nurse,2,115.9375
4,S516,nurse,3,35.0
4,S475,nurse,1,205.5
4,S475,nurse,2,136.14375
4,S475,nurse,3,41.1
4,S394,nurse,1,215.0
4,S394,nurse,2,75.14329557074966
4,S386,nurse,1,16.875
4,S169,nurse,1,43.25
4,S596,nurse,1,78.5
4,S596,nurse,2,52.00625000000001
4,S596,nurse,3,52.00625000000001
4,S596,nurse,4,32.931250000000006
4,S555,nurse,1,172.0
4,S555,nurse,2,34.4
4,S527,nurse,1,97.5
4,S527,nurse,2,64.59375
4,S652,nurse,1,86.0
4,S652,nurse,2,56.97500000000001
4,S652,nurse,3,17.2
4,S579,nurse,1,92.5
4,S579,nurse,2,18.5
4,S378,nurse,1,55.625
4,S301,nurse,1,18.625
4,S215,nurse,1,19.25
4,S586,nurse,1,113.0
4,S586,nurse,2,74.86250000000001
4,S586,nurse,3,74.86250000000001
4,S586,nurse,4,74.86250000000001
4,S246,nurse,1,17.5
4,S214,nurse,1,30.375
4,S362,nurse,1,32.875
4,S193,nurse,1,21.5
4,S515,nurse,1,39.5
4,S515,nurse,2,26.168750000000003
4,S515,nurse,3,5.399999999999981
4,S600,nurse,1,96.5
4,S600,nurse,2,63.931250000000006
4,S160,nurse,1,15.25
4,S113,nurse,1,25.625
4,S492,nurse,1,239.5
4,S492,nurse,2,47.9
4,S445,nurse,1,7.875
4,S610,nurse,1,72.0
4,S610,nurse,2,14.4
4,S609,nurse,1,56.0
4,S609,nurse,2,14.701433334107573
4,S062,nurse,1,21.75
4,S466,nurse,1,9.625
4,S200,nurse,1,33.875
4,S614,nurse,1,62.5
4,S614,nurse,2,12.5
4,S364,nurse,1,12.875
4,S481,nurse,1,96.5
4,S481,nurse,2,19.3
4,S662,nurse,1,253.0
4,S662,nurse,2,167.6125
4,S583,nurse,1,62.0
4,S583,nurse,2,41.075
4,S583,nurse,3,41.075
4,S583,nurse,4,10.024999999999999
4,S051,nurse,1,247.40816498353152
4,S051,nurse,2,50.2
4,S051,nurse,3,7.85
4,S051,nurse,4,1.975
4,S161,nurse,1,20.0
4,S198,nurse,1,50.5
4,S392,nurse,1,257.5
4,S392,nurse,2,51.5
4,S477,nurse,1,114.0
4,S477,nurse,2,75.525
4,S477,nurse,3,75.525
4,S228,nurse,1,23.125
4,S186,nurse,1,17.625
4,S143,nurse,1,15.375
4,S208,nurse,1,44.25821451499577
4,S052,nurse,1,21.75
4,S195,nurse,1,55.0
4,S227,nurse,1,25.375
4,S519,nurse,1,20.0
4,S519,nurse,2,4.0
4,S401,nurse,1,33.625
4,S241,nurse,1,28.5
4,S587,nurse,1,74.5
4,S587,nurse,2,49.356249999999996
4,S587,nurse,3,28.231922544953882
4,S587,nurse,4,2.0
4,S019,nurse,1,21.75
4,S467,nurse,1,46.5
4,S467,nurse,2,9.3
4,S473,nurse,1,110.0
4,S473,nurse,2,72.875
4,S384,nurse,1,27.625
4,S402,nurse,1,19.5
4,S402,nurse,2,12.918750000000001
4,S402,nurse,3,12.918750000000001
4,S402,nurse,4,4.8359375
4,S213,nurse,1,69.0
4,S611,nurse,1,64.5
4,S611,nurse,2,12.9
4,S212,nurse,1,34.0
4,S249,nurse,1,20.75
4,S429,nurse,1,4.125
5,JH_H001,doctor,1,45.1644310658412
5,JH_H002,doctor,1,20.37575516983398
5,JH_H003,doctor,1,19.5
5,JH_H004,doctor,1,7.5
5,JH_H006,doctor,1,5.5
5,JH_H007,doctor,1,3.75
5,JH_H008,doctor,1,1.5
5,JH_H009,doctor,1,0.5
5,JH_H010,doctor,1,0.75
5,JH_H011,doctor,1,0.5
5,JH_H012,doctor,1,1.653008504104454
5,JH_H013,doctor,1,0.8874419190789915
5,JH_H014,doctor,1,0.5401617092634012
5,JH_H015,doctor,1,2.5
5,S574,doctor,1,83.25
5,S574,doctor,2,42.75
5,S574,doctor,3,17.0
5,S574,doctor,4,8.5
5,S487,doctor,1,75.25
5,S487,doctor,2,60.2
5,S487,doctor,3,60.2
5,S487,doctor,4,60.2
5,S626,doctor,1,40.25
5,S626,doctor,2,32.2
5,S576,doctor,1,162.25
5,S576,doctor,2,96.0
5,S576,doctor,3,38.0
5,S576,doctor,4,18.75
5,S500,doctor,1,63.75
5,S500,doctor,2,51.0
5,S500,doctor,3,34.75
5,S500,doctor,4,17.25
5,S625,doctor,1,83.0
5,S625,doctor,2,66.4
5,S625,doctor,3,60.5
5,S625,doctor,4,30.0
5,S476,doctor,1,110.5
5,S476,doctor,2,33.99999999999996
5,S488,doctor,1,221.75
5,S488,doctor,2,177.4
5,S488,doctor,3,89.3
5,S599,doctor,1,27.25
5,S474,doctor,1,32.5
5,S474,doctor,2,26.0
5,S585,doctor,1,43.25
5,S585,doctor,2,34.6
5,S585,doctor,3,34.6
5,S585,doctor,4,24.349999999999994
5,S653,doctor,1,56.5
5,S534,doctor,1,55.0
5,S407,doctor,1,56.0
5,S407,doctor,2,35.99999558336449
5,S470,doctor,1,39.75
5,S468,doctor,1,64.5
5,S646,doctor,1,48.75
5,S516,doctor,1,87.5
5,S516,doctor,2,70.0
5,S475,doctor,1,102.75
5,S475,doctor,2,82.2
5,S394,doctor,1,107.5
5,S596,doctor,1,39.25
5,S596,doctor,2,31.4
5,S596,doctor,3,30.450000000000003
5,S555,doctor,1,37.5
5,S527,doctor,1,48.75
5,S527,doctor,2,39.0
5,S527,doctor,3,23.0
5,S527,doctor,4,8.504052477310424
5,S652,doctor,1,43.0
5,S652,doctor,2,34.4
5,S579,doctor,1,46.25
5,S579,doctor,2,18.75
5,S586,doctor,1,56.5
5,S586,doctor,2,45.2
5,S586,doctor,3,45.2
5,S586,doctor,4,45.2
5,S515,doctor,1,19.75
5,S515,doctor,2,15.8
5,S600,doctor,1,48.25
5,S492,doctor,1,119.75
5,S610,doctor,1,36.0
5,S609,doctor,1,28.0
5,S481,doctor,1,48.25
5,S662,doctor,1,126.5
5,S583,doctor,1,31.0
5,S583,doctor,2,24.8
5,S051,doctor,1,50.0
5,S051,doctor,2,16.95
5,S051,doctor,3,1.9500000000000002
5,S392,doctor,1,128.75
5,S477,doctor,1,57.0
5,S477,doctor,2,45.6
5,S519,doctor,1,10.0
5,S587,doctor,1,37.25
5,S587,doctor,2,29.8
5,S587,doctor,3,3.5
5,S587,doctor,4,1.5
5,S467,doctor,1,23.25
5,S473,doctor,1,55.0
5,S402,doctor,1,9.75
5,S402,doctor,2,7.8
5,S402,doctor,3,7.8
5,S402,doctor,4,4.75
5,S611,doctor,1,24.25
5,JH_H007,nurse,1,0.5
5,JH_H010,nurse,1,0.5
5,S574,nurse,1,99.0
5,S574,nurse,2,33.09375
5,S574,nurse,3,8.5
5,S574,nurse,4,4.25
5,S487,nurse,1,150.5
5,S487,nurse,2,99.70625000000001
5,S487,nurse,3,99.70625000000001
5,S487,nurse,4,82.17119476277168
5,S626,nurse,1,80.5
5,S626,nurse,2,16.1
5,S576,nurse,1,263.875
5,S576,nurse,2,120.03125
5,S576,nurse,3,43.578125
5,S576,nurse,4,20.5
5,S500,nurse,1,127.5
5,S500,nurse,2,40.0125
5,S500,nurse,3,17.375
5,S500,nurse,4,8.625
5,S625,nurse,1,166.0
5,S625,nurse,2,33.2
5,S625,nurse,3,30.25
5,S625,nurse,4,15.0
5,S476,nurse,1,55.25
5,S476,nurse,2,16.99999999999998
5,S488,nurse,1,443.5
5,S488,nurse,2,293.81875
5,S488,nurse,3,73.04561037162566
5,S599,nurse,1,13.625
5,S474,nurse,1,65.0
5,S474,nurse,2,13.0
5,S585,nurse,1,86.5
5,S585,nurse,2,57.306250000000006
5,S585,nurse,3,57.306250000000006
5,S585,nurse,4,12.174999999999997
5,S653,nurse,1,28.25
5,S534,nurse,1,27.5
5,S407,nurse,1,50.625
5,S407,nurse,2,17.999997791682244
5,S470,nurse,1,19.875
5,S468,nurse,1,32.25
5,S646,nurse,1,24.375
5,S516,nurse,1,143.0847152902776
5,S516,nurse,2,35.0
5,S475,nurse,1,205.5
5,S475,nurse,2,41.1
5,S394,nurse,1,53.75
5,S596,nurse,1,78.5
5,S596,nurse,2,52.00625000000001
5,S596,nurse,3,15.225000000000001
5,S555,nurse,1,18.75
5,S527,nurse,1,24.375
5,S527,nurse,2,19.5
5,S527,nurse,3,11.5
5,S527,nurse,4,4.252026238655212
5,S652,nurse,1,86.0
5,S652,nurse,2,17.2
5,S579,nurse,1,23.125
5,S579,nurse,2,9.375
5,S586,nurse,1,113.0
5,S586,nurse,2,74.86250000000001
5,S586,nurse,3,74.86250000000001
5,S586,nurse,4,68.6
5,S515,nurse,1,39.5
5,S515,nurse,2,7.9
5,S600,nurse,1,24.125
5,S492,nurse,1,59.875
5,S610,nurse,1,18.0
5,S609,nurse,1,14.0
5,S481,nurse,1,24.125
5,S662,nurse,1,63.25
5,S583,nurse,1,62.0
5,S583,nurse,2,41.075
5,S051,nurse,1,25.0
5,S051,nurse,2,8.475
5,S051,nurse,3,0.9750000000000001
5,S392,nurse,1,64.375
5,S477,nurse,1,114.0
5,S477,nurse,2,75.525
5,S519,nurse,1,5.0
5,S587,nurse,1,74.5
5,S587,nurse,2,47.716207977956
5,S587,nurse,3,1.75
5,S587,nurse,4,0.75
5,S467,nurse,1,11.625
5,S473,nurse,1,27.5
5,S402,nurse,1,19.5
5,S402,nurse,2,12.918750000000001
5,S402,nurse,3,3.9
5,S402,nurse,4,2.375
5,S611,nurse,1,12.125
6,JH_H001,doctor,1,44.12502409502898
6,JH_H002,doctor,1,18.307020900612315
6,JH_H003,doctor,1,19.5
6,JH_H004,doctor,1,7.5
6,JH_H006,doctor,1,5.5
6,JH_H007,doctor,1,3.75
6,JH_H008,doctor,1,1.5
6,JH_H009,doctor,1,0.5
6,JH_H010,doctor,1,0.75
6,JH_H011,doctor,1,0.5
6,JH_H012,doctor,1,1.3634722841638407
6,JH_H013,doctor,1,0.6482972309381907
6,JH_H014,doctor,1,0.22636903743704728
6,JH_H015,doctor,1,2.5
6,S557,doctor,1,14.5
6,S794,doctor,1,12.124975904971024
6,S001,doctor,1,43.5
6,S574,doctor,1,83.25
6,S574,doctor,2,51.75
6,S574,doctor,3,20.75
6,S574,doctor,4,10.25
6,S487,doctor,1,75.25
6,S487,doctor,2,60.2
6,S487,doctor,3,60.2
6,S487,doctor,4,60.2
6,S626,doctor,1,40.25
6,S626,doctor,2,32.2
6,S626,doctor,3,7.099999999999994
6,S576,doctor,1,162.25
6,S576,doctor,2,116.5
6,S576,doctor,3,46.25
6,S576,doctor,4,22.75
6,S500,doctor,1,63.75
6,S500,doctor,2,51.0
6,S500,doctor,3,42.25
6,S500,doctor,4,21.0
6,S625,doctor,1,83.0
6,S625,doctor,2,66.4
6,S625,doctor,3,66.4
6,S625,doctor,4,36.75
6,S615,doctor,1,81.75
6,S476,doctor,1,110.5
6,S476,doctor,2,88.4
6,S488,doctor,1,221.75
6,S488,doctor,2,177.4
6,S488,doctor,3,121.3
6,S488,doctor,4,17.749999999999993
6,S599,doctor,1,27.25
6,S474,doctor,1,32.5
6,S474,doctor,2,26.0
6,S585,doctor,1,43.25
6,S585,doctor,2,34.6
6,S585,doctor,3,34.6
6,S585,doctor,4,34.6
6,S653,doctor,1,56.5
6,S653,doctor,2,45.2
6,S400,doctor,1,17.75
6,S534,doctor,1,55.0
6,S407,doctor,1,56.0
6,S407,doctor,2,44.8
6,S470,doctor,1,39.75
6,S468,doctor,1,64.5
6,S468,doctor,2,30.050000000000015
6,S646,doctor,1,48.75
6,S516,doctor,1,87.5
6,S516,doctor,2,70.0
6,S475,doctor,1,102.75
6,S475,doctor,2,82.2
6,S394,doctor,1,107.5
6,S596,doctor,1,39.25
6,S596,doctor,2,31.4
6,S596,doctor,3,31.4
6,S555,doctor,1,86.0
6,S527,doctor,1,48.75
6,S652,doctor,1,43.0
6,S652,doctor,2,34.4
6,S579,doctor,1,46.25
6,S586,doctor,1,56.5
6,S586,doctor,2,45.2
6,S586,doctor,3,45.2
6,S586,doctor,4,45.2
6,S515,doctor,1,19.75
6,S515,doctor,2,15.8
6,S600,doctor,1,48.25
6,S492,doctor,1,119.75
6,S610,doctor,1,36.0
6,S609,doctor,1,28.0
6,S614,doctor,1,31.25
6,S481,doctor,1,48.25
6,S662,doctor,1,126.5
6,S662,doctor,2,54.2999931813482
6,S583,doctor,1,31.0
6,S583,doctor,2,24.8
6,S583,doctor,3,22.799999999999997
6,S051,doctor,1,125.5
6,S051,doctor,2,22.45
6,S051,doctor,3,4.2
6,S392,doctor,1,128.75
6,S477,doctor,1,57.0
6,S477,doctor,2,45.6
6,S519,doctor,1,10.0
6,S587,doctor,1,37.25
6,S587,doctor,2,29.8
6,S587,doctor,3,4.25
6,S587,doctor,4,2.0
6,S467,doctor,1,23.25
6,S473,doctor,1,55.0
6,S402,doctor,1,9.75
6,S402,doctor,2,7.8
6,S402,doctor,3,7.8
6,S402,doctor,4,6.0
6,S611,doctor,1,32.25
6,JH_H007,nurse,1,0.5
6,JH_H010,nurse,1,0.5
6,S557,nurse,1,7.25
6,S794,nurse,1,6.062487952485512
6,S001,nurse,1,21.75
6,S574,nurse,1,117.375
6,S574,nurse,2,45.21875
6,S574,nurse,3,10.375
6,S574,nurse,4,5.125
6,S487,nurse,1,150.5
6,S487,nurse,2,99.70625000000001
6,S487,nurse,3,99.70625000000001
6,S487,nurse,4,99.53242680909997
6,S626,nurse,1,80.5
6,S626,nurse,2,16.1
6,S626,nurse,3,3.549999999999997
6,S576,nurse,1,305.375
6,S576,nurse,2,147.53125
6,S576,nurse,3,54.453125
6,S576,nurse,4,24.875
6,S500,nurse,1,127.5
6,S500,nurse,2,65.9375
6,S500,nurse,3,21.125
6,S500,nurse,4,10.5
6,S625,nurse,1,166.0
6,S625,nurse,2,97.4417023149589
6,S625,nurse,3,33.2
6,S625,nurse,4,18.375
6,S615,nurse,1,40.875
6,S476,nurse,1,221.0
6,S476,nurse,2,44.2
6,S488,nurse,1,443.5
6,S488,nurse,2,293.81875
6,S488,nurse,3,116.78081343059894
6,S488,nurse,4,8.874999999999996
6,S599,nurse,1,13.625
6,S474,nurse,1,65.0
6,S474,nurse,2,43.0625
6,S585,nurse,1,86.5
6,S585,nurse,2,57.306250000000006
6,S585,nurse,3,57.306250000000006
6,S585,nurse,4,17.3
6,S653,nurse,1,28.392792171191388
6,S653,nurse,2,22.6
6,S400,nurse,1,8.875
6,S534,nurse,1,27.5
6,S407,nurse,1,112.0
6,S407,nurse,2,22.4
6,S470,nurse,1,19.875
6,S468,nurse,1,129.0
6,S468,nurse,2,15.025000000000007
6,S646,nurse,1,24.375
6,S516,nurse,1,175.0
6,S516,nurse,2,35.0
6,S475,nurse,1,205.5
6,S475,nurse,2,41.1
6,S394,nurse,1,53.75
6,S596,nurse,1,78.5
6,S596,nurse,2,52.00625000000001
6,S596,nurse,3,35.181250000000006
6,S555,nurse,1,43.0
6,S527,nurse,1,24.375
6,S652,nurse,1,86.0
6,S652,nurse,2,56.97500000000001
6,S579,nurse,1,23.125
6,S586,nurse,1,113.0
6,S586,nurse,2,74.86250000000001
6,S586,nurse,3,74.86250000000001
6,S586,nurse,4,74.86250000000001
6,S515,nurse,1,39.5
6,S515,nurse,2,7.9
6,S600,nurse,1,24.125
6,S492,nurse,1,59.875
6,S610,nurse,1,18.0
6,S609,nurse,1,14.0
6,S614,nurse,1,15.625
6,S481,nurse,1,24.125
6,S662,nurse,1,81.125
6,S662,nurse,2,27.1499965906741
6,S583,nurse,1,62.0
6,S583,nurse,2,41.075
6,S583,nurse,3,11.399999999999999
6,S051,nurse,1,62.75
6,S051,nurse,2,11.225
6,S051,nurse,3,2.1
6,S392,nurse,1,64.375
6,S477,nurse,1,114.0
6,S477,nurse,2,75.525
6,S519,nurse,1,5.0
6,S587,nurse,1,74.5
6,S587,nurse,2,49.356249999999996
6,S587,nurse,3,2.125
6,S587,nurse,4,1.0
6,S467,nurse,1,11.625
6,S473,nurse,1,27.5
6,S402,nurse,1,19.5
6,S402,nurse,2,12.918750000000001
6,S402,nurse,3,4.99375
6,S402,nurse,4,3.0
6,S611,nurse,1,16.125
7,JH_H001,doctor,1,40.97618207532187
7,JH_H002,doctor,1,12.039872827280675
7,JH_H003,doctor,1,19.5
7,JH_H004,doctor,1,7.500000000000014
7,JH_H006,doctor,1,5.5
7,JH_H007,doctor,1,3.75
7,JH_H008,doctor,1,1.5
7,JH_H009,doctor,1,0.5
7,JH_H010,doctor,1,0.75
7,JH_H011,doctor,1,0.5
7,JH_H012,doctor,1,0.48633383774401295
7,JH_H015,doctor,1,2.5
7,S396,doctor,1,28.5
7,S768,doctor,1,52.25
7,S557,doctor,1,72.5
7,S794,doctor,1,37.75
7,S001,doctor,1,43.5
7,S297,doctor,1,84.75
7,S397,doctor,1,43.5
7,S574,doctor,1,83.25
7,S574,doctor,2,66.6
7,S574,doctor,3,31.75
7,S574,doctor,4,15.75
7,S487,doctor,1,75.25
7,S487,doctor,2,60.2
7,S487,doctor,3,60.2
7,S487,doctor,4,60.2
7,S626,doctor,1,40.25
7,S626,doctor,2,32.2
7,S626,doctor,3,32.2
7,S576,doctor,1,162.25
7,S576,doctor,2,129.8
7,S576,doctor,3,71.5
7,S576,doctor,4,35.5
7,S500,doctor,1,63.75
7,S500,doctor,2,51.0
7,S500,doctor,3,51.0
7,S500,doctor,4,32.5
7,S168,doctor,1,105.0
7,S625,doctor,1,83.0
7,S625,doctor,2,66.4
7,S625,doctor,3,66.4
7,S625,doctor,4,56.25
7,S615,doctor,1,81.75
7,S476,doctor,1,110.5
7,S476,doctor,2,88.4
7,S488,doctor,1,221.75
7,S488,doctor,2,177.4
7,S488,doctor,3,177.4
7,S488,doctor,4,79.3
7,S599,doctor,1,27.25
7,S599,doctor,2,21.8
7,S358,doctor,1,35.75
7,S356,doctor,1,39.75
7,S387,doctor,1,16.25
7,S474,doctor,1,32.5
7,S474,doctor,2,26.0
7,S474,doctor,3,7.000000000000007
7,S585,doctor,1,43.25
7,S585,doctor,2,34.6
7,S585,doctor,3,34.6
7,S585,doctor,4,34.6
7,S653,doctor,1,56.5
7,S653,doctor,2,45.2
7,S359,doctor,1,97.25
7,S400,doctor,1,17.75
7,S534,doctor,1,55.0
7,S407,doctor,1,56.0
7,S407,doctor,2,44.8
7,S407,doctor,3,14.0
7,S167,doctor,1,41.5
7,S189,doctor,1,122.25
7,S470,doctor,1,39.75
7,S470,doctor,2,31.8
7,S468,doctor,1,64.5
7,S468,doctor,2,51.6
7,S075,doctor,1,47.0
7,S646,doctor,1,48.75
7,S646,doctor,2,39.0
7,S516,doctor,1,87.5
7,S516,doctor,2,70.0
7,S516,doctor,3,15.249999999999982
7,S475,doctor,1,102.75
7,S475,doctor,2,82.2
7,S394,doctor,1,107.5
7,S394,doctor,2,86.0
7,S386,doctor,1,33.75
7,S169,doctor,1,86.5
7,S596,doctor,1,39.25
7,S596,doctor,2,31.4
7,S596,doctor,3,31.4
7,S596,doctor,4,22.950000000000003
7,S555,doctor,1,86.0
7,S527,doctor,1,48.75
7,S527,doctor,2,39.0
7,S652,doctor,1,43.0
7,S652,doctor,2,34.4
7,S652,doctor,3,34.4
7,S579,doctor,1,46.25
7,S378,doctor,1,111.25
7,S301,doctor,1,37.25
7,S215,doctor,1,38.5
7,S586,doctor,1,56.5
7,S586,doctor,2,45.2
7,S586,doctor,3,45.2
7,S586,doctor,4,45.2
7,S362,doctor,1,65.75
7,S193,doctor,1,43.0
7,S515,doctor,1,19.75
7,S515,doctor,2,15.8
7,S600,doctor,1,48.25
7,S600,doctor,2,38.6
7,S113,doctor,1,51.25
7,S492,doctor,1,119.75
7,S492,doctor,2,95.8
7,S445,doctor,1,15.75
7,S610,doctor,1,36.0
7,S610,doctor,2,28.8
7,S609,doctor,1,28.0
7,S609,doctor,2,22.4
7,S614,doctor,1,31.25
7,S364,doctor,1,25.75
7,S481,doctor,1,48.25
7,S481,doctor,2,38.6
7,S662,doctor,1,126.5
7,S662,doctor,2,101.2
7,S583,doctor,1,31.0
7,S583,doctor,2,24.8
7,S583,doctor,3,24.8
7,S051,doctor,1,125.5
7,S051,doctor,2,38.7
7,S051,doctor,3,10.7
7,S051,doctor,4,1.4500000000000002
7,S392,doctor,1,128.75
7,S392,doctor,2,65.74949964931004
7,S477,doctor,1,57.0
7,S477,doctor,2,45.6
7,S477,doctor,3,45.6
7,S228,doctor,1,46.25
7,S186,doctor,1,35.25
7,S143,doctor,1,30.75
7,S052,doctor,1,43.5
7,S227,doctor,1,17.5238061525845
7,S519,doctor,1,10.0
7,S519,doctor,2,8.0
7,S401,doctor,1,67.25
7,S241,doctor,1,57.0
7,S587,doctor,1,37.25
7,S587,doctor,2,29.8
7,S587,doctor,3,29.8
7,S587,doctor,4,3.25
7,S019,doctor,1,43.5
7,S467,doctor,1,23.25
7,S467,doctor,2,18.6
7,S473,doctor,1,55.0
7,S473,doctor,2,44.0
7,S384,doctor,1,55.25
7,S402,doctor,1,9.75
7,S402,doctor,2,7.8
7,S402,doctor,3,7.8
7,S402,doctor,4,7.8
7,S611,doctor,1,32.25
7,S249,doctor,1,41.5
7,S429,doctor,1,8.25
7,JH_H007,nurse,1,0.5
7,JH_H010,nurse,1,0.5
7,S396,nurse,1,14.25
7,S768,nurse,1,26.125
7,S557,nurse,1,36.25
7,S794,nurse,1,18.875
7,S001,nurse,1,21.75
7,S297,nurse,1,42.375
7,S397,nurse,1,21.75
7,S574,nurse,1,166.5
7,S574,nurse,2,75.76875
7,S574,nurse,3,20.109375
7,S574,nurse,4,7.875
7,S487,nurse,1,150.5
7,S487,nurse,2,99.70625000000001
7,S487,nurse,3,99.70625000000001
7,S487,nurse,4,99.70625000000001
7,S626,nurse,1,80.5
7,S626,nurse,2,53.331250000000004
7,S626,nurse,3,16.1
7,S576,nurse,1,324.5
7,S576,nurse,2,206.18125
7,S576,nurse,3,86.40625
7,S576,nurse,4,40.05078125
7,S500,nurse,1,127.5
7,S500,nurse,2,84.46875
7,S500,nurse,3,25.5
7,S500,nurse,4,16.25
7,S168,nurse,1,52.5
7,S625,nurse,1,166.0
7,S625,nurse,2,109.97500000000001
7,S625,nurse,3,33.2
7,S625,nurse,4,28.125
7,S615,nurse,1,40.875
7,S476,nurse,1,221.0
7,S476,nurse,2,146.41250000000002
7,S488,nurse,1,443.5
7,S488,nurse,2,293.81875
7,S488,nurse,3,236.89122856767898
7,S488,nurse,4,56.22107033519475
7,S599,nurse,1,54.5
7,S599,nurse,2,10.9
7,S358,nurse,1,17.875
7,S356,nurse,1,19.875
7,S387,nurse,1,8.125
7,S474,nurse,1,65.0
7,S474,nurse,2,43.0625
7,S474,nurse,3,3.5000000000000036
7,S585,nurse,1,86.5
7,S585,nurse,2,57.306250000000006
7,S585,nurse,3,57.306250000000006
7,S585,nurse,4,57.306250000000006
7,S653,nurse,1,113.0
7,S653,nurse,2,22.6
7,S359,nurse,1,48.625
7,S400,nurse,1,8.875
7,S534,nurse,1,27.5
7,S407,nurse,1,112.0
7,S407,nurse,2,74.2
7,S407,nurse,3,7.0
7,S167,nurse,1,20.75
7,S189,nurse,1,61.125
7,S470,nurse,1,79.5
7,S470,nurse,2,15.9
7,S468,nurse,1,129.0
7,S468,nurse,2,85.4625
7,S075,nurse,1,23.5
7,S646,nurse,1,85.0
7,S646,nurse,2,19.5
7,S516,nurse,1,175.0
7,S516,nurse,2,115.9375
7,S516,nurse,3,7.624999999999991
7,S475,nurse,1,205.5
7,S475,nurse,2,136.14375
7,S394,nurse,1,215.0
7,S394,nurse,2,43.0
7,S386,nurse,1,16.875
7,S169,nurse,1,43.25
7,S596,nurse,1,78.5
7,S596,nurse,2,52.00625000000001
7,S596,nurse,3,52.00625000000001
7,S596,nurse,4,11.475000000000001
7,S555,nurse,1,43.0
7,S527,nurse,1,97.5
7,S527,nurse,2,19.5
7,S652,nurse,1,86.0
7,S652,nurse,2,56.97500000000001
7,S652,nurse,3,17.2
7,S579,nurse,1,70.72115240457572
7,S378,nurse,1,55.625
7,S301,nurse,1,18.625
7,S215,nurse,1,19.25
7,S586,nurse,1,113.0
7,S586,nurse,2,74.86250000000001
7,S586,nurse,3,74.86250000000001
7,S586,nurse,4,74.86250000000001
7,S362,nurse,1,32.875
7,S193,nurse,1,21.5
7,S515,nurse,1,39.5
7,S515,nurse,2,26.168750000000003
7,S600,nurse,1,96.5
7,S600,nurse,2,19.3
7,S113,nurse,1,25.625
7,S492,nurse,1,239.5
7,S492,nurse,2,47.9
7,S445,nurse,1,7.875
7,S610,nurse,1,72.0
7,S610,nurse,2,14.4
7,S609,nurse,1,56.0
7,S609,nurse,2,11.2
7,S614,nurse,1,15.625
7,S364,nurse,1,12.875
7,S481,nurse,1,96.5
7,S481,nurse,2,19.3
7,S662,nurse,1,253.0
7,S662,nurse,2,53.48173366412215
7,S583,nurse,1,62.0
7,S583,nurse,2,41.075
7,S583,nurse,3,41.075
7,S051,nurse,1,62.75
7,S051,nurse,2,19.35
7,S051,nurse,3,5.35
7,S051,nurse,4,0.7250000000000001
7,S392,nurse,1,91.125
7,S392,nurse,2,32.87474982465502
7,S477,nurse,1,114.0
7,S477,nurse,2,75.525
7,S477,nurse,3,28.53505086958899
7,S228,nurse,1,23.125
7,S186,nurse,1,17.625
7,S143,nurse,1,15.375
7,S052,nurse,1,21.75
7,S227,nurse,1,8.76190307629225
7,S519,nurse,1,20.0
7,S519,nurse,2,4.0
7,S401,nurse,1,33.625
7,S241,nurse,1,28.5
7,S587,nurse,1,74.5
7,S587,nurse,2,49.356249999999996
7,S587,nurse,3,14.9
7,S587,nurse,4,1.625
7,S019,nurse,1,21.75
7,S467,nurse,1,46.5
7,S467,nurse,2,9.3
7,S473,nurse,1,110.0
7,S473,nurse,2,22.0
7,S384,nurse,1,27.625
7,S402,nurse,1,19.5
7,S402,nurse,2,12.918750000000001
7,S402,nurse,3,10.49375
7,S402,nurse,4,3.9
7,S611,nurse,1,16.125
7,S249,nurse,1,20.75
7,S429,nurse,1,4.125
8,JH_H001,doctor,1,42.10214927115564
8,JH_H002,doctor,1,14.280888126822646
8,JH_H003,doctor,1,19.5
8,JH_H004,doctor,1,7.500000000000028
8,JH_H006,doctor,1,5.5
8,JH_H007,doctor,1,3.75
8,JH_H008,doctor,1,1.5
8,JH_H009,doctor,1,0.5
8,JH_H010,doctor,1,0.75
8,JH_H011,doctor,1,0.5
8,JH_H012,doctor,1,0.7999821918666452
8,JH_H013,doctor,1,0.18287821558845785
8,JH_H015,doctor,1,2.5
8,S396,doctor,1,28.5
8,S768,doctor,1,52.25
8,S557,doctor,1,72.5
8,S794,doctor,1,37.75
8,S001,doctor,1,43.5
8,S297,doctor,1,84.75
8,S397,doctor,1,43.5
8,S574,doctor,1,83.25
8,S574,doctor,2,66.6
8,S574,doctor,3,27.75
8,S574,doctor,4,13.75
8,S487,doctor,1,75.25
8,S487,doctor,2,60.2
8,S487,doctor,3,60.2
8,S487,doctor,4,60.2
8,S626,doctor,1,40.25
8,S626,doctor,2,32.2
8,S626,doctor,3,32.2
8,S576,doctor,1,162.25
8,S576,doctor,2,129.8
8,S576,doctor,3,62.5
8,S576,doctor,4,31.0
8,S500,doctor,1,63.75
8,S500,doctor,2,51.0
8,S500,doctor,3,51.0
8,S500,doctor,4,28.5
8,S168,doctor,1,105.0
8,S625,doctor,1,83.0
8,S625,doctor,2,66.4
8,S625,doctor,3,66.4
8,S625,doctor,4,49.25
8,S615,doctor,1,81.75
8,S476,doctor,1,110.5
8,S476,doctor,2,88.4
8,S488,doctor,1,221.75
8,S488,doctor,2,177.40000000000003
8,S488,doctor,3,177.4
8,S488,doctor,4,61.8
8,S599,doctor,1,27.25
8,S599,doctor,2,21.8
8,S358,doctor,1,4.6478406206677505
8,S356,doctor,1,39.75
8,S474,doctor,1,32.5
8,S474,doctor,2,26.0
8,S585,doctor,1,43.25
8,S585,doctor,2,34.6
8,S585,doctor,3,34.6
8,S585,doctor,4,34.6
8,S653,doctor,1,56.5
8,S653,doctor,2,45.2
8,S359,doctor,1,97.25
8,S400,doctor,1,17.75
8,S534,doctor,1,55.0
8,S407,doctor,1,56.0
8,S407,doctor,2,44.8
8,S407,doctor,3,6.0
8,S167,doctor,1,41.5
8,S470,doctor,1,39.75
8,S470,doctor,2,31.8
8,S468,doctor,1,64.5
8,S468,doctor,2,51.6
8,S646,doctor,1,48.75
8,S646,doctor,2,3.1500000000000057
8,S516,doctor,1,87.5
8,S516,doctor,2,70.0
8,S475,doctor,1,102.75
8,S475,doctor,2,82.2
8,S394,doctor,1,107.5
8,S394,doctor,2,86.0
8,S169,doctor,1,86.5
8,S596,doctor,1,39.25
8,S596,doctor,2,31.4
8,S596,doctor,3,31.4
8,S596,doctor,4,10.199999999999996
8,S555,doctor,1,86.0
8,S527,doctor,1,48.75
8,S527,doctor,2,39.0
8,S652,doctor,1,43.0
8,S652,doctor,2,34.4
8,S579,doctor,1,46.25
8,S378,doctor,1,111.25
8,S301,doctor,1,37.25
8,S586,doctor,1,56.5
8,S586,doctor,2,45.2
8,S586,doctor,3,45.2
8,S586,doctor,4,45.2
8,S515,doctor,1,19.75
8,S515,doctor,2,15.8
8,S600,doctor,1,48.25
8,S600,doctor,2,38.6
8,S113,doctor,1,51.25
8,S492,doctor,1,119.75
8,S492,doctor,2,2.9999999999998863
8,S445,doctor,1,15.75
8,S610,doctor,1,36.0
8,S610,doctor,2,28.8
8,S609,doctor,1,28.0
8,S609,doctor,2,22.4
8,S614,doctor,1,31.25
8,S481,doctor,1,48.25
8,S662,doctor,1,126.5
8,S662,doctor,2,101.2
8,S583,doctor,1,31.0
8,S583,doctor,2,24.8
8,S583,doctor,3,24.8
8,S051,doctor,1,125.5
8,S051,doctor,2,32.7
8,S051,doctor,3,8.45
8,S051,doctor,4,0.20000000000000018
8,S392,doctor,1,128.75
8,S477,doctor,1,57.0
8,S477,doctor,2,45.6
8,S477,doctor,3,45.6
8,S143,doctor,1,30.75
8,S052,doctor,1,43.5
8,S519,doctor,1,10.0
8,S401,doctor,1,67.25
8,S241,doctor,1,37.75
8,S587,doctor,1,37.25
8,S587,doctor,2,29.8
8,S587,doctor,3,11.199999999999982
8,S587,doctor,4,2.75
8,S467,doctor,1,23.25
8,S467,doctor,2,18.6
8,S473,doctor,1,55.0
8,S473,doctor,2,44.0
8,S384,doctor,1,55.25
8,S402,doctor,1,9.75
8,S402,doctor,2,7.8
8,S402,doctor,3,7.8
8,S402,doctor,4,7.8
8,S611,doctor,1,32.25
8,S429,doctor,1,8.25
8,JH_H007,nurse,1,0.5
8,JH_H010,nurse,1,0.5
8,S396,nurse,1,14.25
8,S768,nurse,1,26.125
8,S557,nurse,1,36.25
8,S794,nurse,1,18.875
8,S001,nurse,1,21.75
8,S297,nurse,1,42.375
8,S397,nurse,1,21.75
8,S574,nurse,1,166.5
8,S574,nurse,2,67.51875
8,S574,nurse,3,14.859375
8,S574,nurse,4,6.875
8,S487,nurse,1,150.5
8,S487,nurse,2,99.70625000000001
8,S487,nurse,3,99.70625000000001
8,S487,nurse,4,99.70625000000001
8,S626,nurse,1,80.5
8,S626,nurse,2,53.331250000000004
8,S626,nurse,3,16.1
8,S576,nurse,1,324.5
8,S576,nurse,2,187.68125
8,S576,nurse,3,75.15625
8,S576,nurse,4,34.05078125
8,S500,nurse,1,127.5
8,S500,nurse,2,84.46875
8,S500,nurse,3,25.5
8,S500,nurse,4,14.25
8,S168,nurse,1,52.5
8,S625,nurse,1,166.0
8,S625,nurse,2,109.97500000000001
8,S625,nurse,3,33.2
8,S625,nurse,4,24.625
8,S615,nurse,1,40.875
8,S476,nurse,1,221.0
8,S476,nurse,2,86.48254156529771
8,S488,nurse,1,443.5
8,S488,nurse,2,293.81875
8,S488,nurse,3,198.35016126179696
8,S488,nurse,4,30.9
8,S599,nurse,1,54.5
8,S599,nurse,2,10.9
8,S358,nurse,1,2.3239203103338752
8,S356,nurse,1,19.875
8,S474,nurse,1,65.0
8,S474,nurse,2,43.0625
8,S585,nurse,1,86.5
8,S585,nurse,2,57.306250000000006
8,S585,nurse,3,57.306250000000006
8,S585,nurse,4,57.30381559527558
8,S653,nurse,1,113.0
8,S653,nurse,2,22.6
8,S359,nurse,1,48.625
8,S400,nurse,1,8.875
8,S534,nurse,1,27.5
8,S407,nurse,1,112.0
8,S407,nurse,2,34.3687535378618
8,S407,nurse,3,3.0
8,S167,nurse,1,20.75
8,S470,nurse,1,79.5
8,S470,nurse,2,15.9
8,S468,nurse,1,129.0
8,S468,nurse,2,25.8
8,S646,nurse,1,24.375
8,S646,nurse,2,1.5750000000000028
8,S516,nurse,1,175.0
8,S516,nurse,2,113.5125
8,S475,nurse,1,205.5
8,S475,nurse,2,136.14375
8,S394,nurse,1,185.0
8,S394,nurse,2,43.0
8,S169,nurse,1,43.25
8,S596,nurse,1,78.5
8,S596,nurse,2,52.00625000000001
8,S596,nurse,3,52.00625000000001
8,S596,nurse,4,5.099999999999998
8,S555,nurse,1,43.0
8,S527,nurse,1,97.5
8,S527,nurse,2,19.5
8,S652,nurse,1,86.0
8,S652,nurse,2,56.97500000000001
8,S579,nurse,1,23.125
8,S378,nurse,1,55.625
8,S301,nurse,1,18.625
8,S586,nurse,1,113.0
8,S586,nurse,2,74.86250000000001
8,S586,nurse,3,74.86250000000001
8,S586,nurse,4,74.86250000000001
8,S515,nurse,1,39.5
8,S515,nurse,2,26.168750000000003
8,S600,nurse,1,96.5
8,S600,nurse,2,19.3
8,S113,nurse,1,25.625
8,S492,nurse,1,67.47720216520293
8,S492,nurse,2,1.4999999999999432
8,S445,nurse,1,7.875
8,S610,nurse,1,18.0
8,S610,nurse,2,14.4
8,S609,nurse,1,56.0
8,S609,nurse,2,11.2
8,S614,nurse,1,15.625
8,S481,nurse,1,24.125
8,S662,nurse,1,253.0
8,S662,nurse,2,50.6
8,S583,nurse,1,62.0
8,S583,nurse,2,41.075
8,S583,nurse,3,34.074999999999996
8,S051,nurse,1,62.75
8,S051,nurse,2,16.35
8,S051,nurse,3,4.225
8,S051,nurse,4,0.10000000000000009
8,S392,nurse,1,64.375
8,S477,nurse,1,114.0
8,S477,nurse,2,75.525
8,S477,nurse,3,22.8
8,S143,nurse,1,15.375
8,S052,nurse,1,21.75
8,S519,nurse,1,5.0
8,S401,nurse,1,33.625
8,S241,nurse,1,18.875
8,S587,nurse,1,74.5
8,S587,nurse,2,49.356249999999996
8,S587,nurse,3,5.599999999999991
8,S587,nurse,4,1.375
8,S467,nurse,1,46.5
8,S467,nurse,2,9.3
8,S473,nurse,1,110.0
8,S473,nurse,2,22.0
8,S384,nurse,1,27.625
8,S402,nurse,1,19.5
8,S402,nurse,2,12.918750000000001
8,S402,nurse,3,8.49375
8,S402,nurse,4,3.9
8,S611,nurse,1,16.125
8,S429,nurse,1,4.125
9,JH_H001,doctor,1,41.35971572057548
9,JH_H002,doctor,1,12.803220791664302
9,JH_H003,doctor,1,19.5
9,JH_H004,doctor,1,7.5000000000000355
9,JH_H006,doctor,1,5.5
9,JH_H007,doctor,1,3.75
9,JH_H008,doctor,1,1.5
9,JH_H009,doctor,1,0.5
9,JH_H010,doctor,1,0.75
9,JH_H011,doctor,1,0.5
9,JH_H012,doctor,1,0.5931706061947786
9,JH_H013,doctor,1,0.012060581202170795
9,JH_H015,doctor,1,2.5
9,S396,doctor,1,28.5
9,S768,doctor,1,52.25
9,S557,doctor,1,72.5
9,S794,doctor,1,37.75
9,S001,doctor,1,43.5
9,S297,doctor,1,84.75
9,S397,doctor,1,43.5
9,S574,doctor,1,83.25
9,S574,doctor,2,66.6
9,S574,doctor,3,30.5
9,S574,doctor,4,15.0
9,S487,doctor,1,75.25
9,S487,doctor,2,60.2
9,S487,doctor,3,60.2
9,S487,doctor,4,60.2
9,S626,doctor,1,40.25
9,S626,doctor,2,32.2
9,S626,doctor,3,32.2
9,S576,doctor,1,162.25
9,S576,doctor,2,129.8
9,S576,doctor,3,68.0
9,S576,doctor,4,33.75
9,S500,doctor,1,63.75
9,S500,doctor,2,51.0
9,S500,doctor,3,51.0
9,S500,doctor,4,31.0
9,S168,doctor,1,105.0
9,S625,doctor,1,83.0
9,S625,doctor,2,66.4
9,S625,doctor,3,66.4
9,S625,doctor,4,54.0
9,S615,doctor,1,81.75
9,S476,doctor,1,110.5
9,S476,doctor,2,88.4
9,S488,doctor,1,221.75
9,S488,doctor,2,177.4
9,S488,doctor,3,177.4
9,S488,doctor,4,73.3
9,S599,doctor,1,27.25
9,S599,doctor,2,21.8
9,S358,doctor,1,35.75
9,S356,doctor,1,39.75
9,S474,doctor,1,32.5
9,S474,doctor,2,26.0
9,S585,doctor,1,43.25
9,S585,doctor,2,34.6
9,S585,doctor,3,34.6
9,S585,doctor,4,34.6
9,S653,doctor,1,56.5
9,S653,doctor,2,45.2
9,S359,doctor,1,97.25
9,S400,doctor,1,17.75
9,S534,doctor,1,55.0
9,S407,doctor,1,56.0
9,S407,doctor,2,44.8
9,S407,doctor,3,11.25
9,S167,doctor,1,41.5
9,S189,doctor,1,122.25
9,S470,doctor,1,39.75
9,S470,doctor,2,31.8
9,S468,doctor,1,64.5
9,S468,doctor,2,51.6
9,S075,doctor,1,42.75
9,S646,doctor,1,48.75
9,S646,doctor,2,39.0
9,S516,doctor,1,87.5
9,S516,doctor,2,70.0
9,S516,doctor,3,6.25
9,S475,doctor,1,102.75
9,S475,doctor,2,82.2
9,S394,doctor,1,107.5
9,S394,doctor,2,86.0
9,S169,doctor,1,86.5
9,S596,doctor,1,39.25
9,S596,doctor,2,31.4
9,S596,doctor,3,31.4
9,S596,doctor,4,18.699999999999996
9,S555,doctor,1,86.0
9,S527,doctor,1,48.75
9,S527,doctor,2,39.0
9,S652,doctor,1,43.0
9,S652,doctor,2,34.4
9,S652,doctor,3,24.899999999999984
9,S579,doctor,1,46.25
9,S378,doctor,1,111.25
9,S301,doctor,1,37.25
9,S586,doctor,1,56.5
9,S586,doctor,2,45.2
9,S586,doctor,3,45.2
9,S586,doctor,4,45.2
9,S362,doctor,1,65.75
9,S193,doctor,1,43.0
9,S515,doctor,1,19.75
9,S515,doctor,2,15.8
9,S600,doctor,1,48.25
9,S600,doctor,2,38.6
9,S113,doctor,1,51.25
9,S492,doctor,1,119.75
9,S492,doctor,2,95.8
9,S445,doctor,1,15.75
9,S610,doctor,1,36.0
9,S610,doctor,2,28.8
9,S609,doctor,1,28.0
9,S609,doctor,2,22.4
9,S614,doctor,1,31.25
9,S364,doctor,1,3.8902730755296773
9,S481,doctor,1,48.25
9,S481,doctor,2,18.499999999999915
9,S662,doctor,1,126.5
9,S662,doctor,2,101.2
9,S583,doctor,1,31.0
9,S583,doctor,2,24.8
9,S583,doctor,3,24.8
9,S051,doctor,1,125.5
9,S051,doctor,2,36.7
9,S051,doctor,3,9.95
9,S051,doctor,4,0.9500000000000002
9,S392,doctor,1,128.75
9,S392,doctor,2,11.600000000000009
9,S477,doctor,1,57.0
9,S477,doctor,2,45.6
9,S477,doctor,3,45.6
9,S143,doctor,1,30.75
9,S052,doctor,1,43.5
9,S519,doctor,1,10.0
9,S401,doctor,1,67.25
9,S241,doctor,1,57.0
9,S587,doctor,1,37.25
9,S587,doctor,2,29.8
9,S587,doctor,3,29.8
9,S587,doctor,4,3.0
9,S019,doctor,1,43.5
9,S467,doctor,1,23.25
9,S467,doctor,2,18.6
9,S473,doctor,1,55.0
9,S473,doctor,2,44.0
9,S384,doctor,1,55.25
9,S402,doctor,1,9.75
9,S402,doctor,2,7.8
9,S402,doctor,3,7.8
9,S402,doctor,4,7.8
9,S611,doctor,1,32.25
9,S249,doctor,1,41.5
9,S429,doctor,1,8.25
9,JH_H007,nurse,1,0.5
9,JH_H010,nurse,1,0.5
9,S396,nurse,1,14.25
9,S768,nurse,1,26.125
9,S557,nurse,1,36.25
9,S794,nurse,1,18.875
9,S001,nurse,1,21.75
9,S297,nurse,1,42.375
9,S397,nurse,1,21.75
9,S574,nurse,1,166.5
9,S574,nurse,2,73.01875
9,S574,nurse,3,18.359375
9,S574,nurse,4,7.5
9,S487,nurse,1,150.5
9,S487,nurse,2,99.70625000000001
9,S487,nurse,3,99.70625000000001
9,S487,nurse,4,99.70625000000001
9,S626,nurse,1,80.5
9,S626,nurse,2,53.331250000000004
9,S626,nurse,3,16.1
9,S576,nurse,1,324.5
9,S576,nurse,2,199.93125
9,S576,nurse,3,82.40625
9,S576,nurse,4,37.92578125
9,S500,nurse,1,127.5
9,S500,nurse,2,84.46875
9,S500,nurse,3,25.5
9,S500,nurse,4,15.5
9,S168,nurse,1,52.5
9,S625,nurse,1,166.0
9,S625,nurse,2,109.97500000000001
9,S625,nurse,3,33.2
9,S625,nurse,4,27.0
9,S615,nurse,1,40.875
9,S476,nurse,1,221.0
9,S476,nurse,2,146.41250000000002
9,S488,nurse,1,443.5
9,S488,nurse,2,293.81875
9,S488,nurse,3,225.23691344677786
9,S488,nurse,4,44.45573036473965
9,S599,nurse,1,54.5
9,S599,nurse,2,10.9
9,S358,nurse,1,17.875
9,S356,nurse,1,19.875
9,S474,nurse,1,65.0
9,S474,nurse,2,43.0625
9,S585,nurse,1,86.5
9,S585,nurse,2,57.306250000000006
9,S585,nurse,3,57.306250000000006
9,S585,nurse,4,57.306250000000006
9,S653,nurse,1,113.0
9,S653,nurse,2,22.6
9,S359,nurse,1,48.625
9,S400,nurse,1,8.875
9,S534,nurse,1,27.5
9,S407,nurse,1,112.0
9,S407,nurse,2,45.493753921363215
9,S407,nurse,3,5.625
9,S167,nurse,1,20.75
9,S189,nurse,1,61.125
9,S470,nurse,1,79.5
9,S470,nurse,2,15.9
9,S468,nurse,1,129.0
9,S468,nurse,2,57.52912456498136
9,S075,nurse,1,21.375
9,S646,nurse,1,64.24945153228379
9,S646,nurse,2,19.5
9,S516,nurse,1,175.0
9,S516,nurse,2,115.9375
9,S516,nurse,3,3.125
9,S475,nurse,1,205.5
9,S475,nurse,2,136.14375
9,S394,nurse,1,215.0
9,S394,nurse,2,43.0
9,S169,nurse,1,43.25
9,S596,nurse,1,78.5
9,S596,nurse,2,52.00625000000001
9,S596,nurse,3,52.00625000000001
9,S596,nurse,4,9.349999999999998
9,S555,nurse,1,43.0
9,S527,nurse,1,97.5
9,S527,nurse,2,19.5
9,S652,nurse,1,86.0
9,S652,nurse,2,56.97500000000001
9,S652,nurse,3,12.449999999999992
9,S579,nurse,1,23.125
9,S378,nurse,1,55.625
9,S301,nurse,1,18.625
9,S586,nurse,1,113.0
9,S586,nurse,2,74.86250000000001
9,S586,nurse,3,74.86250000000001
9,S586,nurse,4,74.86250000000001
9,S362,nurse,1,32.875
9,S193,nurse,1,21.5
9,S515,nurse,1,39.5
9,S515,nurse,2,26.168750000000003
9,S600,nurse,1,96.5
9,S600,nurse,2,19.3
9,S113,nurse,1,25.625
9,S492,nurse,1,239.5
9,S492,nurse,2,47.9
9,S445,nurse,1,7.875
9,S610,nurse,1,72.0
9,S610,nurse,2,14.4
9,S609,nurse,1,56.0
9,S609,nurse,2,11.2
9,S614,nurse,1,15.625
9,S364,nurse,1,1.9451365377648386
9,S481,nurse,1,47.50485242938987
9,S481,nurse,2,9.249999999999957
9,S662,nurse,1,253.0
9,S662,nurse,2,50.6
9,S583,nurse,1,62.0
9,S583,nurse,2,41.075
9,S583,nurse,3,41.075
9,S051,nurse,1,62.75
9,S051,nurse,2,18.35
9,S051,nurse,3,4.975
9,S051,nurse,4,0.4750000000000001
9,S392,nurse,1,64.375
9,S392,nurse,2,5.800000000000004
9,S477,nurse,1,114.0
9,S477,nurse,2,75.525
9,S477,nurse,3,22.8
9,S143,nurse,1,15.375
9,S052,nurse,1,21.75
9,S519,nurse,1,5.0
9,S401,nurse,1,33.625
9,S241,nurse,1,28.5
9,S587,nurse,1,74.5
9,S587,nurse,2,49.356249999999996
9,S587,nurse,3,14.9
9,S587,nurse,4,1.5
9,S019,nurse,1,21.75
9,S467,nurse,1,46.5
9,S467,nurse,2,9.3
9,S473,nurse,1,110.0
9,S473,nurse,2,22.0
9,S384,nurse,1,27.625
9,S402,nurse,1,19.5
9,S402,nurse,2,12.918750000000001
9,S402,nurse,3,9.74375
9,S402,nurse,4,3.9
9,S611,nurse,1,16.125
9,S249,nurse,1,20.75
9,S429,nurse,1,4.125
10,JH_H001,doctor,1,43.27755501448195
10,JH_H002,doctor,1,16.620301089926983
10,JH_H003,doctor,1,19.5
10,JH_H004,doctor,1,7.5
10,JH_H006,doctor,1,5.5
10,JH_H007,doctor,1,3.75
10,JH_H008,doctor,1,1.5
10,JH_H009,doctor,1,0.5
10,JH_H010,doctor,1,0.75
10,JH_H011,doctor,1,0.5
10,JH_H012,doctor,1,1.1274021008877053
10,JH_H013,doctor,1,0.45331323076545615
10,JH_H015,doctor,1,2.5
10,S396,doctor,1,14.722444985517996
10,S768,doctor,1,52.25
10,S557,doctor,1,72.5
10,S794,doctor,1,37.75
10,S001,doctor,1,43.5
10,S297,doctor,1,84.75
10,S397,doctor,1,43.5
10,S574,doctor,1,83.25
10,S574,doctor,2,66.6
10,S574,doctor,3,23.5
10,S574,doctor,4,11.75
10,S487,doctor,1,75.25
10,S487,doctor,2,60.2
10,S487,doctor,3,60.2
10,S487,doctor,4,60.2
10,S626,doctor,1,40.25
10,S626,doctor,2,32.2
10,S626,doctor,3,17.599999999999994
10,S576,doctor,1,162.25
10,S576,doctor,2,129.8
10,S576,doctor,3,53.0
10,S576,doctor,4,26.25
10,S500,doctor,1,63.75
10,S500,doctor,2,51.0
10,S500,doctor,3,48.5
10,S500,doctor,4,24.0
10,S625,doctor,1,83.0
10,S625,doctor,2,66.4
10,S625,doctor,3,66.4
10,S625,doctor,4,42.0
10,S615,doctor,1,81.75
10,S476,doctor,1,110.5
10,S476,doctor,2,88.4
10,S488,doctor,1,221.75
10,S488,doctor,2,177.4
10,S488,doctor,3,147.55
10,S488,doctor,4,40.24999999999999
10,S599,doctor,1,27.25
10,S599,doctor,2,21.8
10,S474,doctor,1,32.5
10,S474,doctor,2,26.0
10,S585,doctor,1,43.25
10,S585,doctor,2,34.6
10,S585,doctor,3,34.6
10,S585,doctor,4,34.6
10,S653,doctor,1,56.5
10,S653,doctor,2,45.2
10,S400,doctor,1,17.75
10,S534,doctor,1,55.0
10,S407,doctor,1,56.0
10,S407,doctor,2,44.8
10,S470,doctor,1,39.75
10,S468,doctor,1,64.5
10,S468,doctor,2,51.6
10,S646,doctor,1,48.75
10,S516,doctor,1,87.5
10,S516,doctor,2,70.0
10,S475,doctor,1,102.75
10,S475,doctor,2,82.2
10,S394,doctor,1,107.5
10,S169,doctor,1,86.5
10,S596,doctor,1,39.25
10,S596,doctor,2,31.4
10,S596,doctor,3,31.4
10,S555,doctor,1,86.0
10,S527,doctor,1,48.75
10,S652,doctor,1,43.0
10,S652,doctor,2,34.4
10,S579,doctor,1,46.25
10,S378,doctor,1,30.25
10,S301,doctor,1,37.25
10,S586,doctor,1,56.5
10,S586,doctor,2,45.2
10,S586,doctor,3,45.2
10,S586,doctor,4,45.2
10,S515,doctor,1,19.75
10,S515,doctor,2,15.8
10,S600,doctor,1,48.25
10,S600,doctor,2,19.349991979873245
10,S492,doctor,1,119.75
10,S610,doctor,1,36.0
10,S609,doctor,1,28.0
10,S614,doctor,1,31.25
10,S481,doctor,1,48.25
10,S662,doctor,1,126.5
10,S662,doctor,2,101.20000000000002
10,S583,doctor,1,31.0
10,S583,doctor,2,24.8
10,S583,doctor,3,24.8
10,S051,doctor,1,125.5
10,S051,doctor,2,26.7
10,S051,doctor,3,5.95
10,S392,doctor,1,128.75
10,S477,doctor,1,57.0
10,S477,doctor,2,45.6
10,S477,doctor,3,17.249999999999993
10,S143,doctor,1,30.75
10,S519,doctor,1,10.0
10,S587,doctor,1,37.25
10,S587,doctor,2,29.8
10,S587,doctor,3,4.75
10,S587,doctor,4,2.25
10,S467,doctor,1,23.25
10,S473,doctor,1,55.0
10,S473,doctor,2,44.0
10,S402,doctor,1,9.75
10,S402,doctor,2,7.8
10,S402,doctor,3,7.8
10,S402,doctor,4,6.75
10,S611,doctor,1,32.25
10,S429,doctor,1,8.25
10,JH_H007,nurse,1,0.5
10,JH_H010,nurse,1,0.5
10,S396,nurse,1,7.361222492758998
10,S768,nurse,1,26.125
10,S557,nurse,1,36.25
10,S794,nurse,1,18.875
10,S001,nurse,1,21.75
10,S297,nurse,1,42.375
10,S397,nurse,1,21.75
10,S574,nurse,1,132.25
10,S574,nurse,2,58.89375
10,S574,nurse,3,11.75
10,S574,nurse,4,5.875
10,S487,nurse,1,150.5
10,S487,nurse,2,99.70625000000001
10,S487,nurse,3,99.70625000000001
10,S487,nurse,4,99.70625000000001
10,S626,nurse,1,80.5
10,S626,nurse,2,53.331250000000004
10,S626,nurse,3,8.799999999999997
10,S576,nurse,1,324.5
10,S576,nurse,2,168.18125
10,S576,nurse,3,63.40625
10,S576,nurse,4,28.5
10,S500,nurse,1,127.5
10,S500,nurse,2,78.6875
10,S500,nurse,3,24.25
10,S500,nurse,4,12.0
10,S625,nurse,1,166.0
10,S625,nurse,2,109.97500000000001
10,S625,nurse,3,33.2
10,S625,nurse,4,21.0
10,S615,nurse,1,40.875
10,S476,nurse,1,221.0
10,S476,nurse,2,44.2
10,S488,nurse,1,443.5
10,S488,nurse,2,293.81875
10,S488,nurse,3,152.36496557907716
10,S488,nurse,4,20.124999999999996
10,S599,nurse,1,13.625
10,S599,nurse,2,10.9
10,S474,nurse,1,65.0
10,S474,nurse,2,43.0625
10,S585,nurse,1,86.5
10,S585,nurse,2,57.306250000000006
10,S585,nurse,3,57.306250000000006
10,S585,nurse,4,36.42955662419731
10,S653,nurse,1,113.0
10,S653,nurse,2,22.6
10,S400,nurse,1,8.875
10,S534,nurse,1,27.5
10,S407,nurse,1,112.0
10,S407,nurse,2,22.4
10,S470,nurse,1,19.875
10,S468,nurse,1,129.0
10,S468,nurse,2,25.8
10,S646,nurse,1,24.375
10,S516,nurse,1,175.0
10,S516,nurse,2,35.0
10,S475,nurse,1,205.5
10,S475,nurse,2,110.21264725332497
10,S394,nurse,1,53.75
10,S169,nurse,1,43.25
10,S596,nurse,1,78.5
10,S596,nurse,2,52.00625000000001
10,S596,nurse,3,51.306250000000006
10,S555,nurse,1,43.0
10,S527,nurse,1,24.375
10,S652,nurse,1,86.0
10,S652,nurse,2,56.97500000000001
10,S579,nurse,1,23.125
10,S378,nurse,1,15.125
10,S301,nurse,1,18.625
10,S586,nurse,1,113.0
10,S586,nurse,2,74.86250000000001
10,S586,nurse,3,74.86250000000001
10,S586,nurse,4,74.86250000000001
10,S515,nurse,1,39.5
10,S515,nurse,2,7.9
10,S600,nurse,1,24.125
10,S600,nurse,2,9.674995989936622
10,S492,nurse,1,59.875
10,S610,nurse,1,18.0
10,S609,nurse,1,14.0
10,S614,nurse,1,15.625
10,S481,nurse,1,24.125
10,S662,nurse,1,244.0481445695283
10,S662,nurse,2,50.60000000000001
10,S583,nurse,1,62.0
10,S583,nurse,2,41.075
10,S583,nurse,3,12.4
10,S051,nurse,1,62.75
10,S051,nurse,2,13.35
10,S051,nurse,3,2.975
10,S392,nurse,1,64.375
10,S477,nurse,1,114.0
10,S477,nurse,2,75.525
10,S477,nurse,3,8.624999999999996
10,S143,nurse,1,15.375
10,S519,nurse,1,5.0
10,S587,nurse,1,74.5
10,S587,nurse,2,49.356249999999996
10,S587,nurse,3,2.375
10,S587,nurse,4,1.125
10,S467,nurse,1,11.625
10,S473,nurse,1,110.0
10,S473,nurse,2,22.0
10,S402,nurse,1,19.5
10,S402,nurse,2,12.918750000000001
10,S402,nurse,3,6.49375
10,S402,nurse,4,3.375
10,S611,nurse,1,16.125
10,S429,nurse,1,4.125
11,JH_H001,doctor,1,38.69328444110707
11,JH_H002,doctor,1,7.496216009841049
11,JH_H003,doctor,1,19.5
11,JH_H004,doctor,1,7.50000000000005
11,JH_H006,doctor,1,5.5
11,JH_H007,doctor,1,3.75
11,JH_H008,doctor,1,1.5
11,JH_H009,doctor,1,0.5
11,JH_H010,doctor,1,0.75
11,JH_H011,doctor,1,0.5
11,JH_H015,doctor,1,2.5
11,S396,doctor,1,28.5
11,S768,doctor,1,52.25
11,S557,doctor,1,72.5
11,S557,doctor,2,11.99999999999999
11,S794,doctor,1,37.75
11,S794,doctor,2,19.59537244711428
11,S001,doctor,1,43.5
11,S001,doctor,2,34.8
11,S297,doctor,1,84.75
11,S209,doctor,1,56.0
11,S397,doctor,1,43.5
11,S574,doctor,1,83.25
11,S574,doctor,2,66.6
11,S574,doctor,3,39.75
11,S574,doctor,4,19.75
11,S487,doctor,1,75.25
11,S487,doctor,2,60.2
11,S487,doctor,3,60.2
11,S487,doctor,4,60.2
11,S626,doctor,1,40.25
11,S626,doctor,2,32.2
11,S626,doctor,3,32.2
11,S626,doctor,4,4.099999999999994
11,S576,doctor,1,162.25
11,S576,doctor,2,129.8
11,S576,doctor,3,89.5
11,S576,doctor,4,44.5
11,S667,doctor,1,75.25
11,S664,doctor,1,66.25
11,S668,doctor,1,36.75
11,S669,doctor,1,25.5
11,S500,doctor,1,63.75
11,S500,doctor,2,51.0
11,S500,doctor,3,51.0
11,S500,doctor,4,40.75
11,S168,doctor,1,105.0
11,S625,doctor,1,83.0
11,S625,doctor,2,66.4
11,S625,doctor,3,66.4
11,S625,doctor,4,66.4
11,S615,doctor,1,81.75
11,S615,doctor,2,65.4
11,S665,doctor,1,15.5
11,S476,doctor,1,110.5
11,S476,doctor,2,88.4
11,S488,doctor,1,221.75
11,S488,doctor,2,177.4
11,S488,doctor,3,177.4
11,S488,doctor,4,114.55
11,S194,doctor,1,110.5
11,S016,doctor,1,43.5
11,S599,doctor,1,27.25
11,S599,doctor,2,21.8
11,S358,doctor,1,35.75
11,S356,doctor,1,39.75
11,S387,doctor,1,16.25
11,S474,doctor,1,32.5
11,S474,doctor,2,26.0
11,S474,doctor,3,26.0
11,S585,doctor,1,43.25
11,S585,doctor,2,34.6
11,S585,doctor,3,34.6
11,S585,doctor,4,34.6
11,S147,doctor,1,51.25
11,S296,doctor,1,49.25
11,S653,doctor,1,56.5
11,S653,doctor,2,45.2
11,S359,doctor,1,97.25
11,S400,doctor,1,17.75
11,S400,doctor,2,14.2
11,S534,doctor,1,55.0
11,S534,doctor,2,44.0
11,S407,doctor,1,56.0
11,S407,doctor,2,44.8
11,S407,doctor,3,30.5
11,S167,doctor,1,41.5
11,S189,doctor,1,122.25
11,S470,doctor,1,39.75
11,S470,doctor,2,31.8
11,S468,doctor,1,64.5
11,S468,doctor,2,51.6
11,S075,doctor,1,47.0
11,S646,doctor,1,48.75
11,S646,doctor,2,39.0
11,S516,doctor,1,87.5
11,S516,doctor,2,70.0
11,S516,doctor,3,70.0
11,S475,doctor,1,102.75
11,S475,doctor,2,82.2
11,S475,doctor,3,79.24999999999996
11,S394,doctor,1,107.5
11,S394,doctor,2,86.0
11,S386,doctor,1,33.75
11,S169,doctor,1,86.5
11,S596,doctor,1,39.25
11,S596,doctor,2,31.4
11,S596,doctor,3,31.4
11,S596,doctor,4,31.4
11,S555,doctor,1,86.0
11,S555,doctor,2,68.8
11,S527,doctor,1,48.75
11,S527,doctor,2,39.0
11,S652,doctor,1,43.0
11,S652,doctor,2,34.4
11,S652,doctor,3,34.4
11,S579,doctor,1,46.25
11,S579,doctor,2,37.0
11,S378,doctor,1,111.25
11,S301,doctor,1,37.25
11,S215,doctor,1,38.5
11,S586,doctor,1,56.5
11,S586,doctor,2,45.2
11,S586,doctor,3,45.2
11,S586,doctor,4,45.2
11,S246,doctor,1,35.0
11,S214,doctor,1,60.75
11,S362,doctor,1,65.75
11,S193,doctor,1,43.0
11,S515,doctor,1,19.75
11,S515,doctor,2,15.8
11,S600,doctor,1,48.25
11,S600,doctor,2,38.6
11,S160,doctor,1,30.5
11,S113,doctor,1,51.25
11,S492,doctor,1,119.75
11,S492,doctor,2,95.8
11,S445,doctor,1,15.75
11,S610,doctor,1,36.0
11,S610,doctor,2,28.8
11,S609,doctor,1,28.0
11,S609,doctor,2,22.4
11,S062,doctor,1,43.5
11,S466,doctor,1,12.556700411335044
11,S200,doctor,1,67.75
11,S614,doctor,1,31.25
11,S614,doctor,2,25.0
11,S364,doctor,1,25.75
11,S481,doctor,1,48.25
11,S481,doctor,2,38.6
11,S662,doctor,1,126.5
11,S662,doctor,2,101.2
11,S583,doctor,1,31.0
11,S583,doctor,2,24.8
11,S583,doctor,3,24.8
11,S583,doctor,4,17.800000000000004
11,S051,doctor,1,125.5
11,S051,doctor,2,100.4
11,S051,doctor,3,15.45
11,S051,doctor,4,3.7
11,S161,doctor,1,40.0
11,S198,doctor,1,101.0
11,S392,doctor,1,128.75
11,S392,doctor,2,103.0
11,S477,doctor,1,57.0
11,S477,doctor,2,45.6
11,S477,doctor,3,45.6
11,S228,doctor,1,46.25
11,S186,doctor,1,35.25
11,S143,doctor,1,30.75
11,S052,doctor,1,43.5
11,S195,doctor,1,110.0
11,S227,doctor,1,50.75
11,S519,doctor,1,10.0
11,S519,doctor,2,8.0
11,S401,doctor,1,67.25
11,S241,doctor,1,57.0
11,S587,doctor,1,37.25
11,S587,doctor,2,29.8
11,S587,doctor,3,29.8
11,S587,doctor,4,4.0
11,S019,doctor,1,43.5
11,S467,doctor,1,23.25
11,S467,doctor,2,18.6
11,S473,doctor,1,55.0
11,S473,doctor,2,44.0
11,S384,doctor,1,55.25
11,S402,doctor,1,9.75
11,S402,doctor,2,7.8
11,S402,doctor,3,7.8
11,S402,doctor,4,7.8
11,S213,doctor,1,138.0
11,S611,doctor,1,32.25
11,S611,doctor,2,25.8
11,S212,doctor,1,68.0
11,S249,doctor,1,41.5
11,S429,doctor,1,8.25
11,JH_H007,nurse,1,0.5
11,JH_H010,nurse,1,0.5
11,S396,nurse,1,14.25
11,S768,nurse,1,26.125
11,S557,nurse,1,36.25
11,S557,nurse,2,5.999999999999995
11,S794,nurse,1,18.875
11,S794,nurse,2,9.79768622355714
11,S001,nurse,1,61.875
11,S001,nurse,2,17.4
11,S297,nurse,1,42.375
11,S209,nurse,1,28.0
11,S397,nurse,1,21.75
11,S574,nurse,1,166.5
11,S574,nurse,2,110.30625
11,S574,nurse,3,30.859375
11,S574,nurse,4,9.875
11,S487,nurse,1,150.5
11,S487,nurse,2,99.70625000000001
11,S487,nurse,3,99.70625000000001
11,S487,nurse,4,99.70625000000001
11,S626,nurse,1,80.5
11,S626,nurse,2,53.331250000000004
11,S626,nurse,3,16.1
11,S626,nurse,4,2.049999999999997
11,S576,nurse,1,324.5
11,S576,nurse,2,214.98125000000002
11,S576,nurse,3,112.203125
11,S576,nurse,4,52.17578125
11,S667,nurse,1,37.625
11,S664,nurse,1,33.125
11,S668,nurse,1,18.375
11,S669,nurse,1,12.75
11,S500,nurse,1,127.5
11,S500,nurse,2,84.46875
11,S500,nurse,3,39.781249734917736
11,S500,nurse,4,20.375
11,S168,nurse,1,52.5
11,S625,nurse,1,166.0
11,S625,nurse,2,109.97500000000001
11,S625,nurse,3,33.2
11,S625,nurse,4,33.2
11,S615,nurse,1,163.5
11,S615,nurse,2,32.7
11,S665,nurse,1,7.75
11,S476,nurse,1,221.0
11,S476,nurse,2,146.41250000000002
11,S488,nurse,1,443.5
11,S488,nurse,2,293.81875
11,S488,nurse,3,293.81875
11,S488,nurse,4,111.31919674274309
11,S194,nurse,1,55.25
11,S016,nurse,1,21.75
11,S599,nurse,1,54.5
11,S599,nurse,2,36.10625
11,S358,nurse,1,17.875
11,S356,nurse,1,19.875
11,S387,nurse,1,8.125
11,S474,nurse,1,65.0
11,S474,nurse,2,43.0625
11,S474,nurse,3,13.0
11,S585,nurse,1,86.5
11,S585,nurse,2,57.306250000000006
11,S585,nurse,3,57.306250000000006
11,S585,nurse,4,57.306250000000006
11,S147,nurse,1,25.625
11,S296,nurse,1,24.625
11,S653,nurse,1,113.0
11,S653,nurse,2,74.86250000000001
11,S359,nurse,1,48.625
11,S400,nurse,1,8.875
11,S400,nurse,2,7.1
11,S534,nurse,1,110.0
11,S534,nurse,2,22.0
11,S407,nurse,1,112.0
11,S407,nurse,2,74.2
11,S407,nurse,3,15.25
11,S167,nurse,1,20.75
11,S189,nurse,1,61.125
11,S470,nurse,1,79.5
11,S470,nurse,2,52.668749999999996
11,S468,nurse,1,129.0
11,S468,nurse,2,85.4625
11,S075,nurse,1,23.5
11,S646,nurse,1,97.5
11,S646,nurse,2,19.5
11,S516,nurse,1,175.0
11,S516,nurse,2,115.9375
11,S516,nurse,3,35.0
11,S475,nurse,1,205.5
11,S475,nurse,2,136.14375
11,S475,nurse,3,39.62499999999998
11,S394,nurse,1,215.0
11,S394,nurse,2,43.0
11,S386,nurse,1,16.875
11,S169,nurse,1,43.25
11,S596,nurse,1,78.5
11,S596,nurse,2,52.00625000000001
11,S596,nurse,3,52.00625000000001
11,S596,nurse,4,30.931250000000002
11,S555,nurse,1,172.0
11,S555,nurse,2,34.4
11,S527,nurse,1,97.5
11,S527,nurse,2,64.59375
11,S652,nurse,1,86.0
11,S652,nurse,2,56.97500000000001
11,S652,nurse,3,17.2
11,S579,nurse,1,92.5
11,S579,nurse,2,18.5
11,S378,nurse,1,55.625
11,S301,nurse,1,18.625
11,S215,nurse,1,19.25
11,S586,nurse,1,113.0
11,S586,nurse,2,74.86250000000001
11,S586,nurse,3,74.86250000000001
11,S586,nurse,4,74.86250000000001
11,S246,nurse,1,17.5
11,S214,nurse,1,30.375
11,S362,nurse,1,32.875
11,S193,nurse,1,21.5
11,S515,nurse,1,39.5
11,S515,nurse,2,26.168750000000003
11,S600,nurse,1,96.5
11,S600,nurse,2,61.734329414400804
11,S160,nurse,1,15.25
11,S113,nurse,1,25.625
11,S492,nurse,1,239.5
11,S492,nurse,2,47.9
11,S445,nurse,1,7.875
11,S610,nurse,1,72.0
11,S610,nurse,2,14.4
11,S609,nurse,1,56.0
11,S609,nurse,2,11.2
11,S062,nurse,1,21.75
11,S466,nurse,1,6.278350205667522
11,S200,nurse,1,33.875
11,S614,nurse,1,62.5
11,S614,nurse,2,12.5
11,S364,nurse,1,12.875
11,S481,nurse,1,96.5
11,S481,nurse,2,19.3
11,S662,nurse,1,253.0
11,S662,nurse,2,167.6125
11,S583,nurse,1,62.0
11,S583,nurse,2,41.075
11,S583,nurse,3,41.075
11,S583,nurse,4,8.900000000000002
11,S051,nurse,1,150.33744729856252
11,S051,nurse,2,50.2
11,S051,nurse,3,7.725
11,S051,nurse,4,1.85
11,S161,nurse,1,20.0
11,S198,nurse,1,50.5
11,S392,nurse,1,257.5
11,S392,nurse,2,51.5
11,S477,nurse,1,114.0
11,S477,nurse,2,75.525
11,S477,nurse,3,75.43110844845926
11,S228,nurse,1,23.125
11,S186,nurse,1,17.625
11,S143,nurse,1,15.375
11,S052,nurse,1,21.75
11,S195,nurse,1,55.0
11,S227,nurse,1,25.375
11,S519,nurse,1,20.0
11,S519,nurse,2,4.0
11,S401,nurse,1,33.625
11,S241,nurse,1,28.5
11,S587,nurse,1,74.5
11,S587,nurse,2,49.356249999999996
11,S587,nurse,3,18.80625
11,S587,nurse,4,2.0
11,S019,nurse,1,21.75
11,S467,nurse,1,46.5
11,S467,nurse,2,9.3
11,S473,nurse,1,110.0
11,S473,nurse,2,72.875
11,S384,nurse,1,27.625
11,S402,nurse,1,19.5
11,S402,nurse,2,12.918750000000001
11,S402,nurse,3,12.918750000000001
11,S402,nurse,4,4.5859375
11,S213,nurse,1,69.0
11,S611,nurse,1,64.5
11,S611,nurse,2,12.9
11,S212,nurse,1,34.0
11,S249,nurse,1,20.75
11,S429,nurse,1,4.125
12,JH_H001,doctor,1,39.03285370329638
12,JH_H002,doctor,1,8.172061553686518
12,JH_H003,doctor,1,19.5
12,JH_H004,doctor,1,7.499999999999993
12,JH_H006,doctor,1,5.5
12,JH_H007,doctor,1,3.75
12,JH_H008,doctor,1,1.5
12,JH_H009,doctor,1,0.5
12,JH_H010,doctor,1,0.75
12,JH_H011,doctor,1,0.5
12,JH_H015,doctor,1,2.5
12,S396,doctor,1,28.5
12,S768,doctor,1,52.25
12,S557,doctor,1,72.5
12,S794,doctor,1,37.75
12,S001,doctor,1,43.5
12,S001,doctor,2,22.0
12,S297,doctor,1,84.75
12,S209,doctor,1,56.0
12,S397,doctor,1,43.5
12,S574,doctor,1,83.25
12,S574,doctor,2,66.6
12,S574,doctor,3,38.75
12,S574,doctor,4,19.25
12,S487,doctor,1,75.25
12,S487,doctor,2,60.2
12,S487,doctor,3,60.2
12,S487,doctor,4,60.2
12,S626,doctor,1,40.25
12,S626,doctor,2,32.2
12,S626,doctor,3,32.2
12,S626,doctor,4,2.0999999999999943
12,S576,doctor,1,162.25
12,S576,doctor,2,129.8
12,S576,doctor,3,86.75
12,S576,doctor,4,43.0
12,S664,doctor,1,17.467131652342687
12,S669,doctor,1,25.5
12,S500,doctor,1,63.75
12,S500,doctor,2,51.0
12,S500,doctor,3,51.0
12,S500,doctor,4,39.5
12,S168,doctor,1,105.0
12,S625,doctor,1,83.0
12,S625,doctor,2,66.4
12,S625,doctor,3,66.4
12,S625,doctor,4,66.4
12,S615,doctor,1,81.75
12,S615,doctor,2,65.4
12,S476,doctor,1,110.5
12,S476,doctor,2,88.4
12,S488,doctor,1,221.75
12,S488,doctor,2,177.4
12,S488,doctor,3,177.4
12,S488,doctor,4,109.3
12,S194,doctor,1,110.5
12,S016,doctor,1,43.5
12,S599,doctor,1,27.25
12,S599,doctor,2,21.8
12,S358,doctor,1,35.75
12,S356,doctor,1,39.75
12,S387,doctor,1,16.25
12,S474,doctor,1,32.5
12,S474,doctor,2,26.0
12,S474,doctor,3,26.0
12,S585,doctor,1,43.25
12,S585,doctor,2,34.6
12,S585,doctor,3,34.6
12,S585,doctor,4,34.6
12,S147,doctor,1,51.25
12,S296,doctor,1,49.25
12,S653,doctor,1,56.5
12,S653,doctor,2,45.2
12,S359,doctor,1,97.25
12,S400,doctor,1,17.75
12,S534,doctor,1,55.0
12,S534,doctor,2,44.0
12,S407,doctor,1,56.0
12,S407,doctor,2,44.8
12,S407,doctor,3,28.0
12,S167,doctor,1,41.5
12,S189,doctor,1,122.25
12,S470,doctor,1,39.75
12,S470,doctor,2,31.8
12,S468,doctor,1,64.5
12,S468,doctor,2,51.6
12,S075,doctor,1,47.0
12,S646,doctor,1,48.75
12,S646,doctor,2,39.0
12,S516,doctor,1,87.5
12,S516,doctor,2,70.0
12,S516,doctor,3,70.0
12,S475,doctor,1,102.75
12,S475,doctor,2,82.2
12,S475,doctor,3,56.49999999999996
12,S394,doctor,1,107.5
12,S394,doctor,2,86.0
12,S386,doctor,1,33.75
12,S169,doctor,1,86.5
12,S596,doctor,1,39.25
12,S596,doctor,2,31.4
12,S596,doctor,3,31.4
12,S596,doctor,4,31.4
12,S555,doctor,1,86.0
12,S555,doctor,2,48.12371703736294
12,S527,doctor,1,48.75
12,S527,doctor,2,39.0
12,S652,doctor,1,43.0
12,S652,doctor,2,34.4
12,S652,doctor,3,34.4
12,S579,doctor,1,46.25
12,S579,doctor,2,37.0
12,S378,doctor,1,111.25
12,S301,doctor,1,37.25
12,S215,doctor,1,38.5
12,S586,doctor,1,56.5
12,S586,doctor,2,45.2
12,S586,doctor,3,45.2
12,S586,doctor,4,45.2
12,S246,doctor,1,35.0
12,S214,doctor,1,60.75
12,S362,doctor,1,65.75
12,S193,doctor,1,43.0
12,S515,doctor,1,19.75
12,S515,doctor,2,15.8
12,S600,doctor,1,48.25
12,S600,doctor,2,38.6
12,S160,doctor,1,30.5
12,S113,doctor,1,51.25
12,S492,doctor,1,119.75
12,S492,doctor,2,95.8
12,S445,doctor,1,15.75
12,S610,doctor,1,36.0
12,S610,doctor,2,28.8
12,S609,doctor,1,28.0
12,S609,doctor,2,22.4
12,S062,doctor,1,43.5
12,S200,doctor,1,67.75
12,S614,doctor,1,31.25
12,S614,doctor,2,25.0
12,S364,doctor,1,25.75
12,S481,doctor,1,48.25
12,S481,doctor,2,38.6
12,S662,doctor,1,126.5
12,S662,doctor,2,101.2
12,S583,doctor,1,31.0
12,S583,doctor,2,24.8
12,S583,doctor,3,24.8
12,S583,doctor,4,13.800000000000004
12,S051,doctor,1,125.5
12,S051,doctor,2,100.4
12,S051,doctor,3,14.7
12,S051,doctor,4,3.45
12,S161,doctor,1,40.0
12,S198,doctor,1,101.0
12,S392,doctor,1,128.75
12,S392,doctor,2,103.0
12,S477,doctor,1,57.0
12,S477,doctor,2,45.6
12,S477,doctor,3,45.6
12,S228,doctor,1,46.25
12,S186,doctor,1,35.25
12,S143,doctor,1,30.75
12,S052,doctor,1,43.5
12,S195,doctor,1,110.0
12,S227,doctor,1,50.75
12,S519,doctor,1,10.0
12,S519,doctor,2,8.0
12,S401,doctor,1,67.25
12,S241,doctor,1,57.0
12,S587,doctor,1,37.25
12,S587,doctor,2,29.8
12,S587,doctor,3,29.8
12,S587,doctor,4,3.75
12,S019,doctor,1,43.5
12,S467,doctor,1,23.25
12,S467,doctor,2,18.6
12,S473,doctor,1,55.0
12,S473,doctor,2,44.0
12,S384,doctor,1,55.25
12,S402,doctor,1,9.75
12,S402,doctor,2,7.8
12,S402,doctor,3,7.8
12,S402,doctor,4,7.8
12,S213,doctor,1,138.0
12,S611,doctor,1,32.25
12,S611,doctor,2,25.8
12,S212,doctor,1,68.0
12,S249,doctor,1,41.5
12,S429,doctor,1,8.25
12,JH_H007,nurse,1,0.5
12,JH_H010,nurse,1,0.5
12,S396,nurse,1,14.25
12,S768,nurse,1,26.125
12,S557,nurse,1,36.25
12,S794,nurse,1,18.875
12,S001,nurse,1,60.5
12,S001,nurse,2,11.0
12,S297,nurse,1,42.375
12,S209,nurse,1,28.0
12,S397,nurse,1,21.75
12,S574,nurse,1,166.5
12,S574,nurse,2,110.30625
12,S574,nurse,3,29.359375
12,S574,nurse,4,9.625
12,S487,nurse,1,150.5
12,S487,nurse,2,99.70625000000001
12,S487,nurse,3,99.70625000000001
12,S487,nurse,4,99.70625000000001
12,S626,nurse,1,80.5
12,S626,nurse,2,53.331250000000004
12,S626,nurse,3,16.1
12,S626,nurse,4,1.0499999999999972
12,S576,nurse,1,324.5
12,S576,nurse,2,214.98125000000002
12,S576,nurse,3,108.453125
12,S576,nurse,4,50.17578125
12,S664,nurse,1,8.733565826171343
12,S669,nurse,1,12.75
12,S500,nurse,1,127.5
12,S500,nurse,2,84.46875
12,S500,nurse,3,34.156249743723684
12,S500,nurse,4,19.75
12,S168,nurse,1,52.5
12,S625,nurse,1,166.0
12,S625,nurse,2,109.97500000000001
12,S625,nurse,3,33.2
12,S625,nurse,4,33.2
12,S615,nurse,1,163.5
12,S615,nurse,2,32.7
12,S476,nurse,1,221.0
12,S476,nurse,2,146.41250000000002
12,S488,nurse,1,443.5
12,S488,nurse,2,293.81875
12,S488,nurse,3,287.5340599710692
12,S488,nurse,4,104.0842726386604
12,S194,nurse,1,55.25
12,S016,nurse,1,21.75
12,S599,nurse,1,54.5
12,S599,nurse,2,17.68968054604851
12,S358,nurse,1,17.875
12,S356,nurse,1,19.875
12,S387,nurse,1,8.125
12,S474,nurse,1,65.0
12,S474,nurse,2,43.0625
12,S474,nurse,3,13.0
12,S585,nurse,1,86.5
12,S585,nurse,2,57.306250000000006
12,S585,nurse,3,57.306250000000006
12,S585,nurse,4,57.306250000000006
12,S147,nurse,1,25.625
12,S296,nurse,1,24.625
12,S653,nurse,1,113.0
12,S653,nurse,2,74.86250000000001
12,S359,nurse,1,48.625
12,S400,nurse,1,8.875
12,S534,nurse,1,110.0
12,S534,nurse,2,22.0
12,S407,nurse,1,112.0
12,S407,nurse,2,74.2
12,S407,nurse,3,14.0
12,S167,nurse,1,20.75
12,S189,nurse,1,61.125
12,S470,nurse,1,79.5
12,S470,nurse,2,52.668749999999996
12,S468,nurse,1,129.0
12,S468,nurse,2,85.4625
12,S075,nurse,1,23.5
12,S646,nurse,1,97.5
12,S646,nurse,2,19.5
12,S516,nurse,1,175.0
12,S516,nurse,2,115.9375
12,S516,nurse,3,35.0
12,S475,nurse,1,205.5
12,S475,nurse,2,136.14375
12,S475,nurse,3,28.24999999999998
12,S394,nurse,1,215.0
12,S394,nurse,2,43.0
12,S386,nurse,1,16.875
12,S169,nurse,1,43.25
12,S596,nurse,1,78.5
12,S596,nurse,2,52.00625000000001
12,S596,nurse,3,52.00625000000001
12,S596,nurse,4,27.681250000000002
12,S555,nurse,1,47.40956931533691
12,S555,nurse,2,24.06185851868147
12,S527,nurse,1,97.5
12,S527,nurse,2,64.59375
12,S652,nurse,1,86.0
12,S652,nurse,2,56.97500000000001
12,S652,nurse,3,17.2
12,S579,nurse,1,92.5
12,S579,nurse,2,18.5
12,S378,nurse,1,55.625
12,S301,nurse,1,18.625
12,S215,nurse,1,19.25
12,S586,nurse,1,113.0
12,S586,nurse,2,74.86250000000001
12,S586,nurse,3,74.86250000000001
12,S586,nurse,4,74.86250000000001
12,S246,nurse,1,17.5
12,S214,nurse,1,30.375
12,S362,nurse,1,32.875
12,S193,nurse,1,21.5
12,S515,nurse,1,39.5
12,S515,nurse,2,26.168750000000003
12,S600,nurse,1,96.5
12,S600,nurse,2,19.3
12,S160,nurse,1,15.25
12,S113,nurse,1,25.625
12,S492,nurse,1,239.5
12,S492,nurse,2,47.9
12,S445,nurse,1,7.875
12,S610,nurse,1,72.0
12,S610,nurse,2,14.4
12,S609,nurse,1,56.0
12,S609,nurse,2,11.2
12,S062,nurse,1,21.75
12,S200,nurse,1,33.875
12,S614,nurse,1,56.375
12,S614,nurse,2,12.5
12,S364,nurse,1,12.875
12,S481,nurse,1,96.5
12,S481,nurse,2,19.3
12,S662,nurse,1,253.0
12,S662,nurse,2,167.6125
12,S583,nurse,1,62.0
12,S583,nurse,2,41.075
12,S583,nurse,3,41.075
12,S583,nurse,4,6.900000000000002
12,S051,nurse,1,123.36690766947024
12,S051,nurse,2,50.2
12,S051,nurse,3,7.35
12,S051,nurse,4,1.725
12,S161,nurse,1,20.0
12,S198,nurse,1,50.5
12,S392,nurse,1,257.5
12,S392,nurse,2,51.5
12,S477,nurse,1,114.0
12,S477,nurse,2,75.525
12,S477,nurse,3,66.23173670614881
12,S228,nurse,1,23.125
12,S186,nurse,1,17.625
12,S143,nurse,1,15.375
12,S052,nurse,1,21.75
12,S195,nurse,1,55.0
12,S227,nurse,1,25.375
12,S519,nurse,1,20.0
12,S519,nurse,2,4.0
12,S401,nurse,1,33.625
12,S241,nurse,1,28.5
12,S587,nurse,1,74.5
12,S587,nurse,2,49.356249999999996
12,S587,nurse,3,18.55625
12,S587,nurse,4,1.875
12,S019,nurse,1,21.75
12,S467,nurse,1,46.5
12,S467,nurse,2,9.3
12,S473,nurse,1,110.0
12,S473,nurse,2,72.875
12,S384,nurse,1,27.625
12,S402,nurse,1,19.5
12,S402,nurse,2,12.918750000000001
12,S402,nurse,3,12.918750000000001
12,S402,nurse,4,4.3359375
12,S213,nurse,1,69.0
12,S611,nurse,1,64.5
12,S611,nurse,2,12.9
12,S212,nurse,1,34.0
12,S249,nurse,1,20.75
12,S429,nurse,1,4.125
13,JH_H001,doctor,1,41.14263088746807
13,JH_H002,doctor,1,12.371156310485532
13,JH_H003,doctor,1,19.5
13,JH_H004,doctor,1,7.5000000000000355
13,JH_H006,doctor,1,5.5
13,JH_H007,doctor,1,3.75
13,JH_H008,doctor,1,1.5
13,JH_H009,doctor,1,0.5
13,JH_H010,doctor,1,0.75
13,JH_H011,doctor,1,0.5
13,JH_H012,doctor,1,0.532699660983349
13,JH_H015,doctor,1,2.5
13,S396,doctor,1,28.5
13,S768,doctor,1,52.25
13,S557,doctor,1,72.5
13,S794,doctor,1,37.75
13,S001,doctor,1,43.5
13,S297,doctor,1,84.75
13,S397,doctor,1,43.5
13,S574,doctor,1,83.25
13,S574,doctor,2,66.6
13,S574,doctor,3,31.25
13,S574,doctor,4,15.5
13,S487,doctor,1,75.25
13,S487,doctor,2,60.2
13,S487,doctor,3,60.2
13,S487,doctor,4,60.2
13,S626,doctor,1,40.25
13,S626,doctor,2,32.2
13,S626,doctor,3,32.2
13,S576,doctor,1,162.25
13,S576,doctor,2,129.8
13,S576,doctor,3,70.0
13,S576,doctor,4,34.75
13,S500,doctor,1,63.75
13,S500,doctor,2,51.0
13,S500,doctor,3,51.0
13,S500,doctor,4,31.75
13,S168,doctor,1,105.0
13,S625,doctor,1,83.0
13,S625,doctor,2,66.4
13,S625,doctor,3,66.4
13,S625,doctor,4,55.25
13,S615,doctor,1,81.75
13,S476,doctor,1,110.5
13,S476,doctor,2,88.4
13,S488,doctor,1,221.75
13,S488,doctor,2,177.4
13,S488,doctor,3,177.4
13,S488,doctor,4,76.55
13,S599,doctor,1,27.25
13,S599,doctor,2,21.8
13,S358,doctor,1,35.75
13,S356,doctor,1,39.75
13,S387,doctor,1,16.25
13,S474,doctor,1,32.5
13,S474,doctor,2,26.0
13,S474,doctor,3,1.750000000000007
13,S585,doctor,1,43.25
13,S585,doctor,2,34.6
13,S585,doctor,3,34.6
13,S585,doctor,4,34.6
13,S653,doctor,1,56.5
13,S653,doctor,2,45.2
13,S359,doctor,1,97.25
13,S400,doctor,1,17.75
13,S534,doctor,1,55.0
13,S407,doctor,1,56.0
13,S407,doctor,2,44.8
13,S407,doctor,3,12.75
13,S167,doctor,1,41.5
13,S189,doctor,1,122.25
13,S470,doctor,1,39.75
13,S470,doctor,2,31.8
13,S468,doctor,1,64.5
13,S468,doctor,2,51.6
13,S075,doctor,1,47.0
13,S646,doctor,1,48.75
13,S646,doctor,2,39.0
13,S516,doctor,1,87.5
13,S516,doctor,2,70.0
13,S516,doctor,3,9.249999999999982
13,S475,doctor,1,102.75
13,S475,doctor,2,82.2
13,S394,doctor,1,107.5
13,S394,doctor,2,86.0
13,S386,doctor,1,33.75
13,S169,doctor,1,86.5
13,S596,doctor,1,39.25
13,S596,doctor,2,31.4
13,S596,doctor,3,31.4
13,S596,doctor,4,21.200000000000003
13,S555,doctor,1,86.0
13,S527,doctor,1,48.75
13,S527,doctor,2,39.0
13,S652,doctor,1,43.0
13,S652,doctor,2,34.4
13,S652,doctor,3,34.4
13,S579,doctor,1,46.25
13,S378,doctor,1,111.25
13,S301,doctor,1,37.25
13,S215,doctor,1,10.107357586873746
13,S586,doctor,1,56.5
13,S586,doctor,2,45.2
13,S586,doctor,3,45.2
13,S586,doctor,4,45.2
13,S362,doctor,1,65.75
13,S193,doctor,1,43.0
13,S515,doctor,1,19.75
13,S515,doctor,2,15.8
13,S600,doctor,1,48.25
13,S600,doctor,2,38.6
13,S113,doctor,1,51.25
13,S492,doctor,1,119.75
13,S492,doctor,2,95.8
13,S445,doctor,1,15.75
13,S610,doctor,1,36.0
13,S610,doctor,2,28.8
13,S609,doctor,1,28.0
13,S609,doctor,2,22.4
13,S614,doctor,1,31.25
13,S364,doctor,1,25.75
13,S481,doctor,1,48.25
13,S481,doctor,2,38.6
13,S662,doctor,1,126.5
13,S662,doctor,2,101.2
13,S583,doctor,1,31.0
13,S583,doctor,2,24.8
13,S583,doctor,3,24.8
13,S051,doctor,1,125.5
13,S051,doctor,2,37.7
13,S051,doctor,3,10.2
13,S051,doctor,4,1.2000000000000002
13,S392,doctor,1,128.75
13,S392,doctor,2,30.749999999999886
13,S477,doctor,1,57.0
13,S477,doctor,2,45.6
13,S477,doctor,3,45.6
13,S186,doctor,1,35.25
13,S143,doctor,1,30.75
13,S052,doctor,1,43.5
13,S519,doctor,1,10.0
13,S519,doctor,2,8.0
13,S401,doctor,1,67.25
13,S241,doctor,1,57.0
13,S587,doctor,1,37.25
13,S587,doctor,2,29.8
13,S587,doctor,3,29.8
13,S587,doctor,4,3.0
13,S019,doctor,1,43.5
13,S467,doctor,1,23.25
13,S467,doctor,2,18.6
13,S473,doctor,1,55.0
13,S473,doctor,2,44.0
13,S384,doctor,1,55.25
13,S402,doctor,1,9.75
13,S402,doctor,2,7.8
13,S402,doctor,3,7.8
13,S402,doctor,4,7.8
13,S611,doctor,1,32.25
13,S249,doctor,1,41.5
13,S429,doctor,1,8.25
13,JH_H007,nurse,1,0.5
13,JH_H010,nurse,1,0.5
13,S396,nurse,1,14.25
13,S768,nurse,1,26.125
13,S557,nurse,1,36.25
13,S794,nurse,1,18.875
13,S001,nurse,1,21.75
13,S297,nurse,1,42.375
13,S397,nurse,1,21.75
13,S574,nurse,1,166.5
13,S574,nurse,2,74.64375
13,S574,nurse,3,19.359375
13,S574,nurse,4,7.75
13,S487,nurse,1,150.5
13,S487,nurse,2,99.70625000000001
13,S487,nurse,3,99.70625000000001
13,S487,nurse,4,99.70625000000001
13,S626,nurse,1,80.5
13,S626,nurse,2,53.331250000000004
13,S626,nurse,3,16.1
13,S576,nurse,1,324.5
13,S576,nurse,2,203.55625
13,S576,nurse,3,84.65625
13,S576,nurse,4,39.05078125
13,S500,nurse,1,127.5
13,S500,nurse,2,84.46875
13,S500,nurse,3,25.5
13,S500,nurse,4,15.875
13,S168,nurse,1,52.5
13,S625,nurse,1,166.0
13,S625,nurse,2,109.97500000000001
13,S625,nurse,3,33.2
13,S625,nurse,4,27.625
13,S615,nurse,1,40.875
13,S476,nurse,1,221.0
13,S476,nurse,2,146.41250000000002
13,S488,nurse,1,443.5
13,S488,nurse,2,293.81875
13,S488,nurse,3,232.46116915258227
13,S488,nurse,4,51.10591610180813
13,S599,nurse,1,54.5
13,S599,nurse,2,10.9
13,S358,nurse,1,17.875
13,S356,nurse,1,19.875
13,S387,nurse,1,8.125
13,S474,nurse,1,65.0
13,S474,nurse,2,43.0625
13,S474,nurse,3,0.8750000000000036
13,S585,nurse,1,86.5
13,S585,nurse,2,57.306250000000006
13,S585,nurse,3,57.306250000000006
13,S585,nurse,4,57.306250000000006
13,S653,nurse,1,113.0
13,S653,nurse,2,22.6
13,S359,nurse,1,48.625
13,S400,nurse,1,8.875
13,S534,nurse,1,27.5
13,S407,nurse,1,112.0
13,S407,nurse,2,51.15972046704125
13,S407,nurse,3,6.375
13,S167,nurse,1,20.75
13,S189,nurse,1,61.125
13,S470,nurse,1,79.5
13,S470,nurse,2,15.9
13,S468,nurse,1,129.0
13,S468,nurse,2,85.4625
13,S075,nurse,1,23.5
13,S646,nurse,1,75.99929088716645
13,S646,nurse,2,19.5
13,S516,nurse,1,175.0
13,S516,nurse,2,115.9375
13,S516,nurse,3,4.624999999999991
13,S475,nurse,1,205.5
13,S475,nurse,2,136.14375
13,S394,nurse,1,215.0
13,S394,nurse,2,43.0
13,S386,nurse,1,16.875
13,S169,nurse,1,43.25
13,S596,nurse,1,78.5
13,S596,nurse,2,52.00625000000001
13,S596,nurse,3,52.00625000000001
13,S596,nurse,4,10.600000000000001
13,S555,nurse,1,43.0
13,S527,nurse,1,97.5
13,S527,nurse,2,19.5
13,S652,nurse,1,86.0
13,S652,nurse,2,56.97500000000001
13,S652,nurse,3,17.2
13,S579,nurse,1,23.393784038895205
13,S378,nurse,1,55.625
13,S301,nurse,1,18.625
13,S215,nurse,1,5.053678793436873
13,S586,nurse,1,113.0
13,S586,nurse,2,74.86250000000001
13,S586,nurse,3,74.86250000000001
13,S586,nurse,4,74.86250000000001
13,S362,nurse,1,32.875
13,S193,nurse,1,21.5
13,S515,nurse,1,39.5
13,S515,nurse,2,26.168750000000003
13,S600,nurse,1,96.5
13,S600,nurse,2,19.3
13,S113,nurse,1,25.625
13,S492,nurse,1,239.5
13,S492,nurse,2,47.9
13,S445,nurse,1,7.875
13,S610,nurse,1,72.0
13,S610,nurse,2,14.4
13,S609,nurse,1,56.0
13,S609,nurse,2,11.2
13,S614,nurse,1,15.625
13,S364,nurse,1,12.875
13,S481,nurse,1,96.5
13,S481,nurse,2,19.3
13,S662,nurse,1,253.0
13,S662,nurse,2,50.6
13,S583,nurse,1,62.0
13,S583,nurse,2,41.075
13,S583,nurse,3,41.075
13,S051,nurse,1,62.75
13,S051,nurse,2,18.85
13,S051,nurse,3,5.1
13,S051,nurse,4,0.6000000000000001
13,S392,nurse,1,80.75
13,S392,nurse,2,15.374999999999943
13,S477,nurse,1,114.0
13,S477,nurse,2,75.525
13,S477,nurse,3,25.35037874643999
13,S186,nurse,1,17.625
13,S143,nurse,1,15.375
13,S052,nurse,1,21.75
13,S519,nurse,1,20.0
13,S519,nurse,2,4.0
13,S401,nurse,1,33.625
13,S241,nurse,1,28.5
13,S587,nurse,1,74.5
13,S587,nurse,2,49.356249999999996
13,S587,nurse,3,14.9
13,S587,nurse,4,1.5
13,S019,nurse,1,21.75
13,S467,nurse,1,46.5
13,S467,nurse,2,9.3
13,S473,nurse,1,110.0
13,S473,nurse,2,22.0
13,S384,nurse,1,27.625
13,S402,nurse,1,19.5
13,S402,nurse,2,12.918750000000001
13,S402,nurse,3,10.11875
13,S402,nurse,4,3.9
13,S611,nurse,1,16.125
13,S249,nurse,1,20.75
13,S429,nurse,1,4.125
14,JH_H001,doctor,1,37.82015521480267
14,JH_H002,doctor,1,5.758424747479751
14,JH_H003,doctor,1,19.5
14,JH_H004,doctor,1,7.500000000000028
14,JH_H006,doctor,1,5.5
14,JH_H007,doctor,1,3.75
14,JH_H008,doctor,1,1.5
14,JH_H009,doctor,1,0.5
14,JH_H010,doctor,1,0.75
14,JH_H011,doctor,1,0.5
14,JH_H015,doctor,1,2.5
14,S396,doctor,1,28.5
14,S768,doctor,1,52.25
14,S768,doctor,2,6.593875828157763
14,S557,doctor,1,72.5
14,S557,doctor,2,58.0
14,S794,doctor,1,37.75
14,S794,doctor,2,30.2
14,S001,doctor,1,43.5
14,S001,doctor,2,34.8
14,S297,doctor,1,84.75
14,S297,doctor,2,67.8
14,S209,doctor,1,56.0
14,S672,doctor,1,49.5
14,S671,doctor,1,158.75
14,S397,doctor,1,43.5
14,S397,doctor,2,34.8
14,S574,doctor,1,83.25
14,S574,doctor,2,66.6
14,S574,doctor,3,43.0
14,S574,doctor,4,21.5
14,S487,doctor,1,75.25
14,S487,doctor,2,60.2
14,S487,doctor,3,60.2
14,S487,doctor,4,60.2
14,S626,doctor,1,40.25
14,S626,doctor,2,32.2
14,S626,doctor,3,32.2
14,S626,doctor,4,9.599999999999994
14,S576,doctor,1,162.25
14,S576,doctor,2,129.8
14,S576,doctor,3,96.5
14,S576,doctor,4,48.0
14,S667,doctor,1,75.25
14,S664,doctor,1,66.25
14,S668,doctor,1,36.75
14,S669,doctor,1,25.5
14,S500,doctor,1,63.75
14,S500,doctor,2,51.0
14,S500,doctor,3,51.0
14,S500,doctor,4,43.75
14,S168,doctor,1,105.0
14,S625,doctor,1,83.0
14,S625,doctor,2,66.4
14,S625,doctor,3,66.4
14,S625,doctor,4,66.4
14,S666,doctor,1,21.0
14,S615,doctor,1,81.75
14,S615,doctor,2,65.4
14,S665,doctor,1,15.5
14,S476,doctor,1,110.5
14,S476,doctor,2,88.4
14,S476,doctor,3,39.49999999999996
14,S488,doctor,1,221.75
14,S488,doctor,2,177.4
14,S488,doctor,3,177.4
14,S488,doctor,4,128.05
14,S194,doctor,1,110.5
14,S016,doctor,1,43.5
14,S599,doctor,1,27.25
14,S599,doctor,2,21.8
14,S358,doctor,1,35.75
14,S356,doctor,1,39.75
14,S387,doctor,1,16.25
14,S474,doctor,1,32.5
14,S474,doctor,2,26.0
14,S474,doctor,3,26.0
14,S585,doctor,1,43.25
14,S585,doctor,2,34.6
14,S585,doctor,3,34.6
14,S585,doctor,4,34.6
14,S147,doctor,1,51.25
14,S296,doctor,1,49.25
14,S653,doctor,1,56.5
14,S653,doctor,2,45.2
14,S359,doctor,1,97.25
14,S400,doctor,1,17.75
14,S400,doctor,2,14.2
14,S534,doctor,1,55.0
14,S534,doctor,2,44.0
14,S407,doctor,1,56.0
14,S407,doctor,2,44.8
14,S407,doctor,3,36.75
14,S167,doctor,1,41.5
14,S189,doctor,1,122.25
14,S470,doctor,1,39.75
14,S470,doctor,2,31.8
14,S468,doctor,1,64.5
14,S468,doctor,2,51.6
14,S075,doctor,1,47.0
14,S646,doctor,1,48.75
14,S646,doctor,2,39.0
14,S516,doctor,1,87.5
14,S516,doctor,2,70.0
14,S516,doctor,3,70.0
14,S475,doctor,1,102.75
14,S475,doctor,2,82.2
14,S475,doctor,3,82.2
14,S394,doctor,1,107.5
14,S394,doctor,2,86.0
14,S386,doctor,1,33.75
14,S169,doctor,1,86.5
14,S596,doctor,1,39.25
14,S596,doctor,2,31.4
14,S596,doctor,3,31.4
14,S596,doctor,4,31.4
14,S555,doctor,1,86.0
14,S555,doctor,2,68.8
14,S527,doctor,1,48.75
14,S527,doctor,2,39.0
14,S652,doctor,1,43.0
14,S652,doctor,2,34.4
14,S652,doctor,3,34.4
14,S579,doctor,1,46.25
14,S579,doctor,2,37.0
14,S378,doctor,1,111.25
14,S301,doctor,1,37.25
14,S301,doctor,2,29.8
14,S215,doctor,1,38.5
14,S586,doctor,1,56.5
14,S586,doctor,2,45.2
14,S586,doctor,3,45.2
14,S586,doctor,4,45.2
14,S246,doctor,1,35.0
14,S214,doctor,1,60.75
14,S362,doctor,1,65.75
14,S193,doctor,1,43.0
14,S210,doctor,1,3.429828352805629
14,S515,doctor,1,19.75
14,S515,doctor,2,15.8
14,S515,doctor,3,15.8
14,S600,doctor,1,48.25
14,S600,doctor,2,38.6
14,S160,doctor,1,30.5
14,S113,doctor,1,51.25
14,S492,doctor,1,119.75
14,S492,doctor,2,95.8
14,S445,doctor,1,15.75
14,S610,doctor,1,36.0
14,S610,doctor,2,28.8
14,S609,doctor,1,28.0
14,S609,doctor,2,22.4
14,S062,doctor,1,43.5
14,S466,doctor,1,19.25
14,S200,doctor,1,67.75
14,S614,doctor,1,31.25
14,S614,doctor,2,25.0
14,S364,doctor,1,25.75
14,S481,doctor,1,48.25
14,S481,doctor,2,38.6
14,S662,doctor,1,126.5
14,S662,doctor,2,101.2
14,S583,doctor,1,31.0
14,S583,doctor,2,24.8
14,S583,doctor,3,24.8
14,S583,doctor,4,24.8
14,S051,doctor,1,125.5
14,S051,doctor,2,100.4
14,S051,doctor,3,17.2
14,S051,doctor,4,4.7
14,S161,doctor,1,40.0
14,S198,doctor,1,101.0
14,S392,doctor,1,128.75
14,S392,doctor,2,103.0
14,S477,doctor,1,57.0
14,S477,doctor,2,45.6
14,S477,doctor,3,45.6
14,S477,doctor,4,2.749999999999993
14,S228,doctor,1,46.25
14,S186,doctor,1,35.25
14,S143,doctor,1,30.75
14,S208,doctor,1,246.0
14,S052,doctor,1,43.5
14,S195,doctor,1,110.0
14,S227,doctor,1,50.75
14,S519,doctor,1,10.0
14,S519,doctor,2,8.0
14,S401,doctor,1,67.25
14,S241,doctor,1,57.0
14,S587,doctor,1,37.25
14,S587,doctor,2,29.8
14,S587,doctor,3,29.8
14,S587,doctor,4,4.25
14,S019,doctor,1,43.5
14,S467,doctor,1,23.25
14,S467,doctor,2,18.6
14,S473,doctor,1,55.0
14,S473,doctor,2,44.0
14,S384,doctor,1,55.25
14,S402,doctor,1,9.75
14,S402,doctor,2,7.8
14,S402,doctor,3,7.8
14,S402,doctor,4,7.8
14,S213,doctor,1,138.0
14,S611,doctor,1,32.25
14,S611,doctor,2,25.8
14,S212,doctor,1,68.0
14,S249,doctor,1,41.5
14,S429,doctor,1,8.25
14,S429,doctor,2,6.6
14,JH_H007,nurse,1,0.5
14,JH_H010,nurse,1,0.5
14,S396,nurse,1,14.25
14,S768,nurse,1,26.125
14,S768,nurse,2,3.2969379140788817
14,S557,nurse,1,145.0
14,S557,nurse,2,29.0
14,S794,nurse,1,75.5
14,S794,nurse,2,15.1
14,S001,nurse,1,87.0
14,S001,nurse,2,17.4
14,S297,nurse,1,133.3153780196739
14,S297,nurse,2,33.9
14,S209,nurse,1,28.0
14,S672,nurse,1,24.75
14,S671,nurse,1,79.375
14,S397,nurse,1,21.75
14,S397,nurse,2,17.4
14,S574,nurse,1,166.5
14,S574,nurse,2,110.30625
14,S574,nurse,3,35.109375
14,S574,nurse,4,10.75
14,S487,nurse,1,150.5
14,S487,nurse,2,99.70625000000001
14,S487,nurse,3,99.70625000000001
14,S487,nurse,4,99.70625000000001
14,S626,nurse,1,80.5
14,S626,nurse,2,53.331250000000004
14,S626,nurse,3,16.1
14,S626,nurse,4,4.799999999999997
14,S576,nurse,1,324.5
14,S576,nurse,2,214.98125000000002
14,S576,nurse,3,121.328125
14,S576,nurse,4,56.67578125
14,S667,nurse,1,37.625
14,S664,nurse,1,33.125
14,S668,nurse,1,18.375
14,S669,nurse,1,12.75
14,S500,nurse,1,127.5
14,S500,nurse,2,84.46875
14,S500,nurse,3,54.156249712433144
14,S500,nurse,4,21.875
14,S168,nurse,1,52.5
14,S625,nurse,1,166.0
14,S625,nurse,2,109.97500000000001
14,S625,nurse,3,37.60625
14,S625,nurse,4,33.2
14,S666,nurse,1,10.5
14,S615,nurse,1,163.5
14,S615,nurse,2,32.7
14,S665,nurse,1,7.75
14,S476,nurse,1,221.0
14,S476,nurse,2,146.41250000000002
14,S476,nurse,3,19.74999999999998
14,S488,nurse,1,443.5
14,S488,nurse,2,293.81875
14,S488,nurse,3,293.81875
14,S488,nurse,4,129.92325348190582
14,S194,nurse,1,55.25
14,S016,nurse,1,21.75
14,S599,nurse,1,54.5
14,S599,nurse,2,36.10625
14,S358,nurse,1,17.875
14,S356,nurse,1,19.875
14,S387,nurse,1,8.125
14,S474,nurse,1,65.0
14,S474,nurse,2,43.0625
14,S474,nurse,3,13.0
14,S585,nurse,1,86.5
14,S585,nurse,2,57.306250000000006
14,S585,nurse,3,57.306250000000006
14,S585,nurse,4,57.306250000000006
14,S147,nurse,1,25.625
14,S296,nurse,1,24.625
14,S653,nurse,1,113.0
14,S653,nurse,2,74.86250000000001
14,S359,nurse,1,48.625
14,S400,nurse,1,35.5
14,S400,nurse,2,7.1
14,S534,nurse,1,110.0
14,S534,nurse,2,22.0
14,S407,nurse,1,112.0
14,S407,nurse,2,74.2
14,S407,nurse,3,18.375
14,S167,nurse,1,20.75
14,S189,nurse,1,61.125
14,S470,nurse,1,79.5
14,S470,nurse,2,52.668749999999996
14,S468,nurse,1,129.0
14,S468,nurse,2,85.4625
14,S075,nurse,1,23.5
14,S646,nurse,1,97.5
14,S646,nurse,2,19.5
14,S516,nurse,1,175.0
14,S516,nurse,2,115.9375
14,S516,nurse,3,35.0
14,S475,nurse,1,205.5
14,S475,nurse,2,136.14375
14,S475,nurse,3,41.1
14,S394,nurse,1,215.0
14,S394,nurse,2,115.22449537776203
14,S386,nurse,1,16.875
14,S169,nurse,1,43.25
14,S596,nurse,1,78.5
14,S596,nurse,2,52.00625000000001
14,S596,nurse,3,52.00625000000001
14,S596,nurse,4,39.181250000000006
14,S555,nurse,1,172.0
14,S555,nurse,2,34.4
14,S527,nurse,1,97.5
14,S527,nurse,2,64.59375
14,S652,nurse,1,86.0
14,S652,nurse,2,56.97500000000001
14,S652,nurse,3,22.25169788443682
14,S579,nurse,1,92.5
14,S579,nurse,2,18.5
14,S378,nurse,1,55.625
14,S301,nurse,1,18.625
14,S301,nurse,2,14.9
14,S215,nurse,1,19.25
14,S586,nurse,1,113.0
14,S586,nurse,2,74.86250000000001
14,S586,nurse,3,74.86250000000001
14,S586,nurse,4,74.86250000000001
14,S246,nurse,1,17.5
14,S214,nurse,1,30.375
14,S362,nurse,1,32.875
14,S193,nurse,1,21.5
14,S210,nurse,1,1.7149141764028144
14,S515,nurse,1,39.5
14,S515,nurse,2,26.168750000000003
14,S515,nurse,3,7.9
14,S600,nurse,1,96.5
14,S600,nurse,2,63.931250000000006
14,S160,nurse,1,15.25
14,S113,nurse,1,25.625
14,S492,nurse,1,239.5
14,S492,nurse,2,82.84951076863277
14,S445,nurse,1,7.875
14,S610,nurse,1,72.0
14,S610,nurse,2,14.4
14,S609,nurse,1,56.0
14,S609,nurse,2,37.1
14,S062,nurse,1,21.75
14,S466,nurse,1,9.625
14,S200,nurse,1,33.875
14,S614,nurse,1,62.5
14,S614,nurse,2,12.5
14,S364,nurse,1,12.875
14,S481,nurse,1,96.5
14,S481,nurse,2,19.3
14,S662,nurse,1,253.0
14,S662,nurse,2,167.6125
14,S583,nurse,1,62.0
14,S583,nurse,2,41.075
14,S583,nurse,3,41.075
14,S583,nurse,4,12.4
14,S051,nurse,1,251.0
14,S051,nurse,2,50.2
14,S051,nurse,3,8.6
14,S051,nurse,4,2.35
14,S161,nurse,1,20.0
14,S198,nurse,1,50.5
14,S392,nurse,1,257.5
14,S392,nurse,2,51.5
14,S477,nurse,1,114.0
14,S477,nurse,2,75.525
14,S477,nurse,3,75.525
14,S477,nurse,4,1.3749999999999964
14,S228,nurse,1,23.125
14,S186,nurse,1,17.625
14,S143,nurse,1,15.375
14,S208,nurse,1,123.0
14,S052,nurse,1,21.75
14,S195,nurse,1,55.0
14,S227,nurse,1,25.375
14,S519,nurse,1,20.0
14,S519,nurse,2,4.0
14,S401,nurse,1,33.625
14,S241,nurse,1,28.5
14,S587,nurse,1,74.5
14,S587,nurse,2,49.356249999999996
14,S587,nurse,3,49.356249999999996
14,S587,nurse,4,2.125
14,S019,nurse,1,21.75
14,S467,nurse,1,46.5
14,S467,nurse,2,30.806250000000002
14,S473,nurse,1,110.0
14,S473,nurse,2,72.875
14,S384,nurse,1,27.625
14,S402,nurse,1,19.5
14,S402,nurse,2,12.918750000000001
14,S402,nurse,3,12.918750000000001
14,S402,nurse,4,5.3359375
14,S213,nurse,1,69.0
14,S611,nurse,1,64.5
14,S611,nurse,2,12.9
14,S212,nurse,1,34.0
14,S249,nurse,1,20.75
14,S429,nurse,1,4.125
14,S429,nurse,2,3.3
15,JH_H001,doctor,1,40.007597106800006
15,JH_H002,doctor,1,10.11209576468471
15,JH_H003,doctor,1,19.5
15,JH_H004,doctor,1,7.500000000000021
15,JH_H006,doctor,1,5.5
15,JH_H007,doctor,1,3.75
15,JH_H008,doctor,1,1.5
15,JH_H009,doctor,1,0.5
15,JH_H010,doctor,1,0.75
15,JH_H011,doctor,1,0.5
15,JH_H012,doctor,1,0.21652572758868693
15,JH_H015,doctor,1,2.5
15,S396,doctor,1,28.5
15,S768,doctor,1,52.25
15,S557,doctor,1,72.5
15,S794,doctor,1,37.75
15,S001,doctor,1,43.5
15,S297,doctor,1,84.75
15,S397,doctor,1,43.5
15,S574,doctor,1,83.25
15,S574,doctor,2,66.6
15,S574,doctor,3,35.25
15,S574,doctor,4,17.5
15,S487,doctor,1,75.25
15,S487,doctor,2,60.2
15,S487,doctor,3,60.2
15,S487,doctor,4,60.2
15,S626,doctor,1,40.25
15,S626,doctor,2,32.2
15,S626,doctor,3,32.2
15,S576,doctor,1,162.25
15,S576,doctor,2,129.8
15,S576,doctor,3,79.0
15,S576,doctor,4,39.25
15,S500,doctor,1,63.75
15,S500,doctor,2,51.0
15,S500,doctor,3,51.0
15,S500,doctor,4,36.0
15,S168,doctor,1,105.0
15,S625,doctor,1,83.0
15,S625,doctor,2,66.4
15,S625,doctor,3,66.4
15,S625,doctor,4,62.5
15,S615,doctor,1,81.75
15,S615,doctor,2,59.24999999999992
15,S476,doctor,1,110.5
15,S476,doctor,2,88.4
15,S488,doctor,1,221.75
15,S488,doctor,2,177.40000000000003
15,S488,doctor,3,177.4
15,S488,doctor,4,94.3
15,S194,doctor,1,110.5
15,S599,doctor,1,27.25
15,S599,doctor,2,21.8
15,S358,doctor,1,35.75
15,S356,doctor,1,39.75
15,S387,doctor,1,16.25
15,S474,doctor,1,32.5
15,S474,doctor,2,26.0
15,S474,doctor,3,26.0
15,S585,doctor,1,43.25
15,S585,doctor,2,34.6
15,S585,doctor,3,34.6
15,S585,doctor,4,34.6
15,S147,doctor,1,51.25
15,S296,doctor,1,49.25
15,S653,doctor,1,56.5
15,S653,doctor,2,45.2
15,S359,doctor,1,97.25
15,S400,doctor,1,17.75
15,S534,doctor,1,55.0
15,S407,doctor,1,56.0
15,S407,doctor,2,44.8
15,S407,doctor,3,21.0
15,S167,doctor,1,41.5
15,S189,doctor,1,122.25
15,S470,doctor,1,39.75
15,S470,doctor,2,31.8
15,S468,doctor,1,64.5
15,S468,doctor,2,51.6
15,S075,doctor,1,47.0
15,S646,doctor,1,48.75
15,S646,doctor,2,39.0
15,S516,doctor,1,87.5
15,S516,doctor,2,70.0
15,S516,doctor,3,50.24999999999998
15,S475,doctor,1,102.75
15,S475,doctor,2,82.2
15,S475,doctor,3,11.000000000000007
15,S394,doctor,1,107.5
15,S394,doctor,2,86.0
15,S386,doctor,1,33.75
15,S169,doctor,1,86.5
15,S596,doctor,1,39.25
15,S596,doctor,2,31.4
15,S596,doctor,3,31.4
15,S596,doctor,4,31.4
15,S555,doctor,1,86.0
15,S527,doctor,1,48.75
15,S527,doctor,2,39.0
15,S652,doctor,1,43.0
15,S652,doctor,2,34.4
15,S652,doctor,3,34.4
15,S579,doctor,1,46.25
15,S579,doctor,2,37.0
15,S378,doctor,1,111.25
15,S301,doctor,1,37.25
15,S215,doctor,1,38.5
15,S586,doctor,1,56.5
15,S586,doctor,2,45.2
15,S586,doctor,3,45.2
15,S586,doctor,4,45.2
15,S246,doctor,1,35.0
15,S214,doctor,1,60.75
15,S362,doctor,1,65.75
15,S193,doctor,1,43.0
15,S515,doctor,1,19.75
15,S515,doctor,2,15.8
15,S600,doctor,1,48.25
15,S600,doctor,2,38.6
15,S160,doctor,1,30.5
15,S113,doctor,1,51.25
15,S492,doctor,1,119.75
15,S492,doctor,2,95.8
15,S445,doctor,1,15.75
15,S610,doctor,1,36.0
15,S610,doctor,2,28.8
15,S609,doctor,1,28.0
15,S609,doctor,2,22.4
15,S062,doctor,1,43.5
15,S614,doctor,1,31.25
15,S364,doctor,1,25.75
15,S481,doctor,1,48.25
15,S481,doctor,2,38.6
15,S662,doctor,1,126.5
15,S662,doctor,2,101.2
15,S583,doctor,1,31.0
15,S583,doctor,2,24.8
15,S583,doctor,3,24.8
15,S583,doctor,4,2.8000000000000043
15,S051,doctor,1,125.5
15,S051,doctor,2,43.7
15,S051,doctor,3,12.7
15,S051,doctor,4,2.45
15,S161,doctor,1,40.0
15,S392,doctor,1,128.75
15,S392,doctor,2,103.0
15,S477,doctor,1,57.0
15,S477,doctor,2,45.6
15,S477,doctor,3,45.6
15,S228,doctor,1,46.25
15,S186,doctor,1,35.25
15,S143,doctor,1,30.75
15,S052,doctor,1,43.5
15,S227,doctor,1,50.75
15,S519,doctor,1,10.0
15,S519,doctor,2,8.0
15,S401,doctor,1,67.25
15,S241,doctor,1,57.0
15,S587,doctor,1,37.25
15,S587,doctor,2,29.8
15,S587,doctor,3,29.8
15,S587,doctor,4,3.5
15,S019,doctor,1,43.5
15,S467,doctor,1,23.25
15,S467,doctor,2,18.6
15,S473,doctor,1,55.0
15,S473,doctor,2,44.0
15,S384,doctor,1,55.25
15,S402,doctor,1,9.75
15,S402,doctor,2,7.8
15,S402,doctor,3,7.8
15,S402,doctor,4,7.8
15,S213,doctor,1,16.492389692067206
15,S611,doctor,1,32.25
15,S611,doctor,2,25.8
15,S212,doctor,1,68.0
15,S249,doctor,1,41.5
15,S429,doctor,1,8.25
15,JH_H007,nurse,1,0.5
15,JH_H010,nurse,1,0.5
15,S396,nurse,1,14.25
15,S768,nurse,1,26.125
15,S557,nurse,1,36.25
15,S794,nurse,1,18.875
15,S001,nurse,1,21.75
15,S297,nurse,1,42.375
15,S397,nurse,1,21.75
15,S574,nurse,1,166.5
15,S574,nurse,2,82.89375
15,S574,nurse,3,24.734375
15,S574,nurse,4,8.75
15,S487,nurse,1,150.5
15,S487,nurse,2,99.70625000000001
15,S487,nurse,3,99.70625000000001
15,S487,nurse,4,99.70625000000001
15,S626,nurse,1,80.5
15,S626,nurse,2,53.331250000000004
15,S626,nurse,3,16.1
15,S576,nurse,1,324.5
15,S576,nurse,2,214.98125000000002
15,S576,nurse,3,95.78125
15,S576,nurse,4,44.92578125
15,S500,nurse,1,127.5
15,S500,nurse,2,84.46875
15,S500,nurse,3,25.5
15,S500,nurse,4,18.0
15,S168,nurse,1,52.5
15,S625,nurse,1,166.0
15,S625,nurse,2,109.97500000000001
15,S625,nurse,3,33.2
15,S625,nurse,4,31.25
15,S615,nurse,1,40.875
15,S615,nurse,2,29.62499999999996
15,S476,nurse,1,221.0
15,S476,nurse,2,146.41250000000002
15,S488,nurse,1,443.5
15,S488,nurse,2,293.81875
15,S488,nurse,3,262.08662569848843
15,S488,nurse,4,83.40991619278478
15,S194,nurse,1,55.25
15,S599,nurse,1,54.5
15,S599,nurse,2,10.9
15,S358,nurse,1,17.875
15,S356,nurse,1,19.875
15,S387,nurse,1,8.125
15,S474,nurse,1,65.0
15,S474,nurse,2,43.0625
15,S474,nurse,3,13.0
15,S585,nurse,1,86.5
15,S585,nurse,2,57.306250000000006
15,S585,nurse,3,57.306250000000006
15,S585,nurse,4,57.306250000000006
15,S147,nurse,1,25.625
15,S296,nurse,1,24.625
15,S653,nurse,1,113.0
15,S653,nurse,2,57.53125462039649
15,S359,nurse,1,48.625
15,S400,nurse,1,8.875
15,S534,nurse,1,27.5
15,S407,nurse,1,112.0
15,S407,nurse,2,74.2
15,S407,nurse,3,10.5
15,S167,nurse,1,20.75
15,S189,nurse,1,61.125
15,S470,nurse,1,79.5
15,S470,nurse,2,15.9
15,S468,nurse,1,129.0
15,S468,nurse,2,85.4625
15,S075,nurse,1,23.5
15,S646,nurse,1,97.5
15,S646,nurse,2,19.5
15,S516,nurse,1,175.0
15,S516,nurse,2,115.9375
15,S516,nurse,3,25.12499999999999
15,S475,nurse,1,205.5
15,S475,nurse,2,136.14375
15,S475,nurse,3,5.5000000000000036
15,S394,nurse,1,215.0
15,S394,nurse,2,43.0
15,S386,nurse,1,16.875
15,S169,nurse,1,43.25
15,S596,nurse,1,78.5
15,S596,nurse,2,52.00625000000001
15,S596,nurse,3,52.00625000000001
15,S596,nurse,4,18.431249999999995
15,S555,nurse,1,43.0
15,S527,nurse,1,97.5
15,S527,nurse,2,19.5
15,S652,nurse,1,86.0
15,S652,nurse,2,56.97500000000001
15,S652,nurse,3,17.2
15,S579,nurse,1,92.5
15,S579,nurse,2,18.5
15,S378,nurse,1,55.625
15,S301,nurse,1,18.625
15,S215,nurse,1,19.25
15,S586,nurse,1,113.0
15,S586,nurse,2,74.86250000000001
15,S586,nurse,3,74.86250000000001
15,S586,nurse,4,74.86250000000001
15,S246,nurse,1,17.5
15,S214,nurse,1,30.375
15,S362,nurse,1,32.875
15,S193,nurse,1,21.5
15,S515,nurse,1,39.5
15,S515,nurse,2,26.168750000000003
15,S600,nurse,1,96.5
15,S600,nurse,2,19.3
15,S160,nurse,1,15.25
15,S113,nurse,1,25.625
15,S492,nurse,1,239.5
15,S492,nurse,2,47.9
15,S445,nurse,1,7.875
15,S610,nurse,1,72.0
15,S610,nurse,2,14.4
15,S609,nurse,1,56.0
15,S609,nurse,2,11.2
15,S062,nurse,1,21.75
15,S614,nurse,1,15.625
15,S364,nurse,1,12.875
15,S481,nurse,1,96.5
15,S481,nurse,2,19.3
15,S662,nurse,1,253.0
15,S662,nurse,2,125.62644381265719
15,S583,nurse,1,62.0
15,S583,nurse,2,41.075
15,S583,nurse,3,41.075
15,S583,nurse,4,1.4000000000000021
15,S051,nurse,1,62.75
15,S051,nurse,2,21.85
15,S051,nurse,3,6.35
15,S051,nurse,4,1.225
15,S161,nurse,1,20.0
15,S392,nurse,1,257.5
15,S392,nurse,2,51.5
15,S477,nurse,1,114.0
15,S477,nurse,2,75.525
15,S477,nurse,3,47.25728988425462
15,S228,nurse,1,23.125
15,S186,nurse,1,17.625
15,S143,nurse,1,15.375
15,S052,nurse,1,21.75
15,S227,nurse,1,25.375
15,S519,nurse,1,20.0
15,S519,nurse,2,4.0
15,S401,nurse,1,33.625
15,S241,nurse,1,28.5
15,S587,nurse,1,74.5
15,S587,nurse,2,49.356249999999996
15,S587,nurse,3,14.9
15,S587,nurse,4,1.75
15,S019,nurse,1,21.75
15,S467,nurse,1,46.5
15,S467,nurse,2,9.3
15,S473,nurse,1,110.0
15,S473,nurse,2,72.875
15,S384,nurse,1,27.625
15,S402,nurse,1,19.5
15,S402,nurse,2,12.918750000000001
15,S402,nurse,3,12.11875
15,S402,nurse,4,3.9
15,S213,nurse,1,8.246194846033603
15,S611,nurse,1,64.49736977075031
15,S611,nurse,2,12.9
15,S212,nurse,1,34.0
15,S249,nurse,1,20.75
15,S429,nurse,1,4.125
16,JH_H001,doctor,1,43.29021401972224
16,JH_H002,doctor,1,16.645496339420475
16,JH_H003,doctor,1,19.5
16,JH_H004,doctor,1,7.5
16,JH_H006,doctor,1,5.5
16,JH_H007,doctor,1,3.75
16,JH_H008,doctor,1,1.5
16,JH_H009,doctor,1,0.5
16,JH_H010,doctor,1,0.75
16,JH_H011,doctor,1,0.5
16,JH_H012,doctor,1,1.130928381380727
16,JH_H013,doctor,1,0.45622578950844783
16,JH_H015,doctor,1,2.5
16,S396,doctor,1,8.45978598027773
16,S768,doctor,1,52.25
16,S557,doctor,1,72.5
16,S794,doctor,1,37.75
16,S001,doctor,1,43.5
16,S297,doctor,1,84.75
16,S397,doctor,1,43.5
16,S574,doctor,1,83.25
16,S574,doctor,2,66.6
16,S574,doctor,3,23.5
16,S574,doctor,4,11.75
16,S487,doctor,1,75.25
16,S487,doctor,2,60.2
16,S487,doctor,3,60.2
16,S487,doctor,4,60.2
16,S626,doctor,1,40.25
16,S626,doctor,2,32.2
16,S626,doctor,3,17.599999999999994
16,S576,doctor,1,162.25
16,S576,doctor,2,129.8
16,S576,doctor,3,53.0
16,S576,doctor,4,26.25
16,S500,doctor,1,63.75
16,S500,doctor,2,51.0
16,S500,doctor,3,48.25
16,S500,doctor,4,24.0
16,S625,doctor,1,83.0
16,S625,doctor,2,66.4
16,S625,doctor,3,66.4
16,S625,doctor,4,42.0
16,S615,doctor,1,81.75
16,S476,doctor,1,110.5
16,S476,doctor,2,88.4
16,S488,doctor,1,221.75
16,S488,doctor,2,177.4
16,S488,doctor,3,147.3
16,S488,doctor,4,40.24999999999999
16,S599,doctor,1,27.25
16,S599,doctor,2,21.8
16,S474,doctor,1,32.5
16,S474,doctor,2,26.0
16,S585,doctor,1,43.25
16,S585,doctor,2,34.6
16,S585,doctor,3,34.6
16,S585,doctor,4,34.6
16,S653,doctor,1,56.5
16,S653,doctor,2,45.2
16,S400,doctor,1,17.75
16,S534,doctor,1,55.0
16,S407,doctor,1,56.0
16,S407,doctor,2,44.8
16,S470,doctor,1,39.75
16,S468,doctor,1,64.5
16,S468,doctor,2,51.6
16,S646,doctor,1,48.75
16,S516,doctor,1,87.5
16,S516,doctor,2,70.0
16,S475,doctor,1,102.75
16,S475,doctor,2,82.2
16,S394,doctor,1,107.5
16,S169,doctor,1,86.5
16,S596,doctor,1,39.25
16,S596,doctor,2,31.4
16,S596,doctor,3,31.4
16,S555,doctor,1,86.0
16,S527,doctor,1,48.75
16,S652,doctor,1,43.0
16,S652,doctor,2,34.4
16,S579,doctor,1,46.25
16,S378,doctor,1,30.0
16,S301,doctor,1,37.25
16,S586,doctor,1,56.5
16,S586,doctor,2,45.2
16,S586,doctor,3,45.2
16,S586,doctor,4,45.2
16,S515,doctor,1,19.75
16,S515,doctor,2,15.8
16,S600,doctor,1,48.25
16,S600,doctor,2,17.09999199662024
16,S492,doctor,1,119.75
16,S610,doctor,1,36.0
16,S609,doctor,1,28.0
16,S614,doctor,1,31.25
16,S481,doctor,1,48.25
16,S662,doctor,1,126.5
16,S662,doctor,2,101.20000000000002
16,S583,doctor,1,31.0
16,S583,doctor,2,24.8
16,S583,doctor,3,24.8
16,S051,doctor,1,125.5
16,S051,doctor,2,26.7
16,S051,doctor,3,5.95
16,S392,doctor,1,128.75
16,S477,doctor,1,57.0
16,S477,doctor,2,45.6
16,S477,doctor,3,16.999999999999993
16,S143,doctor,1,30.75
16,S519,doctor,1,10.0
16,S587,doctor,1,37.25
16,S587,doctor,2,29.8
16,S587,doctor,3,4.75
16,S587,doctor,4,2.25
16,S467,doctor,1,23.25
16,S473,doctor,1,55.0
16,S473,doctor,2,44.0
16,S402,doctor,1,9.75
16,S402,doctor,2,7.8
16,S402,doctor,3,7.8
16,S402,doctor,4,6.75
16,S611,doctor,1,32.25
16,S429,doctor,1,8.25
16,JH_H007,nurse,1,0.5
16,JH_H010,nurse,1,0.5
16,S396,nurse,1,4.229892990138865
16,S768,nurse,1,26.125
16,S557,nurse,1,36.25
16,S794,nurse,1,18.875
16,S001,nurse,1,21.75
16,S297,nurse,1,42.375
16,S397,nurse,1,21.75
16,S574,nurse,1,132.0
16,S574,nurse,2,58.76875
16,S574,nurse,3,11.75
16,S574,nurse,4,5.875
16,S487,nurse,1,150.5
16,S487,nurse,2,99.70625000000001
16,S487,nurse,3,99.70625000000001
16,S487,nurse,4,99.70625000000001
16,S626,nurse,1,80.5
16,S626,nurse,2,53.331250000000004
16,S626,nurse,3,8.799999999999997
16,S576,nurse,1,324.5
16,S576,nurse,2,167.93125
16,S576,nurse,3,63.40625
16,S576,nurse,4,28.5
16,S500,nurse,1,127.5
16,S500,nurse,2,78.5625
16,S500,nurse,3,24.125
16,S500,nurse,4,12.0
16,S625,nurse,1,166.0
16,S625,nurse,2,109.97500000000001
16,S625,nurse,3,33.2
16,S625,nurse,4,21.0
16,S615,nurse,1,40.875
16,S476,nurse,1,221.0
16,S476,nurse,2,44.2
16,S488,nurse,1,443.5
16,S488,nurse,2,293.81875
16,S488,nurse,3,151.98123985057748
16,S488,nurse,4,20.124999999999996
16,S599,nurse,1,13.625
16,S599,nurse,2,10.9
16,S474,nurse,1,65.0
16,S474,nurse,2,43.0625
16,S585,nurse,1,86.5
16,S585,nurse,2,57.306250000000006
16,S585,nurse,3,57.306250000000006
16,S585,nurse,4,36.175007133262966
16,S653,nurse,1,113.0
16,S653,nurse,2,22.6
16,S400,nurse,1,8.875
16,S534,nurse,1,27.5
16,S407,nurse,1,112.0
16,S407,nurse,2,22.4
16,S470,nurse,1,19.875
16,S468,nurse,1,129.0
16,S468,nurse,2,25.8
16,S646,nurse,1,24.375
16,S516,nurse,1,175.0
16,S516,nurse,2,35.0
16,S475,nurse,1,205.5
16,S475,nurse,2,108.4532785764095
16,S394,nurse,1,53.75
16,S169,nurse,1,43.25
16,S596,nurse,1,78.5
16,S596,nurse,2,52.00625000000001
16,S596,nurse,3,51.056250000000006
16,S555,nurse,1,43.0
16,S527,nurse,1,24.375
16,S652,nurse,1,86.0
16,S652,nurse,2,56.97500000000001
16,S579,nurse,1,23.125
16,S378,nurse,1,15.0
16,S301,nurse,1,18.625
16,S586,nurse,1,113.0
16,S586,nurse,2,74.86250000000001
16,S586,nurse,3,74.86250000000001
16,S586,nurse,4,74.86250000000001
16,S515,nurse,1,39.5
16,S515,nurse,2,7.9
16,S600,nurse,1,24.125
16,S600,nurse,2,8.54999599831012
16,S492,nurse,1,59.875
16,S610,nurse,1,18.0
16,S609,nurse,1,14.0
16,S614,nurse,1,15.625
16,S481,nurse,1,24.125
16,S662,nurse,1,239.03275375857208
16,S662,nurse,2,50.60000000000001
16,S583,nurse,1,62.0
16,S583,nurse,2,41.075
16,S583,nurse,3,12.4
16,S051,nurse,1,62.75
16,S051,nurse,2,13.35
16,S051,nurse,3,2.975
16,S392,nurse,1,64.375
16,S477,nurse,1,114.0
16,S477,nurse,2,75.525
16,S477,nurse,3,8.499999999999996
16,S143,nurse,1,15.375
16,S519,nurse,1,5.0
16,S587,nurse,1,74.5
16,S587,nurse,2,49.356249999999996
16,S587,nurse,3,2.375
16,S587,nurse,4,1.125
16,S467,nurse,1,11.625
16,S473,nurse,1,110.0
16,S473,nurse,2,22.0
16,S402,nurse,1,19.5
16,S402,nurse,2,12.918750000000001
16,S402,nurse,3,6.49375
16,S402,nurse,4,3.375
16,S611,nurse,1,16.125
16,S429,nurse,1,4.125
17,JH_H001,doctor,1,40.29995170079573
17,JH_H002,doctor,1,10.69396983744636
17,JH_H003,doctor,1,19.5
17,JH_H004,doctor,1,7.5000000000000355
17,JH_H006,doctor,1,5.5
17,JH_H007,doctor,1,3.75
17,JH_H008,doctor,1,1.5
17,JH_H009,doctor,1,0.5
17,JH_H010,doctor,1,0.75
17,JH_H011,doctor,1,0.5
17,JH_H012,doctor,1,0.29796374600187114
17,JH_H015,doctor,1,2.5
17,S396,doctor,1,28.5
17,S768,doctor,1,52.25
17,S557,doctor,1,72.5
17,S794,doctor,1,37.75
17,S001,doctor,1,43.5
17,S297,doctor,1,84.75
17,S397,doctor,1,43.5
17,S574,doctor,1,83.25
17,S574,doctor,2,66.6
17,S574,doctor,3,34.25
17,S574,doctor,4,17.0
17,S487,doctor,1,75.25
17,S487,doctor,2,60.2
17,S487,doctor,3,60.2
17,S487,doctor,4,60.2
17,S626,doctor,1,40.25
17,S626,doctor,2,32.2
17,S626,doctor,3,32.2
17,S576,doctor,1,162.25
17,S576,doctor,2,129.8
17,S576,doctor,3,76.75
17,S576,doctor,4,38.25
17,S500,doctor,1,63.75
17,S500,doctor,2,51.0
17,S500,doctor,3,51.0
17,S500,doctor,4,34.75
17,S168,doctor,1,105.0
17,S625,doctor,1,83.0
17,S625,doctor,2,66.4
17,S625,doctor,3,66.4
17,S625,doctor,4,60.5
17,S615,doctor,1,81.75
17,S615,doctor,2,13.399999999999991
17,S476,doctor,1,110.5
17,S476,doctor,2,88.4
17,S488,doctor,1,221.75
17,S488,doctor,2,177.4
17,S488,doctor,3,177.4
17,S488,doctor,4,89.8
17,S194,doctor,1,110.5
17,S599,doctor,1,27.25
17,S599,doctor,2,21.8
17,S358,doctor,1,35.75
17,S356,doctor,1,39.75
17,S387,doctor,1,16.25
17,S474,doctor,1,32.5
17,S474,doctor,2,26.0
17,S474,doctor,3,26.0
17,S585,doctor,1,43.25
17,S585,doctor,2,34.6
17,S585,doctor,3,34.6
17,S585,doctor,4,34.6
17,S147,doctor,1,51.25
17,S296,doctor,1,6.700035529468238
17,S653,doctor,1,56.5
17,S653,doctor,2,45.2
17,S359,doctor,1,97.25
17,S400,doctor,1,17.75
17,S534,doctor,1,55.0
17,S407,doctor,1,56.0
17,S407,doctor,2,44.8
17,S407,doctor,3,18.75
17,S167,doctor,1,41.5
17,S189,doctor,1,122.25
17,S470,doctor,1,39.75
17,S470,doctor,2,31.8
17,S468,doctor,1,64.5
17,S468,doctor,2,51.6
17,S075,doctor,1,47.0
17,S646,doctor,1,48.75
17,S646,doctor,2,39.0
17,S516,doctor,1,87.5
17,S516,doctor,2,70.0
17,S516,doctor,3,39.49999999999998
17,S475,doctor,1,102.75
17,S475,doctor,2,82.2
17,S475,doctor,3,2.000000000000007
17,S394,doctor,1,107.5
17,S394,doctor,2,86.0
17,S386,doctor,1,33.75
17,S169,doctor,1,86.5
17,S596,doctor,1,39.25
17,S596,doctor,2,31.4
17,S596,doctor,3,31.4
17,S596,doctor,4,30.700000000000003
17,S555,doctor,1,86.0
17,S527,doctor,1,48.75
17,S527,doctor,2,39.0
17,S652,doctor,1,43.0
17,S652,doctor,2,34.4
17,S652,doctor,3,34.4
17,S579,doctor,1,46.25
17,S579,doctor,2,37.0
17,S378,doctor,1,111.25
17,S301,doctor,1,37.25
17,S215,doctor,1,38.5
17,S586,doctor,1,56.5
17,S586,doctor,2,45.2
17,S586,doctor,3,45.2
17,S586,doctor,4,45.2
17,S214,doctor,1,60.75
17,S362,doctor,1,65.75
17,S193,doctor,1,43.0
17,S515,doctor,1,19.75
17,S515,doctor,2,15.8
17,S600,doctor,1,48.25
17,S600,doctor,2,38.6
17,S160,doctor,1,30.5
17,S113,doctor,1,51.25
17,S492,doctor,1,119.75
17,S492,doctor,2,95.8
17,S445,doctor,1,15.75
17,S610,doctor,1,36.0
17,S610,doctor,2,28.8
17,S609,doctor,1,28.0
17,S609,doctor,2,22.4
17,S062,doctor,1,43.5
17,S614,doctor,1,31.25
17,S364,doctor,1,25.75
17,S481,doctor,1,48.25
17,S481,doctor,2,38.6
17,S662,doctor,1,126.5
17,S662,doctor,2,101.2
17,S583,doctor,1,31.0
17,S583,doctor,2,24.8
17,S583,doctor,3,24.8
17,S051,doctor,1,125.5
17,S051,doctor,2,41.95
17,S051,doctor,3,11.95
17,S051,doctor,4,1.9500000000000002
17,S161,doctor,1,40.0
17,S392,doctor,1,128.75
17,S392,doctor,2,103.0
17,S477,doctor,1,57.0
17,S477,doctor,2,45.6
17,S477,doctor,3,45.6
17,S228,doctor,1,46.25
17,S186,doctor,1,35.25
17,S143,doctor,1,30.75
17,S052,doctor,1,43.5
17,S227,doctor,1,50.75
17,S519,doctor,1,10.0
17,S519,doctor,2,8.0
17,S401,doctor,1,67.25
17,S241,doctor,1,57.0
17,S587,doctor,1,37.25
17,S587,doctor,2,29.8
17,S587,doctor,3,29.8
17,S587,doctor,4,3.5
17,S019,doctor,1,43.5
17,S467,doctor,1,23.25
17,S467,doctor,2,18.6
17,S473,doctor,1,55.0
17,S473,doctor,2,44.0
17,S384,doctor,1,55.25
17,S402,doctor,1,9.75
17,S402,doctor,2,7.8
17,S402,doctor,3,7.8
17,S402,doctor,4,7.8
17,S611,doctor,1,32.25
17,S611,doctor,2,25.8
17,S249,doctor,1,41.5
17,S429,doctor,1,8.25
17,JH_H007,nurse,1,0.5
17,JH_H010,nurse,1,0.5
17,S396,nurse,1,14.25
17,S768,nurse,1,26.125
17,S557,nurse,1,36.25
17,S794,nurse,1,18.875
17,S001,nurse,1,21.75
17,S297,nurse,1,42.375
17,S397,nurse,1,21.75
17,S574,nurse,1,166.5
17,S574,nurse,2,80.76875
17,S574,nurse,3,23.359375
17,S574,nurse,4,8.5
17,S487,nurse,1,150.5
17,S487,nurse,2,99.70625000000001
17,S487,nurse,3,99.70625000000001
17,S487,nurse,4,99.70625000000001
17,S626,nurse,1,80.5
17,S626,nurse,2,53.331250000000004
17,S626,nurse,3,16.1
17,S576,nurse,1,324.5
17,S576,nurse,2,214.98125000000002
17,S576,nurse,3,93.03125
17,S576,nurse,4,43.67578125
17,S500,nurse,1,127.5
17,S500,nurse,2,84.46875
17,S500,nurse,3,25.5
17,S500,nurse,4,17.375
17,S168,nurse,1,52.5
17,S625,nurse,1,166.0
17,S625,nurse,2,109.97500000000001
17,S625,nurse,3,33.2
17,S625,nurse,4,30.25
17,S615,nurse,1,40.875
17,S615,nurse,2,6.699999999999996
17,S476,nurse,1,221.0
17,S476,nurse,2,146.41250000000002
17,S488,nurse,1,443.5
17,S488,nurse,2,293.81875
17,S488,nurse,3,254.48991805162274
17,S488,nurse,4,77.18890659889192
17,S194,nurse,1,55.25
17,S599,nurse,1,54.5
17,S599,nurse,2,10.9
17,S358,nurse,1,17.875
17,S356,nurse,1,19.875
17,S387,nurse,1,8.125
17,S474,nurse,1,65.0
17,S474,nurse,2,43.0625
17,S474,nurse,3,13.0
17,S585,nurse,1,86.5
17,S585,nurse,2,57.306250000000006
17,S585,nurse,3,57.306250000000006
17,S585,nurse,4,57.306250000000006
17,S147,nurse,1,25.625
17,S296,nurse,1,3.350017764734119
17,S653,nurse,1,113.0
17,S653,nurse,2,45.531254469407635
17,S359,nurse,1,48.625
17,S400,nurse,1,8.875
17,S534,nurse,1,27.5
17,S407,nurse,1,112.0
17,S407,nurse,2,74.2
17,S407,nurse,3,9.375
17,S167,nurse,1,20.75
17,S189,nurse,1,61.125
17,S470,nurse,1,79.5
17,S470,nurse,2,15.9
17,S468,nurse,1,129.0
17,S468,nurse,2,85.4625
17,S075,nurse,1,23.5
17,S646,nurse,1,97.5
17,S646,nurse,2,19.5
17,S516,nurse,1,175.0
17,S516,nurse,2,115.9375
17,S516,nurse,3,19.74999999999999
17,S475,nurse,1,205.5
17,S475,nurse,2,136.14375
17,S475,nurse,3,1.0000000000000036
17,S394,nurse,1,215.0
17,S394,nurse,2,43.0
17,S386,nurse,1,16.875
17,S169,nurse,1,43.25
17,S596,nurse,1,78.5
17,S596,nurse,2,52.00625000000001
17,S596,nurse,3,52.00625000000001
17,S596,nurse,4,15.350000000000001
17,S555,nurse,1,43.0
17,S527,nurse,1,97.5
17,S527,nurse,2,19.5
17,S652,nurse,1,86.0
17,S652,nurse,2,56.97500000000001
17,S652,nurse,3,17.2
17,S579,nurse,1,92.5
17,S579,nurse,2,18.5
17,S378,nurse,1,55.625
17,S301,nurse,1,18.625
17,S215,nurse,1,19.25
17,S586,nurse,1,113.0
17,S586,nurse,2,74.86250000000001
17,S586,nurse,3,74.86250000000001
17,S586,nurse,4,74.86250000000001
17,S214,nurse,1,30.375
17,S362,nurse,1,32.875
17,S193,nurse,1,21.5
17,S515,nurse,1,39.5
17,S515,nurse,2,26.168750000000003
17,S600,nurse,1,96.5
17,S600,nurse,2,19.3
17,S160,nurse,1,15.25
17,S113,nurse,1,25.625
17,S492,nurse,1,239.5
17,S492,nurse,2,47.9
17,S445,nurse,1,7.875
17,S610,nurse,1,72.0
17,S610,nurse,2,14.4
17,S609,nurse,1,56.0
17,S609,nurse,2,11.2
17,S062,nurse,1,21.75
17,S614,nurse,1,15.625
17,S364,nurse,1,12.875
17,S481,nurse,1,96.5
17,S481,nurse,2,19.3
17,S662,nurse,1,253.0
17,S662,nurse,2,87.82431595406942
17,S583,nurse,1,62.0
17,S583,nurse,2,41.075
17,S583,nurse,3,41.075
17,S051,nurse,1,62.75
17,S051,nurse,2,20.975
17,S051,nurse,3,5.975
17,S051,nurse,4,0.9750000000000001
17,S161,nurse,1,20.0
17,S392,nurse,1,257.5
17,S392,nurse,2,51.5
17,S477,nurse,1,114.0
17,S477,nurse,2,75.525
17,S477,nurse,3,41.652480368877804
17,S228,nurse,1,23.125
17,S186,nurse,1,17.625
17,S143,nurse,1,15.375
17,S052,nurse,1,21.75
17,S227,nurse,1,25.375
17,S519,nurse,1,20.0
17,S519,nurse,2,4.0
17,S401,nurse,1,33.625
17,S241,nurse,1,28.5
17,S587,nurse,1,74.5
17,S587,nurse,2,49.356249999999996
17,S587,nurse,3,14.9
17,S587,nurse,4,1.75
17,S019,nurse,1,21.75
17,S467,nurse,1,46.5
17,S467,nurse,2,9.3
17,S473,nurse,1,110.0
17,S473,nurse,2,72.875
17,S384,nurse,1,27.625
17,S402,nurse,1,19.5
17,S402,nurse,2,12.918750000000001
17,S402,nurse,3,11.61875
17,S402,nurse,4,3.9
17,S611,nurse,1,32.48694790040308
17,S611,nurse,2,12.9
17,S249,nurse,1,20.75
17,S429,nurse,1,4.125
18,JH_H001,doctor,1,43.48848141260763
18,JH_H002,doctor,1,17.040108422703526
18,JH_H003,doctor,1,19.5
18,JH_H004,doctor,1,7.5
18,JH_H006,doctor,1,5.5
18,JH_H007,doctor,1,3.75
18,JH_H008,doctor,1,1.5
18,JH_H009,doctor,1,0.5
18,JH_H010,doctor,1,0.75
18,JH_H011,doctor,1,0.5
18,JH_H012,doctor,1,1.1861575582917165
18,JH_H013,doctor,1,0.5018427568480135
18,JH_H014,doctor,1,0.034199430480846615
18,JH_H015,doctor,1,2.5
18,S768,doctor,1,52.25
18,S557,doctor,1,72.5
18,S794,doctor,1,37.75
18,S001,doctor,1,43.5
18,S297,doctor,1,84.75
18,S397,doctor,1,43.5
18,S574,doctor,1,83.25
18,S574,doctor,2,66.6
18,S574,doctor,3,23.0
18,S574,doctor,4,11.25
18,S487,doctor,1,75.25
18,S487,doctor,2,60.2
18,S487,doctor,3,60.2
18,S487,doctor,4,60.2
18,S626,doctor,1,40.25
18,S626,doctor,2,32.2
18,S626,doctor,3,15.099999999999994
18,S576,doctor,1,162.25
18,S576,doctor,2,129.0
18,S576,doctor,3,51.5
18,S576,doctor,4,25.5
18,S500,doctor,1,63.75
18,S500,doctor,2,51.0
18,S500,doctor,3,46.75
18,S500,doctor,4,23.25
18,S625,doctor,1,83.0
18,S625,doctor,2,66.4
18,S625,doctor,3,66.4
18,S625,doctor,4,40.5
18,S615,doctor,1,81.75
18,S476,doctor,1,110.5
18,S476,doctor,2,88.4
18,S488,doctor,1,221.75
18,S488,doctor,2,177.4
18,S488,doctor,3,141.05
18,S488,doctor,4,34.74999999999999
18,S599,doctor,1,27.25
18,S599,doctor,2,11.94999227998317
18,S474,doctor,1,32.5
18,S474,doctor,2,26.0
18,S585,doctor,1,43.25
18,S585,doctor,2,34.6
18,S585,doctor,3,34.6
18,S585,doctor,4,34.6
18,S653,doctor,1,56.5
18,S653,doctor,2,45.2
18,S400,doctor,1,17.75
18,S534,doctor,1,55.0
18,S407,doctor,1,56.0
18,S407,doctor,2,44.8
18,S470,doctor,1,39.75
18,S468,doctor,1,64.5
18,S468,doctor,2,51.6
18,S646,doctor,1,48.75
18,S516,doctor,1,87.5
18,S516,doctor,2,70.0
18,S475,doctor,1,102.75
18,S475,doctor,2,82.2
18,S394,doctor,1,107.5
18,S169,doctor,1,45.76151858739237
18,S596,doctor,1,39.25
18,S596,doctor,2,31.4
18,S596,doctor,3,31.4
18,S555,doctor,1,86.0
18,S527,doctor,1,48.75
18,S652,doctor,1,43.0
18,S652,doctor,2,34.4
18,S579,doctor,1,46.25
18,S301,doctor,1,37.25
18,S586,doctor,1,56.5
18,S586,doctor,2,45.2
18,S586,doctor,3,45.2
18,S586,doctor,4,45.2
18,S515,doctor,1,19.75
18,S515,doctor,2,15.8
18,S600,doctor,1,48.25
18,S492,doctor,1,119.75
18,S610,doctor,1,36.0
18,S609,doctor,1,28.0
18,S614,doctor,1,31.25
18,S481,doctor,1,48.25
18,S662,doctor,1,126.5
18,S662,doctor,2,101.2
18,S583,doctor,1,31.0
18,S583,doctor,2,24.8
18,S583,doctor,3,24.8
18,S051,doctor,1,125.5
18,S051,doctor,2,25.7
18,S051,doctor,3,5.45
18,S392,doctor,1,128.75
18,S477,doctor,1,57.0
18,S477,doctor,2,45.6
18,S477,doctor,3,12.499999999999993
18,S519,doctor,1,10.0
18,S587,doctor,1,37.25
18,S587,doctor,2,29.8
18,S587,doctor,3,4.75
18,S587,doctor,4,2.25
18,S467,doctor,1,23.25
18,S473,doctor,1,55.0
18,S473,doctor,2,29.24999999999997
18,S402,doctor,1,9.75
18,S402,doctor,2,7.8
18,S402,doctor,3,7.8
18,S402,doctor,4,6.5
18,S611,doctor,1,32.25
18,S429,doctor,1,8.25
18,JH_H007,nurse,1,0.5
18,JH_H010,nurse,1,0.5
18,S768,nurse,1,26.125
18,S557,nurse,1,36.25
18,S794,nurse,1,18.875
18,S001,nurse,1,21.75
18,S297,nurse,1,42.375
18,S397,nurse,1,21.75
18,S574,nurse,1,128.625
18,S574,nurse,2,57.26875
18,S574,nurse,3,11.5
18,S574,nurse,4,5.625
18,S487,nurse,1,150.5
18,S487,nurse,2,99.70625000000001
18,S487,nurse,3,99.70625000000001
18,S487,nurse,4,99.70625000000001
18,S626,nurse,1,80.5
18,S626,nurse,2,53.331250000000004
18,S626,nurse,3,7.549999999999997
18,S576,nurse,1,324.5
18,S576,nurse,2,164.28125
18,S576,nurse,3,61.328125
18,S576,nurse,4,27.625
18,S500,nurse,1,127.5
18,S500,nurse,2,75.5625
18,S500,nurse,3,23.375
18,S500,nurse,4,11.625
18,S625,nurse,1,166.0
18,S625,nurse,2,109.97500000000001
18,S625,nurse,3,33.2
18,S625,nurse,4,20.25
18,S615,nurse,1,40.875
18,S476,nurse,1,221.0
18,S476,nurse,2,44.2
18,S488,nurse,1,443.5
18,S488,nurse,2,293.81875
18,S488,nurse,3,143.5945760758326
18,S488,nurse,4,17.374999999999996
18,S599,nurse,1,13.625
18,S599,nurse,2,5.974996139991585
18,S474,nurse,1,65.0
18,S474,nurse,2,43.0625
18,S585,nurse,1,86.5
18,S585,nurse,2,57.306250000000006
18,S585,nurse,3,57.306250000000006
18,S585,nurse,4,31.60376011124073
18,S653,nurse,1,113.0
18,S653,nurse,2,22.6
18,S400,nurse,1,8.875
18,S534,nurse,1,27.5
18,S407,nurse,1,112.0
18,S407,nurse,2,22.4
18,S470,nurse,1,19.875
18,S468,nurse,1,129.0
18,S468,nurse,2,25.8
18,S646,nurse,1,24.375
18,S516,nurse,1,175.0
18,S516,nurse,2,35.0
18,S475,nurse,1,205.5
18,S475,nurse,2,80.806544839315
18,S394,nurse,1,53.75
18,S169,nurse,1,22.880759293696187
18,S596,nurse,1,78.5
18,S596,nurse,2,52.00625000000001
18,S596,nurse,3,47.306250000000006
18,S555,nurse,1,43.0
18,S527,nurse,1,24.375
18,S652,nurse,1,86.0
18,S652,nurse,2,56.97500000000001
18,S579,nurse,1,23.125
18,S301,nurse,1,18.625
18,S586,nurse,1,113.0
18,S586,nurse,2,74.86250000000001
18,S586,nurse,3,74.86250000000001
18,S586,nurse,4,74.86250000000001
18,S515,nurse,1,39.5
18,S515,nurse,2,7.9
18,S600,nurse,1,24.125
18,S492,nurse,1,59.875
18,S610,nurse,1,18.0
18,S609,nurse,1,14.0
18,S614,nurse,1,15.625
18,S481,nurse,1,24.125
18,S662,nurse,1,157.66670038156906
18,S662,nurse,2,50.6
18,S583,nurse,1,62.0
18,S583,nurse,2,41.075
18,S583,nurse,3,12.4
18,S051,nurse,1,62.75
18,S051,nurse,2,12.85
18,S051,nurse,3,2.725
18,S392,nurse,1,64.375
18,S477,nurse,1,114.0
18,S477,nurse,2,75.525
18,S477,nurse,3,6.2499999999999964
18,S519,nurse,1,5.0
18,S587,nurse,1,74.5
18,S587,nurse,2,49.356249999999996
18,S587,nurse,3,2.375
18,S587,nurse,4,1.125
18,S467,nurse,1,11.625
18,S473,nurse,1,110.0
18,S473,nurse,2,14.624999999999986
18,S402,nurse,1,19.5
18,S402,nurse,2,12.918750000000001
18,S402,nurse,3,6.11875
18,S402,nurse,4,3.25
18,S611,nurse,1,16.125
18,S429,nurse,1,4.125
19,JH_H001,doctor,1,38.696534726236365
19,JH_H002,doctor,1,7.502685060386682
19,JH_H003,doctor,1,19.5
19,JH_H004,doctor,1,7.500000000000057
19,JH_H006,doctor,1,5.5
19,JH_H007,doctor,1,3.75
19,JH_H008,doctor,1,1.5
19,JH_H009,doctor,1,0.5
19,JH_H010,doctor,1,0.75
19,JH_H011,doctor,1,0.5
19,JH_H015,doctor,1,2.5
19,S396,doctor,1,28.5
19,S768,doctor,1,52.25
19,S557,doctor,1,72.5
19,S557,doctor,2,11.99999999999999
19,S794,doctor,1,37.75
19,S794,doctor,2,18.592772219010847
19,S001,doctor,1,43.5
19,S001,doctor,2,34.8
19,S297,doctor,1,84.75
19,S209,doctor,1,56.0
19,S397,doctor,1,43.5
19,S574,doctor,1,83.25
19,S574,doctor,2,66.6
19,S574,doctor,3,39.75
19,S574,doctor,4,19.75
19,S487,doctor,1,75.25
19,S487,doctor,2,60.2
19,S487,doctor,3,60.2
19,S487,doctor,4,60.2
19,S626,doctor,1,40.25
19,S626,doctor,2,32.2
19,S626,doctor,3,32.2
19,S626,doctor,4,4.099999999999994
19,S576,doctor,1,162.25
19,S576,doctor,2,129.8
19,S576,doctor,3,89.5
19,S576,doctor,4,44.5
19,S667,doctor,1,75.25
19,S664,doctor,1,66.25
19,S668,doctor,1,36.75
19,S669,doctor,1,25.5
19,S500,doctor,1,63.75
19,S500,doctor,2,51.0
19,S500,doctor,3,51.0
19,S500,doctor,4,40.5
19,S168,doctor,1,105.0
19,S625,doctor,1,83.0
19,S625,doctor,2,66.4
19,S625,doctor,3,66.4
19,S625,doctor,4,66.4
19,S615,doctor,1,81.75
19,S615,doctor,2,65.4
19,S665,doctor,1,15.5
19,S476,doctor,1,110.5
19,S476,doctor,2,88.4
19,S488,doctor,1,221.75
19,S488,doctor,2,177.4
19,S488,doctor,3,177.4
19,S488,doctor,4,114.55
19,S194,doctor,1,110.5
19,S016,doctor,1,43.5
19,S599,doctor,1,27.25
19,S599,doctor,2,21.8
19,S358,doctor,1,35.75
19,S356,doctor,1,39.75
19,S387,doctor,1,16.25
19,S474,doctor,1,32.5
19,S474,doctor,2,26.0
19,S474,doctor,3,26.0
19,S585,doctor,1,43.25
19,S585,doctor,2,34.6
19,S585,doctor,3,34.6
19,S585,doctor,4,34.6
19,S147,doctor,1,51.25
19,S296,doctor,1,49.25
19,S653,doctor,1,56.5
19,S653,doctor,2,45.2
19,S359,doctor,1,97.25
19,S400,doctor,1,17.75
19,S400,doctor,2,14.2
19,S534,doctor,1,55.0
19,S534,doctor,2,44.0
19,S407,doctor,1,56.0
19,S407,doctor,2,44.8
19,S407,doctor,3,30.5
19,S167,doctor,1,41.5
19,S189,doctor,1,122.25
19,S470,doctor,1,39.75
19,S470,doctor,2,31.8
19,S468,doctor,1,64.5
19,S468,doctor,2,51.6
19,S075,doctor,1,47.0
19,S646,doctor,1,48.75
19,S646,doctor,2,39.0
19,S516,doctor,1,87.5
19,S516,doctor,2,70.0
19,S516,doctor,3,70.0
19,S475,doctor,1,102.75
19,S475,doctor,2,82.2
19,S475,doctor,3,79.24999999999996
19,S394,doctor,1,107.5
19,S394,doctor,2,86.0
19,S386,doctor,1,33.75
19,S169,doctor,1,86.5
19,S596,doctor,1,39.25
19,S596,doctor,2,31.4
19,S596,doctor,3,31.4
19,S596,doctor,4,31.4
19,S555,doctor,1,86.0
19,S555,doctor,2,68.8
19,S527,doctor,1,48.75
19,S527,doctor,2,39.0
19,S652,doctor,1,43.0
19,S652,doctor,2,34.4
19,S652,doctor,3,34.4
19,S579,doctor,1,46.25
19,S579,doctor,2,37.0
19,S378,doctor,1,111.25
19,S301,doctor,1,37.25
19,S215,doctor,1,38.5
19,S586,doctor,1,56.5
19,S586,doctor,2,45.2
19,S586,doctor,3,45.2
19,S586,doctor,4,45.2
19,S246,doctor,1,35.0
19,S214,doctor,1,60.75
19,S362,doctor,1,65.75
19,S193,doctor,1,43.0
19,S515,doctor,1,19.75
19,S515,doctor,2,15.8
19,S600,doctor,1,48.25
19,S600,doctor,2,38.6
19,S160,doctor,1,30.5
19,S113,doctor,1,51.25
19,S492,doctor,1,119.75
19,S492,doctor,2,95.8
19,S445,doctor,1,15.75
19,S610,doctor,1,36.0
19,S610,doctor,2,28.8
19,S609,doctor,1,28.0
19,S609,doctor,2,22.4
19,S062,doctor,1,43.5
19,S466,doctor,1,10.303450131152943
19,S200,doctor,1,67.75
19,S614,doctor,1,31.25
19,S614,doctor,2,25.0
19,S364,doctor,1,25.75
19,S481,doctor,1,48.25
19,S481,doctor,2,38.6
19,S662,doctor,1,126.5
19,S662,doctor,2,101.2
19,S583,doctor,1,31.0
19,S583,doctor,2,24.8
19,S583,doctor,3,24.8
19,S583,doctor,4,17.800000000000004
19,S051,doctor,1,125.5
19,S051,doctor,2,100.4
19,S051,doctor,3,15.45
19,S051,doctor,4,3.7
19,S161,doctor,1,40.0
19,S198,doctor,1,101.0
19,S392,doctor,1,128.75
19,S392,doctor,2,103.0
19,S477,doctor,1,57.0
19,S477,doctor,2,45.6
19,S477,doctor,3,45.6
19,S228,doctor,1,46.25
19,S186,doctor,1,35.25
19,S143,doctor,1,30.75
19,S052,doctor,1,43.5
19,S195,doctor,1,110.0
19,S227,doctor,1,50.75
19,S519,doctor,1,10.0
19,S519,doctor,2,8.0
19,S401,doctor,1,67.25
19,S241,doctor,1,57.0
19,S587,doctor,1,37.25
19,S587,doctor,2,29.8
19,S587,doctor,3,29.8
19,S587,doctor,4,4.0
19,S019,doctor,1,43.5
19,S467,doctor,1,23.25
19,S467,doctor,2,18.6
19,S473,doctor,1,55.0
19,S473,doctor,2,44.0
19,S384,doctor,1,55.25
19,S402,doctor,1,9.75
19,S402,doctor,2,7.8
19,S402,doctor,3,7.8
19,S402,doctor,4,7.8
19,S213,doctor,1,138.0
19,S611,doctor,1,32.25
19,S611,doctor,2,25.8
19,S212,doctor,1,68.0
19,S249,doctor,1,41.5
19,S429,doctor,1,8.25
19,JH_H007,nurse,1,0.5
19,JH_H010,nurse,1,0.5
19,S396,nurse,1,14.25
19,S768,nurse,1,26.125
19,S557,nurse,1,36.25
19,S557,nurse,2,5.999999999999995
19,S794,nurse,1,18.875
19,S794,nurse,2,9.296386109505423
19,S001,nurse,1,61.875
19,S001,nurse,2,17.4
19,S297,nurse,1,42.375
19,S209,nurse,1,28.0
19,S397,nurse,1,21.75
19,S574,nurse,1,166.5
19,S574,nurse,2,110.30625
19,S574,nurse,3,30.859375
19,S574,nurse,4,9.875
19,S487,nurse,1,150.5
19,S487,nurse,2,99.70625000000001
19,S487,nurse,3,99.70625000000001
19,S487,nurse,4,99.70625000000001
19,S626,nurse,1,80.5
19,S626,nurse,2,53.331250000000004
19,S626,nurse,3,16.1
19,S626,nurse,4,2.049999999999997
19,S576,nurse,1,324.5
19,S576,nurse,2,214.98125000000002
19,S576,nurse,3,112.203125
19,S576,nurse,4,52.17578125
19,S667,nurse,1,37.625
19,S664,nurse,1,33.125
19,S668,nurse,1,18.375
19,S669,nurse,1,12.75
19,S500,nurse,1,127.5
19,S500,nurse,2,84.46875
19,S500,nurse,3,39.656249735004316
19,S500,nurse,4,20.25
19,S168,nurse,1,52.5
19,S625,nurse,1,166.0
19,S625,nurse,2,109.97500000000001
19,S625,nurse,3,33.2
19,S625,nurse,4,33.2
19,S615,nurse,1,163.5
19,S615,nurse,2,32.7
19,S665,nurse,1,7.75
19,S476,nurse,1,221.0
19,S476,nurse,2,146.41250000000002
19,S488,nurse,1,443.5
19,S488,nurse,2,293.81875
19,S488,nurse,3,293.81875
19,S488,nurse,4,111.31694809892568
19,S194,nurse,1,55.25
19,S016,nurse,1,21.75
19,S599,nurse,1,54.5
19,S599,nurse,2,36.10625
19,S358,nurse,1,17.875
19,S356,nurse,1,19.875
19,S387,nurse,1,8.125
19,S474,nurse,1,65.0
19,S474,nurse,2,43.0625
19,S474,nurse,3,13.0
19,S585,nurse,1,86.5
19,S585,nurse,2,57.306250000000006
19,S585,nurse,3,57.306250000000006
19,S585,nurse,4,57.306250000000006
19,S147,nurse,1,25.625
19,S296,nurse,1,24.625
19,S653,nurse,1,113.0
19,S653,nurse,2,74.86250000000001
19,S359,nurse,1,48.625
19,S400,nurse,1,8.875
19,S400,nurse,2,7.1
19,S534,nurse,1,110.0
19,S534,nurse,2,22.0
19,S407,nurse,1,112.0
19,S407,nurse,2,74.2
19,S407,nurse,3,15.25
19,S167,nurse,1,20.75
19,S189,nurse,1,61.125
19,S470,nurse,1,79.5
19,S470,nurse,2,52.668749999999996
19,S468,nurse,1,129.0
19,S468,nurse,2,85.4625
19,S075,nurse,1,23.5
19,S646,nurse,1,97.5
19,S646,nurse,2,19.5
19,S516,nurse,1,175.0
19,S516,nurse,2,115.9375
19,S516,nurse,3,35.0
19,S475,nurse,1,205.5
19,S475,nurse,2,136.14375
19,S475,nurse,3,39.62499999999998
19,S394,nurse,1,215.0
19,S394,nurse,2,43.0
19,S386,nurse,1,16.875
19,S169,nurse,1,43.25
19,S596,nurse,1,78.5
19,S596,nurse,2,52.00625000000001
19,S596,nurse,3,52.00625000000001
19,S596,nurse,4,30.931250000000002
19,S555,nurse,1,172.0
19,S555,nurse,2,34.4
19,S527,nurse,1,97.5
19,S527,nurse,2,64.59375
19,S652,nurse,1,86.0
19,S652,nurse,2,56.97500000000001
19,S652,nurse,3,17.2
19,S579,nurse,1,92.5
19,S579,nurse,2,18.5
19,S378,nurse,1,55.625
19,S301,nurse,1,18.625
19,S215,nurse,1,19.25
19,S586,nurse,1,113.0
19,S586,nurse,2,74.86250000000001
19,S586,nurse,3,74.86250000000001
19,S586,nurse,4,74.86250000000001
19,S246,nurse,1,17.5
19,S214,nurse,1,30.375
19,S362,nurse,1,32.875
19,S193,nurse,1,21.5
19,S515,nurse,1,39.5
19,S515,nurse,2,26.168750000000003
19,S600,nurse,1,96.5
19,S600,nurse,2,61.10597068658693
19,S160,nurse,1,15.25
19,S113,nurse,1,25.625
19,S492,nurse,1,239.5
19,S492,nurse,2,47.9
19,S445,nurse,1,7.875
19,S610,nurse,1,72.0
19,S610,nurse,2,14.4
19,S609,nurse,1,56.0
19,S609,nurse,2,11.2
19,S062,nurse,1,21.75
19,S466,nurse,1,5.151725065576471
19,S200,nurse,1,33.875
19,S614,nurse,1,62.5
19,S614,nurse,2,12.5
19,S364,nurse,1,12.875
19,S481,nurse,1,96.5
19,S481,nurse,2,19.3
19,S662,nurse,1,253.0
19,S662,nurse,2,167.6125
19,S583,nurse,1,62.0
19,S583,nurse,2,41.075
19,S583,nurse,3,41.075
19,S583,nurse,4,8.900000000000002
19,S051,nurse,1,148.81891660034498
19,S051,nurse,2,50.2
19,S051,nurse,3,7.725
19,S051,nurse,4,1.85
19,S161,nurse,1,20.0
19,S198,nurse,1,50.5
19,S392,nurse,1,257.5
19,S392,nurse,2,51.5
19,S477,nurse,1,114.0
19,S477,nurse,2,75.525
19,S477,nurse,3,75.30386805870937
19,S228,nurse,1,23.125
19,S186,nurse,1,17.625
19,S143,nurse,1,15.375
19,S052,nurse,1,21.75
19,S195,nurse,1,55.0
19,S227,nurse,1,25.375
19,S519,nurse,1,20.0
19,S519,nurse,2,4.0
19,S401,nurse,1,33.625
19,S241,nurse,1,28.5
19,S587,nurse,1,74.5
19,S587,nurse,2,49.356249999999996
19,S587,nurse,3,18.80625
19,S587,nurse,4,2.0
19,S019,nurse,1,21.75
19,S467,nurse,1,46.5
19,S467,nurse,2,9.3
19,S473,nurse,1,110.0
19,S473,nurse,2,72.875
19,S384,nurse,1,27.625
19,S402,nurse,1,19.5
19,S402,nurse,2,12.918750000000001
19,S402,nurse,3,12.918750000000001
19,S402,nurse,4,4.5859375
19,S213,nurse,1,69.0
19,S611,nurse,1,64.5
19,S611,nurse,2,12.9
19,S212,nurse,1,34.0
19,S249,nurse,1,20.75
19,S429,nurse,1,4.125
20,JH_H001,doctor,1,41.44542060740511
20,JH_H002,doctor,1,12.97379944026207
20,JH_H003,doctor,1,19.5
20,JH_H004,doctor,1,7.500000000000028
20,JH_H006,doctor,1,5.5
20,JH_H007,doctor,1,3.75
20,JH_H008,doctor,1,1.5
20,JH_H009,doctor,1,0.5
20,JH_H010,doctor,1,0.75
20,JH_H011,doctor,1,0.5
20,JH_H012,doctor,1,0.617044478181322
20,JH_H013,doctor,1,0.031779391070264396
20,JH_H015,doctor,1,2.5
20,S396,doctor,1,28.5
20,S768,doctor,1,52.25
20,S557,doctor,1,72.5
20,S794,doctor,1,37.75
20,S001,doctor,1,43.5
20,S297,doctor,1,84.75
20,S397,doctor,1,43.5
20,S574,doctor,1,83.25
20,S574,doctor,2,66.6
20,S574,doctor,3,30.0
20,S574,doctor,4,15.0
20,S487,doctor,1,75.25
20,S487,doctor,2,60.2
20,S487,doctor,3,60.2
20,S487,doctor,4,60.2
20,S626,doctor,1,40.25
20,S626,doctor,2,32.2
20,S626,doctor,3,32.2
20,S576,doctor,1,162.25
20,S576,doctor,2,129.8
20,S576,doctor,3,67.75
20,S576,doctor,4,33.5
20,S500,doctor,1,63.75
20,S500,doctor,2,51.0
20,S500,doctor,3,51.0
20,S500,doctor,4,30.75
20,S168,doctor,1,105.0
20,S625,doctor,1,83.0
20,S625,doctor,2,66.4
20,S625,doctor,3,66.4
20,S625,doctor,4,53.5
20,S615,doctor,1,81.75
20,S476,doctor,1,110.5
20,S476,doctor,2,88.4
20,S488,doctor,1,221.75
20,S488,doctor,2,177.4
20,S488,doctor,3,177.4
20,S488,doctor,4,72.05
20,S599,doctor,1,27.25
20,S599,doctor,2,21.8
20,S358,doctor,1,35.75
20,S356,doctor,1,39.75
20,S474,doctor,1,32.5
20,S474,doctor,2,26.0
20,S585,doctor,1,43.25
20,S585,doctor,2,34.6
20,S585,doctor,3,34.6
20,S585,doctor,4,34.6
20,S653,doctor,1,56.5
20,S653,doctor,2,45.2
20,S359,doctor,1,97.25
20,S400,doctor,1,17.75
20,S534,doctor,1,55.0
20,S407,doctor,1,56.0
20,S407,doctor,2,44.8
20,S407,doctor,3,10.5
20,S167,doctor,1,41.5
20,S189,doctor,1,122.25
20,S470,doctor,1,39.75
20,S470,doctor,2,31.8
20,S468,doctor,1,64.5
20,S468,doctor,2,51.6
20,S075,doctor,1,32.0
20,S646,doctor,1,48.75
20,S646,doctor,2,39.0
20,S516,doctor,1,87.5
20,S516,doctor,2,70.0
20,S516,doctor,3,6.25
20,S475,doctor,1,102.75
20,S475,doctor,2,82.2
20,S394,doctor,1,107.5
20,S394,doctor,2,86.0
20,S169,doctor,1,86.5
20,S596,doctor,1,39.25
20,S596,doctor,2,31.4
20,S596,doctor,3,31.4
20,S596,doctor,4,17.699999999999996
20,S555,doctor,1,86.0
20,S527,doctor,1,48.75
20,S527,doctor,2,39.0
20,S652,doctor,1,43.0
20,S652,doctor,2,34.4
20,S652,doctor,3,19.149999999999984
20,S579,doctor,1,46.25
20,S378,doctor,1,111.25
20,S301,doctor,1,37.25
20,S586,doctor,1,56.5
20,S586,doctor,2,45.2
20,S586,doctor,3,45.2
20,S586,doctor,4,45.2
20,S362,doctor,1,65.75
20,S193,doctor,1,10.554568314293391
20,S515,doctor,1,19.75
20,S515,doctor,2,15.8
20,S600,doctor,1,48.25
20,S600,doctor,2,38.6
20,S113,doctor,1,51.25
20,S492,doctor,1,119.75
20,S492,doctor,2,95.8
20,S445,doctor,1,15.75
20,S610,doctor,1,36.0
20,S610,doctor,2,28.8
20,S609,doctor,1,28.0
20,S609,doctor,2,22.4
20,S614,doctor,1,31.25
20,S481,doctor,1,48.25
20,S481,doctor,2,2.9999999999999147
20,S662,doctor,1,126.5
20,S662,doctor,2,101.2
20,S583,doctor,1,31.0
20,S583,doctor,2,24.8
20,S583,doctor,3,24.8
20,S051,doctor,1,125.5
20,S051,doctor,2,36.2
20,S051,doctor,3,9.7
20,S051,doctor,4,0.9500000000000002
20,S392,doctor,1,128.75
20,S392,doctor,2,9.350000000000009
20,S477,doctor,1,57.0
20,S477,doctor,2,45.6
20,S477,doctor,3,45.6
20,S143,doctor,1,30.75
20,S052,doctor,1,43.5
20,S519,doctor,1,10.0
20,S401,doctor,1,67.25
20,S241,doctor,1,57.0
20,S587,doctor,1,37.25
20,S587,doctor,2,29.8
20,S587,doctor,3,29.8
20,S587,doctor,4,3.0
20,S019,doctor,1,43.5
20,S467,doctor,1,23.25
20,S467,doctor,2,18.6
20,S473,doctor,1,55.0
20,S473,doctor,2,44.0
20,S384,doctor,1,55.25
20,S402,doctor,1,9.75
20,S402,doctor,2,7.8
20,S402,doctor,3,7.8
20,S402,doctor,4,7.8
20,S611,doctor,1,32.25
20,S249,doctor,1,41.5
20,S429,doctor,1,8.25
20,JH_H007,nurse,1,0.5
20,JH_H010,nurse,1,0.5
20,S396,nurse,1,14.25
20,S768,nurse,1,26.125
20,S557,nurse,1,36.25
20,S794,nurse,1,18.875
20,S001,nurse,1,21.75
20,S297,nurse,1,42.375
20,S397,nurse,1,21.75
20,S574,nurse,1,166.5
20,S574,nurse,2,72.39375
20,S574,nurse,3,17.859375
20,S574,nurse,4,7.5
20,S487,nurse,1,150.5
20,S487,nurse,2,99.70625000000001
20,S487,nurse,3,99.70625000000001
20,S487,nurse,4,99.70625000000001
20,S626,nurse,1,80.5
20,S626,nurse,2,53.331250000000004
20,S626,nurse,3,16.1
20,S576,nurse,1,324.5
20,S576,nurse,2,198.55625
20,S576,nurse,3,81.78125
20,S576,nurse,4,37.55078125
20,S500,nurse,1,127.5
20,S500,nurse,2,84.46875
20,S500,nurse,3,25.5
20,S500,nurse,4,15.375
20,S168,nurse,1,52.5
20,S625,nurse,1,166.0
20,S625,nurse,2,109.97500000000001
20,S625,nurse,3,33.2
20,S625,nurse,4,26.75
20,S615,nurse,1,40.875
20,S476,nurse,1,221.0
20,S476,nurse,2,146.41250000000002
20,S488,nurse,1,443.5
20,S488,nurse,2,293.81875
20,S488,nurse,3,221.30283790653004
20,S488,nurse,4,41.896437177764625
20,S599,nurse,1,54.5
20,S599,nurse,2,10.9
20,S358,nurse,1,17.875
20,S356,nurse,1,19.875
20,S474,nurse,1,65.0
20,S474,nurse,2,43.0625
20,S585,nurse,1,86.5
20,S585,nurse,2,57.306250000000006
20,S585,nurse,3,57.306250000000006
20,S585,nurse,4,57.306250000000006
20,S653,nurse,1,113.0
20,S653,nurse,2,22.6
20,S359,nurse,1,48.625
20,S400,nurse,1,8.875
20,S534,nurse,1,27.5
20,S407,nurse,1,112.0
20,S407,nurse,2,44.24375387740551
20,S407,nurse,3,5.25
20,S167,nurse,1,20.75
20,S189,nurse,1,61.125
20,S470,nurse,1,79.5
20,S470,nurse,2,15.9
20,S468,nurse,1,129.0
20,S468,nurse,2,45.3155546076071
20,S075,nurse,1,16.0
20,S646,nurse,1,51.025113044407455
20,S646,nurse,2,19.5
20,S516,nurse,1,175.0
20,S516,nurse,2,115.9375
20,S516,nurse,3,3.125
20,S475,nurse,1,205.5
20,S475,nurse,2,136.14375
20,S394,nurse,1,215.0
20,S394,nurse,2,43.0
20,S169,nurse,1,43.25
20,S596,nurse,1,78.5
20,S596,nurse,2,52.00625000000001
20,S596,nurse,3,52.00625000000001
20,S596,nurse,4,8.849999999999998
20,S555,nurse,1,43.0
20,S527,nurse,1,97.5
20,S527,nurse,2,19.5
20,S652,nurse,1,86.0
20,S652,nurse,2,56.97500000000001
20,S652,nurse,3,9.574999999999992
20,S579,nurse,1,23.125
20,S378,nurse,1,55.625
20,S301,nurse,1,18.625
20,S586,nurse,1,113.0
20,S586,nurse,2,74.86250000000001
20,S586,nurse,3,74.86250000000001
20,S586,nurse,4,74.86250000000001
20,S362,nurse,1,32.875
20,S193,nurse,1,5.2772841571466955
20,S515,nurse,1,39.5
20,S515,nurse,2,26.168750000000003
20,S600,nurse,1,96.5
20,S600,nurse,2,19.3
20,S113,nurse,1,25.625
20,S492,nurse,1,239.5
20,S492,nurse,2,47.9
20,S445,nurse,1,7.875
20,S610,nurse,1,72.0
20,S610,nurse,2,14.4
20,S609,nurse,1,56.0
20,S609,nurse,2,11.2
20,S614,nurse,1,15.625
20,S481,nurse,1,24.125
20,S481,nurse,2,1.4999999999999574
20,S662,nurse,1,253.0
20,S662,nurse,2,50.6
20,S583,nurse,1,62.0
20,S583,nurse,2,41.075
20,S583,nurse,3,41.075
20,S051,nurse,1,62.75
20,S051,nurse,2,18.1
20,S051,nurse,3,4.85
20,S051,nurse,4,0.4750000000000001
20,S392,nurse,1,64.375
20,S392,nurse,2,4.675000000000004
20,S477,nurse,1,114.0
20,S477,nurse,2,75.525
20,S477,nurse,3,22.8
20,S143,nurse,1,15.375
20,S052,nurse,1,21.75
20,S519,nurse,1,5.0
20,S401,nurse,1,33.625
20,S241,nurse,1,28.5
20,S587,nurse,1,74.5
20,S587,nurse,2,49.356249999999996
20,S587,nurse,3,14.9
20,S587,nurse,4,1.5
20,S019,nurse,1,21.75
20,S467,nurse,1,46.5
20,S467,nurse,2,9.3
20,S473,nurse,1,110.0
20,S473,nurse,2,22.0
20,S384,nurse,1,27.625
20,S402,nurse,1,19.5
20,S402,nurse,2,12.918750000000001
20,S402,nurse,3,9.61875
20,S402,nurse,4,3.9
20,S611,nurse,1,16.125
20,S249,nurse,1,20.75
20,S429,nurse,1,4.125
