scenario_id,demand_point_id,facility_id,triage,period,assigned_casualties,distance_km
1,SD001,JH_H004,T1,1,150.0,1.854989649044953
1,SD001,JH_H004,T1,2,22.5,1.854989649044953
1,SD001,JH_H004,T1,3,46.875,1.854989649044953
1,SD001,JH_H004,T1,4,45.65625,1.854989649044953
1,SD001,JH_H004,T3,1,23.0,1.854989649044953
1,SD001,S008,T2,1,91.0,1.4141658668513217
1,SD001,S008,T2,2,72.8,1.4141658668513217
1,SD001,S008,T3,1,273.0,1.4141658668513217
1,SD001,S008,T3,2,168.35000000000002,1.4141658668513217
1,SD001,S068,T2,1,30.0,1.6186005431732127
1,SD001,S068,T3,1,90.0,1.6186005431732127
1,SD001,S078,T2,1,90.0,0.7613366768678012
1,SD001,S078,T2,2,72.0,0.7613366768678012
1,SD001,S078,T3,1,270.0,0.7613366768678012
1,SD001,S078,T3,2,166.5,0.7613366768678012
1,SD001,S079,T2,1,30.0,0.6130448620883503
1,SD001,S079,T2,2,24.0,0.6130448620883503
1,SD001,S079,T3,1,90.0,0.6130448620883503
1,SD001,S079,T3,2,55.5,0.6130448620883503
1,SD001,S080,T2,1,30.0,0.5856407835426283
1,SD001,S080,T2,2,24.0,0.5856407835426283
1,SD001,S080,T2,3,14.800000000000011,0.5856407835426283
1,SD001,S080,T3,1,90.0,0.5856407835426283
1,SD001,S080,T3,2,55.5,0.5856407835426283
1,SD001,S081,T2,1,30.0,1.2350430337468372
1,SD001,S081,T2,2,24.0,1.2350430337468372
1,SD001,S081,T3,1,90.0,1.2350430337468372
1,SD001,S081,T3,2,55.5,1.2350430337468372
1,SD001,S082,T2,1,95.0,0.30825726628798844
1,SD001,S082,T2,2,76.0,0.30825726628798844
1,SD001,S082,T2,3,76.0,0.30825726628798844
1,SD001,S082,T2,4,76.0,0.30825726628798844
1,SD001,S082,T3,1,285.0,0.30825726628798844
1,SD001,S082,T3,2,175.75,0.30825726628798844
1,SD001,S082,T3,3,175.75,0.30825726628798844
1,SD001,S082,T3,4,175.75,0.30825726628798844
1,SD001,S083,T2,1,47.0,1.4488374118755394
1,SD001,S083,T2,2,37.6,1.4488374118755394
1,SD001,S083,T3,1,141.0,1.4488374118755394
1,SD001,S083,T3,2,43.249999999999886,1.4488374118755394
1,SD001,S541,T2,1,229.0,0.46064951290961775
1,SD001,S541,T2,2,183.2,0.46064951290961775
1,SD001,S541,T2,3,183.2,0.46064951290961775
1,SD001,S541,T2,4,61.0,0.46064951290961775
1,SD001,S541,T3,1,687.0,0.46064951290961775
1,SD001,S541,T3,2,423.6500000000001,0.46064951290961775
1,SD001,S541,T3,3,281.25,0.46064951290961775
1,SD001,S541,T3,4,52.25,0.46064951290961775
1,SD001,S715,T2,1,49.0,1.886108276469824
1,SD001,S721,T2,1,236.0,1.5796056128448186
1,SD001,S721,T2,2,172.39999999999998,1.5796056128448186
1,SD001,S721,T3,1,708.0,1.5796056128448186
1,SD001,S722,T2,1,107.0,1.9678695758040023
1,SD001,S757,T2,1,584.0,1.9022722825061857
1,SD002,JH_H008,T1,1,29.999950009618033,1.0827923580272938
1,SD002,JH_H008,T1,2,4.5000324937482645,1.0827923580272938
1,SD002,JH_H008,T1,3,9.374998375312572,1.0827923580272938
1,SD002,JH_H008,T1,4,9.131250081234384,1.0827923580272938
1,SD002,JH_H008,T2,1,4.999038196018546e-05,1.0827923580272938
1,SD002,JH_H008,T3,1,90.0,1.0827923580272938
1,SD002,JH_H008,T3,2,76.49996500673262,1.0827923580272938
1,SD002,JH_H008,T3,3,71.25000174966337,1.0827923580272938
1,SD002,JH_H008,T3,4,65.0,1.0827923580272938
1,SD002,S071,T2,1,100.0,22.407993625949995
1,SD002,S071,T2,2,52.8,22.407993625949995
1,SD002,S071,T3,1,158.0,22.407993625949995
1,SD002,S402,T2,1,39.0,26.129154168488203
1,SD002,S403,T2,1,30.0,16.770921449222417
1,SD002,S403,T2,2,24.0,16.770921449222417
1,SD002,S403,T2,3,24.0,16.770921449222417
1,SD002,S403,T2,4,24.0,16.770921449222417
1,SD002,S403,T3,1,90.0,16.770921449222417
1,SD002,S403,T3,2,55.5,16.770921449222417
1,SD002,S403,T3,3,55.5,16.770921449222417
1,SD002,S539,T2,1,120.0,23.860569411192145
1,SD002,S550,T2,1,30.0,36.18104152205202
1,SD002,S674,T2,1,2.99995000961804,36.29727816595809
1,SD002,S756,T2,1,149.0,17.628105547036988
1,SD002,S756,T2,2,119.2,17.628105547036988
1,SD002,S756,T2,3,54.0,17.628105547036988
1,SD002,S756,T2,4,15.0,17.628105547036988
1,SD002,S756,T3,1,447.0,17.628105547036988
1,SD002,S756,T3,2,195.00003499326738,17.628105547036988
1,SD002,S756,T3,3,3.249998250336631,17.628105547036988
1,SD003,JH_H009,T1,1,10.0,0.4313840120055951
1,SD003,JH_H009,T1,2,1.5,0.4313840120055951
1,SD003,JH_H009,T1,3,3.125,0.4313840120055951
1,SD003,JH_H009,T1,4,3.04375,0.4313840120055951
1,SD003,JH_H009,T3,1,30.0,0.4313840120055951
1,SD003,JH_H009,T3,2,25.5,0.4313840120055951
1,SD003,JH_H009,T3,3,23.75,0.4313840120055951
1,SD003,JH_H009,T3,4,23.8375,0.4313840120055951
1,SD003,S572,T2,1,369.0,15.514228917198071
1,SD003,S572,T2,2,154.0,15.514228917198071
1,SD003,S572,T2,3,61.0,15.514228917198071
1,SD003,S572,T2,4,30.0,15.514228917198071
1,SD003,S572,T3,1,586.0,15.514228917198071
1,SD003,S572,T3,2,231.5,15.514228917198071
1,SD003,S572,T3,3,78.25,15.514228917198071
1,SD003,S572,T3,4,27.1625,15.514228917198071
1,SD004,JH_H013,T1,1,31.242801755665603,2.6842115905313224
1,SD004,JH_H013,T1,2,4.6864202633498415,2.6842115905313224
1,SD004,JH_H013,T1,3,9.763375548645497,2.6842115905313224
1,SD004,JH_H013,T1,4,9.50952778438072,2.6842115905313224
1,SD004,JH_H014,T1,1,28.509280067367236,0.32354661842920146
1,SD004,JH_H014,T1,2,4.276392010105088,0.32354661842920146
1,SD004,JH_H014,T1,3,8.909150021052259,0.32354661842920146
1,SD004,JH_H014,T1,4,8.677512120504906,0.32354661842920146
1,SD004,JH_H014,T3,1,85.52784020210171,0.32354661842920146
1,SD004,JH_H014,T3,2,72.69866417178646,0.32354661842920146
1,SD004,JH_H014,T3,3,67.70954015999719,0.32354661842920146
1,SD004,JH_H014,T3,4,67.95899636058665,0.32354661842920146
1,SD004,S015,T2,1,83.0,0.4456418776495982
1,SD004,S015,T2,2,66.4,0.4456418776495982
1,SD004,S015,T2,3,66.4,0.4456418776495982
1,SD004,S015,T2,4,66.4,0.4456418776495982
1,SD004,S015,T3,1,249.0,0.4456418776495982
1,SD004,S015,T3,2,153.55,0.4456418776495982
1,SD004,S015,T3,3,153.55,0.4456418776495982
1,SD004,S015,T3,4,153.55,0.4456418776495982
1,SD004,S111,T2,1,808.0,1.2451439966559943
1,SD004,S111,T2,2,646.4,1.2451439966559943
1,SD004,S111,T3,1,2424.0,1.2451439966559943
1,SD004,S111,T3,2,1494.8000000000002,1.2451439966559943
1,SD004,S406,T2,1,123.0,2.0654294745129445
1,SD004,S477,T2,1,228.0,1.4997932513210326
1,SD004,S478,T2,1,216.0,1.5153792585230599
1,SD004,S486,T2,1,503.0,0.4783285874010517
1,SD004,S486,T2,2,371.20000000000005,0.4783285874010517
1,SD004,S486,T2,3,268.80000000000007,0.4783285874010517
1,SD004,S486,T2,4,235.6,0.4783285874010517
1,SD004,S486,T3,1,1509.0,0.4783285874010517
1,SD004,S486,T3,3,921.4904598400028,0.4783285874010517
1,SD004,S486,T3,4,423.1500000000002,0.4783285874010517
1,SD004,S525,T2,1,67.0,1.2640603113896036
1,SD004,S525,T2,2,53.6,1.2640603113896036
1,SD004,S525,T3,1,201.0,1.2640603113896036
1,SD004,S583,T2,1,124.0,1.3098200579051456
1,SD004,S583,T2,2,99.2,1.3098200579051456
1,SD004,S583,T3,1,372.0,1.3098200579051456
1,SD004,S584,T2,1,119.0,0.8702269571511124
1,SD004,S584,T2,2,95.2,0.8702269571511124
1,SD004,S584,T2,3,95.2,0.8702269571511124
1,SD004,S584,T3,1,357.0,0.8702269571511124
1,SD004,S584,T3,2,220.14999999999998,0.8702269571511124
1,SD004,S585,T2,1,173.0,1.0153546860217733
1,SD004,S585,T2,2,138.4,1.0153546860217733
1,SD004,S585,T3,1,519.0,1.0153546860217733
1,SD004,S585,T3,2,320.04999999999995,1.0153546860217733
1,SD004,S586,T2,1,226.0,0.7669305123872737
1,SD004,S586,T2,2,180.8,0.7669305123872737
1,SD004,S586,T2,3,180.8,0.7669305123872737
1,SD004,S586,T3,1,678.0,0.7669305123872737
1,SD004,S586,T3,2,418.09999999999997,0.7669305123872737
1,SD004,S587,T2,1,149.0,1.6268730303347014
1,SD004,S588,T2,1,231.0,1.5655639515228366
1,SD004,S589,T2,1,223.0,1.600192254035535
1,SD004,S596,T2,1,157.0,1.2472733119337553
1,SD004,S596,T2,2,125.6,1.2472733119337553
1,SD004,S596,T3,1,471.0,1.2472733119337553
1,SD004,S596,T3,2,227.55133582821327,1.2472733119337553
1,SD004,S602,T2,1,171.0,1.5932312514084654
1,SD004,S603,T2,1,119.0,1.5260024731414439
1,SD004,S604,T2,1,70.0,0.5592533897787788
1,SD004,S604,T2,2,56.0,0.5592533897787788
1,SD004,S604,T2,3,56.0,0.5592533897787788
1,SD004,S604,T2,4,56.0,0.5592533897787788
1,SD004,S604,T3,1,210.0,0.5592533897787788
1,SD004,S604,T3,2,129.5,0.5592533897787788
1,SD004,S604,T3,3,129.5,0.5592533897787788
1,SD004,S605,T2,1,57.0,0.5200265192024999
1,SD004,S605,T2,2,45.6,0.5200265192024999
1,SD004,S605,T2,3,45.6,0.5200265192024999
1,SD004,S605,T2,4,45.6,0.5200265192024999
1,SD004,S605,T3,1,171.0,0.5200265192024999
1,SD004,S605,T3,2,105.44999999999999,0.5200265192024999
1,SD004,S605,T3,3,105.44999999999999,0.5200265192024999
1,SD004,S605,T3,4,79.3410036394132,0.5200265192024999
1,SD004,S606,T2,1,65.0,1.1591849302237676
1,SD004,S606,T2,2,52.0,1.1591849302237676
1,SD004,S606,T3,1,195.0,1.1591849302237676
1,SD004,S606,T3,2,120.25,1.1591849302237676
1,SD004,S617,T2,1,154.0,1.4735578079885367
1,SD004,S617,T3,1,342.47215979789826,1.4735578079885367
1,SD004,S625,T2,1,332.0,2.077856378373978
1,SD004,S626,T2,1,161.0,2.1097408109848033
1,SD004,S687,T2,1,147.0,2.159666837934605
1,SD004,S688,T2,1,206.0,2.1534742718795266
1,SD004,S689,T2,1,108.0,1.3845465675483215
1,SD004,S689,T2,2,86.4,1.3845465675483215
1,SD004,S689,T3,1,324.0,1.3845465675483215
1,SD004,S690,T2,1,156.0,0.8052102484718188
1,SD004,S690,T2,2,124.8,0.8052102484718188
1,SD004,S690,T2,3,124.8,0.8052102484718188
1,SD004,S690,T3,1,468.0,0.8052102484718188
1,SD004,S690,T3,2,288.6,0.8052102484718188
1,SD004,S727,T2,1,38.0,0.6932412480150679
1,SD004,S727,T2,2,30.4,0.6932412480150679
1,SD004,S727,T2,3,30.4,0.6932412480150679
1,SD004,S727,T2,4,30.4,0.6932412480150679
1,SD004,S727,T3,1,114.0,0.6932412480150679
1,SD004,S727,T3,2,70.30000000000001,0.6932412480150679
1,SD004,S727,T3,3,70.30000000000001,0.6932412480150679
1,SD005,JH_H011,T1,1,10.0,0.534981795654251
1,SD005,JH_H011,T1,2,1.5,0.534981795654251
1,SD005,JH_H011,T1,3,3.125,0.534981795654251
1,SD005,JH_H011,T1,4,3.04375,0.534981795654251
1,SD005,JH_H011,T3,1,30.0,0.534981795654251
1,SD005,JH_H011,T3,2,25.5,0.534981795654251
1,SD005,JH_H011,T3,3,23.75,0.534981795654251
1,SD005,JH_H011,T3,4,23.0,0.534981795654251
1,SD005,S446,T2,1,159.0,13.576545716571008
1,SD005,S446,T2,2,69.0,13.576545716571008
1,SD005,S446,T2,3,27.0,13.576545716571008
1,SD005,S446,T2,4,13.0,13.576545716571008
1,SD005,S446,T3,1,250.0,13.576545716571008
1,SD005,S446,T3,2,90.5,13.576545716571008
1,SD005,S446,T3,3,22.25,13.576545716571008
1,SD005,S791,T2,1,9.0,14.043439762067017
1,SD006,JH_H003,T1,1,378.0,2.76486819460775
1,SD006,JH_H003,T1,2,56.70000000000002,2.76486819460775
1,SD006,JH_H003,T1,3,118.12500000000003,2.76486819460775
1,SD006,JH_H003,T1,4,115.05374999999998,2.76486819460775
1,SD006,JH_H015,T1,1,50.0,0.645170244514547
1,SD006,JH_H015,T1,2,7.5,0.645170244514547
1,SD006,JH_H015,T1,3,15.625,0.645170244514547
1,SD006,JH_H015,T1,4,15.21875,0.645170244514547
1,SD006,JH_H015,T3,1,150.0,0.645170244514547
1,SD006,JH_H015,T3,2,127.5,0.645170244514547
1,SD006,JH_H015,T3,3,118.75,0.645170244514547
1,SD006,JH_H015,T3,4,119.1875,0.645170244514547
1,SD006,S124,T2,1,200.0,1.430678099892389
1,SD006,S124,T2,2,160.0,1.430678099892389
1,SD006,S124,T3,1,600.0,1.430678099892389
1,SD006,S124,T3,2,161.04999999999995,1.430678099892389
1,SD006,S125,T2,1,207.0,0.9997048238543476
1,SD006,S125,T2,2,165.6,0.9997048238543476
1,SD006,S125,T2,3,165.6,0.9997048238543476
1,SD006,S125,T2,4,165.6,0.9997048238543476
1,SD006,S125,T3,1,621.0,0.9997048238543476
1,SD006,S125,T3,2,382.95000000000005,0.9997048238543476
1,SD006,S125,T3,3,382.95000000000005,0.9997048238543476
1,SD006,S125,T3,4,166.8125,0.9997048238543476
1,SD006,S126,T2,1,424.0,1.6205438392608271
1,SD006,S126,T2,2,139.0,1.6205438392608271
1,SD006,S126,T3,1,670.0,1.6205438392608271
1,SD006,S454,T2,1,198.0,1.4331077944721524
1,SD006,S454,T2,2,158.4,1.4331077944721524
1,SD006,S454,T3,1,594.0,1.4331077944721524
1,SD006,S455,T2,1,176.0,1.6287148731300443
1,SD006,S568,T2,1,339.0,2.276287623416751
1,SD006,S569,T2,1,503.0,1.9059148924773086
1,SD006,S680,T2,1,102.0,2.3645430802121266
1,SD006,S681,T2,1,650.0,1.340423242203861
1,SD006,S681,T2,2,520.0,1.340423242203861
1,SD006,S681,T2,3,262.4,1.340423242203861
1,SD006,S681,T2,4,24.400000000000006,1.340423242203861
1,SD006,S681,T3,1,1950.0,1.340423242203861
1,SD006,S681,T3,2,1202.5,1.340423242203861
1,SD006,S681,T3,3,181.29999999999995,1.340423242203861
1,SD006,S682,T2,1,30.0,0.723270339989806
1,SD006,S682,T2,2,24.0,0.723270339989806
1,SD006,S682,T2,3,24.0,0.723270339989806
1,SD006,S682,T2,4,24.0,0.723270339989806
1,SD006,S682,T3,1,90.0,0.723270339989806
1,SD006,S682,T3,2,55.5,0.723270339989806
1,SD006,S682,T3,3,55.5,0.723270339989806
1,SD006,S682,T3,4,55.5,0.723270339989806
1,SD006,S683,T2,1,30.0,0.7391699983760568
1,SD006,S683,T2,2,24.0,0.7391699983760568
1,SD006,S683,T2,3,24.0,0.7391699983760568
1,SD006,S683,T2,4,24.0,0.7391699983760568
1,SD006,S683,T3,1,90.0,0.7391699983760568
1,SD006,S683,T3,2,55.5,0.7391699983760568
1,SD006,S683,T3,3,55.5,0.7391699983760568
1,SD006,S683,T3,4,55.5,0.7391699983760568
1,SD007,JH_H007,T1,1,75.0,4.981102350506281
1,SD007,JH_H007,T1,2,11.25,4.981102350506281
1,SD007,JH_H007,T1,3,23.4375,4.981102350506281
1,SD007,JH_H007,T1,4,22.828125,4.981102350506281
1,SD007,JH_H007,T3,1,225.0,4.981102350506281
1,SD007,JH_H007,T3,2,191.25,4.981102350506281
1,SD007,JH_H007,T3,3,178.125,4.981102350506281
1,SD007,JH_H007,T3,4,112.0,4.981102350506281
1,SD007,S395,T2,1,272.0,19.48361845865407
1,SD007,S395,T2,2,217.6,19.48361845865407
1,SD007,S395,T2,3,134.0,19.48361845865407
1,SD007,S395,T2,4,67.0,19.48361845865407
1,SD007,S395,T3,1,816.0,19.48361845865407
1,SD007,S395,T3,2,368.75,19.48361845865407
1,SD007,S395,T3,3,45.875,19.48361845865407
1,SD007,S447,T2,1,131.0,29.56357756604441
1,SD007,S447,T2,2,104.8,29.56357756604441
1,SD007,S447,T3,1,304.0,29.56357756604441
1,SD007,S539,T2,2,13.599999999999994,32.41914984545585
1,SD007,S564,T2,1,303.0,35.60543413799625
1,SD007,S565,T2,1,101.0,35.23780307038143
1,SD008,JH_H010,T1,1,15.0,2.2723099352135923
1,SD008,JH_H010,T1,2,2.25,2.2723099352135923
1,SD008,JH_H010,T1,3,4.6875,2.2723099352135923
1,SD008,JH_H010,T1,4,4.565625,2.2723099352135923
1,SD008,JH_H010,T3,1,45.0,2.2723099352135923
1,SD008,JH_H010,T3,2,38.25,2.2723099352135923
1,SD008,JH_H010,T3,3,35.625,2.2723099352135923
1,SD008,JH_H010,T3,4,25.0,2.2723099352135923
1,SD008,S572,T2,1,98.0,18.950429783126417
1,SD008,S572,T2,2,8.200000000000003,18.950429783126417
1,SD008,S572,T3,1,5.0,18.950429783126417
1,SD008,S729,T2,1,86.0,9.677941861024411
1,SD008,S729,T2,2,68.8,9.677941861024411
1,SD008,S729,T2,3,30.0,9.677941861024411
1,SD008,S729,T2,4,15.0,9.677941861024411
1,SD008,S729,T3,1,258.0,9.677941861024411
1,SD008,S729,T3,2,89.75,9.677941861024411
1,SD008,S729,T3,3,15.375,9.677941861024411
1,SD009,JH_H002,T1,1,524.2453752526757,8.677094127999364
1,SD009,JH_H002,T1,2,78.63680628790132,8.677094127999364
1,SD009,JH_H002,T1,3,163.82667976646115,8.677094127999364
1,SD009,JH_H002,T1,4,159.56718609253323,8.677094127999364
1,SD009,JH_H012,T1,1,49.39752291114107,1.4576943447875488
1,SD009,JH_H012,T1,2,7.409628436671163,1.4576943447875488
1,SD009,JH_H012,T1,3,15.436725909731582,1.4576943447875488
1,SD009,JH_H012,T1,4,15.035371036078566,1.4576943447875488
1,SD009,JH_H012,T3,1,0.00395777878152103,1.4576943447875488
1,SD009,S074,T2,1,954.0,1.3880390695148377
1,SD009,S074,T2,2,503.00000000000057,1.3880390695148377
1,SD009,S074,T3,1,2740.9960422212184,1.3880390695148377
1,SD009,S109,T2,1,177.0,1.9519912849642655
1,SD009,S112,T2,1,244.0,1.132994689053634
1,SD009,S112,T2,2,195.2,1.132994689053634
1,SD009,S112,T3,1,732.0,1.132994689053634
1,SD009,S112,T3,2,451.4000000000001,1.132994689053634
1,SD009,S462,T2,1,348.0,1.2065720748421453
1,SD009,S462,T2,2,278.4,1.2065720748421453
1,SD009,S462,T3,1,1044.0,1.2065720748421453
1,SD009,S462,T3,2,221.80000000000018,1.2065720748421453
1,SD009,S469,T2,1,249.0,1.598364302491851
1,SD009,S471,T2,1,469.0,2.0003868347987974
1,SD009,S472,T2,1,92.0,2.0850856737583108
1,SD009,S474,T2,1,130.0,2.1392098877866896
1,SD009,S486,T2,2,31.199999999999932,0.43140466453816145
1,SD009,S486,T2,3,133.5999999999999,0.43140466453816145
1,SD009,S486,T2,4,166.79999999999998,0.43140466453816145
1,SD009,S486,T3,2,930.5500000000002,0.43140466453816145
1,SD009,S486,T3,3,9.059540159997368,0.43140466453816145
1,SD009,S486,T3,4,507.4,0.43140466453816145
1,SD009,S487,T2,1,301.0,1.0348611048750498
1,SD009,S487,T2,2,240.8,1.0348611048750498
1,SD009,S487,T3,1,903.0,1.0348611048750498
1,SD009,S487,T3,2,556.8499999999999,1.0348611048750498
1,SD009,S488,T2,1,887.0,1.4592468756210197
1,SD009,S494,T2,1,17.0,2.18548356516901
1,SD009,S510,T2,1,249.0,0.6979083852350719
1,SD009,S510,T2,2,199.2,0.6979083852350719
1,SD009,S510,T2,3,199.2,0.6979083852350719
1,SD009,S510,T3,1,747.0,0.6979083852350719
1,SD009,S510,T3,2,460.6500000000001,0.6979083852350719
1,SD009,S510,T3,3,437.79045984000277,0.6979083852350719
1,SD009,S517,T2,1,441.0,0.6471647314214741
1,SD009,S517,T2,2,352.8,0.6471647314214741
1,SD009,S517,T2,3,352.8,0.6471647314214741
1,SD009,S517,T2,4,216.4,0.6471647314214741
1,SD009,S517,T3,1,1323.0,0.6471647314214741
1,SD009,S517,T3,2,815.8499999999999,0.6471647314214741
1,SD009,S517,T3,3,815.8499999999999,0.6471647314214741
1,SD009,S518,T2,1,119.0,0.8341037274881986
1,SD009,S518,T2,2,95.2,0.8341037274881986
1,SD009,S518,T2,3,95.2,0.8341037274881986
1,SD009,S518,T3,1,357.0,0.8341037274881986
1,SD009,S518,T3,2,220.14999999999998,0.8341037274881986
1,SD009,S521,T2,1,141.0,1.2056576074633503
1,SD009,S521,T2,2,112.8,1.2056576074633503
1,SD009,S521,T3,1,423.0,1.2056576074633503
1,SD009,S521,T3,2,260.85,1.2056576074633503
1,SD009,S526,T2,1,39.0,1.5967739600035626
1,SD009,S529,T2,1,208.0,1.209251376816831
1,SD009,S529,T2,2,166.4,1.209251376816831
1,SD009,S529,T3,1,624.0,1.209251376816831
1,SD009,S593,T2,1,254.0,1.3091700300275313
1,SD009,S593,T2,2,203.2,1.3091700300275313
1,SD009,S593,T3,1,762.0,1.3091700300275313
1,SD009,S595,T2,1,122.0,0.6828915248353953
1,SD009,S595,T2,2,97.6,0.6828915248353953
1,SD009,S595,T2,3,97.6,0.6828915248353953
1,SD009,S595,T3,1,366.0,0.6828915248353953
1,SD009,S595,T3,2,225.70000000000005,0.6828915248353953
1,SD009,S595,T3,3,225.70000000000005,0.6828915248353953
1,SD009,S597,T2,1,156.0,0.8827713039146582
1,SD009,S597,T2,2,124.8,0.8827713039146582
1,SD009,S597,T2,3,93.80000000000007,0.8827713039146582
1,SD009,S597,T3,1,468.0,0.8827713039146582
1,SD009,S597,T3,2,288.6,0.8827713039146582
1,SD009,S617,T2,1,592.0,1.397501868913553
1,SD009,S618,T2,1,70.0,1.382503583118036
1,SD009,S618,T2,2,56.0,1.382503583118036
1,SD009,S618,T3,1,210.0,1.382503583118036
1,SD009,S652,T2,1,172.0,2.0922070322925164
1,SD009,S675,T2,1,111.0,2.034946139819214
1,SD009,S677,T2,1,102.0,1.2170290953506455
1,SD009,S677,T2,2,81.6,1.2170290953506455
1,SD009,S677,T3,1,306.0,1.2170290953506455
1,SD009,S684,T2,1,164.0,1.389608157583629
1,SD009,S685,T2,1,129.0,0.42193562792349804
1,SD009,S685,T2,2,103.2,0.42193562792349804
1,SD009,S685,T2,3,103.2,0.42193562792349804
1,SD009,S685,T2,4,103.2,0.42193562792349804
1,SD009,S685,T3,1,387.0,0.42193562792349804
1,SD009,S685,T3,2,238.64999999999998,0.42193562792349804
1,SD009,S685,T3,3,238.64999999999998,0.42193562792349804
1,SD009,S685,T3,4,238.64999999999998,0.42193562792349804
1,SD009,S686,T2,1,127.0,0.20364027207591445
1,SD009,S686,T2,2,101.6,0.20364027207591445
1,SD009,S686,T2,3,101.6,0.20364027207591445
1,SD009,S686,T2,4,101.6,0.20364027207591445
1,SD009,S686,T3,1,381.0,0.20364027207591445
1,SD009,S686,T3,2,234.95000000000005,0.20364027207591445
1,SD009,S686,T3,3,234.95000000000005,0.20364027207591445
1,SD009,S686,T3,4,234.95000000000005,0.20364027207591445
1,SD010,S002,T2,1,174.0,20.393405996838467
1,SD010,S033,T2,1,174.0,24.523763643503756
1,SD010,S034,T2,1,104.0,24.583558786131828
1,SD010,S576,T2,1,649.0,1.5750823381651595
1,SD010,S576,T2,2,519.2,1.5750823381651595
1,SD010,S576,T2,3,210.0,1.5750823381651595
1,SD010,S576,T2,4,105.0,1.5750823381651595
1,SD010,S576,T3,1,1947.0,1.5750823381651595
1,SD010,S576,T3,2,876.0,1.5750823381651595
1,SD010,S576,T3,3,350.0,1.5750823381651595
1,SD010,S576,T3,4,175.0,1.5750823381651595
1,SD010,S692,T2,1,160.0,15.830422081506425
1,SD010,S692,T2,2,5.7999999999999545,15.830422081506425
1,SD010,S692,T3,1,155.0,15.830422081506425
1,SD011,JH_H006,T1,1,110.0,1.7150550139812313
1,SD011,JH_H006,T1,2,16.5,1.7150550139812313
1,SD011,JH_H006,T1,3,34.375,1.7150550139812313
1,SD011,JH_H006,T1,4,33.48125000000001,1.7150550139812313
1,SD011,JH_H006,T3,1,330.0,1.7150550139812313
1,SD011,JH_H006,T3,2,280.5,1.7150550139812313
1,SD011,JH_H006,T3,3,245.65,1.7150550139812313
1,SD011,JH_H006,T3,4,93.65,1.7150550139812313
1,SD011,S086,T2,1,31.0,1.5041363893893474
1,SD011,S086,T2,2,24.8,1.5041363893893474
1,SD011,S086,T2,3,24.8,1.5041363893893474
1,SD011,S086,T2,4,24.8,1.5041363893893474
1,SD011,S086,T3,1,93.0,1.5041363893893474
1,SD011,S086,T3,2,57.349999999999994,1.5041363893893474
1,SD011,S086,T3,3,57.349999999999994,1.5041363893893474
1,SD011,S086,T3,4,57.349999999999994,1.5041363893893474
1,SD011,S802,T2,1,1062.0,4.008752756105587
1,SD011,S802,T2,2,430.2,4.008752756105587
1,SD011,S802,T2,3,157.2,4.008752756105587
1,SD011,S802,T2,4,65.2,4.008752756105587
1,SD011,S802,T3,1,1399.0,4.008752756105587
1,SD011,S802,T3,2,421.15,4.008752756105587
2,SD001,JH_H004,T1,1,150.0,1.854989649044953
2,SD001,JH_H004,T1,2,22.5,1.854989649044953
2,SD001,JH_H004,T1,3,46.875,1.854989649044953
2,SD001,JH_H004,T1,4,45.65625,1.854989649044953
2,SD001,S008,T2,1,91.0,1.4141658668513217
2,SD001,S008,T2,2,54.80000000000001,1.4141658668513217
2,SD001,S008,T3,1,273.0,1.4141658668513217
2,SD001,S068,T2,1,30.0,1.6186005431732127
2,SD001,S078,T2,1,90.0,0.7613366768678012
2,SD001,S078,T2,2,72.0,0.7613366768678012
2,SD001,S078,T3,1,270.0,0.7613366768678012
2,SD001,S078,T3,2,53.59999999999991,0.7613366768678012
2,SD001,S079,T2,1,30.0,0.6130448620883503
2,SD001,S079,T2,2,24.0,0.6130448620883503
2,SD001,S079,T3,1,90.0,0.6130448620883503
2,SD001,S079,T3,2,55.5,0.6130448620883503
2,SD001,S080,T2,1,30.0,0.5856407835426283
2,SD001,S080,T2,2,24.0,0.5856407835426283
2,SD001,S080,T3,1,90.0,0.5856407835426283
2,SD001,S080,T3,2,55.5,0.5856407835426283
2,SD001,S081,T2,1,30.0,1.2350430337468372
2,SD001,S081,T2,2,24.0,1.2350430337468372
2,SD001,S081,T3,1,90.0,1.2350430337468372
2,SD001,S082,T2,1,95.0,0.30825726628798844
2,SD001,S082,T2,2,76.0,0.30825726628798844
2,SD001,S082,T2,3,76.0,0.30825726628798844
2,SD001,S082,T2,4,76.0,0.30825726628798844
2,SD001,S082,T3,1,285.0,0.30825726628798844
2,SD001,S082,T3,2,175.75,0.30825726628798844
2,SD001,S082,T3,3,175.75,0.30825726628798844
2,SD001,S082,T3,4,152.0,0.30825726628798844
2,SD001,S083,T2,1,47.0,1.4488374118755394
2,SD001,S083,T3,1,50.0,1.4488374118755394
2,SD001,S541,T2,1,229.0,0.46064951290961775
2,SD001,S541,T2,2,183.2,0.46064951290961775
2,SD001,S541,T2,3,107.0,0.46064951290961775
2,SD001,S541,T2,4,15.0,0.46064951290961775
2,SD001,S541,T3,1,687.0,0.46064951290961775
2,SD001,S541,T3,2,423.6500000000001,0.46064951290961775
2,SD001,S541,T3,3,129.25,0.46064951290961775
2,SD001,S715,T2,1,49.0,1.886108276469824
2,SD001,S721,T2,1,236.0,1.5796056128448186
2,SD001,S757,T2,1,144.0,1.9022722825061857
2,SD002,JH_H008,T1,1,30.0,1.0827923580272938
2,SD002,JH_H008,T1,2,4.5,1.0827923580272938
2,SD002,JH_H008,T1,3,9.375,1.0827923580272938
2,SD002,JH_H008,T1,4,9.13125,1.0827923580272938
2,SD002,JH_H008,T3,1,90.0,1.0827923580272938
2,SD002,JH_H008,T3,2,76.5,1.0827923580272938
2,SD002,JH_H008,T3,3,71.25,1.0827923580272938
2,SD002,JH_H008,T3,4,43.0,1.0827923580272938
2,SD002,S071,T2,1,100.0,22.407993625949995
2,SD002,S402,T2,1,35.0,26.129154168488203
2,SD002,S403,T2,1,30.0,16.770921449222417
2,SD002,S403,T2,2,24.0,16.770921449222417
2,SD002,S403,T2,3,24.0,16.770921449222417
2,SD002,S403,T2,4,24.0,16.770921449222417
2,SD002,S403,T3,1,90.0,16.770921449222417
2,SD002,S403,T3,2,55.5,16.770921449222417
2,SD002,S403,T3,3,15.75,16.770921449222417
2,SD002,S756,T2,1,149.0,17.628105547036988
2,SD002,S756,T2,2,107.0,17.628105547036988
2,SD002,S756,T2,3,28.0,17.628105547036988
2,SD002,S756,T2,4,2.0,17.628105547036988
2,SD002,S756,T3,1,344.0,17.628105547036988
2,SD002,S756,T3,2,86.0,17.628105547036988
2,SD003,JH_H009,T1,1,10.0,0.4313840120055951
2,SD003,JH_H009,T1,2,1.5,0.4313840120055951
2,SD003,JH_H009,T1,3,3.125,0.4313840120055951
2,SD003,JH_H009,T1,4,3.04375,0.4313840120055951
2,SD003,JH_H009,T3,1,30.0,0.4313840120055951
2,SD003,JH_H009,T3,2,25.5,0.4313840120055951
2,SD003,JH_H009,T3,3,23.75,0.4313840120055951
2,SD003,JH_H009,T3,4,23.8375,0.4313840120055951
2,SD003,S572,T2,1,246.0,15.514228917198071
2,SD003,S572,T2,2,102.0,15.514228917198071
2,SD003,S572,T2,3,41.0,15.514228917198071
2,SD003,S572,T2,4,20.0,15.514228917198071
2,SD003,S572,T3,1,381.0,15.514228917198071
2,SD003,S572,T3,2,145.5,15.514228917198071
2,SD003,S572,T3,3,44.25,15.514228917198071
2,SD003,S572,T3,4,10.162500000000001,15.514228917198071
2,SD004,JH_H013,T1,1,34.15126717285663,2.6842115905313224
2,SD004,JH_H013,T1,2,5.122690075928496,2.6842115905313224
2,SD004,JH_H013,T1,3,10.672270991517697,2.6842115905313224
2,SD004,JH_H013,T1,4,10.394791945738236,2.6842115905313224
2,SD004,JH_H014,T1,1,32.325610428999944,0.32354661842920146
2,SD004,JH_H014,T1,2,4.848841564349993,0.32354661842920146
2,SD004,JH_H014,T1,3,10.101753259062484,0.32354661842920146
2,SD004,JH_H014,T1,4,9.839107674326858,0.32354661842920146
2,SD004,JH_H014,T3,1,96.97683128699983,0.32354661842920146
2,SD004,JH_H014,T3,2,82.43030659394985,0.32354661842920146
2,SD004,JH_H014,T3,3,76.77332476887486,0.32354661842920146
2,SD004,JH_H014,T3,4,77.05617386012861,0.32354661842920146
2,SD004,S015,T2,1,83.0,0.4456418776495982
2,SD004,S015,T2,2,66.4,0.4456418776495982
2,SD004,S015,T2,3,66.4,0.4456418776495982
2,SD004,S015,T2,4,66.4,0.4456418776495982
2,SD004,S015,T3,1,249.0,0.4456418776495982
2,SD004,S015,T3,2,153.55,0.4456418776495982
2,SD004,S015,T3,3,153.55,0.4456418776495982
2,SD004,S015,T3,4,153.55,0.4456418776495982
2,SD004,S111,T2,1,808.0,1.2451439966559943
2,SD004,S111,T2,2,646.4,1.2451439966559943
2,SD004,S111,T3,1,2424.0,1.2451439966559943
2,SD004,S477,T2,1,228.0,1.4997932513210326
2,SD004,S478,T2,1,216.0,1.5153792585230599
2,SD004,S486,T2,1,503.0,0.4783285874010517
2,SD004,S486,T2,3,381.6,0.4783285874010517
2,SD004,S486,T2,4,214.2,0.4783285874010517
2,SD004,S486,T3,2,630.8696934060501,0.4783285874010517
2,SD004,S486,T3,3,431.42667523112516,0.4783285874010517
2,SD004,S486,T3,4,252.39382613987138,0.4783285874010517
2,SD004,S525,T2,1,67.0,1.2640603113896036
2,SD004,S583,T2,1,124.0,1.3098200579051456
2,SD004,S584,T2,1,119.0,0.8702269571511124
2,SD004,S584,T2,2,95.2,0.8702269571511124
2,SD004,S584,T3,1,357.0,0.8702269571511124
2,SD004,S584,T3,2,220.14999999999998,0.8702269571511124
2,SD004,S585,T2,1,173.0,1.0153546860217733
2,SD004,S585,T2,2,138.4,1.0153546860217733
2,SD004,S585,T3,1,519.0,1.0153546860217733
2,SD004,S585,T3,2,320.04999999999995,1.0153546860217733
2,SD004,S586,T2,1,226.0,0.7669305123872737
2,SD004,S586,T2,2,180.8,0.7669305123872737
2,SD004,S586,T3,1,678.0,0.7669305123872737
2,SD004,S586,T3,2,418.09999999999997,0.7669305123872737
2,SD004,S596,T2,1,157.0,1.2472733119337553
2,SD004,S596,T2,2,15.000000000000085,1.2472733119337553
2,SD004,S596,T3,1,323.0231687130002,1.2472733119337553
2,SD004,S603,T2,1,119.0,1.5260024731414439
2,SD004,S604,T2,1,70.0,0.5592533897787788
2,SD004,S604,T2,2,56.0,0.5592533897787788
2,SD004,S604,T2,3,56.0,0.5592533897787788
2,SD004,S604,T3,1,210.0,0.5592533897787788
2,SD004,S604,T3,2,129.5,0.5592533897787788
2,SD004,S604,T3,3,129.5,0.5592533897787788
2,SD004,S605,T2,1,57.0,0.5200265192024999
2,SD004,S605,T2,2,45.6,0.5200265192024999
2,SD004,S605,T2,3,45.6,0.5200265192024999
2,SD004,S605,T2,4,9.400000000000006,0.5200265192024999
2,SD004,S605,T3,1,171.0,0.5200265192024999
2,SD004,S605,T3,2,105.44999999999999,0.5200265192024999
2,SD004,S605,T3,3,105.44999999999999,0.5200265192024999
2,SD004,S606,T2,1,65.0,1.1591849302237676
2,SD004,S606,T2,2,52.0,1.1591849302237676
2,SD004,S606,T3,1,195.0,1.1591849302237676
2,SD004,S617,T2,1,166.0,1.4735578079885367
2,SD004,S689,T2,1,108.0,1.3845465675483215
2,SD004,S690,T2,1,156.0,0.8052102484718188
2,SD004,S690,T2,2,124.8,0.8052102484718188
2,SD004,S690,T3,1,468.0,0.8052102484718188
2,SD004,S690,T3,2,288.6,0.8052102484718188
2,SD004,S727,T2,1,38.0,0.6932412480150679
2,SD004,S727,T2,2,30.4,0.6932412480150679
2,SD004,S727,T2,3,30.4,0.6932412480150679
2,SD004,S727,T3,1,114.0,0.6932412480150679
2,SD004,S727,T3,2,70.30000000000001,0.6932412480150679
2,SD004,S727,T3,3,70.30000000000001,0.6932412480150679
2,SD005,JH_H011,T1,1,10.0,0.534981795654251
2,SD005,JH_H011,T1,2,1.5,0.534981795654251
2,SD005,JH_H011,T1,3,3.125,0.534981795654251
2,SD005,JH_H011,T1,4,3.04375,0.534981795654251
2,SD005,JH_H011,T3,1,30.0,0.534981795654251
2,SD005,JH_H011,T3,2,25.5,0.534981795654251
2,SD005,JH_H011,T3,3,23.75,0.534981795654251
2,SD005,JH_H011,T3,4,15.0,0.534981795654251
2,SD005,S446,T2,1,112.0,13.576545716571008
2,SD005,S446,T2,2,46.0,13.576545716571008
2,SD005,S446,T2,3,18.0,13.576545716571008
2,SD005,S446,T2,4,9.0,13.576545716571008
2,SD005,S446,T3,1,157.0,13.576545716571008
2,SD005,S446,T3,2,52.5,13.576545716571008
2,SD005,S446,T3,3,7.25,13.576545716571008
2,SD006,JH_H003,T1,1,378.0,2.76486819460775
2,SD006,JH_H003,T1,2,56.70000000000002,2.76486819460775
2,SD006,JH_H003,T1,3,118.12500000000003,2.76486819460775
2,SD006,JH_H003,T1,4,115.05374999999998,2.76486819460775
2,SD006,JH_H015,T1,1,50.0,0.645170244514547
2,SD006,JH_H015,T1,2,7.5,0.645170244514547
2,SD006,JH_H015,T1,3,15.625,0.645170244514547
2,SD006,JH_H015,T1,4,15.21875,0.645170244514547
2,SD006,JH_H015,T3,1,150.0,0.645170244514547
2,SD006,JH_H015,T3,2,127.5,0.645170244514547
2,SD006,JH_H015,T3,3,118.75,0.645170244514547
2,SD006,JH_H015,T3,4,119.1875,0.645170244514547
2,SD006,S124,T2,1,200.0,1.430678099892389
2,SD006,S124,T2,2,61.400000000000006,1.430678099892389
2,SD006,S124,T3,1,282.0,1.430678099892389
2,SD006,S125,T2,1,207.0,0.9997048238543476
2,SD006,S125,T2,2,165.6,0.9997048238543476
2,SD006,S125,T2,3,165.6,0.9997048238543476
2,SD006,S125,T2,4,111.0,0.9997048238543476
2,SD006,S125,T3,1,621.0,0.9997048238543476
2,SD006,S125,T3,2,382.95000000000005,0.9997048238543476
2,SD006,S125,T3,3,300.25,0.9997048238543476
2,SD006,S125,T3,4,34.8125,0.9997048238543476
2,SD006,S126,T2,1,424.0,1.6205438392608271
2,SD006,S454,T2,1,198.0,1.4331077944721524
2,SD006,S455,T2,1,171.0,1.6287148731300443
2,SD006,S681,T2,1,650.0,1.340423242203861
2,SD006,S681,T2,2,520.0,1.340423242203861
2,SD006,S681,T2,3,104.4,1.340423242203861
2,SD006,S681,T3,1,1950.0,1.340423242203861
2,SD006,S681,T3,2,704.55,1.340423242203861
2,SD006,S682,T2,1,30.0,0.723270339989806
2,SD006,S682,T2,2,24.0,0.723270339989806
2,SD006,S682,T2,3,24.0,0.723270339989806
2,SD006,S682,T2,4,24.0,0.723270339989806
2,SD006,S682,T3,1,90.0,0.723270339989806
2,SD006,S682,T3,2,55.5,0.723270339989806
2,SD006,S682,T3,3,55.5,0.723270339989806
2,SD006,S682,T3,4,55.5,0.723270339989806
2,SD006,S683,T2,1,30.0,0.7391699983760568
2,SD006,S683,T2,2,24.0,0.7391699983760568
2,SD006,S683,T2,3,24.0,0.7391699983760568
2,SD006,S683,T2,4,24.0,0.7391699983760568
2,SD006,S683,T3,1,90.0,0.7391699983760568
2,SD006,S683,T3,2,55.5,0.7391699983760568
2,SD006,S683,T3,3,55.5,0.7391699983760568
2,SD006,S683,T3,4,55.5,0.7391699983760568
2,SD007,JH_H007,T1,1,75.0,4.981102350506281
2,SD007,JH_H007,T1,2,11.249970008103844,4.981102350506281
2,SD007,JH_H007,T1,3,23.43751949473244,4.981102350506281
2,SD007,JH_H007,T1,4,22.828124025263406,4.981102350506281
2,SD007,JH_H007,T2,2,2.999189609909081e-05,4.981102350506281
2,SD007,JH_H007,T3,1,225.0,4.981102350506281
2,SD007,JH_H007,T3,2,191.25,4.981102350506281
2,SD007,JH_H007,T3,3,149.0,4.981102350506281
2,SD007,JH_H007,T3,4,74.0,4.981102350506281
2,SD007,S395,T2,1,272.0,19.48361845865407
2,SD007,S395,T2,2,217.6,19.48361845865407
2,SD007,S395,T2,3,89.0,19.48361845865407
2,SD007,S395,T2,4,44.0,19.48361845865407
2,SD007,S395,T3,1,674.0,19.48361845865407
2,SD007,S395,T3,2,182.75,19.48361845865407
2,SD007,S447,T2,1,131.0,29.56357756604441
2,SD007,S447,T2,2,6.399970008103907,29.56357756604441
2,SD007,S539,T2,1,120.0,32.41914984545585
2,SD007,S565,T2,1,16.0,35.23780307038143
2,SD008,JH_H010,T1,1,15.0,2.2723099352135923
2,SD008,JH_H010,T1,2,2.25,2.2723099352135923
2,SD008,JH_H010,T1,3,4.6875,2.2723099352135923
2,SD008,JH_H010,T1,4,4.565625,2.2723099352135923
2,SD008,JH_H010,T3,1,45.0,2.2723099352135923
2,SD008,JH_H010,T3,2,38.25,2.2723099352135923
2,SD008,JH_H010,T3,3,34.0,2.2723099352135923
2,SD008,JH_H010,T3,4,17.0,2.2723099352135923
2,SD008,S572,T2,1,37.0,18.950429783126417
2,SD008,S729,T2,1,86.0,9.677941861024411
2,SD008,S729,T2,2,51.0,9.677941861024411
2,SD008,S729,T2,3,20.0,9.677941861024411
2,SD008,S729,T2,4,10.0,9.677941861024411
2,SD008,S729,T3,1,161.0,9.677941861024411
2,SD008,S729,T3,2,46.75,9.677941861024411
2,SD009,JH_H002,T1,1,549.40521520633,8.677094127999364
2,SD009,JH_H002,T1,2,82.41078228094949,8.677094127999364
2,SD009,JH_H002,T1,3,171.68912975197813,8.677094127999364
2,SD009,JH_H002,T1,4,167.22521237842673,8.677094127999364
2,SD009,JH_H012,T1,1,52.91884755049782,1.4576943447875488
2,SD009,JH_H012,T1,2,7.937827132574675,1.4576943447875488
2,SD009,JH_H012,T1,3,16.537139859530566,1.4576943447875488
2,SD009,JH_H012,T1,4,16.107174223182778,1.4576943447875488
2,SD009,S074,T2,1,954.0,1.3880390695148377
2,SD009,S112,T2,1,244.0,1.132994689053634
2,SD009,S112,T2,2,195.2,1.132994689053634
2,SD009,S112,T3,1,732.0,1.132994689053634
2,SD009,S462,T2,1,348.0,1.2065720748421453
2,SD009,S462,T3,1,269.0,1.2065720748421453
2,SD009,S486,T2,2,402.4,0.43140466453816145
2,SD009,S486,T2,3,20.799999999999955,0.43140466453816145
2,SD009,S486,T2,4,188.2,0.43140466453816145
2,SD009,S486,T3,1,1509.0,0.43140466453816145
2,SD009,S486,T3,2,299.68030659395004,0.43140466453816145
2,SD009,S486,T3,3,499.123324768875,0.43140466453816145
2,SD009,S486,T3,4,181.39999999999998,0.43140466453816145
2,SD009,S487,T2,1,301.0,1.0348611048750498
2,SD009,S487,T2,2,240.8,1.0348611048750498
2,SD009,S487,T3,1,903.0,1.0348611048750498
2,SD009,S487,T3,2,492.76969340605024,1.0348611048750498
2,SD009,S488,T2,1,10.0,1.4592468756210197
2,SD009,S510,T2,1,249.0,0.6979083852350719
2,SD009,S510,T2,2,199.2,0.6979083852350719
2,SD009,S510,T2,3,109.99999999999994,0.6979083852350719
2,SD009,S510,T3,1,747.0,0.6979083852350719
2,SD009,S510,T3,2,460.6500000000001,0.6979083852350719
2,SD009,S517,T2,1,441.0,0.6471647314214741
2,SD009,S517,T2,2,352.8,0.6471647314214741
2,SD009,S517,T2,3,352.8,0.6471647314214741
2,SD009,S517,T3,1,1323.0,0.6471647314214741
2,SD009,S517,T3,2,815.8499999999999,0.6471647314214741
2,SD009,S517,T3,3,337.27667523112495,0.6471647314214741
2,SD009,S518,T2,1,119.0,0.8341037274881986
2,SD009,S518,T2,2,95.2,0.8341037274881986
2,SD009,S518,T3,1,357.0,0.8341037274881986
2,SD009,S518,T3,2,220.14999999999998,0.8341037274881986
2,SD009,S521,T2,1,141.0,1.2056576074633503
2,SD009,S521,T2,2,53.200000000000216,1.2056576074633503
2,SD009,S521,T3,1,423.0,1.2056576074633503
2,SD009,S529,T2,1,208.0,1.209251376816831
2,SD009,S593,T2,1,254.0,1.3091700300275313
2,SD009,S595,T2,1,122.0,0.6828915248353953
2,SD009,S595,T2,2,97.6,0.6828915248353953
2,SD009,S595,T2,3,97.6,0.6828915248353953
2,SD009,S595,T3,1,366.0,0.6828915248353953
2,SD009,S595,T3,2,225.70000000000005,0.6828915248353953
2,SD009,S597,T2,1,156.0,0.8827713039146582
2,SD009,S597,T2,2,124.8,0.8827713039146582
2,SD009,S597,T3,1,468.0,0.8827713039146582
2,SD009,S597,T3,2,288.6,0.8827713039146582
2,SD009,S617,T2,1,580.0,1.397501868913553
2,SD009,S618,T2,1,70.0,1.382503583118036
2,SD009,S677,T2,1,102.0,1.2170290953506455
2,SD009,S684,T2,1,164.0,1.389608157583629
2,SD009,S685,T2,1,129.0,0.42193562792349804
2,SD009,S685,T2,2,103.2,0.42193562792349804
2,SD009,S685,T2,3,103.2,0.42193562792349804
2,SD009,S685,T2,4,103.2,0.42193562792349804
2,SD009,S685,T3,1,387.0,0.42193562792349804
2,SD009,S685,T3,2,238.64999999999998,0.42193562792349804
2,SD009,S685,T3,3,238.64999999999998,0.42193562792349804
2,SD009,S685,T3,4,238.64999999999998,0.42193562792349804
2,SD009,S686,T2,1,127.0,0.20364027207591445
2,SD009,S686,T2,2,101.6,0.20364027207591445
2,SD009,S686,T2,3,101.6,0.20364027207591445
2,SD009,S686,T2,4,101.6,0.20364027207591445
2,SD009,S686,T3,1,381.0,0.20364027207591445
2,SD009,S686,T3,2,234.95000000000005,0.20364027207591445
2,SD009,S686,T3,3,234.95000000000005,0.20364027207591445
2,SD009,S686,T3,4,234.95000000000005,0.20364027207591445
2,SD010,S002,T2,1,33.0,20.393405996838467
2,SD010,S576,T2,1,649.0,1.5750823381651595
2,SD010,S576,T2,2,351.0,1.5750823381651595
2,SD010,S576,T2,3,140.0,1.5750823381651595
2,SD010,S576,T2,4,70.0,1.5750823381651595
2,SD010,S576,T3,1,1404.0,1.5750823381651595
2,SD010,S576,T3,2,585.0,1.5750823381651595
2,SD010,S576,T3,3,234.0,1.5750823381651595
2,SD010,S576,T3,4,117.0,1.5750823381651595
2,SD010,S692,T2,1,160.0,15.830422081506425
2,SD011,JH_H006,T1,1,110.0,1.7150550139812313
2,SD011,JH_H006,T1,2,16.5,1.7150550139812313
2,SD011,JH_H006,T1,3,34.375,1.7150550139812313
2,SD011,JH_H006,T1,4,33.48125000000001,1.7150550139812313
2,SD011,JH_H006,T3,1,330.0,1.7150550139812313
2,SD011,JH_H006,T3,2,280.5,1.7150550139812313
2,SD011,JH_H006,T3,3,144.65,1.7150550139812313
2,SD011,JH_H006,T3,4,43.65076462405936,1.7150550139812313
2,SD011,S086,T2,1,31.0,1.5041363893893474
2,SD011,S086,T2,2,24.8,1.5041363893893474
2,SD011,S086,T2,3,24.8,1.5041363893893474
2,SD011,S086,T2,4,24.8,1.5041363893893474
2,SD011,S086,T3,1,93.0,1.5041363893893474
2,SD011,S086,T3,2,57.349999999999994,1.5041363893893474
2,SD011,S086,T3,3,57.349999999999994,1.5041363893893474
2,SD011,S086,T3,4,57.34923537594064,1.5041363893893474
2,SD011,S802,T2,1,699.0,4.008752756105587
2,SD011,S802,T2,2,279.2,4.008752756105587
2,SD011,S802,T2,3,96.2,4.008752756105587
2,SD011,S802,T2,4,35.2,4.008752756105587
2,SD011,S802,T3,1,794.0,4.008752756105587
2,SD011,S802,T3,2,169.14999999999998,4.008752756105587
3,SD001,JH_H004,T1,1,150.0,1.854989649044953
3,SD001,JH_H004,T1,2,22.5,1.854989649044953
3,SD001,JH_H004,T1,3,46.875,1.854989649044953
3,SD001,JH_H004,T1,4,45.65625,1.854989649044953
3,SD001,JH_H004,T3,1,416.0,1.854989649044953
3,SD001,S008,T2,1,91.0,1.4141658668513217
3,SD001,S008,T2,2,72.8,1.4141658668513217
3,SD001,S008,T3,1,273.0,1.4141658668513217
3,SD001,S008,T3,2,168.35000000000002,1.4141658668513217
3,SD001,S068,T2,1,30.0,1.6186005431732127
3,SD001,S068,T2,2,24.0,1.6186005431732127
3,SD001,S068,T3,1,90.0,1.6186005431732127
3,SD001,S078,T2,1,90.0,0.7613366768678012
3,SD001,S078,T2,2,72.0,0.7613366768678012
3,SD001,S078,T2,3,5.800000000000011,0.7613366768678012
3,SD001,S078,T3,1,270.0,0.7613366768678012
3,SD001,S078,T3,2,166.5,0.7613366768678012
3,SD001,S079,T2,1,30.0,0.6130448620883503
3,SD001,S079,T2,2,24.0,0.6130448620883503
3,SD001,S079,T2,3,24.0,0.6130448620883503
3,SD001,S079,T3,1,90.0,0.6130448620883503
3,SD001,S079,T3,2,55.5,0.6130448620883503
3,SD001,S080,T2,1,30.0,0.5856407835426283
3,SD001,S080,T2,2,24.0,0.5856407835426283
3,SD001,S080,T2,3,24.0,0.5856407835426283
3,SD001,S080,T3,1,90.0,0.5856407835426283
3,SD001,S080,T3,2,55.5,0.5856407835426283
3,SD001,S081,T2,1,30.0,1.2350430337468372
3,SD001,S081,T2,2,24.0,1.2350430337468372
3,SD001,S081,T3,1,90.0,1.2350430337468372
3,SD001,S081,T3,2,55.5,1.2350430337468372
3,SD001,S082,T2,1,95.0,0.30825726628798844
3,SD001,S082,T2,2,76.0,0.30825726628798844
3,SD001,S082,T2,3,76.0,0.30825726628798844
3,SD001,S082,T2,4,76.0,0.30825726628798844
3,SD001,S082,T3,1,285.0,0.30825726628798844
3,SD001,S082,T3,2,175.75,0.30825726628798844
3,SD001,S082,T3,3,175.75,0.30825726628798844
3,SD001,S082,T3,4,175.75,0.30825726628798844
3,SD001,S083,T2,1,47.0,1.4488374118755394
3,SD001,S083,T2,2,37.6,1.4488374118755394
3,SD001,S083,T3,1,141.0,1.4488374118755394
3,SD001,S083,T3,2,86.94999999999999,1.4488374118755394
3,SD001,S541,T2,1,229.0,0.46064951290961775
3,SD001,S541,T2,2,183.2,0.46064951290961775
3,SD001,S541,T2,3,183.2,0.46064951290961775
3,SD001,S541,T2,4,80.0,0.46064951290961775
3,SD001,S541,T3,1,687.0,0.46064951290961775
3,SD001,S541,T3,2,423.6500000000001,0.46064951290961775
3,SD001,S541,T3,3,347.25,0.46064951290961775
3,SD001,S541,T3,4,85.25,0.46064951290961775
3,SD001,S715,T2,1,49.0,1.886108276469824
3,SD001,S715,T2,2,39.2,1.886108276469824
3,SD001,S721,T2,1,236.0,1.5796056128448186
3,SD001,S721,T2,2,188.8,1.5796056128448186
3,SD001,S721,T3,1,708.0,1.5796056128448186
3,SD001,S721,T3,2,120.29999999999984,1.5796056128448186
3,SD001,S722,T2,1,343.0,1.9678695758040023
3,SD001,S757,T2,1,584.0,1.9022722825061857
3,SD001,S757,T2,2,19.39999999999999,1.9022722825061857
3,SD002,JH_H008,T1,1,29.999941952032486,1.0827923580272938
3,SD002,JH_H008,T1,2,4.500037731178907,1.0827923580272938
3,SD002,JH_H008,T1,3,9.374998113441052,1.0827923580272938
3,SD002,JH_H008,T1,4,9.131250094327953,1.0827923580272938
3,SD002,JH_H008,T2,1,5.804796752784114e-05,1.0827923580272938
3,SD002,JH_H008,T3,1,90.0,1.0827923580272938
3,SD002,JH_H008,T3,2,76.49995936642273,1.0827923580272938
3,SD002,JH_H008,T3,3,71.25000203167886,1.0827923580272938
3,SD002,JH_H008,T3,4,71.51249989841605,1.0827923580272938
3,SD002,S071,T2,1,100.0,22.407993625949995
3,SD002,S071,T2,2,80.0,22.407993625949995
3,SD002,S071,T3,1,270.0,22.407993625949995
3,SD002,S402,T2,1,39.0,26.129154168488203
3,SD002,S403,T2,1,30.0,16.770921449222417
3,SD002,S403,T2,2,24.0,16.770921449222417
3,SD002,S403,T2,3,24.0,16.770921449222417
3,SD002,S403,T2,4,24.0,16.770921449222417
3,SD002,S403,T3,1,90.0,16.770921449222417
3,SD002,S403,T3,2,55.5,16.770921449222417
3,SD002,S403,T3,3,55.5,16.770921449222417
3,SD002,S403,T3,4,2.4875001015839473,16.770921449222417
3,SD002,S539,T2,1,120.0,23.860569411192145
3,SD002,S539,T2,2,0.7999999999999972,23.860569411192145
3,SD002,S550,T2,1,30.0,36.18104152205202
3,SD002,S674,T2,1,69.99994195203247,36.29727816595809
3,SD002,S756,T2,1,149.0,17.628105547036988
3,SD002,S756,T2,2,119.2,17.628105547036988
3,SD002,S756,T2,3,65.0,17.628105547036988
3,SD002,S756,T2,4,20.0,17.628105547036988
3,SD002,S756,T3,1,447.0,17.628105547036988
3,SD002,S756,T3,2,241.00004063357727,17.628105547036988
3,SD002,S756,T3,3,22.24999796832114,17.628105547036988
3,SD003,JH_H009,T1,1,10.0,0.4313840120055951
3,SD003,JH_H009,T1,2,1.5,0.4313840120055951
3,SD003,JH_H009,T1,3,3.125,0.4313840120055951
3,SD003,JH_H009,T1,4,3.04375,0.4313840120055951
3,SD003,JH_H009,T3,1,30.0,0.4313840120055951
3,SD003,JH_H009,T3,2,25.5,0.4313840120055951
3,SD003,JH_H009,T3,3,23.75,0.4313840120055951
3,SD003,JH_H009,T3,4,23.8375,0.4313840120055951
3,SD003,S572,T2,1,423.0,15.514228917198071
3,SD003,S572,T2,2,176.0,15.514228917198071
3,SD003,S572,T2,3,70.0,15.514228917198071
3,SD003,S572,T2,4,35.0,15.514228917198071
3,SD003,S572,T3,1,675.0,15.514228917198071
3,SD003,S572,T3,2,267.5,15.514228917198071
3,SD003,S572,T3,3,93.25,15.514228917198071
3,SD003,S572,T3,4,34.1625,15.514228917198071
3,SD004,JH_H013,T1,1,29.989614318140397,2.6842115905313224
3,SD004,JH_H013,T1,2,4.498442147721061,2.6842115905313224
3,SD004,JH_H013,T1,3,9.371754474418873,2.6842115905313224
3,SD004,JH_H013,T1,4,9.128088858083983,2.6842115905313224
3,SD004,JH_H014,T1,1,26.864915572477322,0.32354661842920146
3,SD004,JH_H014,T1,2,4.0297373358716015,0.32354661842920146
3,SD004,JH_H014,T1,3,8.395286116399161,0.32354661842920146
3,SD004,JH_H014,T1,4,8.177008677372786,0.32354661842920146
3,SD004,JH_H014,T3,1,80.59474671743196,0.32354661842920146
3,SD004,JH_H014,T3,2,68.50553470981717,0.32354661842920146
3,SD004,JH_H014,T3,3,63.80417448463364,0.32354661842920146
3,SD004,JH_H014,T3,4,64.03924249589281,0.32354661842920146
3,SD004,S015,T2,1,83.0,0.4456418776495982
3,SD004,S015,T2,2,66.4,0.4456418776495982
3,SD004,S015,T2,3,66.4,0.4456418776495982
3,SD004,S015,T2,4,66.4,0.4456418776495982
3,SD004,S015,T3,1,249.0,0.4456418776495982
3,SD004,S015,T3,2,153.55,0.4456418776495982
3,SD004,S015,T3,3,153.55,0.4456418776495982
3,SD004,S015,T3,4,153.55,0.4456418776495982
3,SD004,S111,T2,1,808.0,1.2451439966559943
3,SD004,S111,T2,2,646.4,1.2451439966559943
3,SD004,S111,T3,1,2424.0,1.2451439966559943
3,SD004,S111,T3,2,1494.8000000000002,1.2451439966559943
3,SD004,S406,T2,1,123.0,2.0654294745129445
3,SD004,S477,T2,1,228.0,1.4997932513210326
3,SD004,S477,T3,1,425.395415724481,1.4997932513210326
3,SD004,S478,T2,1,216.0,1.5153792585230599
3,SD004,S486,T2,1,503.0,0.4783285874010517
3,SD004,S486,T2,2,402.4,0.4783285874010517
3,SD004,S486,T2,3,255.40000000000012,0.4783285874010517
3,SD004,S486,T2,4,297.6,0.4783285874010517
3,SD004,S486,T3,1,1509.0,0.4783285874010517
3,SD004,S486,T3,2,293.4999999999998,0.4783285874010517
3,SD004,S486,T3,3,663.3500000000001,0.4783285874010517
3,SD004,S486,T3,4,304.1607575041072,0.4783285874010517
3,SD004,S525,T2,1,67.0,1.2640603113896036
3,SD004,S525,T2,2,53.6,1.2640603113896036
3,SD004,S525,T3,1,201.0,1.2640603113896036
3,SD004,S525,T3,2,123.94999999999999,1.2640603113896036
3,SD004,S551,T2,1,204.0,2.3434883503746464
3,SD004,S583,T2,1,124.0,1.3098200579051456
3,SD004,S583,T2,2,99.2,1.3098200579051456
3,SD004,S583,T3,1,372.0,1.3098200579051456
3,SD004,S583,T3,2,41.844465290183166,1.3098200579051456
3,SD004,S584,T2,1,119.0,0.8702269571511124
3,SD004,S584,T2,2,95.2,0.8702269571511124
3,SD004,S584,T2,3,95.2,0.8702269571511124
3,SD004,S584,T3,1,357.0,0.8702269571511124
3,SD004,S584,T3,2,220.14999999999998,0.8702269571511124
3,SD004,S585,T2,1,173.0,1.0153546860217733
3,SD004,S585,T2,2,138.4,1.0153546860217733
3,SD004,S585,T2,3,138.4,1.0153546860217733
3,SD004,S585,T3,1,519.0,1.0153546860217733
3,SD004,S585,T3,2,320.04999999999995,1.0153546860217733
3,SD004,S586,T2,1,226.0,0.7669305123872737
3,SD004,S586,T2,2,180.8,0.7669305123872737
3,SD004,S586,T2,3,180.8,0.7669305123872737
3,SD004,S586,T3,1,678.0,0.7669305123872737
3,SD004,S586,T3,2,418.09999999999997,0.7669305123872737
3,SD004,S586,T3,3,418.09999999999997,0.7669305123872737
3,SD004,S587,T2,1,149.0,1.6268730303347014
3,SD004,S588,T2,1,231.0,1.5655639515228366
3,SD004,S589,T2,1,223.0,1.600192254035535
3,SD004,S596,T2,1,157.0,1.2472733119337553
3,SD004,S596,T2,2,125.6,1.2472733119337553
3,SD004,S596,T3,1,471.0,1.2472733119337553
3,SD004,S596,T3,2,290.45000000000005,1.2472733119337553
3,SD004,S602,T2,1,171.0,1.5932312514084654
3,SD004,S603,T2,1,119.0,1.5260024731414439
3,SD004,S604,T2,1,70.0,0.5592533897787788
3,SD004,S604,T2,2,56.0,0.5592533897787788
3,SD004,S604,T2,3,56.0,0.5592533897787788
3,SD004,S604,T2,4,56.0,0.5592533897787788
3,SD004,S604,T3,1,210.0,0.5592533897787788
3,SD004,S604,T3,2,129.5,0.5592533897787788
3,SD004,S604,T3,3,129.5,0.5592533897787788
3,SD004,S604,T3,4,129.5,0.5592533897787788
3,SD004,S605,T2,1,57.0,0.5200265192024999
3,SD004,S605,T2,2,45.6,0.5200265192024999
3,SD004,S605,T2,3,45.6,0.5200265192024999
3,SD004,S605,T2,4,45.6,0.5200265192024999
3,SD004,S605,T3,1,171.0,0.5200265192024999
3,SD004,S605,T3,2,105.44999999999999,0.5200265192024999
3,SD004,S605,T3,3,105.44999999999999,0.5200265192024999
3,SD004,S605,T3,4,105.44999999999999,0.5200265192024999
3,SD004,S606,T2,1,65.0,1.1591849302237676
3,SD004,S606,T2,2,52.0,1.1591849302237676
3,SD004,S606,T3,1,195.0,1.1591849302237676
3,SD004,S606,T3,2,120.25,1.1591849302237676
3,SD004,S617,T2,1,696.0,1.4735578079885367
3,SD004,S617,T2,2,279.79999999999984,1.4735578079885367
3,SD004,S617,T3,1,1166.0098375580872,1.4735578079885367
3,SD004,S625,T2,1,332.0,2.077856378373978
3,SD004,S626,T2,1,161.0,2.1097408109848033
3,SD004,S687,T2,1,147.0,2.159666837934605
3,SD004,S688,T2,1,206.0,2.1534742718795266
3,SD004,S689,T2,1,108.0,1.3845465675483215
3,SD004,S689,T2,2,86.4,1.3845465675483215
3,SD004,S689,T3,1,324.0,1.3845465675483215
3,SD004,S690,T2,1,156.0,0.8052102484718188
3,SD004,S690,T2,2,124.8,0.8052102484718188
3,SD004,S690,T2,3,124.8,0.8052102484718188
3,SD004,S690,T3,1,468.0,0.8052102484718188
3,SD004,S690,T3,2,288.6,0.8052102484718188
3,SD004,S690,T3,3,50.94582551536632,0.8052102484718188
3,SD004,S727,T2,1,38.0,0.6932412480150679
3,SD004,S727,T2,2,30.4,0.6932412480150679
3,SD004,S727,T2,3,30.4,0.6932412480150679
3,SD004,S727,T2,4,30.4,0.6932412480150679
3,SD004,S727,T3,1,114.0,0.6932412480150679
3,SD004,S727,T3,2,70.30000000000001,0.6932412480150679
3,SD004,S727,T3,3,70.30000000000001,0.6932412480150679
3,SD004,S727,T3,4,70.30000000000001,0.6932412480150679
3,SD005,JH_H011,T1,1,10.0,0.534981795654251
3,SD005,JH_H011,T1,2,1.5,0.534981795654251
3,SD005,JH_H011,T1,3,3.125,0.534981795654251
3,SD005,JH_H011,T1,4,3.04375,0.534981795654251
3,SD005,JH_H011,T3,1,30.0,0.534981795654251
3,SD005,JH_H011,T3,2,25.5,0.534981795654251
3,SD005,JH_H011,T3,3,23.75,0.534981795654251
3,SD005,JH_H011,T3,4,23.8375,0.534981795654251
3,SD005,S446,T2,1,159.0,13.576545716571008
3,SD005,S446,T2,2,80.0,13.576545716571008
3,SD005,S446,T2,3,31.0,13.576545716571008
3,SD005,S446,T2,4,15.0,13.576545716571008
3,SD005,S446,T3,1,290.0,13.576545716571008
3,SD005,S446,T3,2,107.5,13.576545716571008
3,SD005,S446,T3,3,29.25,13.576545716571008
3,SD005,S446,T3,4,2.1625000000000014,13.576545716571008
3,SD005,S791,T2,1,33.0,14.043439762067017
3,SD006,JH_H003,T1,1,378.0,2.76486819460775
3,SD006,JH_H003,T1,2,56.70000000000002,2.76486819460775
3,SD006,JH_H003,T1,3,118.12500000000003,2.76486819460775
3,SD006,JH_H003,T1,4,115.05374999999998,2.76486819460775
3,SD006,JH_H015,T1,1,50.0,0.645170244514547
3,SD006,JH_H015,T1,2,7.5,0.645170244514547
3,SD006,JH_H015,T1,3,15.625,0.645170244514547
3,SD006,JH_H015,T1,4,15.21875,0.645170244514547
3,SD006,JH_H015,T3,1,150.0,0.645170244514547
3,SD006,JH_H015,T3,2,127.5,0.645170244514547
3,SD006,JH_H015,T3,3,118.75,0.645170244514547
3,SD006,JH_H015,T3,4,119.1875,0.645170244514547
3,SD006,S124,T2,1,200.0,1.430678099892389
3,SD006,S124,T2,2,160.0,1.430678099892389
3,SD006,S124,T3,1,600.0,1.430678099892389
3,SD006,S124,T3,2,370.0,1.430678099892389
3,SD006,S125,T2,1,207.0,0.9997048238543476
3,SD006,S125,T2,2,165.6,0.9997048238543476
3,SD006,S125,T2,3,165.6,0.9997048238543476
3,SD006,S125,T2,4,165.6,0.9997048238543476
3,SD006,S125,T3,1,621.0,0.9997048238543476
3,SD006,S125,T3,2,382.95000000000005,0.9997048238543476
3,SD006,S125,T3,3,382.95000000000005,0.9997048238543476
3,SD006,S125,T3,4,222.8125,0.9997048238543476
3,SD006,S126,T2,1,424.0,1.6205438392608271
3,SD006,S126,T2,2,309.0,1.6205438392608271
3,SD006,S126,T3,1,1272.0,1.6205438392608271
3,SD006,S454,T2,1,198.0,1.4331077944721524
3,SD006,S454,T2,2,158.4,1.4331077944721524
3,SD006,S454,T3,1,594.0,1.4331077944721524
3,SD006,S454,T3,2,75.04999999999995,1.4331077944721524
3,SD006,S455,T2,1,176.0,1.6287148731300443
3,SD006,S455,T3,1,80.0,1.6287148731300443
3,SD006,S568,T2,1,339.0,2.276287623416751
3,SD006,S569,T2,1,503.0,1.9059148924773086
3,SD006,S680,T2,1,226.0,2.3645430802121266
3,SD006,S681,T2,1,650.0,1.340423242203861
3,SD006,S681,T2,2,520.0,1.340423242203861
3,SD006,S681,T2,3,330.4,1.340423242203861
3,SD006,S681,T2,4,58.400000000000006,1.340423242203861
3,SD006,S681,T3,1,1950.0,1.340423242203861
3,SD006,S681,T3,2,1202.5,1.340423242203861
3,SD006,S681,T3,3,294.29999999999995,1.340423242203861
3,SD006,S682,T2,1,30.0,0.723270339989806
3,SD006,S682,T2,2,24.0,0.723270339989806
3,SD006,S682,T2,3,24.0,0.723270339989806
3,SD006,S682,T2,4,24.0,0.723270339989806
3,SD006,S682,T3,1,90.0,0.723270339989806
3,SD006,S682,T3,2,55.5,0.723270339989806
3,SD006,S682,T3,3,55.5,0.723270339989806
3,SD006,S682,T3,4,55.5,0.723270339989806
3,SD006,S683,T2,1,30.0,0.7391699983760568
3,SD006,S683,T2,2,24.0,0.7391699983760568
3,SD006,S683,T2,3,24.0,0.7391699983760568
3,SD006,S683,T2,4,24.0,0.7391699983760568
3,SD006,S683,T3,1,90.0,0.7391699983760568
3,SD006,S683,T3,2,55.5,0.7391699983760568
3,SD006,S683,T3,3,55.5,0.7391699983760568
3,SD006,S683,T3,4,55.5,0.7391699983760568
3,SD006,S765,T2,1,285.0,2.4701455823530116
3,SD007,JH_H007,T1,1,75.0,4.981102350506281
3,SD007,JH_H007,T1,2,11.25,4.981102350506281
3,SD007,JH_H007,T1,3,23.4375,4.981102350506281
3,SD007,JH_H007,T1,4,22.828125,4.981102350506281
3,SD007,JH_H007,T3,1,225.0,4.981102350506281
3,SD007,JH_H007,T3,2,191.25,4.981102350506281
3,SD007,JH_H007,T3,3,178.125,4.981102350506281
3,SD007,JH_H007,T3,4,128.0,4.981102350506281
3,SD007,S395,T2,1,272.0,19.48361845865407
3,SD007,S395,T2,2,217.6,19.48361845865407
3,SD007,S395,T2,3,153.0,19.48361845865407
3,SD007,S395,T2,4,76.0,19.48361845865407
3,SD007,S395,T3,1,816.0,19.48361845865407
3,SD007,S395,T3,2,448.75,19.48361845865407
3,SD007,S395,T3,3,77.875,19.48361845865407
3,SD007,S447,T2,1,131.0,29.56357756604441
3,SD007,S447,T2,2,104.8,29.56357756604441
3,SD007,S447,T3,1,393.0,29.56357756604441
3,SD007,S539,T2,2,61.599999999999994,32.41914984545585
3,SD007,S539,T3,1,104.0,32.41914984545585
3,SD007,S564,T2,1,306.0,35.60543413799625
3,SD007,S565,T2,1,101.0,35.23780307038143
3,SD007,S567,T2,1,112.0,35.64018979823202
3,SD008,JH_H010,T1,1,15.0,2.2723099352135923
3,SD008,JH_H010,T1,2,2.25,2.2723099352135923
3,SD008,JH_H010,T1,3,4.6875,2.2723099352135923
3,SD008,JH_H010,T1,4,4.565625,2.2723099352135923
3,SD008,JH_H010,T3,1,45.0,2.2723099352135923
3,SD008,JH_H010,T3,2,38.25,2.2723099352135923
3,SD008,JH_H010,T3,3,35.625,2.2723099352135923
3,SD008,JH_H010,T3,4,29.0,2.2723099352135923
3,SD008,S005,T2,1,12.0,18.979770018401247
3,SD008,S572,T2,1,113.0,18.950429783126417
3,SD008,S572,T2,2,18.200000000000003,18.950429783126417
3,SD008,S572,T3,1,49.0,18.950429783126417
3,SD008,S729,T2,1,86.0,9.677941861024411
3,SD008,S729,T2,2,68.8,9.677941861024411
3,SD008,S729,T2,3,35.0,9.677941861024411
3,SD008,S729,T2,4,17.0,9.677941861024411
3,SD008,S729,T3,1,258.0,9.677941861024411
3,SD008,S729,T3,2,107.75,9.677941861024411
3,SD008,S729,T3,3,22.375,9.677941861024411
3,SD009,JH_H002,T1,1,513.4046084435878,8.677094127999364
3,SD009,JH_H002,T1,2,77.01069126653823,8.677094127999364
3,SD009,JH_H002,T1,3,160.43894013862115,8.677094127999364
3,SD009,JH_H002,T1,4,156.26752769501704,8.677094127999364
3,SD009,JH_H012,T1,1,47.88026925035945,1.4576943447875488
3,SD009,JH_H012,T1,2,7.1820403875539185,1.4576943447875488
3,SD009,JH_H012,T1,3,14.96258414073733,1.4576943447875488
3,SD009,JH_H012,T1,4,14.573556953078153,1.4576943447875488
3,SD009,JH_H012,T3,1,0.00983755808715614,1.4576943447875488
3,SD009,S074,T2,1,954.0,1.3880390695148377
3,SD009,S074,T2,2,763.2,1.3880390695148377
3,SD009,S074,T3,1,2862.0,1.3880390695148377
3,SD009,S109,T2,1,177.0,1.9519912849642655
3,SD009,S112,T2,1,244.0,1.132994689053634
3,SD009,S112,T2,2,195.2,1.132994689053634
3,SD009,S112,T3,1,732.0,1.132994689053634
3,SD009,S112,T3,2,451.4000000000001,1.132994689053634
3,SD009,S462,T2,1,348.0,1.2065720748421453
3,SD009,S462,T2,2,278.4,1.2065720748421453
3,SD009,S462,T3,1,1044.0,1.2065720748421453
3,SD009,S462,T3,2,643.8,1.2065720748421453
3,SD009,S469,T2,1,249.0,1.598364302491851
3,SD009,S471,T2,1,469.0,2.0003868347987974
3,SD009,S472,T2,1,92.0,2.0850856737583108
3,SD009,S474,T2,1,130.0,2.1392098877866896
3,SD009,S475,T2,1,411.0,2.2821384274382996
3,SD009,S476,T2,1,185.0,2.397830934450181
3,SD009,S486,T2,3,146.99999999999986,0.43140466453816145
3,SD009,S486,T2,4,104.79999999999995,0.43140466453816145
3,SD009,S486,T3,2,637.0500000000004,0.43140466453816145
3,SD009,S486,T3,3,267.20000000000005,0.43140466453816145
3,SD009,S486,T3,4,626.389242495893,0.43140466453816145
3,SD009,S487,T2,1,301.0,1.0348611048750498
3,SD009,S487,T2,2,240.8,1.0348611048750498
3,SD009,S487,T2,3,123.60000000000016,1.0348611048750498
3,SD009,S487,T3,1,903.0,1.0348611048750498
3,SD009,S487,T3,2,556.8499999999999,1.0348611048750498
3,SD009,S488,T2,1,887.0,1.4592468756210197
3,SD009,S493,T2,1,181.0,2.3046196915783854
3,SD009,S494,T2,1,175.0,2.18548356516901
3,SD009,S495,T2,1,202.0,2.31038553355108
3,SD009,S510,T2,1,249.0,0.6979083852350719
3,SD009,S510,T2,2,199.2,0.6979083852350719
3,SD009,S510,T2,3,199.2,0.6979083852350719
3,SD009,S510,T3,1,747.0,0.6979083852350719
3,SD009,S510,T3,2,460.6500000000001,0.6979083852350719
3,SD009,S510,T3,3,460.6500000000001,0.6979083852350719
3,SD009,S514,T2,1,200.0,2.224209511471176
3,SD009,S515,T2,1,79.0,2.325791786803242
3,SD009,S517,T2,1,441.0,0.6471647314214741
3,SD009,S517,T2,2,352.8,0.6471647314214741
3,SD009,S517,T2,3,352.8,0.6471647314214741
3,SD009,S517,T2,4,352.8,0.6471647314214741
3,SD009,S517,T3,1,1323.0,0.6471647314214741
3,SD009,S517,T3,2,815.8499999999999,0.6471647314214741
3,SD009,S517,T3,3,815.8499999999999,0.6471647314214741
3,SD009,S517,T3,4,21.010757504107005,0.6471647314214741
3,SD009,S518,T2,1,119.0,0.8341037274881986
3,SD009,S518,T2,2,95.2,0.8341037274881986
3,SD009,S518,T2,3,95.2,0.8341037274881986
3,SD009,S518,T3,1,357.0,0.8341037274881986
3,SD009,S518,T3,2,220.14999999999998,0.8341037274881986
3,SD009,S521,T2,1,141.0,1.2056576074633503
3,SD009,S521,T2,2,112.8,1.2056576074633503
3,SD009,S521,T3,1,423.0,1.2056576074633503
3,SD009,S521,T3,2,260.85,1.2056576074633503
3,SD009,S526,T2,1,39.0,1.5967739600035626
3,SD009,S529,T2,1,208.0,1.209251376816831
3,SD009,S529,T2,2,166.4,1.209251376816831
3,SD009,S529,T3,1,624.0,1.209251376816831
3,SD009,S529,T3,2,384.79999999999995,1.209251376816831
3,SD009,S592,T2,1,137.0,2.3835580344241905
3,SD009,S593,T2,1,254.0,1.3091700300275313
3,SD009,S593,T2,2,203.2,1.3091700300275313
3,SD009,S593,T3,1,762.0,1.3091700300275313
3,SD009,S595,T2,1,122.0,0.6828915248353953
3,SD009,S595,T2,2,97.6,0.6828915248353953
3,SD009,S595,T2,3,97.6,0.6828915248353953
3,SD009,S595,T2,4,9.600000000000023,0.6828915248353953
3,SD009,S595,T3,1,366.0,0.6828915248353953
3,SD009,S595,T3,2,225.70000000000005,0.6828915248353953
3,SD009,S595,T3,3,225.70000000000005,0.6828915248353953
3,SD009,S597,T2,1,156.0,0.8827713039146582
3,SD009,S597,T2,2,124.8,0.8827713039146582
3,SD009,S597,T2,3,124.8,0.8827713039146582
3,SD009,S597,T3,1,468.0,0.8827713039146582
3,SD009,S597,T3,2,288.6,0.8827713039146582
3,SD009,S617,T2,1,50.0,1.397501868913553
3,SD009,S617,T2,2,60.80000000000064,1.397501868913553
3,SD009,S617,T3,1,1071.9901624419128,1.397501868913553
3,SD009,S618,T2,1,70.0,1.382503583118036
3,SD009,S618,T2,2,56.0,1.382503583118036
3,SD009,S618,T3,1,210.0,1.382503583118036
3,SD009,S652,T2,1,172.0,2.0922070322925164
3,SD009,S675,T2,1,111.0,2.034946139819214
3,SD009,S677,T2,1,102.0,1.2170290953506455
3,SD009,S677,T2,2,81.6,1.2170290953506455
3,SD009,S677,T3,1,306.0,1.2170290953506455
3,SD009,S677,T3,2,188.70000000000005,1.2170290953506455
3,SD009,S684,T2,1,164.0,1.389608157583629
3,SD009,S684,T2,2,131.2,1.389608157583629
3,SD009,S684,T3,1,492.0,1.389608157583629
3,SD009,S685,T2,1,129.0,0.42193562792349804
3,SD009,S685,T2,2,103.2,0.42193562792349804
3,SD009,S685,T2,3,103.2,0.42193562792349804
3,SD009,S685,T2,4,103.2,0.42193562792349804
3,SD009,S685,T3,1,387.0,0.42193562792349804
3,SD009,S685,T3,2,238.64999999999998,0.42193562792349804
3,SD009,S685,T3,3,238.64999999999998,0.42193562792349804
3,SD009,S685,T3,4,238.64999999999998,0.42193562792349804
3,SD009,S686,T2,1,127.0,0.20364027207591445
3,SD009,S686,T2,2,101.6,0.20364027207591445
3,SD009,S686,T2,3,101.6,0.20364027207591445
3,SD009,S686,T2,4,101.6,0.20364027207591445
3,SD009,S686,T3,1,381.0,0.20364027207591445
3,SD009,S686,T3,2,234.95000000000005,0.20364027207591445
3,SD009,S686,T3,3,234.95000000000005,0.20364027207591445
3,SD009,S686,T3,4,234.95000000000005,0.20364027207591445
3,SD010,S002,T2,1,174.0,20.393405996838467
3,SD010,S033,T2,1,174.0,24.523763643503756
3,SD010,S034,T2,1,174.0,24.583558786131828
3,SD010,S035,T2,1,110.0,24.738798078264217
3,SD010,S576,T2,1,649.0,1.5750823381651595
3,SD010,S576,T2,2,519.2,1.5750823381651595
3,SD010,S576,T2,3,240.0,1.5750823381651595
3,SD010,S576,T2,4,120.0,1.5750823381651595
3,SD010,S576,T3,1,1947.0,1.5750823381651595
3,SD010,S576,T3,2,1001.0,1.5750823381651595
3,SD010,S576,T3,3,400.0,1.5750823381651595
3,SD010,S576,T3,4,200.0,1.5750823381651595
3,SD010,S692,T2,1,160.0,15.830422081506425
3,SD010,S692,T2,2,80.79999999999995,15.830422081506425
3,SD010,S692,T3,1,456.0,15.830422081506425
3,SD011,JH_H006,T1,1,110.0,1.7150550139812313
3,SD011,JH_H006,T1,2,16.5,1.7150550139812313
3,SD011,JH_H006,T1,3,34.375,1.7150550139812313
3,SD011,JH_H006,T1,4,33.48125000000001,1.7150550139812313
3,SD011,JH_H006,T3,1,330.0,1.7150550139812313
3,SD011,JH_H006,T3,2,280.5,1.7150550139812313
3,SD011,JH_H006,T3,3,261.25,1.7150550139812313
3,SD011,JH_H006,T3,4,115.65,1.7150550139812313
3,SD011,S086,T2,1,31.0,1.5041363893893474
3,SD011,S086,T2,2,24.8,1.5041363893893474
3,SD011,S086,T2,3,24.8,1.5041363893893474
3,SD011,S086,T2,4,24.8,1.5041363893893474
3,SD011,S086,T3,1,93.0,1.5041363893893474
3,SD011,S086,T3,2,57.349999999999994,1.5041363893893474
3,SD011,S086,T3,3,57.349999999999994,1.5041363893893474
3,SD011,S086,T3,4,57.349999999999994,1.5041363893893474
3,SD011,S802,T2,1,1218.0,4.008752756105587
3,SD011,S802,T2,2,495.2,4.008752756105587
3,SD011,S802,T2,3,183.2,4.008752756105587
3,SD011,S802,T2,4,79.2,4.008752756105587
3,SD011,S802,T3,1,1659.0,4.008752756105587
3,SD011,S802,T3,2,529.15,4.008752756105587
3,SD011,S802,T3,3,28.399999999999977,4.008752756105587
4,SD001,JH_H004,T1,1,150.0,1.854989649044953
4,SD001,JH_H004,T1,2,22.5,1.854989649044953
4,SD001,JH_H004,T1,3,46.875,1.854989649044953
4,SD001,JH_H004,T1,4,45.65625,1.854989649044953
4,SD001,JH_H004,T3,1,450.0,1.854989649044953
4,SD001,S008,T2,1,91.0,1.4141658668513217
4,SD001,S008,T2,2,72.8,1.4141658668513217
4,SD001,S008,T3,1,273.0,1.4141658668513217
4,SD001,S008,T3,2,168.35000000000002,1.4141658668513217
4,SD001,S068,T2,1,30.0,1.6186005431732127
4,SD001,S068,T2,2,24.0,1.6186005431732127
4,SD001,S068,T3,1,90.0,1.6186005431732127
4,SD001,S078,T2,1,90.0,0.7613366768678012
4,SD001,S078,T2,2,72.0,0.7613366768678012
4,SD001,S078,T2,3,24.80000000000001,0.7613366768678012
4,SD001,S078,T3,1,270.0,0.7613366768678012
4,SD001,S078,T3,2,166.5,0.7613366768678012
4,SD001,S079,T2,1,30.0,0.6130448620883503
4,SD001,S079,T2,2,24.0,0.6130448620883503
4,SD001,S079,T2,3,24.0,0.6130448620883503
4,SD001,S079,T3,1,90.0,0.6130448620883503
4,SD001,S079,T3,2,55.5,0.6130448620883503
4,SD001,S080,T2,1,30.0,0.5856407835426283
4,SD001,S080,T2,2,24.0,0.5856407835426283
4,SD001,S080,T2,3,24.0,0.5856407835426283
4,SD001,S080,T3,1,90.0,0.5856407835426283
4,SD001,S080,T3,2,55.5,0.5856407835426283
4,SD001,S081,T2,1,30.0,1.2350430337468372
4,SD001,S081,T2,2,24.0,1.2350430337468372
4,SD001,S081,T3,1,90.0,1.2350430337468372
4,SD001,S081,T3,2,55.5,1.2350430337468372
4,SD001,S082,T2,1,95.0,0.30825726628798844
4,SD001,S082,T2,2,76.0,0.30825726628798844
4,SD001,S082,T2,3,76.0,0.30825726628798844
4,SD001,S082,T2,4,76.0,0.30825726628798844
4,SD001,S082,T3,1,285.0,0.30825726628798844
4,SD001,S082,T3,2,175.75,0.30825726628798844
4,SD001,S082,T3,3,175.75,0.30825726628798844
4,SD001,S082,T3,4,175.75,0.30825726628798844
4,SD001,S083,T2,1,47.0,1.4488374118755394
4,SD001,S083,T2,2,37.6,1.4488374118755394
4,SD001,S083,T3,1,141.0,1.4488374118755394
4,SD001,S083,T3,2,86.94999999999999,1.4488374118755394
4,SD001,S541,T2,1,229.0,0.46064951290961775
4,SD001,S541,T2,2,183.2,0.46064951290961775
4,SD001,S541,T2,3,183.2,0.46064951290961775
4,SD001,S541,T2,4,90.0,0.46064951290961775
4,SD001,S541,T3,1,687.0,0.46064951290961775
4,SD001,S541,T3,2,423.6500000000001,0.46064951290961775
4,SD001,S541,T3,3,378.25,0.46064951290961775
4,SD001,S541,T3,4,101.25,0.46064951290961775
4,SD001,S715,T2,1,49.0,1.886108276469824
4,SD001,S715,T2,2,39.2,1.886108276469824
4,SD001,S715,T3,1,147.0,1.886108276469824
4,SD001,S721,T2,1,236.0,1.5796056128448186
4,SD001,S721,T2,2,188.8,1.5796056128448186
4,SD001,S721,T3,1,708.0,1.5796056128448186
4,SD001,S721,T3,2,197.29999999999984,1.5796056128448186
4,SD001,S722,T2,1,453.0,1.9678695758040023
4,SD001,S757,T2,1,584.0,1.9022722825061857
4,SD001,S757,T2,2,65.39999999999999,1.9022722825061857
4,SD001,S757,T3,1,3.0,1.9022722825061857
4,SD002,JH_H008,T1,1,29.999938185779683,1.0827923580272938
4,SD002,JH_H008,T1,2,4.5000401792432,1.0827923580272938
4,SD002,JH_H008,T1,3,9.374997991037844,1.0827923580272938
4,SD002,JH_H008,T1,4,9.131250100448113,1.0827923580272938
4,SD002,JH_H008,T2,1,6.181422033080253e-05,1.0827923580272938
4,SD002,JH_H008,T3,1,90.0,1.0827923580272938
4,SD002,JH_H008,T3,2,76.49995673004577,1.0827923580272938
4,SD002,JH_H008,T3,3,71.25000216349771,1.0827923580272938
4,SD002,JH_H008,T3,4,71.51249989182512,1.0827923580272938
4,SD002,S071,T2,1,100.0,22.407993625949995
4,SD002,S071,T2,2,80.0,22.407993625949995
4,SD002,S071,T3,1,300.0,22.407993625949995
4,SD002,S402,T2,1,39.0,26.129154168488203
4,SD002,S402,T2,2,2.3999999999999915,26.129154168488203
4,SD002,S403,T2,1,30.0,16.770921449222417
4,SD002,S403,T2,2,24.0,16.770921449222417
4,SD002,S403,T2,3,24.0,16.770921449222417
4,SD002,S403,T2,4,24.0,16.770921449222417
4,SD002,S403,T3,1,90.0,16.770921449222417
4,SD002,S403,T3,2,55.5,16.770921449222417
4,SD002,S403,T3,3,55.5,16.770921449222417
4,SD002,S403,T3,4,7.487500108174885,16.770921449222417
4,SD002,S539,T2,1,120.0,23.860569411192145
4,SD002,S539,T2,2,11.400000000000006,23.860569411192145
4,SD002,S539,T3,1,22.0,23.860569411192145
4,SD002,S550,T2,1,30.0,36.18104152205202
4,SD002,S674,T2,1,100.99993818577967,36.29727816595809
4,SD002,S756,T2,1,149.0,17.628105547036988
4,SD002,S756,T2,2,119.2,17.628105547036988
4,SD002,S756,T2,3,70.0,17.628105547036988
4,SD002,S756,T2,4,23.0,17.628105547036988
4,SD002,S756,T3,1,447.0,17.628105547036988
4,SD002,S756,T3,2,263.00004326995423,17.628105547036988
4,SD002,S756,T3,3,31.24999783650229,17.628105547036988
4,SD003,JH_H009,T1,1,10.0,0.4313840120055951
4,SD003,JH_H009,T1,2,1.5,0.4313840120055951
4,SD003,JH_H009,T1,3,3.125,0.4313840120055951
4,SD003,JH_H009,T1,4,3.04375,0.4313840120055951
4,SD003,JH_H009,T3,1,30.0,0.4313840120055951
4,SD003,JH_H009,T3,2,25.5,0.4313840120055951
4,SD003,JH_H009,T3,3,23.75,0.4313840120055951
4,SD003,JH_H009,T3,4,23.8375,0.4313840120055951
4,SD003,S572,T2,1,447.0,15.514228917198071
4,SD003,S572,T2,2,186.0,15.514228917198071
4,SD003,S572,T2,3,74.0,15.514228917198071
4,SD003,S572,T2,4,37.0,15.514228917198071
4,SD003,S572,T3,1,716.0,15.514228917198071
4,SD003,S572,T3,2,285.5,15.514228917198071
4,SD003,S572,T3,3,100.25,15.514228917198071
4,SD003,S572,T3,4,38.1625,15.514228917198071
4,SD004,JH_H013,T1,1,29.401277452056014,2.6842115905313224
4,SD004,JH_H013,T1,2,4.410191617808405,2.6842115905313224
4,SD004,JH_H013,T1,3,9.187899203767504,2.6842115905313224
4,SD004,JH_H013,T1,4,8.949013824469551,2.6842115905313224
4,SD004,JH_H014,T1,1,26.092931889386417,0.32354661842920146
4,SD004,JH_H014,T1,2,3.9139397834079617,0.32354661842920146
4,SD004,JH_H014,T1,3,8.154041215433258,0.32354661842920146
4,SD004,JH_H014,T1,4,7.94203614383199,0.32354661842920146
4,SD004,JH_H014,T3,1,78.27879566815925,0.32354661842920146
4,SD004,JH_H014,T3,2,66.53697631793536,0.32354661842920146
4,SD004,JH_H014,T3,3,61.970713237292735,0.32354661842920146
4,SD004,JH_H014,T3,4,62.199026391324864,0.32354661842920146
4,SD004,S015,T2,1,83.0,0.4456418776495982
4,SD004,S015,T2,2,66.4,0.4456418776495982
4,SD004,S015,T2,3,66.4,0.4456418776495982
4,SD004,S015,T2,4,66.4,0.4456418776495982
4,SD004,S015,T3,1,249.0,0.4456418776495982
4,SD004,S015,T3,2,153.55,0.4456418776495982
4,SD004,S015,T3,3,153.55,0.4456418776495982
4,SD004,S015,T3,4,153.55,0.4456418776495982
4,SD004,S111,T2,1,808.0,1.2451439966559943
4,SD004,S111,T2,2,646.4,1.2451439966559943
4,SD004,S111,T3,1,2424.0,1.2451439966559943
4,SD004,S111,T3,2,1494.8000000000002,1.2451439966559943
4,SD004,S406,T2,1,123.0,2.0654294745129445
4,SD004,S477,T2,1,228.0,1.4997932513210326
4,SD004,S477,T2,2,87.80000000000064,1.4997932513210326
4,SD004,S477,T3,1,684.0,1.4997932513210326
4,SD004,S478,T2,1,216.0,1.5153792585230599
4,SD004,S478,T3,1,648.0,1.5153792585230599
4,SD004,S486,T2,1,503.0,0.4783285874010517
4,SD004,S486,T2,2,402.4,0.4783285874010517
4,SD004,S486,T2,3,293.6,0.4783285874010517
4,SD004,S486,T2,4,326.6,0.4783285874010517
4,SD004,S486,T3,1,1509.0,0.4783285874010517
4,SD004,S486,T3,2,350.91302368206465,0.4783285874010517
4,SD004,S486,T3,3,532.3500000000001,0.4783285874010517
4,SD004,S486,T3,4,355.0009736086751,0.4783285874010517
4,SD004,S497,T2,1,300.0,2.523708638376318
4,SD004,S525,T2,1,67.0,1.2640603113896036
4,SD004,S525,T2,2,53.6,1.2640603113896036
4,SD004,S525,T3,1,201.0,1.2640603113896036
4,SD004,S525,T3,2,123.94999999999999,1.2640603113896036
4,SD004,S551,T2,1,204.0,2.3434883503746464
4,SD004,S583,T2,1,124.0,1.3098200579051456
4,SD004,S583,T2,2,99.2,1.3098200579051456
4,SD004,S583,T3,1,372.0,1.3098200579051456
4,SD004,S583,T3,2,229.39999999999998,1.3098200579051456
4,SD004,S584,T2,1,119.0,0.8702269571511124
4,SD004,S584,T2,2,95.2,0.8702269571511124
4,SD004,S584,T2,3,95.2,0.8702269571511124
4,SD004,S584,T3,1,357.0,0.8702269571511124
4,SD004,S584,T3,2,220.14999999999998,0.8702269571511124
4,SD004,S585,T2,1,173.0,1.0153546860217733
4,SD004,S585,T2,2,138.4,1.0153546860217733
4,SD004,S585,T2,3,138.4,1.0153546860217733
4,SD004,S585,T3,1,519.0,1.0153546860217733
4,SD004,S585,T3,2,320.04999999999995,1.0153546860217733
4,SD004,S586,T2,1,226.0,0.7669305123872737
4,SD004,S586,T2,2,180.8,0.7669305123872737
4,SD004,S586,T2,3,180.8,0.7669305123872737
4,SD004,S586,T3,1,678.0,0.7669305123872737
4,SD004,S586,T3,2,418.09999999999997,0.7669305123872737
4,SD004,S586,T3,3,418.09999999999997,0.7669305123872737
4,SD004,S587,T2,1,149.0,1.6268730303347014
4,SD004,S588,T2,1,231.0,1.5655639515228366
4,SD004,S589,T2,1,223.0,1.600192254035535
4,SD004,S596,T2,1,157.0,1.2472733119337553
4,SD004,S596,T2,2,125.6,1.2472733119337553
4,SD004,S596,T3,1,471.0,1.2472733119337553
4,SD004,S596,T3,2,290.45000000000005,1.2472733119337553
4,SD004,S602,T2,1,171.0,1.5932312514084654
4,SD004,S603,T2,1,119.0,1.5260024731414439
4,SD004,S603,T3,1,356.95318773149626,1.5260024731414439
4,SD004,S604,T2,1,70.0,0.5592533897787788
4,SD004,S604,T2,2,56.0,0.5592533897787788
4,SD004,S604,T2,3,56.0,0.5592533897787788
4,SD004,S604,T2,4,56.0,0.5592533897787788
4,SD004,S604,T3,1,210.0,0.5592533897787788
4,SD004,S604,T3,2,129.5,0.5592533897787788
4,SD004,S604,T3,3,129.5,0.5592533897787788
4,SD004,S604,T3,4,129.5,0.5592533897787788
4,SD004,S605,T2,1,57.0,0.5200265192024999
4,SD004,S605,T2,2,45.6,0.5200265192024999
4,SD004,S605,T2,3,45.6,0.5200265192024999
4,SD004,S605,T2,4,45.6,0.5200265192024999
4,SD004,S605,T3,1,171.0,0.5200265192024999
4,SD004,S605,T3,2,105.44999999999999,0.5200265192024999
4,SD004,S605,T3,3,105.44999999999999,0.5200265192024999
4,SD004,S605,T3,4,105.44999999999999,0.5200265192024999
4,SD004,S606,T2,1,65.0,1.1591849302237676
4,SD004,S606,T2,2,52.0,1.1591849302237676
4,SD004,S606,T2,3,19.800000000000068,1.1591849302237676
4,SD004,S606,T3,1,195.0,1.1591849302237676
4,SD004,S606,T3,2,120.25,1.1591849302237676
4,SD004,S617,T2,1,746.0,1.4735578079885367
4,SD004,S617,T2,2,337.9999999999993,1.4735578079885367
4,SD004,S617,T3,1,487.76801660034454,1.4735578079885367
4,SD004,S625,T2,1,332.0,2.077856378373978
4,SD004,S626,T2,1,161.0,2.1097408109848033
4,SD004,S687,T2,1,147.0,2.159666837934605
4,SD004,S688,T2,1,206.0,2.1534742718795266
4,SD004,S689,T2,1,108.0,1.3845465675483215
4,SD004,S689,T2,2,86.4,1.3845465675483215
4,SD004,S689,T3,1,324.0,1.3845465675483215
4,SD004,S690,T2,1,156.0,0.8052102484718188
4,SD004,S690,T2,2,124.8,0.8052102484718188
4,SD004,S690,T2,3,124.8,0.8052102484718188
4,SD004,S690,T3,1,468.0,0.8052102484718188
4,SD004,S690,T3,2,288.6,0.8052102484718188
4,SD004,S690,T3,3,280.7792867627072,0.8052102484718188
4,SD004,S727,T2,1,38.0,0.6932412480150679
4,SD004,S727,T2,2,30.4,0.6932412480150679
4,SD004,S727,T2,3,30.4,0.6932412480150679
4,SD004,S727,T2,4,30.4,0.6932412480150679
4,SD004,S727,T3,1,114.0,0.6932412480150679
4,SD004,S727,T3,2,70.30000000000001,0.6932412480150679
4,SD004,S727,T3,3,70.30000000000001,0.6932412480150679
4,SD004,S727,T3,4,70.30000000000001,0.6932412480150679
4,SD005,JH_H011,T1,1,10.0,0.534981795654251
4,SD005,JH_H011,T1,2,1.5,0.534981795654251
4,SD005,JH_H011,T1,3,3.125,0.534981795654251
4,SD005,JH_H011,T1,4,3.04375,0.534981795654251
4,SD005,JH_H011,T3,1,30.0,0.534981795654251
4,SD005,JH_H011,T3,2,25.5,0.534981795654251
4,SD005,JH_H011,T3,3,23.75,0.534981795654251
4,SD005,JH_H011,T3,4,23.8375,0.534981795654251
4,SD005,S446,T2,1,90.0,13.576545716571008
4,SD005,S446,T2,2,84.0,13.576545716571008
4,SD005,S446,T2,3,33.0,13.576545716571008
4,SD005,S446,T2,4,16.0,13.576545716571008
4,SD005,S446,T3,1,309.0,13.576545716571008
4,SD005,S446,T3,2,115.5,13.576545716571008
4,SD005,S446,T3,3,32.25,13.576545716571008
4,SD005,S446,T3,4,4.162500000000001,13.576545716571008
4,SD005,S791,T2,1,113.0,14.043439762067017
4,SD006,JH_H003,T1,1,378.0,2.76486819460775
4,SD006,JH_H003,T1,2,56.70000000000002,2.76486819460775
4,SD006,JH_H003,T1,3,118.12500000000003,2.76486819460775
4,SD006,JH_H003,T1,4,115.05374999999998,2.76486819460775
4,SD006,JH_H015,T1,1,50.0,0.645170244514547
4,SD006,JH_H015,T1,2,7.5,0.645170244514547
4,SD006,JH_H015,T1,3,15.625,0.645170244514547
4,SD006,JH_H015,T1,4,15.21875,0.645170244514547
4,SD006,JH_H015,T3,1,150.0,0.645170244514547
4,SD006,JH_H015,T3,2,127.5,0.645170244514547
4,SD006,JH_H015,T3,3,118.75,0.645170244514547
4,SD006,JH_H015,T3,4,119.1875,0.645170244514547
4,SD006,S122,T2,1,11.0,3.9396403355309237
4,SD006,S124,T2,1,200.0,1.430678099892389
4,SD006,S124,T2,2,160.0,1.430678099892389
4,SD006,S124,T3,1,600.0,1.430678099892389
4,SD006,S124,T3,2,370.0,1.430678099892389
4,SD006,S125,T2,1,207.0,0.9997048238543476
4,SD006,S125,T2,2,165.6,0.9997048238543476
4,SD006,S125,T2,3,165.6,0.9997048238543476
4,SD006,S125,T2,4,165.6,0.9997048238543476
4,SD006,S125,T3,1,621.0,0.9997048238543476
4,SD006,S125,T3,2,382.95000000000005,0.9997048238543476
4,SD006,S125,T3,3,382.95000000000005,0.9997048238543476
4,SD006,S125,T3,4,249.8125,0.9997048238543476
4,SD006,S126,T2,1,424.0,1.6205438392608271
4,SD006,S126,T2,2,339.2,1.6205438392608271
4,SD006,S126,T3,1,1272.0,1.6205438392608271
4,SD006,S446,T2,1,69.0,2.8704414725548366
4,SD006,S454,T2,1,198.0,1.4331077944721524
4,SD006,S454,T2,2,158.4,1.4331077944721524
4,SD006,S454,T3,1,594.0,1.4331077944721524
4,SD006,S454,T3,2,209.04999999999995,1.4331077944721524
4,SD006,S455,T2,1,176.0,1.6287148731300443
4,SD006,S455,T2,2,49.80000000000004,1.6287148731300443
4,SD006,S455,T3,1,400.0,1.6287148731300443
4,SD006,S568,T2,1,339.0,2.276287623416751
4,SD006,S569,T2,1,503.0,1.9059148924773086
4,SD006,S680,T2,1,226.0,2.3645430802121266
4,SD006,S681,T2,1,650.0,1.340423242203861
4,SD006,S681,T2,2,520.0,1.340423242203861
4,SD006,S681,T2,3,362.4,1.340423242203861
4,SD006,S681,T2,4,74.4,1.340423242203861
4,SD006,S681,T3,1,1950.0,1.340423242203861
4,SD006,S681,T3,2,1202.5,1.340423242203861
4,SD006,S681,T3,3,348.29999999999995,1.340423242203861
4,SD006,S682,T2,1,30.0,0.723270339989806
4,SD006,S682,T2,2,24.0,0.723270339989806
4,SD006,S682,T2,3,24.0,0.723270339989806
4,SD006,S682,T2,4,24.0,0.723270339989806
4,SD006,S682,T3,1,90.0,0.723270339989806
4,SD006,S682,T3,2,55.5,0.723270339989806
4,SD006,S682,T3,3,55.5,0.723270339989806
4,SD006,S682,T3,4,55.5,0.723270339989806
4,SD006,S683,T2,1,30.0,0.7391699983760568
4,SD006,S683,T2,2,24.0,0.7391699983760568
4,SD006,S683,T2,3,24.0,0.7391699983760568
4,SD006,S683,T2,4,24.0,0.7391699983760568
4,SD006,S683,T3,1,90.0,0.7391699983760568
4,SD006,S683,T3,2,55.5,0.7391699983760568
4,SD006,S683,T3,3,55.5,0.7391699983760568
4,SD006,S683,T3,4,55.5,0.7391699983760568
4,SD006,S765,T2,1,337.0,2.4701455823530116
4,SD006,S784,T2,1,60.0,3.47889124960614
4,SD007,JH_H007,T1,1,75.0,4.981102350506281
4,SD007,JH_H007,T1,2,11.25,4.981102350506281
4,SD007,JH_H007,T1,3,23.4375,4.981102350506281
4,SD007,JH_H007,T1,4,22.828125,4.981102350506281
4,SD007,JH_H007,T3,1,225.0,4.981102350506281
4,SD007,JH_H007,T3,2,191.25,4.981102350506281
4,SD007,JH_H007,T3,3,178.125,4.981102350506281
4,SD007,JH_H007,T3,4,135.0,4.981102350506281
4,SD007,S395,T2,1,272.0,19.48361845865407
4,SD007,S395,T2,2,217.6,19.48361845865407
4,SD007,S395,T2,3,162.0,19.48361845865407
4,SD007,S395,T2,4,81.0,19.48361845865407
4,SD007,S395,T3,1,816.0,19.48361845865407
4,SD007,S395,T3,2,486.75,19.48361845865407
4,SD007,S395,T3,3,92.875,19.48361845865407
4,SD007,S447,T2,1,131.0,29.56357756604441
4,SD007,S447,T2,2,104.8,29.56357756604441
4,SD007,S447,T3,1,393.0,29.56357756604441
4,SD007,S539,T2,2,84.6,32.41914984545585
4,SD007,S539,T3,1,194.0,32.41914984545585
4,SD007,S564,T2,1,306.0,35.60543413799625
4,SD007,S565,T2,1,101.0,35.23780307038143
4,SD007,S567,T2,1,166.0,35.64018979823202
4,SD008,JH_H010,T1,1,15.0,2.2723099352135923
4,SD008,JH_H010,T1,2,2.25,2.2723099352135923
4,SD008,JH_H010,T1,3,4.6875,2.2723099352135923
4,SD008,JH_H010,T1,4,4.565625,2.2723099352135923
4,SD008,JH_H010,T3,1,45.0,2.2723099352135923
4,SD008,JH_H010,T3,2,38.25,2.2723099352135923
4,SD008,JH_H010,T3,3,35.625,2.2723099352135923
4,SD008,JH_H010,T3,4,31.0,2.2723099352135923
4,SD008,S005,T2,1,48.0,18.979770018401247
4,SD008,S572,T2,1,89.0,18.950429783126417
4,SD008,S572,T2,2,24.200000000000003,18.950429783126417
4,SD008,S572,T3,1,70.0,18.950429783126417
4,SD008,S729,T2,1,86.0,9.677941861024411
4,SD008,S729,T2,2,68.8,9.677941861024411
4,SD008,S729,T2,3,37.0,9.677941861024411
4,SD008,S729,T2,4,18.0,9.677941861024411
4,SD008,S729,T3,1,258.0,9.677941861024411
4,SD008,S729,T3,2,116.75,9.677941861024411
4,SD008,S729,T3,3,26.375,9.677941861024411
4,SD009,JH_H002,T1,1,508.3151680459042,8.677094127999364
4,SD009,JH_H002,T1,2,76.24727520688566,8.677094127999364
4,SD009,JH_H002,T1,3,158.84849001434506,8.677094127999364
4,SD009,JH_H002,T1,4,154.7184292739721,8.677094127999364
4,SD009,JH_H012,T1,1,47.167960590768885,1.4576943447875488
4,SD009,JH_H012,T1,2,7.075194088615337,1.4576943447875488
4,SD009,JH_H012,T1,3,14.739987684615272,1.4576943447875488
4,SD009,JH_H012,T1,4,14.356748004815284,1.4576943447875488
4,SD009,JH_H012,T3,1,111.76801660034448,1.4576943447875488
4,SD009,S074,T2,1,954.0,1.3880390695148377
4,SD009,S074,T2,2,763.2,1.3880390695148377
4,SD009,S074,T3,1,2862.0,1.3880390695148377
4,SD009,S109,T2,1,177.0,1.9519912849642655
4,SD009,S112,T2,1,244.0,1.132994689053634
4,SD009,S112,T2,2,195.2,1.132994689053634
4,SD009,S112,T3,1,732.0,1.132994689053634
4,SD009,S112,T3,2,451.4000000000001,1.132994689053634
4,SD009,S462,T2,1,348.0,1.2065720748421453
4,SD009,S462,T2,2,278.4,1.2065720748421453
4,SD009,S462,T3,1,1044.0,1.2065720748421453
4,SD009,S462,T3,2,643.8,1.2065720748421453
4,SD009,S469,T2,1,249.0,1.598364302491851
4,SD009,S471,T2,1,469.0,2.0003868347987974
4,SD009,S472,T2,1,92.0,2.0850856737583108
4,SD009,S474,T2,1,130.0,2.1392098877866896
4,SD009,S475,T2,1,411.0,2.2821384274382996
4,SD009,S476,T2,1,442.0,2.397830934450181
4,SD009,S479,T2,1,114.0,2.4439957646721133
4,SD009,S486,T2,3,108.79999999999995,0.43140466453816145
4,SD009,S486,T2,4,75.79999999999995,0.43140466453816145
4,SD009,S486,T3,2,579.6369763179355,0.43140466453816145
4,SD009,S486,T3,3,398.20000000000005,0.43140466453816145
4,SD009,S486,T3,4,575.549026391325,0.43140466453816145
4,SD009,S487,T2,1,301.0,1.0348611048750498
4,SD009,S487,T2,2,240.8,1.0348611048750498
4,SD009,S487,T2,3,240.8,1.0348611048750498
4,SD009,S487,T3,1,903.0,1.0348611048750498
4,SD009,S487,T3,2,556.8499999999999,1.0348611048750498
4,SD009,S488,T2,1,887.0,1.4592468756210197
4,SD009,S493,T2,1,181.0,2.3046196915783854
4,SD009,S494,T2,1,175.0,2.18548356516901
4,SD009,S495,T2,1,202.0,2.31038553355108
4,SD009,S510,T2,1,249.0,0.6979083852350719
4,SD009,S510,T2,2,199.2,0.6979083852350719
4,SD009,S510,T2,3,199.2,0.6979083852350719
4,SD009,S510,T3,1,747.0,0.6979083852350719
4,SD009,S510,T3,2,460.6500000000001,0.6979083852350719
4,SD009,S510,T3,3,460.6500000000001,0.6979083852350719
4,SD009,S513,T2,1,153.0,2.4123062661242822
4,SD009,S514,T2,1,200.0,2.224209511471176
4,SD009,S515,T2,1,79.0,2.325791786803242
4,SD009,S517,T2,1,441.0,0.6471647314214741
4,SD009,S517,T2,2,352.8,0.6471647314214741
4,SD009,S517,T2,3,352.8,0.6471647314214741
4,SD009,S517,T2,4,352.8,0.6471647314214741
4,SD009,S517,T3,1,1323.0,0.6471647314214741
4,SD009,S517,T3,2,815.8499999999999,0.6471647314214741
4,SD009,S517,T3,3,815.8499999999999,0.6471647314214741
4,SD009,S517,T3,4,137.85097360867496,0.6471647314214741
4,SD009,S518,T2,1,119.0,0.8341037274881986
4,SD009,S518,T2,2,95.2,0.8341037274881986
4,SD009,S518,T2,3,95.2,0.8341037274881986
4,SD009,S518,T3,1,357.0,0.8341037274881986
4,SD009,S518,T3,2,220.14999999999998,0.8341037274881986
4,SD009,S521,T2,1,141.0,1.2056576074633503
4,SD009,S521,T2,2,112.8,1.2056576074633503
4,SD009,S521,T3,1,423.0,1.2056576074633503
4,SD009,S521,T3,2,260.85,1.2056576074633503
4,SD009,S526,T2,1,39.0,1.5967739600035626
4,SD009,S529,T2,1,208.0,1.209251376816831
4,SD009,S529,T2,2,166.4,1.209251376816831
4,SD009,S529,T3,1,624.0,1.209251376816831
4,SD009,S529,T3,2,384.79999999999995,1.209251376816831
4,SD009,S592,T2,1,137.0,2.3835580344241905
4,SD009,S593,T2,1,254.0,1.3091700300275313
4,SD009,S593,T2,2,203.2,1.3091700300275313
4,SD009,S593,T3,1,762.0,1.3091700300275313
4,SD009,S593,T3,2,386.4130236820645,1.3091700300275313
4,SD009,S595,T2,1,122.0,0.6828915248353953
4,SD009,S595,T2,2,97.6,0.6828915248353953
4,SD009,S595,T2,3,97.6,0.6828915248353953
4,SD009,S595,T2,4,78.60000000000002,0.6828915248353953
4,SD009,S595,T3,1,366.0,0.6828915248353953
4,SD009,S595,T3,2,225.70000000000005,0.6828915248353953
4,SD009,S595,T3,3,225.70000000000005,0.6828915248353953
4,SD009,S597,T2,1,156.0,0.8827713039146582
4,SD009,S597,T2,2,124.8,0.8827713039146582
4,SD009,S597,T2,3,124.8,0.8827713039146582
4,SD009,S597,T3,1,468.0,0.8827713039146582
4,SD009,S597,T3,2,288.6,0.8827713039146582
4,SD009,S617,T2,2,258.80000000000064,1.397501868913553
4,SD009,S617,T3,1,1750.2319833996555,1.397501868913553
4,SD009,S618,T2,1,70.0,1.382503583118036
4,SD009,S618,T2,2,56.0,1.382503583118036
4,SD009,S618,T3,1,210.0,1.382503583118036
4,SD009,S652,T2,1,172.0,2.0922070322925164
4,SD009,S675,T2,1,111.0,2.034946139819214
4,SD009,S677,T2,1,102.0,1.2170290953506455
4,SD009,S677,T2,2,81.6,1.2170290953506455
4,SD009,S677,T3,1,306.0,1.2170290953506455
4,SD009,S677,T3,2,188.70000000000005,1.2170290953506455
4,SD009,S684,T2,1,164.0,1.389608157583629
4,SD009,S684,T2,2,131.2,1.389608157583629
4,SD009,S684,T3,1,492.0,1.389608157583629
4,SD009,S685,T2,1,129.0,0.42193562792349804
4,SD009,S685,T2,2,103.2,0.42193562792349804
4,SD009,S685,T2,3,103.2,0.42193562792349804
4,SD009,S685,T2,4,103.2,0.42193562792349804
4,SD009,S685,T3,1,387.0,0.42193562792349804
4,SD009,S685,T3,2,238.64999999999998,0.42193562792349804
4,SD009,S685,T3,3,238.64999999999998,0.42193562792349804
4,SD009,S685,T3,4,238.64999999999998,0.42193562792349804
4,SD009,S686,T2,1,127.0,0.20364027207591445
4,SD009,S686,T2,2,101.6,0.20364027207591445
4,SD009,S686,T2,3,101.6,0.20364027207591445
4,SD009,S686,T2,4,101.6,0.20364027207591445
4,SD009,S686,T3,1,381.0,0.20364027207591445
4,SD009,S686,T3,2,234.95000000000005,0.20364027207591445
4,SD009,S686,T3,3,234.95000000000005,0.20364027207591445
4,SD009,S686,T3,4,234.95000000000005,0.20364027207591445
4,SD010,S002,T2,1,174.0,20.393405996838467
4,SD010,S002,T3,1,117.0,20.393405996838467
4,SD010,S033,T2,1,174.0,24.523763643503756
4,SD010,S034,T2,1,174.0,24.583558786131828
4,SD010,S035,T2,1,174.0,24.738798078264217
4,SD010,S064,T2,1,21.0,25.057192942964733
4,SD010,S576,T2,1,649.0,1.5750823381651595
4,SD010,S576,T2,2,519.2,1.5750823381651595
4,SD010,S576,T2,3,254.0,1.5750823381651595
4,SD010,S576,T2,4,127.0,1.5750823381651595
4,SD010,S576,T3,1,1947.0,1.5750823381651595
4,SD010,S576,T3,2,1060.0,1.5750823381651595
4,SD010,S576,T3,3,424.0,1.5750823381651595
4,SD010,S576,T3,4,212.0,1.5750823381651595
4,SD010,S692,T2,1,160.0,15.830422081506425
4,SD010,S692,T2,2,116.79999999999995,15.830422081506425
4,SD010,S692,T3,1,480.0,15.830422081506425
4,SD011,JH_H006,T1,1,110.0,1.7150550139812313
4,SD011,JH_H006,T1,2,16.5,1.7150550139812313
4,SD011,JH_H006,T1,3,34.375,1.7150550139812313
4,SD011,JH_H006,T1,4,33.48125000000001,1.7150550139812313
4,SD011,JH_H006,T3,1,330.0,1.7150550139812313
4,SD011,JH_H006,T3,2,280.5,1.7150550139812313
4,SD011,JH_H006,T3,3,261.25,1.7150550139812313
4,SD011,JH_H006,T3,4,125.65,1.7150550139812313
4,SD011,S086,T2,1,31.0,1.5041363893893474
4,SD011,S086,T2,2,24.8,1.5041363893893474
4,SD011,S086,T2,3,24.8,1.5041363893893474
4,SD011,S086,T2,4,24.8,1.5041363893893474
4,SD011,S086,T3,1,93.0,1.5041363893893474
4,SD011,S086,T3,2,57.349999999999994,1.5041363893893474
4,SD011,S086,T3,3,57.349999999999994,1.5041363893893474
4,SD011,S086,T3,4,57.349999999999994,1.5041363893893474
4,SD011,S802,T2,1,1292.0,4.008752756105587
4,SD011,S802,T2,2,526.2,4.008752756105587
4,SD011,S802,T2,3,195.2,4.008752756105587
4,SD011,S802,T2,4,85.2,4.008752756105587
4,SD011,S802,T3,1,1782.0,4.008752756105587
4,SD011,S802,T3,2,580.15,4.008752756105587
4,SD011,S802,T3,3,48.39999999999998,4.008752756105587
5,SD001,JH_H004,T1,1,150.0,1.854989649044953
5,SD001,JH_H004,T1,2,22.5,1.854989649044953
5,SD001,JH_H004,T1,3,46.875,1.854989649044953
5,SD001,JH_H004,T1,4,45.65625,1.854989649044953
5,SD001,S008,T2,1,91.0,1.4141658668513217
5,SD001,S078,T2,1,90.0,0.7613366768678012
5,SD001,S078,T2,2,40.80000000000001,0.7613366768678012
5,SD001,S078,T3,1,244.0,0.7613366768678012
5,SD001,S079,T2,1,30.0,0.6130448620883503
5,SD001,S079,T2,2,24.0,0.6130448620883503
5,SD001,S079,T3,1,90.0,0.6130448620883503
5,SD001,S080,T2,1,30.0,0.5856407835426283
5,SD001,S080,T2,2,24.0,0.5856407835426283
5,SD001,S080,T3,1,90.0,0.5856407835426283
5,SD001,S081,T2,1,30.0,1.2350430337468372
5,SD001,S082,T2,1,95.0,0.30825726628798844
5,SD001,S082,T2,2,76.0,0.30825726628798844
5,SD001,S082,T2,3,76.0,0.30825726628798844
5,SD001,S082,T2,4,69.0,0.30825726628798844
5,SD001,S082,T3,1,285.0,0.30825726628798844
5,SD001,S082,T3,2,175.75,0.30825726628798844
5,SD001,S082,T3,3,175.75,0.30825726628798844
5,SD001,S082,T3,4,116.0,0.30825726628798844
5,SD001,S083,T2,1,47.0,1.4488374118755394
5,SD001,S541,T2,1,229.0,0.46064951290961775
5,SD001,S541,T2,2,183.2,0.46064951290961775
5,SD001,S541,T2,3,63.0,0.46064951290961775
5,SD001,S541,T3,1,687.0,0.46064951290961775
5,SD001,S541,T3,2,405.25,0.46064951290961775
5,SD001,S541,T3,3,56.25,0.46064951290961775
5,SD001,S721,T2,1,195.0,1.5796056128448186
5,SD002,JH_H008,T1,1,30.0,1.0827923580272938
5,SD002,JH_H008,T1,2,4.5,1.0827923580272938
5,SD002,JH_H008,T1,3,9.375,1.0827923580272938
5,SD002,JH_H008,T1,4,9.13125,1.0827923580272938
5,SD002,JH_H008,T3,1,90.0,1.0827923580272938
5,SD002,JH_H008,T3,2,76.5,1.0827923580272938
5,SD002,JH_H008,T3,3,66.0,1.0827923580272938
5,SD002,JH_H008,T3,4,33.0,1.0827923580272938
5,SD002,S071,T2,1,60.0,22.407993625949995
5,SD002,S403,T2,1,30.0,16.770921449222417
5,SD002,S403,T2,2,24.0,16.770921449222417
5,SD002,S403,T2,3,24.0,16.770921449222417
5,SD002,S403,T2,4,19.0,16.770921449222417
5,SD002,S403,T3,1,90.0,16.770921449222417
5,SD002,S403,T3,2,55.5,16.770921449222417
5,SD002,S756,T2,1,149.0,17.628105547036988
5,SD002,S756,T2,2,75.0,17.628105547036988
5,SD002,S756,T2,3,15.0,17.628105547036988
5,SD002,S756,T3,1,219.0,17.628105547036988
5,SD002,S756,T3,2,34.0,17.628105547036988
5,SD003,JH_H009,T1,1,10.0,0.4313840120055951
5,SD003,JH_H009,T1,2,1.5,0.4313840120055951
5,SD003,JH_H009,T1,3,3.125,0.4313840120055951
5,SD003,JH_H009,T1,4,3.04375,0.4313840120055951
5,SD003,JH_H009,T3,1,30.0,0.4313840120055951
5,SD003,JH_H009,T3,2,25.5,0.4313840120055951
5,SD003,JH_H009,T3,3,23.75,0.4313840120055951
5,SD003,JH_H009,T3,4,23.8375,0.4313840120055951
5,SD003,S572,T2,1,188.0,15.514228917198071
5,SD003,S572,T2,2,78.0,15.514228917198071
5,SD003,S572,T2,3,31.0,15.514228917198071
5,SD003,S572,T2,4,15.0,15.514228917198071
5,SD003,S572,T3,1,283.0,15.514228917198071
5,SD003,S572,T3,2,104.5,15.514228917198071
5,SD003,S572,T3,3,28.25,15.514228917198071
5,SD003,S572,T3,4,2.1625000000000014,15.514228917198071
5,SD004,JH_H001,T1,1,980.6577242633648,10.699808563193097
5,SD004,JH_H001,T1,2,147.09865863950472,10.699808563193097
5,SD004,JH_H001,T1,3,306.4555388323015,10.699808563193097
5,SD004,JH_H001,T1,4,286.50390473190333,10.699808563193097
5,SD004,JH_H014,T3,1,102.48194051116081,0.32354661842920146
5,SD004,JH_H014,T3,2,87.1096494344867,0.32354661842920146
5,SD004,JH_H014,T3,3,81.13153623800231,0.32354661842920146
5,SD004,JH_H014,T3,4,81.43044189782654,0.32354661842920146
5,SD004,S015,T2,1,83.0,0.4456418776495982
5,SD004,S015,T2,2,66.4,0.4456418776495982
5,SD004,S015,T2,3,66.4,0.4456418776495982
5,SD004,S015,T2,4,66.4,0.4456418776495982
5,SD004,S015,T3,1,249.0,0.4456418776495982
5,SD004,S015,T3,2,153.55,0.4456418776495982
5,SD004,S015,T3,3,153.55,0.4456418776495982
5,SD004,S015,T3,4,153.55,0.4456418776495982
5,SD004,S111,T2,1,808.0,1.2451439966559943
5,SD004,S111,T3,1,164.5180594888393,1.2451439966559943
5,SD004,S486,T2,1,399.0,0.4783285874010517
5,SD004,S486,T2,2,314.39999999999986,0.4783285874010517
5,SD004,S486,T2,3,242.6,0.4783285874010517
5,SD004,S486,T2,4,153.6,0.4783285874010517
5,SD004,S486,T3,1,1189.0,0.4783285874010517
5,SD004,S486,T3,2,413.35000000000014,0.4783285874010517
5,SD004,S486,T3,3,407.1500000000002,0.4783285874010517
5,SD004,S486,T3,4,133.01955810217345,0.4783285874010517
5,SD004,S525,T2,1,67.0,1.2640603113896036
5,SD004,S583,T2,1,124.0,1.3098200579051456
5,SD004,S584,T2,1,119.0,0.8702269571511124
5,SD004,S584,T2,2,95.2,0.8702269571511124
5,SD004,S584,T3,1,357.0,0.8702269571511124
5,SD004,S584,T3,2,174.0403505655131,0.8702269571511124
5,SD004,S585,T2,1,173.0,1.0153546860217733
5,SD004,S585,T2,2,138.4,1.0153546860217733
5,SD004,S585,T3,1,519.0,1.0153546860217733
5,SD004,S586,T2,1,226.0,0.7669305123872737
5,SD004,S586,T2,2,180.8,0.7669305123872737
5,SD004,S586,T3,1,678.0,0.7669305123872737
5,SD004,S586,T3,2,418.09999999999997,0.7669305123872737
5,SD004,S596,T2,1,157.0,1.2472733119337553
5,SD004,S604,T2,1,70.0,0.5592533897787788
5,SD004,S604,T2,2,56.0,0.5592533897787788
5,SD004,S604,T2,3,56.0,0.5592533897787788
5,SD004,S604,T3,1,210.0,0.5592533897787788
5,SD004,S604,T3,2,129.5,0.5592533897787788
5,SD004,S605,T2,1,57.0,0.5200265192024999
5,SD004,S605,T2,2,45.6,0.5200265192024999
5,SD004,S605,T2,3,45.6,0.5200265192024999
5,SD004,S605,T3,1,171.0,0.5200265192024999
5,SD004,S605,T3,2,105.44999999999999,0.5200265192024999
5,SD004,S605,T3,3,94.16846376199754,0.5200265192024999
5,SD004,S606,T2,1,65.0,1.1591849302237676
5,SD004,S606,T2,2,52.0,1.1591849302237676
5,SD004,S606,T3,1,195.0,1.1591849302237676
5,SD004,S689,T2,1,108.0,1.3845465675483215
5,SD004,S690,T2,1,156.0,0.8052102484718188
5,SD004,S690,T2,2,124.8,0.8052102484718188
5,SD004,S690,T3,1,468.0,0.8052102484718188
5,SD004,S690,T3,2,288.6,0.8052102484718188
5,SD004,S727,T2,1,38.0,0.6932412480150679
5,SD004,S727,T2,2,30.4,0.6932412480150679
5,SD004,S727,T2,3,30.4,0.6932412480150679
5,SD004,S727,T3,1,114.0,0.6932412480150679
5,SD004,S727,T3,2,70.30000000000001,0.6932412480150679
5,SD005,JH_H011,T1,1,10.0,0.534981795654251
5,SD005,JH_H011,T1,2,1.5,0.534981795654251
5,SD005,JH_H011,T1,3,3.125,0.534981795654251
5,SD005,JH_H011,T1,4,3.04375,0.534981795654251
5,SD005,JH_H011,T3,1,30.0,0.534981795654251
5,SD005,JH_H011,T3,2,25.5,0.534981795654251
5,SD005,JH_H011,T3,3,23.0,0.534981795654251
5,SD005,JH_H011,T3,4,11.0,0.534981795654251
5,SD005,S446,T2,1,85.0,13.576545716571008
5,SD005,S446,T2,2,35.0,13.576545716571008
5,SD005,S446,T2,3,14.0,13.576545716571008
5,SD005,S446,T2,4,6.0,13.576545716571008
5,SD005,S446,T3,1,112.0,13.576545716571008
5,SD005,S446,T3,2,33.5,13.576545716571008
5,SD006,JH_H003,T1,1,378.0,2.76486819460775
5,SD006,JH_H003,T1,2,56.70000000000002,2.76486819460775
5,SD006,JH_H003,T1,3,118.12500000000003,2.76486819460775
5,SD006,JH_H003,T1,4,115.05374999999998,2.76486819460775
5,SD006,JH_H015,T1,1,50.0,0.645170244514547
5,SD006,JH_H015,T1,2,7.5,0.645170244514547
5,SD006,JH_H015,T1,3,15.625,0.645170244514547
5,SD006,JH_H015,T1,4,15.21875,0.645170244514547
5,SD006,JH_H015,T3,1,150.0,0.645170244514547
5,SD006,JH_H015,T3,2,127.5,0.645170244514547
5,SD006,JH_H015,T3,3,118.75,0.645170244514547
5,SD006,JH_H015,T3,4,119.1875,0.645170244514547
5,SD006,S124,T2,1,200.0,1.430678099892389
5,SD006,S125,T2,1,207.0,0.9997048238543476
5,SD006,S125,T2,2,165.6,0.9997048238543476
5,SD006,S125,T2,3,165.6,0.9997048238543476
5,SD006,S125,T2,4,72.0,0.9997048238543476
5,SD006,S125,T3,1,621.0,0.9997048238543476
5,SD006,S125,T3,2,382.95000000000005,0.9997048238543476
5,SD006,S125,T3,3,173.25,0.9997048238543476
5,SD006,S126,T2,1,138.0,1.6205438392608271
5,SD006,S454,T2,1,198.0,1.4331077944721524
5,SD006,S681,T2,1,650.0,1.340423242203861
5,SD006,S681,T2,2,391.4,1.340423242203861
5,SD006,S681,T2,3,28.400000000000006,1.340423242203861
5,SD006,S681,T3,1,1471.0,1.340423242203861
5,SD006,S681,T3,2,387.54999999999995,1.340423242203861
5,SD006,S682,T2,1,30.0,0.723270339989806
5,SD006,S682,T2,2,24.0,0.723270339989806
5,SD006,S682,T2,3,24.0,0.723270339989806
5,SD006,S682,T2,4,24.0,0.723270339989806
5,SD006,S682,T3,1,90.0,0.723270339989806
5,SD006,S682,T3,2,55.5,0.723270339989806
5,SD006,S682,T3,3,55.5,0.723270339989806
5,SD006,S682,T3,4,55.5,0.723270339989806
5,SD006,S683,T2,1,30.0,0.7391699983760568
5,SD006,S683,T2,2,24.0,0.7391699983760568
5,SD006,S683,T2,3,24.0,0.7391699983760568
5,SD006,S683,T2,4,24.0,0.7391699983760568
5,SD006,S683,T3,1,90.0,0.7391699983760568
5,SD006,S683,T3,2,55.5,0.7391699983760568
5,SD006,S683,T3,3,55.5,0.7391699983760568
5,SD006,S683,T3,4,26.3125,0.7391699983760568
5,SD007,JH_H007,T1,1,74.99998156006234,4.981102350506281
5,SD007,JH_H007,T1,2,11.250011985959532,4.981102350506281
5,SD007,JH_H007,T1,3,23.437499400702023,4.981102350506281
5,SD007,JH_H007,T1,4,22.828125029964895,4.981102350506281
5,SD007,JH_H007,T2,1,1.8439937704783915e-05,4.981102350506281
5,SD007,JH_H007,T3,1,225.0,4.981102350506281
5,SD007,JH_H007,T3,2,191.2499870920436,4.981102350506281
5,SD007,JH_H007,T3,3,114.0,4.981102350506281
5,SD007,JH_H007,T3,4,57.0,4.981102350506281
5,SD007,S395,T2,1,272.0,19.48361845865407
5,SD007,S395,T2,2,171.0,19.48361845865407
5,SD007,S395,T2,3,68.0,19.48361845865407
5,SD007,S395,T2,4,34.0,19.48361845865407
5,SD007,S395,T3,1,459.0,19.48361845865407
5,SD007,S395,T3,2,93.7500129079564,19.48361845865407
5,SD007,S447,T2,1,131.0,29.56357756604441
5,SD007,S539,T2,1,6.999981560062295,32.41914984545585
5,SD008,JH_H010,T1,1,15.0,2.2723099352135923
5,SD008,JH_H010,T1,2,2.25,2.2723099352135923
5,SD008,JH_H010,T1,3,4.6875,2.2723099352135923
5,SD008,JH_H010,T1,4,4.565625,2.2723099352135923
5,SD008,JH_H010,T3,1,45.0,2.2723099352135923
5,SD008,JH_H010,T3,2,38.25,2.2723099352135923
5,SD008,JH_H010,T3,3,26.0,2.2723099352135923
5,SD008,JH_H010,T3,4,13.0,2.2723099352135923
5,SD008,S572,T2,1,7.0,18.950429783126417
5,SD008,S729,T2,1,86.0,9.677941861024411
5,SD008,S729,T2,2,39.0,9.677941861024411
5,SD008,S729,T2,3,15.0,9.677941861024411
5,SD008,S729,T2,4,7.0,9.677941861024411
5,SD008,S729,T3,1,111.0,9.677941861024411
5,SD008,S729,T3,2,26.75,9.677941861024411
5,SD009,JH_H002,T1,1,561.5030206793359,8.677094127999364
5,SD009,JH_H002,T1,2,84.22545310190043,8.677094127999364
5,SD009,JH_H002,T1,3,175.46969396229247,8.677094127999364
5,SD009,JH_H002,T1,4,170.90748191927287,8.677094127999364
5,SD009,JH_H012,T1,1,54.612034016417816,1.4576943447875488
5,SD009,JH_H012,T1,2,8.191805102462673,1.4576943447875488
5,SD009,JH_H012,T1,3,17.066260630130568,1.4576943447875488
5,SD009,JH_H012,T1,4,16.622537853747172,1.4576943447875488
5,SD009,JH_H013,T1,1,35.549767676315966,3.236510971938637
5,SD009,JH_H013,T1,2,5.332465151447394,3.236510971938637
5,SD009,JH_H013,T1,3,11.109302398848738,3.236510971938637
5,SD009,JH_H013,T1,4,10.820460536478674,3.236510971938637
5,SD009,JH_H014,T1,1,34.160646837053605,0.4466966349245021
5,SD009,JH_H014,T1,2,5.12409702555804,0.4466966349245021
5,SD009,JH_H014,T1,3,10.675202136579253,0.4466966349245021
5,SD009,JH_H014,T1,4,10.39764688102819,0.4466966349245021
5,SD009,S074,T2,1,475.0,1.3880390695148377
5,SD009,S112,T2,1,244.0,1.132994689053634
5,SD009,S112,T2,2,92.80000000000007,1.132994689053634
5,SD009,S112,T3,1,732.0,1.132994689053634
5,SD009,S462,T2,1,348.0,1.2065720748421453
5,SD009,S486,T2,1,104.0,0.43140466453816145
5,SD009,S486,T2,2,88.00000000000011,0.43140466453816145
5,SD009,S486,T2,3,159.79999999999998,0.43140466453816145
5,SD009,S486,T2,4,94.2,0.43140466453816145
5,SD009,S486,T3,1,320.0,0.43140466453816145
5,SD009,S486,T3,2,517.2,0.43140466453816145
5,SD009,S486,T3,3,523.4,0.43140466453816145
5,SD009,S486,T3,4,24.399999999999977,0.43140466453816145
5,SD009,S487,T2,1,301.0,1.0348611048750498
5,SD009,S487,T2,2,240.8,1.0348611048750498
5,SD009,S487,T3,1,903.0,1.0348611048750498
5,SD009,S510,T2,1,249.0,0.6979083852350719
5,SD009,S510,T2,2,199.2,0.6979083852350719
5,SD009,S510,T3,1,747.0,0.6979083852350719
5,SD009,S510,T3,2,460.6500000000001,0.6979083852350719
5,SD009,S517,T2,1,441.0,0.6471647314214741
5,SD009,S517,T2,2,352.8,0.6471647314214741
5,SD009,S517,T2,3,233.4,0.6471647314214741
5,SD009,S517,T3,1,1323.0,0.6471647314214741
5,SD009,S517,T3,2,815.8499999999999,0.6471647314214741
5,SD009,S518,T2,1,119.0,0.8341037274881986
5,SD009,S518,T2,2,95.2,0.8341037274881986
5,SD009,S518,T3,1,357.0,0.8341037274881986
5,SD009,S521,T2,1,141.0,1.2056576074633503
5,SD009,S529,T2,1,208.0,1.209251376816831
5,SD009,S593,T2,1,254.0,1.3091700300275313
5,SD009,S595,T2,1,122.0,0.6828915248353953
5,SD009,S595,T2,2,97.6,0.6828915248353953
5,SD009,S595,T3,1,366.0,0.6828915248353953
5,SD009,S595,T3,2,225.70000000000005,0.6828915248353953
5,SD009,S597,T2,1,156.0,0.8827713039146582
5,SD009,S597,T2,2,124.8,0.8827713039146582
5,SD009,S597,T3,1,468.0,0.8827713039146582
5,SD009,S618,T2,1,70.0,1.382503583118036
5,SD009,S677,T2,1,102.0,1.2170290953506455
5,SD009,S685,T2,1,129.0,0.42193562792349804
5,SD009,S685,T2,2,103.2,0.42193562792349804
5,SD009,S685,T2,3,103.2,0.42193562792349804
5,SD009,S685,T2,4,103.2,0.42193562792349804
5,SD009,S685,T3,1,387.0,0.42193562792349804
5,SD009,S685,T3,2,238.64999999999998,0.42193562792349804
5,SD009,S685,T3,3,238.64999999999998,0.42193562792349804
5,SD009,S685,T3,4,238.64999999999998,0.42193562792349804
5,SD009,S686,T2,1,127.0,0.20364027207591445
5,SD009,S686,T2,2,101.6,0.20364027207591445
5,SD009,S686,T2,3,101.6,0.20364027207591445
5,SD009,S686,T2,4,101.6,0.20364027207591445
5,SD009,S686,T3,1,381.0,0.20364027207591445
5,SD009,S686,T3,2,234.95000000000005,0.20364027207591445
5,SD009,S686,T3,3,234.95000000000005,0.20364027207591445
5,SD009,S686,T3,4,234.95000000000005,0.20364027207591445
5,SD010,S576,T2,1,641.0,1.5750823381651595
5,SD010,S576,T2,2,267.0,1.5750823381651595
5,SD010,S576,T2,3,106.0,1.5750823381651595
5,SD010,S576,T2,4,53.0,1.5750823381651595
5,SD010,S576,T3,1,1068.0,1.5750823381651595
5,SD010,S576,T3,2,445.0,1.5750823381651595
5,SD010,S576,T3,3,178.0,1.5750823381651595
5,SD010,S576,T3,4,89.0,1.5750823381651595
5,SD011,JH_H006,T1,1,110.0,1.7150550139812313
5,SD011,JH_H006,T1,2,16.5,1.7150550139812313
5,SD011,JH_H006,T1,3,34.375,1.7150550139812313
5,SD011,JH_H006,T1,4,33.48125000000001,1.7150550139812313
5,SD011,JH_H006,T3,1,330.0,1.7150550139812313
5,SD011,JH_H006,T3,2,280.5,1.7150550139812313
5,SD011,JH_H006,T3,3,96.65,1.7150550139812313
5,SD011,JH_H006,T3,4,19.65063185807109,1.7150550139812313
5,SD011,S086,T2,1,31.0,1.5041363893893474
5,SD011,S086,T2,2,24.8,1.5041363893893474
5,SD011,S086,T2,3,24.8,1.5041363893893474
5,SD011,S086,T2,4,24.8,1.5041363893893474
5,SD011,S086,T3,1,93.0,1.5041363893893474
5,SD011,S086,T3,2,57.349999999999994,1.5041363893893474
5,SD011,S086,T3,3,57.349999999999994,1.5041363893893474
5,SD011,S086,T3,4,57.349368141928906,1.5041363893893474
5,SD011,S802,T2,1,524.0,4.008752756105587
5,SD011,S802,T2,2,206.2,4.008752756105587
5,SD011,S802,T2,3,67.2,4.008752756105587
5,SD011,S802,T2,4,21.2,4.008752756105587
5,SD011,S802,T3,1,503.0,4.008752756105587
5,SD011,S802,T3,2,47.14999999999998,4.008752756105587
6,SD001,JH_H004,T1,1,150.0,1.854989649044953
6,SD001,JH_H004,T1,2,22.5,1.854989649044953
6,SD001,JH_H004,T1,3,46.875,1.854989649044953
6,SD001,JH_H004,T1,4,45.65625,1.854989649044953
6,SD001,S008,T2,1,91.0,1.4141658668513217
6,SD001,S008,T2,2,19.80000000000001,1.4141658668513217
6,SD001,S008,T3,1,184.0,1.4141658668513217
6,SD001,S068,T2,1,30.0,1.6186005431732127
6,SD001,S078,T2,1,90.0,0.7613366768678012
6,SD001,S078,T2,2,72.0,0.7613366768678012
6,SD001,S078,T3,1,270.0,0.7613366768678012
6,SD001,S079,T2,1,30.0,0.6130448620883503
6,SD001,S079,T2,2,24.0,0.6130448620883503
6,SD001,S079,T3,1,90.0,0.6130448620883503
6,SD001,S079,T3,2,51.09999999999991,0.6130448620883503
6,SD001,S080,T2,1,30.0,0.5856407835426283
6,SD001,S080,T2,2,24.0,0.5856407835426283
6,SD001,S080,T3,1,90.0,0.5856407835426283
6,SD001,S080,T3,2,55.5,0.5856407835426283
6,SD001,S081,T2,1,30.0,1.2350430337468372
6,SD001,S081,T2,2,24.0,1.2350430337468372
6,SD001,S081,T3,1,90.0,1.2350430337468372
6,SD001,S082,T2,1,95.0,0.30825726628798844
6,SD001,S082,T2,2,76.0,0.30825726628798844
6,SD001,S082,T2,3,76.0,0.30825726628798844
6,SD001,S082,T2,4,76.0,0.30825726628798844
6,SD001,S082,T3,1,285.0,0.30825726628798844
6,SD001,S082,T3,2,175.75,0.30825726628798844
6,SD001,S082,T3,3,175.75,0.30825726628798844
6,SD001,S082,T3,4,141.0,0.30825726628798844
6,SD001,S083,T2,1,47.0,1.4488374118755394
6,SD001,S541,T2,1,229.0,0.46064951290961775
6,SD001,S541,T2,2,183.2,0.46064951290961775
6,SD001,S541,T2,3,93.0,0.46064951290961775
6,SD001,S541,T2,4,8.0,0.46064951290961775
6,SD001,S541,T3,1,687.0,0.46064951290961775
6,SD001,S541,T3,2,423.6500000000001,0.46064951290961775
6,SD001,S541,T3,3,106.25,0.46064951290961775
6,SD001,S715,T2,1,49.0,1.886108276469824
6,SD001,S721,T2,1,236.0,1.5796056128448186
6,SD001,S757,T2,1,60.0,1.9022722825061857
6,SD002,JH_H008,T1,1,30.0,1.0827923580272938
6,SD002,JH_H008,T1,2,4.5,1.0827923580272938
6,SD002,JH_H008,T1,3,9.375,1.0827923580272938
6,SD002,JH_H008,T1,4,9.13125,1.0827923580272938
6,SD002,JH_H008,T3,1,90.0,1.0827923580272938
6,SD002,JH_H008,T3,2,76.5,1.0827923580272938
6,SD002,JH_H008,T3,3,71.25,1.0827923580272938
6,SD002,JH_H008,T3,4,40.0,1.0827923580272938
6,SD002,S071,T2,1,100.0,22.407993625949995
6,SD002,S403,T2,1,30.0,16.770921449222417
6,SD002,S403,T2,2,24.0,16.770921449222417
6,SD002,S403,T2,3,24.0,16.770921449222417
6,SD002,S403,T2,4,24.0,16.770921449222417
6,SD002,S403,T3,1,90.0,16.770921449222417
6,SD002,S403,T3,2,55.5,16.770921449222417
6,SD002,S403,T3,3,8.75,16.770921449222417
6,SD002,S539,T2,1,11.0,23.860569411192145
6,SD002,S756,T2,1,149.0,17.628105547036988
6,SD002,S756,T2,2,97.0,17.628105547036988
6,SD002,S756,T2,3,24.0,17.628105547036988
6,SD002,S756,T3,1,304.0,17.628105547036988
6,SD002,S756,T3,2,70.0,17.628105547036988
6,SD003,JH_H009,T1,1,10.0,0.4313840120055951
6,SD003,JH_H009,T1,2,1.5,0.4313840120055951
6,SD003,JH_H009,T1,3,3.125,0.4313840120055951
6,SD003,JH_H009,T1,4,3.04375,0.4313840120055951
6,SD003,JH_H009,T3,1,30.0,0.4313840120055951
6,SD003,JH_H009,T3,2,25.5,0.4313840120055951
6,SD003,JH_H009,T3,3,23.75,0.4313840120055951
6,SD003,JH_H009,T3,4,23.8375,0.4313840120055951
6,SD003,S572,T2,1,228.0,15.514228917198071
6,SD003,S572,T2,2,95.0,15.514228917198071
6,SD003,S572,T2,3,38.0,15.514228917198071
6,SD003,S572,T2,4,18.0,15.514228917198071
6,SD003,S572,T3,1,351.0,15.514228917198071
6,SD003,S572,T3,2,132.5,15.514228917198071
6,SD003,S572,T3,3,39.25,15.514228917198071
6,SD003,S572,T3,4,7.162500000000001,15.514228917198071
6,SD004,JH_H013,T1,1,34.59318892375276,2.6842115905313224
6,SD004,JH_H013,T1,2,5.188978338562915,2.6842115905313224
6,SD004,JH_H013,T1,3,10.81037153867274,2.6842115905313224
6,SD004,JH_H013,T1,4,10.529301878667248,2.6842115905313224
6,SD004,JH_H014,T1,1,32.90547614974819,0.32354661842920146
6,SD004,JH_H014,T1,2,4.935821422462229,0.32354661842920146
6,SD004,JH_H014,T1,3,10.282961296796309,0.32354661842920146
6,SD004,JH_H014,T1,4,10.015604303079607,0.32354661842920146
6,SD004,JH_H014,T3,1,98.71642844924456,0.32354661842920146
6,SD004,JH_H014,T3,2,83.90896418185788,0.32354661842920146
6,SD004,JH_H014,T3,3,78.15050585565194,0.32354661842920146
6,SD004,JH_H014,T3,4,78.43842877196225,0.32354661842920146
6,SD004,S015,T2,1,83.0,0.4456418776495982
6,SD004,S015,T2,2,66.4,0.4456418776495982
6,SD004,S015,T2,3,66.4,0.4456418776495982
6,SD004,S015,T2,4,66.4,0.4456418776495982
6,SD004,S015,T3,1,249.0,0.4456418776495982
6,SD004,S015,T3,2,153.55,0.4456418776495982
6,SD004,S015,T3,3,153.55,0.4456418776495982
6,SD004,S015,T3,4,153.55,0.4456418776495982
6,SD004,S111,T2,1,808.0,1.2451439966559943
6,SD004,S111,T2,2,455.60000000000025,1.2451439966559943
6,SD004,S111,T3,1,2306.2835715507554,1.2451439966559943
6,SD004,S486,T2,1,503.0,0.4783285874010517
6,SD004,S486,T2,2,95.79999999999984,0.4783285874010517
6,SD004,S486,T2,3,337.6,0.4783285874010517
6,SD004,S486,T2,4,201.6,0.4783285874010517
6,SD004,S486,T3,2,446.3910358181421,0.4783285874010517
6,SD004,S486,T3,3,357.04949414434805,0.4783285874010517
6,SD004,S486,T3,4,215.01157122803772,0.4783285874010517
6,SD004,S525,T2,1,67.0,1.2640603113896036
6,SD004,S583,T2,1,124.0,1.3098200579051456
6,SD004,S584,T2,1,119.0,0.8702269571511124
6,SD004,S584,T2,2,95.2,0.8702269571511124
6,SD004,S584,T3,1,357.0,0.8702269571511124
6,SD004,S584,T3,2,220.14999999999998,0.8702269571511124
6,SD004,S585,T2,1,173.0,1.0153546860217733
6,SD004,S585,T2,2,138.4,1.0153546860217733
6,SD004,S585,T3,1,519.0,1.0153546860217733
6,SD004,S585,T3,2,320.04999999999995,1.0153546860217733
6,SD004,S586,T2,1,226.0,0.7669305123872737
6,SD004,S586,T2,2,180.8,0.7669305123872737
6,SD004,S586,T3,1,678.0,0.7669305123872737
6,SD004,S586,T3,2,418.09999999999997,0.7669305123872737
6,SD004,S596,T2,1,157.0,1.2472733119337553
6,SD004,S604,T2,1,70.0,0.5592533897787788
6,SD004,S604,T2,2,56.0,0.5592533897787788
6,SD004,S604,T2,3,56.0,0.5592533897787788
6,SD004,S604,T3,1,210.0,0.5592533897787788
6,SD004,S604,T3,2,129.5,0.5592533897787788
6,SD004,S604,T3,3,129.5,0.5592533897787788
6,SD004,S605,T2,1,57.0,0.5200265192024999
6,SD004,S605,T2,2,45.6,0.5200265192024999
6,SD004,S605,T2,3,45.6,0.5200265192024999
6,SD004,S605,T3,1,171.0,0.5200265192024999
6,SD004,S605,T3,2,105.44999999999999,0.5200265192024999
6,SD004,S605,T3,3,105.44999999999999,0.5200265192024999
6,SD004,S606,T2,1,65.0,1.1591849302237676
6,SD004,S606,T2,2,52.0,1.1591849302237676
6,SD004,S606,T3,1,195.0,1.1591849302237676
6,SD004,S617,T2,1,465.0,1.4735578079885367
6,SD004,S689,T2,1,108.0,1.3845465675483215
6,SD004,S690,T2,1,156.0,0.8052102484718188
6,SD004,S690,T2,2,124.8,0.8052102484718188
6,SD004,S690,T3,1,468.0,0.8052102484718188
6,SD004,S690,T3,2,288.6,0.8052102484718188
6,SD004,S727,T2,1,38.0,0.6932412480150679
6,SD004,S727,T2,2,30.4,0.6932412480150679
6,SD004,S727,T2,3,30.4,0.6932412480150679
6,SD004,S727,T3,1,114.0,0.6932412480150679
6,SD004,S727,T3,2,70.30000000000001,0.6932412480150679
6,SD004,S727,T3,3,70.30000000000001,0.6932412480150679
6,SD005,JH_H011,T1,1,10.0,0.534981795654251
6,SD005,JH_H011,T1,2,1.5,0.534981795654251
6,SD005,JH_H011,T1,3,3.125,0.534981795654251
6,SD005,JH_H011,T1,4,3.04375,0.534981795654251
6,SD005,JH_H011,T3,1,30.0,0.534981795654251
6,SD005,JH_H011,T3,2,25.5,0.534981795654251
6,SD005,JH_H011,T3,3,23.75,0.534981795654251
6,SD005,JH_H011,T3,4,14.0,0.534981795654251
6,SD005,S446,T2,1,103.0,13.576545716571008
6,SD005,S446,T2,2,43.0,13.576545716571008
6,SD005,S446,T2,3,17.0,13.576545716571008
6,SD005,S446,T2,4,8.0,13.576545716571008
6,SD005,S446,T3,1,143.0,13.576545716571008
6,SD005,S446,T3,2,46.5,13.576545716571008
6,SD005,S446,T3,3,4.25,13.576545716571008
6,SD006,JH_H003,T1,1,378.0,2.76486819460775
6,SD006,JH_H003,T1,2,56.70000000000002,2.76486819460775
6,SD006,JH_H003,T1,3,118.12500000000003,2.76486819460775
6,SD006,JH_H003,T1,4,115.05374999999998,2.76486819460775
6,SD006,JH_H015,T1,1,50.0,0.645170244514547
6,SD006,JH_H015,T1,2,7.5,0.645170244514547
6,SD006,JH_H015,T1,3,15.625,0.645170244514547
6,SD006,JH_H015,T1,4,15.21875,0.645170244514547
6,SD006,JH_H015,T3,1,150.0,0.645170244514547
6,SD006,JH_H015,T3,2,127.5,0.645170244514547
6,SD006,JH_H015,T3,3,118.75,0.645170244514547
6,SD006,JH_H015,T3,4,119.1875,0.645170244514547
6,SD006,S124,T2,1,200.0,1.430678099892389
6,SD006,S124,T2,2,1.4000000000000057,1.430678099892389
6,SD006,S124,T3,1,42.0,1.430678099892389
6,SD006,S125,T2,1,207.0,0.9997048238543476
6,SD006,S125,T2,2,165.6,0.9997048238543476
6,SD006,S125,T2,3,165.6,0.9997048238543476
6,SD006,S125,T2,4,99.0,0.9997048238543476
6,SD006,S125,T3,1,621.0,0.9997048238543476
6,SD006,S125,T3,2,382.95000000000005,0.9997048238543476
6,SD006,S125,T3,3,260.25,0.9997048238543476
6,SD006,S125,T3,4,14.8125,0.9997048238543476
6,SD006,S126,T2,1,424.0,1.6205438392608271
6,SD006,S454,T2,1,198.0,1.4331077944721524
6,SD006,S455,T2,1,26.0,1.6287148731300443
6,SD006,S681,T2,1,650.0,1.340423242203861
6,SD006,S681,T2,2,520.0,1.340423242203861
6,SD006,S681,T2,3,80.4,1.340423242203861
6,SD006,S681,T3,1,1950.0,1.340423242203861
6,SD006,S681,T3,2,604.55,1.340423242203861
6,SD006,S682,T2,1,30.0,0.723270339989806
6,SD006,S682,T2,2,24.0,0.723270339989806
6,SD006,S682,T2,3,24.0,0.723270339989806
6,SD006,S682,T2,4,24.0,0.723270339989806
6,SD006,S682,T3,1,90.0,0.723270339989806
6,SD006,S682,T3,2,55.5,0.723270339989806
6,SD006,S682,T3,3,55.5,0.723270339989806
6,SD006,S682,T3,4,55.5,0.723270339989806
6,SD006,S683,T2,1,30.0,0.7391699983760568
6,SD006,S683,T2,2,24.0,0.7391699983760568
6,SD006,S683,T2,3,24.0,0.7391699983760568
6,SD006,S683,T2,4,24.0,0.7391699983760568
6,SD006,S683,T3,1,90.0,0.7391699983760568
6,SD006,S683,T3,2,55.5,0.7391699983760568
6,SD006,S683,T3,3,55.5,0.7391699983760568
6,SD006,S683,T3,4,55.5,0.7391699983760568
6,SD007,JH_H007,T1,1,74.9999715313802,4.981102350506281
6,SD007,JH_H007,T1,2,11.25001850460292,4.981102350506281
6,SD007,JH_H007,T1,3,23.437499074769846,4.981102350506281
6,SD007,JH_H007,T1,4,22.828125046261512,4.981102350506281
6,SD007,JH_H007,T2,1,2.8468619873933676e-05,4.981102350506281
6,SD007,JH_H007,T3,1,225.0,4.981102350506281
6,SD007,JH_H007,T3,2,191.2499800719661,4.981102350506281
6,SD007,JH_H007,T3,3,138.0,4.981102350506281
6,SD007,JH_H007,T3,4,69.0,4.981102350506281
6,SD007,S395,T2,1,272.0,19.48361845865407
6,SD007,S395,T2,2,207.0,19.48361845865407
6,SD007,S395,T2,3,83.0,19.48361845865407
6,SD007,S395,T2,4,41.0,19.48361845865407
6,SD007,S395,T3,1,606.0,19.48361845865407
6,SD007,S395,T3,2,154.7500199280339,19.48361845865407
6,SD007,S447,T2,1,131.0,29.56357756604441
6,SD007,S539,T2,1,94.99997153138013,32.41914984545585
6,SD008,JH_H010,T1,1,15.0,2.2723099352135923
6,SD008,JH_H010,T1,2,2.25,2.2723099352135923
6,SD008,JH_H010,T1,3,4.6875,2.2723099352135923
6,SD008,JH_H010,T1,4,4.565625,2.2723099352135923
6,SD008,JH_H010,T3,1,45.0,2.2723099352135923
6,SD008,JH_H010,T3,2,38.25,2.2723099352135923
6,SD008,JH_H010,T3,3,31.0,2.2723099352135923
6,SD008,JH_H010,T3,4,15.0,2.2723099352135923
6,SD008,S572,T2,1,28.0,18.950429783126417
6,SD008,S729,T2,1,86.0,9.677941861024411
6,SD008,S729,T2,2,47.0,9.677941861024411
6,SD008,S729,T2,3,18.0,9.677941861024411
6,SD008,S729,T2,4,9.0,9.677941861024411
6,SD008,S729,T3,1,145.0,9.677941861024411
6,SD008,S729,T3,2,40.75,9.677941861024411
6,SD009,JH_H002,T1,1,553.2280836024493,8.677094127999364
6,SD009,JH_H002,T1,2,82.98421254036742,8.677094127999364
6,SD009,JH_H002,T1,3,172.8837761257654,8.677094127999364
6,SD009,JH_H002,T1,4,168.38879794649552,8.677094127999364
6,SD009,JH_H012,T1,1,53.45388913665536,1.4576943447875488
6,SD009,JH_H012,T1,2,8.018083370498303,1.4576943447875488
6,SD009,JH_H012,T1,3,16.704340355204803,1.4576943447875488
6,SD009,JH_H012,T1,4,16.270027505969477,1.4576943447875488
6,SD009,S074,T2,1,954.0,1.3880390695148377
6,SD009,S112,T2,1,244.0,1.132994689053634
6,SD009,S112,T2,2,195.2,1.132994689053634
6,SD009,S112,T3,1,732.0,1.132994689053634
6,SD009,S462,T2,1,348.0,1.2065720748421453
6,SD009,S486,T2,2,306.60000000000014,0.43140466453816145
6,SD009,S486,T2,3,64.79999999999995,0.43140466453816145
6,SD009,S486,T2,4,158.2,0.43140466453816145
6,SD009,S486,T3,1,1509.0,0.43140466453816145
6,SD009,S486,T3,2,484.1589641818581,0.43140466453816145
6,SD009,S486,T3,3,573.5005058556521,0.43140466453816145
6,SD009,S486,T3,4,131.39999999999998,0.43140466453816145
6,SD009,S487,T2,1,301.0,1.0348611048750498
6,SD009,S487,T2,2,240.8,1.0348611048750498
6,SD009,S487,T3,1,903.0,1.0348611048750498
6,SD009,S487,T3,2,60.29103581814218,1.0348611048750498
6,SD009,S510,T2,1,249.0,0.6979083852350719
6,SD009,S510,T2,2,199.2,0.6979083852350719
6,SD009,S510,T2,3,5.999999999999943,0.6979083852350719
6,SD009,S510,T3,1,747.0,0.6979083852350719
6,SD009,S510,T3,2,460.6500000000001,0.6979083852350719
6,SD009,S517,T2,1,441.0,0.6471647314214741
6,SD009,S517,T2,2,352.8,0.6471647314214741
6,SD009,S517,T2,3,352.8,0.6471647314214741
6,SD009,S517,T3,1,1323.0,0.6471647314214741
6,SD009,S517,T3,2,815.8499999999999,0.6471647314214741
6,SD009,S517,T3,3,163.89949414434784,0.6471647314214741
6,SD009,S518,T2,1,119.0,0.8341037274881986
6,SD009,S518,T2,2,95.2,0.8341037274881986
6,SD009,S518,T3,1,357.0,0.8341037274881986
6,SD009,S518,T3,2,220.14999999999998,0.8341037274881986
6,SD009,S521,T2,1,141.0,1.2056576074633503
6,SD009,S521,T3,1,97.0,1.2056576074633503
6,SD009,S529,T2,1,208.0,1.209251376816831
6,SD009,S593,T2,1,254.0,1.3091700300275313
6,SD009,S595,T2,1,122.0,0.6828915248353953
6,SD009,S595,T2,2,97.6,0.6828915248353953
6,SD009,S595,T2,3,97.6,0.6828915248353953
6,SD009,S595,T3,1,366.0,0.6828915248353953
6,SD009,S595,T3,2,225.70000000000005,0.6828915248353953
6,SD009,S597,T2,1,156.0,0.8827713039146582
6,SD009,S597,T2,2,124.8,0.8827713039146582
6,SD009,S597,T3,1,468.0,0.8827713039146582
6,SD009,S597,T3,2,288.6,0.8827713039146582
6,SD009,S617,T2,1,233.0,1.397501868913553
6,SD009,S618,T2,1,70.0,1.382503583118036
6,SD009,S677,T2,1,102.0,1.2170290953506455
6,SD009,S684,T2,1,164.0,1.389608157583629
6,SD009,S685,T2,1,129.0,0.42193562792349804
6,SD009,S685,T2,2,103.2,0.42193562792349804
6,SD009,S685,T2,3,103.2,0.42193562792349804
6,SD009,S685,T2,4,103.2,0.42193562792349804
6,SD009,S685,T3,1,387.0,0.42193562792349804
6,SD009,S685,T3,2,238.64999999999998,0.42193562792349804
6,SD009,S685,T3,3,238.64999999999998,0.42193562792349804
6,SD009,S685,T3,4,238.64999999999998,0.42193562792349804
6,SD009,S686,T2,1,127.0,0.20364027207591445
6,SD009,S686,T2,2,101.6,0.20364027207591445
6,SD009,S686,T2,3,101.6,0.20364027207591445
6,SD009,S686,T2,4,101.6,0.20364027207591445
6,SD009,S686,T3,1,381.0,0.20364027207591445
6,SD009,S686,T3,2,234.95000000000005,0.20364027207591445
6,SD009,S686,T3,3,234.95000000000005,0.20364027207591445
6,SD009,S686,T3,4,234.95000000000005,0.20364027207591445
6,SD010,S576,T2,1,649.0,1.5750823381651595
6,SD010,S576,T2,2,324.0,1.5750823381651595
6,SD010,S576,T2,3,129.0,1.5750823381651595
6,SD010,S576,T2,4,64.0,1.5750823381651595
6,SD010,S576,T3,1,1298.0,1.5750823381651595
6,SD010,S576,T3,2,541.0,1.5750823381651595
6,SD010,S576,T3,3,216.0,1.5750823381651595
6,SD010,S576,T3,4,108.0,1.5750823381651595
6,SD010,S692,T2,1,129.0,15.830422081506425
6,SD011,JH_H006,T1,1,110.0,1.7150550139812313
6,SD011,JH_H006,T1,2,16.5,1.7150550139812313
6,SD011,JH_H006,T1,3,34.375,1.7150550139812313
6,SD011,JH_H006,T1,4,33.48125000000001,1.7150550139812313
6,SD011,JH_H006,T3,1,330.0,1.7150550139812313
6,SD011,JH_H006,T3,2,280.5,1.7150550139812313
6,SD011,JH_H006,T3,3,129.65,1.7150550139812313
6,SD011,JH_H006,T3,4,35.650692949113086,1.7150550139812313
6,SD011,S086,T2,1,31.0,1.5041363893893474
6,SD011,S086,T2,2,24.8,1.5041363893893474
6,SD011,S086,T2,3,24.8,1.5041363893893474
6,SD011,S086,T2,4,24.8,1.5041363893893474
6,SD011,S086,T3,1,93.0,1.5041363893893474
6,SD011,S086,T3,2,57.349999999999994,1.5041363893893474
6,SD011,S086,T3,3,57.349999999999994,1.5041363893893474
6,SD011,S086,T3,4,57.349307050886914,1.5041363893893474
6,SD011,S802,T2,1,644.0,4.008752756105587
6,SD011,S802,T2,2,256.2,4.008752756105587
6,SD011,S802,T2,3,87.2,4.008752756105587
6,SD011,S802,T2,4,31.2,4.008752756105587
6,SD011,S802,T3,1,702.0,4.008752756105587
6,SD011,S802,T3,2,130.14999999999998,4.008752756105587
7,SD001,JH_H004,T1,1,150.0,1.854989649044953
7,SD001,JH_H004,T1,2,22.5,1.854989649044953
7,SD001,JH_H004,T1,3,46.875,1.854989649044953
7,SD001,JH_H004,T1,4,45.65625,1.854989649044953
7,SD001,S008,T2,1,91.0,1.4141658668513217
7,SD001,S008,T2,2,72.8,1.4141658668513217
7,SD001,S008,T3,1,273.0,1.4141658668513217
7,SD001,S008,T3,2,152.5999999999999,1.4141658668513217
7,SD001,S068,T2,1,30.0,1.6186005431732127
7,SD001,S078,T2,1,90.0,0.7613366768678012
7,SD001,S078,T2,2,72.0,0.7613366768678012
7,SD001,S078,T3,1,270.0,0.7613366768678012
7,SD001,S078,T3,2,166.5,0.7613366768678012
7,SD001,S079,T2,1,30.0,0.6130448620883503
7,SD001,S079,T2,2,24.0,0.6130448620883503
7,SD001,S079,T3,1,90.0,0.6130448620883503
7,SD001,S079,T3,2,55.5,0.6130448620883503
7,SD001,S080,T2,1,30.0,0.5856407835426283
7,SD001,S080,T2,2,24.0,0.5856407835426283
7,SD001,S080,T2,3,0.8000000000000114,0.5856407835426283
7,SD001,S080,T3,1,90.0,0.5856407835426283
7,SD001,S080,T3,2,55.5,0.5856407835426283
7,SD001,S081,T2,1,30.0,1.2350430337468372
7,SD001,S081,T2,2,24.0,1.2350430337468372
7,SD001,S081,T3,1,90.0,1.2350430337468372
7,SD001,S081,T3,2,55.5,1.2350430337468372
7,SD001,S082,T2,1,95.0,0.30825726628798844
7,SD001,S082,T2,2,76.0,0.30825726628798844
7,SD001,S082,T2,3,76.0,0.30825726628798844
7,SD001,S082,T2,4,76.0,0.30825726628798844
7,SD001,S082,T3,1,285.0,0.30825726628798844
7,SD001,S082,T3,2,175.75,0.30825726628798844
7,SD001,S082,T3,3,175.75,0.30825726628798844
7,SD001,S082,T3,4,175.75,0.30825726628798844
7,SD001,S083,T2,1,47.0,1.4488374118755394
7,SD001,S083,T2,2,37.6,1.4488374118755394
7,SD001,S083,T3,1,141.0,1.4488374118755394
7,SD001,S541,T2,1,229.0,0.46064951290961775
7,SD001,S541,T2,2,183.2,0.46064951290961775
7,SD001,S541,T2,3,183.2,0.46064951290961775
7,SD001,S541,T2,4,54.0,0.46064951290961775
7,SD001,S541,T3,1,687.0,0.46064951290961775
7,SD001,S541,T3,2,423.6500000000001,0.46064951290961775
7,SD001,S541,T3,3,258.25,0.46064951290961775
7,SD001,S541,T3,4,41.25,0.46064951290961775
7,SD001,S715,T2,1,49.0,1.886108276469824
7,SD001,S721,T2,1,236.0,1.5796056128448186
7,SD001,S721,T2,2,137.39999999999998,1.5796056128448186
7,SD001,S721,T3,1,679.0,1.5796056128448186
7,SD001,S722,T2,1,22.0,1.9678695758040023
7,SD001,S757,T2,1,584.0,1.9022722825061857
7,SD002,JH_H008,T1,1,29.99995291162901,1.0827923580272938
7,SD002,JH_H008,T1,2,4.5000306074411185,1.0827923580272938
7,SD002,JH_H008,T1,3,9.37499846962794,1.0827923580272938
7,SD002,JH_H008,T1,4,9.131250076518612,1.0827923580272938
7,SD002,JH_H008,T2,1,4.708837100864116e-05,1.0827923580272938
7,SD002,JH_H008,T3,1,90.0,1.0827923580272938
7,SD002,JH_H008,T3,2,76.4999670381403,1.0827923580272938
7,SD002,JH_H008,T3,3,71.25000164809299,1.0827923580272938
7,SD002,JH_H008,T3,4,62.0,1.0827923580272938
7,SD002,S071,T2,1,100.0,22.407993625949995
7,SD002,S071,T2,2,42.8,22.407993625949995
7,SD002,S071,T3,1,117.0,22.407993625949995
7,SD002,S402,T2,1,39.0,26.129154168488203
7,SD002,S403,T2,1,30.0,16.770921449222417
7,SD002,S403,T2,2,24.0,16.770921449222417
7,SD002,S403,T2,3,24.0,16.770921449222417
7,SD002,S403,T2,4,24.0,16.770921449222417
7,SD002,S403,T3,1,90.0,16.770921449222417
7,SD002,S403,T3,2,55.5,16.770921449222417
7,SD002,S403,T3,3,52.74999835190701,16.770921449222417
7,SD002,S539,T2,1,120.0,23.860569411192145
7,SD002,S550,T2,1,7.999952911628991,36.18104152205202
7,SD002,S756,T2,1,149.0,17.628105547036988
7,SD002,S756,T2,2,119.2,17.628105547036988
7,SD002,S756,T2,3,50.0,17.628105547036988
7,SD002,S756,T2,4,13.0,17.628105547036988
7,SD002,S756,T3,1,447.0,17.628105547036988
7,SD002,S756,T3,2,178.0000329618597,17.628105547036988
7,SD003,JH_H009,T1,1,10.0,0.4313840120055951
7,SD003,JH_H009,T1,2,1.5,0.4313840120055951
7,SD003,JH_H009,T1,3,3.125,0.4313840120055951
7,SD003,JH_H009,T1,4,3.04375,0.4313840120055951
7,SD003,JH_H009,T3,1,30.0,0.4313840120055951
7,SD003,JH_H009,T3,2,25.5,0.4313840120055951
7,SD003,JH_H009,T3,3,23.75,0.4313840120055951
7,SD003,JH_H009,T3,4,23.8375,0.4313840120055951
7,SD003,S572,T2,1,351.0,15.514228917198071
7,SD003,S572,T2,2,146.0,15.514228917198071
7,SD003,S572,T2,3,58.0,15.514228917198071
7,SD003,S572,T2,4,29.0,15.514228917198071
7,SD003,S572,T3,1,555.0,15.514228917198071
7,SD003,S572,T3,2,217.5,15.514228917198071
7,SD003,S572,T3,3,73.25,15.514228917198071
7,SD003,S572,T3,4,24.1625,15.514228917198071
7,SD004,JH_H013,T1,1,31.695271692279597,2.6842115905313224
7,SD004,JH_H013,T1,2,4.754290753841943,2.6842115905313224
7,SD004,JH_H013,T1,3,9.904772403837372,2.6842115905313224
7,SD004,JH_H013,T1,4,9.647248321337607,2.6842115905313224
7,SD004,JH_H014,T1,1,29.10298654454232,0.32354661842920146
7,SD004,JH_H014,T1,2,4.365447981681349,0.32354661842920146
7,SD004,JH_H014,T1,3,9.094683295169476,0.32354661842920146
7,SD004,JH_H014,T1,4,8.85822152949507,0.32354661842920146
7,SD004,JH_H014,T3,1,87.30895963362696,0.32354661842920146
7,SD004,JH_H014,T3,2,74.21261568858291,0.32354661842920146
7,SD004,JH_H014,T3,3,69.119593043288,0.32354661842920146
7,SD004,JH_H014,T3,4,69.37424417555276,0.32354661842920146
7,SD004,S015,T2,1,83.0,0.4456418776495982
7,SD004,S015,T2,2,66.4,0.4456418776495982
7,SD004,S015,T2,3,66.4,0.4456418776495982
7,SD004,S015,T2,4,66.4,0.4456418776495982
7,SD004,S015,T3,1,249.0,0.4456418776495982
7,SD004,S015,T3,2,153.55,0.4456418776495982
7,SD004,S015,T3,3,153.55,0.4456418776495982
7,SD004,S015,T3,4,153.55,0.4456418776495982
7,SD004,S111,T2,1,808.0,1.2451439966559943
7,SD004,S111,T2,2,646.4,1.2451439966559943
7,SD004,S111,T3,1,2424.0,1.2451439966559943
7,SD004,S111,T3,2,1494.8000000000002,1.2451439966559943
7,SD004,S406,T2,1,123.0,2.0654294745129445
7,SD004,S477,T2,1,228.0,1.4997932513210326
7,SD004,S478,T2,1,216.0,1.5153792585230599
7,SD004,S486,T2,1,503.0,0.4783285874010517
7,SD004,S486,T2,2,259.19999999999993,0.4783285874010517
7,SD004,S486,T2,3,224.80000000000004,0.4783285874010517
7,SD004,S486,T2,4,212.6,0.4783285874010517
7,SD004,S486,T3,1,1400.691040366373,0.4783285874010517
7,SD004,S486,T3,3,845.0804069567121,0.4783285874010517
7,SD004,S486,T3,4,463.0757558244473,0.4783285874010517
7,SD004,S525,T2,1,67.0,1.2640603113896036
7,SD004,S525,T2,2,53.6,1.2640603113896036
7,SD004,S525,T3,1,201.0,1.2640603113896036
7,SD004,S583,T2,1,124.0,1.3098200579051456
7,SD004,S583,T2,2,99.2,1.3098200579051456
7,SD004,S583,T3,1,372.0,1.3098200579051456
7,SD004,S584,T2,1,119.0,0.8702269571511124
7,SD004,S584,T2,2,95.2,0.8702269571511124
7,SD004,S584,T2,3,95.2,0.8702269571511124
7,SD004,S584,T3,1,357.0,0.8702269571511124
7,SD004,S584,T3,2,220.14999999999998,0.8702269571511124
7,SD004,S585,T2,1,173.0,1.0153546860217733
7,SD004,S585,T2,2,138.4,1.0153546860217733
7,SD004,S585,T3,1,519.0,1.0153546860217733
7,SD004,S585,T3,2,320.04999999999995,1.0153546860217733
7,SD004,S586,T2,1,226.0,0.7669305123872737
7,SD004,S586,T2,2,180.8,0.7669305123872737
7,SD004,S586,T2,3,180.8,0.7669305123872737
7,SD004,S586,T3,1,678.0,0.7669305123872737
7,SD004,S586,T3,2,418.09999999999997,0.7669305123872737
7,SD004,S587,T2,1,149.0,1.6268730303347014
7,SD004,S588,T2,1,231.0,1.5655639515228366
7,SD004,S589,T2,1,223.0,1.600192254035535
7,SD004,S596,T2,1,157.0,1.2472733119337553
7,SD004,S596,T2,2,125.6,1.2472733119337553
7,SD004,S596,T3,1,471.0,1.2472733119337553
7,SD004,S596,T3,2,39.037384311417256,1.2472733119337553
7,SD004,S602,T2,1,171.0,1.5932312514084654
7,SD004,S603,T2,1,119.0,1.5260024731414439
7,SD004,S604,T2,1,70.0,0.5592533897787788
7,SD004,S604,T2,2,56.0,0.5592533897787788
7,SD004,S604,T2,3,56.0,0.5592533897787788
7,SD004,S604,T2,4,56.0,0.5592533897787788
7,SD004,S604,T3,1,210.0,0.5592533897787788
7,SD004,S604,T3,2,129.5,0.5592533897787788
7,SD004,S604,T3,3,129.5,0.5592533897787788
7,SD004,S605,T2,1,57.0,0.5200265192024999
7,SD004,S605,T2,2,45.6,0.5200265192024999
7,SD004,S605,T2,3,45.6,0.5200265192024999
7,SD004,S605,T2,4,45.6,0.5200265192024999
7,SD004,S605,T3,1,171.0,0.5200265192024999
7,SD004,S605,T3,2,105.44999999999999,0.5200265192024999
7,SD004,S605,T3,3,105.44999999999999,0.5200265192024999
7,SD004,S606,T2,1,65.0,1.1591849302237676
7,SD004,S606,T2,2,52.0,1.1591849302237676
7,SD004,S606,T3,1,195.0,1.1591849302237676
7,SD004,S606,T3,2,120.25,1.1591849302237676
7,SD004,S617,T2,1,108.0,1.4735578079885367
7,SD004,S625,T2,1,332.0,2.077856378373978
7,SD004,S626,T2,1,161.0,2.1097408109848033
7,SD004,S688,T2,1,129.0,2.1534742718795266
7,SD004,S689,T2,1,108.0,1.3845465675483215
7,SD004,S689,T2,2,86.4,1.3845465675483215
7,SD004,S689,T3,1,324.0,1.3845465675483215
7,SD004,S690,T2,1,156.0,0.8052102484718188
7,SD004,S690,T2,2,124.8,0.8052102484718188
7,SD004,S690,T2,3,124.8,0.8052102484718188
7,SD004,S690,T3,1,468.0,0.8052102484718188
7,SD004,S690,T3,2,288.6,0.8052102484718188
7,SD004,S727,T2,1,38.0,0.6932412480150679
7,SD004,S727,T2,2,30.4,0.6932412480150679
7,SD004,S727,T2,3,30.4,0.6932412480150679
7,SD004,S727,T2,4,30.4,0.6932412480150679
7,SD004,S727,T3,1,114.0,0.6932412480150679
7,SD004,S727,T3,2,70.30000000000001,0.6932412480150679
7,SD004,S727,T3,3,70.30000000000001,0.6932412480150679
7,SD005,JH_H011,T1,1,10.0,0.534981795654251
7,SD005,JH_H011,T1,2,1.5,0.534981795654251
7,SD005,JH_H011,T1,3,3.125,0.534981795654251
7,SD005,JH_H011,T1,4,3.04375,0.534981795654251
7,SD005,JH_H011,T3,1,30.0,0.534981795654251
7,SD005,JH_H011,T3,2,25.5,0.534981795654251
7,SD005,JH_H011,T3,3,23.75,0.534981795654251
7,SD005,JH_H011,T3,4,22.0,0.534981795654251
7,SD005,S446,T2,1,159.0,13.576545716571008
7,SD005,S446,T2,2,66.0,13.576545716571008
7,SD005,S446,T2,3,26.0,13.576545716571008
7,SD005,S446,T2,4,13.0,13.576545716571008
7,SD005,S446,T3,1,235.0,13.576545716571008
7,SD005,S446,T3,2,84.5,13.576545716571008
7,SD005,S446,T3,3,20.25,13.576545716571008
7,SD006,JH_H003,T1,1,378.0,2.76486819460775
7,SD006,JH_H003,T1,2,56.70000000000002,2.76486819460775
7,SD006,JH_H003,T1,3,118.12500000000003,2.76486819460775
7,SD006,JH_H003,T1,4,115.05374999999998,2.76486819460775
7,SD006,JH_H015,T1,1,50.0,0.645170244514547
7,SD006,JH_H015,T1,2,7.5,0.645170244514547
7,SD006,JH_H015,T1,3,15.625,0.645170244514547
7,SD006,JH_H015,T1,4,15.21875,0.645170244514547
7,SD006,JH_H015,T3,1,150.0,0.645170244514547
7,SD006,JH_H015,T3,2,127.5,0.645170244514547
7,SD006,JH_H015,T3,3,118.75,0.645170244514547
7,SD006,JH_H015,T3,4,119.1875,0.645170244514547
7,SD006,S124,T2,1,200.0,1.430678099892389
7,SD006,S124,T2,2,160.0,1.430678099892389
7,SD006,S124,T3,1,600.0,1.430678099892389
7,SD006,S124,T3,2,59.049999999999955,1.430678099892389
7,SD006,S125,T2,1,207.0,0.9997048238543476
7,SD006,S125,T2,2,165.6,0.9997048238543476
7,SD006,S125,T2,3,165.6,0.9997048238543476
7,SD006,S125,T2,4,165.6,0.9997048238543476
7,SD006,S125,T3,1,621.0,0.9997048238543476
7,SD006,S125,T3,2,382.95000000000005,0.9997048238543476
7,SD006,S125,T3,3,382.95000000000005,0.9997048238543476
7,SD006,S125,T3,4,145.8125,0.9997048238543476
7,SD006,S126,T2,1,424.0,1.6205438392608271
7,SD006,S126,T2,2,77.00000000000003,1.6205438392608271
7,SD006,S126,T3,1,424.0,1.6205438392608271
7,SD006,S454,T2,1,198.0,1.4331077944721524
7,SD006,S454,T2,2,158.4,1.4331077944721524
7,SD006,S454,T3,1,594.0,1.4331077944721524
7,SD006,S455,T2,1,176.0,1.6287148731300443
7,SD006,S568,T2,1,293.0,2.276287623416751
7,SD006,S569,T2,1,503.0,1.9059148924773086
7,SD006,S681,T2,1,650.0,1.340423242203861
7,SD006,S681,T2,2,520.0,1.340423242203861
7,SD006,S681,T2,3,237.4,1.340423242203861
7,SD006,S681,T2,4,11.400000000000006,1.340423242203861
7,SD006,S681,T3,1,1950.0,1.340423242203861
7,SD006,S681,T3,2,1202.5,1.340423242203861
7,SD006,S681,T3,3,140.29999999999995,1.340423242203861
7,SD006,S682,T2,1,30.0,0.723270339989806
7,SD006,S682,T2,2,24.0,0.723270339989806
7,SD006,S682,T2,3,24.0,0.723270339989806
7,SD006,S682,T2,4,24.0,0.723270339989806
7,SD006,S682,T3,1,90.0,0.723270339989806
7,SD006,S682,T3,2,55.5,0.723270339989806
7,SD006,S682,T3,3,55.5,0.723270339989806
7,SD006,S682,T3,4,55.5,0.723270339989806
7,SD006,S683,T2,1,30.0,0.7391699983760568
7,SD006,S683,T2,2,24.0,0.7391699983760568
7,SD006,S683,T2,3,24.0,0.7391699983760568
7,SD006,S683,T2,4,24.0,0.7391699983760568
7,SD006,S683,T3,1,90.0,0.7391699983760568
7,SD006,S683,T3,2,55.5,0.7391699983760568
7,SD006,S683,T3,3,55.5,0.7391699983760568
7,SD006,S683,T3,4,55.5,0.7391699983760568
7,SD007,JH_H007,T1,1,75.0,4.981102350506281
7,SD007,JH_H007,T1,2,11.25,4.981102350506281
7,SD007,JH_H007,T1,3,23.4375,4.981102350506281
7,SD007,JH_H007,T1,4,22.828125,4.981102350506281
7,SD007,JH_H007,T3,1,225.0,4.981102350506281
7,SD007,JH_H007,T3,2,191.25,4.981102350506281
7,SD007,JH_H007,T3,3,178.125,4.981102350506281
7,SD007,JH_H007,T3,4,106.0,4.981102350506281
7,SD007,S395,T2,1,272.0,19.48361845865407
7,SD007,S395,T2,2,217.6,19.48361845865407
7,SD007,S395,T2,3,127.0,19.48361845865407
7,SD007,S395,T2,4,63.0,19.48361845865407
7,SD007,S395,T3,1,816.0,19.48361845865407
7,SD007,S395,T3,2,339.75,19.48361845865407
7,SD007,S395,T3,3,33.875,19.48361845865407
7,SD007,S447,T2,1,131.0,29.56357756604441
7,SD007,S447,T2,2,100.4,29.56357756604441
7,SD007,S447,T3,1,235.0,29.56357756604441
7,SD007,S564,T2,1,261.0,35.60543413799625
7,SD007,S565,T2,1,101.0,35.23780307038143
7,SD008,JH_H010,T1,1,15.0,2.2723099352135923
7,SD008,JH_H010,T1,2,2.25,2.2723099352135923
7,SD008,JH_H010,T1,3,4.6875,2.2723099352135923
7,SD008,JH_H010,T1,4,4.565625,2.2723099352135923
7,SD008,JH_H010,T3,1,45.0,2.2723099352135923
7,SD008,JH_H010,T3,2,38.25,2.2723099352135923
7,SD008,JH_H010,T3,3,35.625,2.2723099352135923
7,SD008,JH_H010,T3,4,24.0,2.2723099352135923
7,SD008,S572,T2,1,89.0,18.950429783126417
7,SD008,S572,T2,2,3.200000000000003,18.950429783126417
7,SD008,S729,T2,1,86.0,9.677941861024411
7,SD008,S729,T2,2,68.8,9.677941861024411
7,SD008,S729,T2,3,29.0,9.677941861024411
7,SD008,S729,T2,4,14.0,9.677941861024411
7,SD008,S729,T3,1,247.0,9.677941861024411
7,SD008,S729,T3,2,82.75,9.677941861024411
7,SD008,S729,T3,3,12.375,9.677941861024411
7,SD009,JH_H002,T1,1,528.1594913091227,8.677094127999364
7,SD009,JH_H002,T1,2,79.22392369636844,8.677094127999364
7,SD009,JH_H002,T1,3,165.04984103410084,8.677094127999364
7,SD009,JH_H002,T1,4,160.7585451672142,8.677094127999364
7,SD009,JH_H012,T1,1,49.94533535097605,1.4576943447875488
7,SD009,JH_H012,T1,2,7.491800302646411,1.4576943447875488
7,SD009,JH_H012,T1,3,15.60791729718002,1.4576943447875488
7,SD009,JH_H012,T1,4,15.202111447453333,1.4576943447875488
7,SD009,JH_H012,T3,1,0.003666240656223637,1.4576943447875488
7,SD009,S074,T2,1,954.0,1.3880390695148377
7,SD009,S074,T2,2,239.00000000000017,1.3880390695148377
7,SD009,S074,T3,1,2024.6873741257168,1.3880390695148377
7,SD009,S109,T2,1,177.0,1.9519912849642655
7,SD009,S112,T2,1,244.0,1.132994689053634
7,SD009,S112,T2,2,195.2,1.132994689053634
7,SD009,S112,T3,1,732.0,1.132994689053634
7,SD009,S112,T3,2,451.4000000000001,1.132994689053634
7,SD009,S462,T2,1,348.0,1.2065720748421453
7,SD009,S462,T2,2,278.4,1.2065720748421453
7,SD009,S462,T3,1,1044.0,1.2065720748421453
7,SD009,S469,T2,1,249.0,1.598364302491851
7,SD009,S471,T2,1,469.0,2.0003868347987974
7,SD009,S486,T2,2,143.20000000000005,0.43140466453816145
7,SD009,S486,T2,3,177.59999999999994,0.43140466453816145
7,SD009,S486,T2,4,189.79999999999998,0.43140466453816145
7,SD009,S486,T3,1,108.30895963362696,0.43140466453816145
7,SD009,S486,T3,2,930.5500000000002,0.43140466453816145
7,SD009,S486,T3,3,85.46959304328811,0.43140466453816145
7,SD009,S486,T3,4,456.4,0.43140466453816145
7,SD009,S487,T2,1,301.0,1.0348611048750498
7,SD009,S487,T2,2,240.8,1.0348611048750498
7,SD009,S487,T3,1,903.0,1.0348611048750498
7,SD009,S487,T3,2,556.8499999999999,1.0348611048750498
7,SD009,S488,T2,1,887.0,1.4592468756210197
7,SD009,S510,T2,1,249.0,0.6979083852350719
7,SD009,S510,T2,2,199.2,0.6979083852350719
7,SD009,S510,T2,3,199.2,0.6979083852350719
7,SD009,S510,T3,1,747.0,0.6979083852350719
7,SD009,S510,T3,2,460.6500000000001,0.6979083852350719
7,SD009,S510,T3,3,260.380406956712,0.6979083852350719
7,SD009,S517,T2,1,441.0,0.6471647314214741
7,SD009,S517,T2,2,352.8,0.6471647314214741
7,SD009,S517,T2,3,352.8,0.6471647314214741
7,SD009,S517,T2,4,163.4,0.6471647314214741
7,SD009,S517,T3,1,1323.0,0.6471647314214741
7,SD009,S517,T3,2,815.8499999999999,0.6471647314214741
7,SD009,S517,T3,3,815.8499999999999,0.6471647314214741
7,SD009,S518,T2,1,119.0,0.8341037274881986
7,SD009,S518,T2,2,95.2,0.8341037274881986
7,SD009,S518,T2,3,83.99999999999997,0.8341037274881986
7,SD009,S518,T3,1,357.0,0.8341037274881986
7,SD009,S518,T3,2,220.14999999999998,0.8341037274881986
7,SD009,S521,T2,1,141.0,1.2056576074633503
7,SD009,S521,T2,2,112.8,1.2056576074633503
7,SD009,S521,T3,1,423.0,1.2056576074633503
7,SD009,S521,T3,2,228.6500000000001,1.2056576074633503
7,SD009,S526,T2,1,39.0,1.5967739600035626
7,SD009,S529,T2,1,208.0,1.209251376816831
7,SD009,S529,T2,2,166.4,1.209251376816831
7,SD009,S529,T3,1,624.0,1.209251376816831
7,SD009,S593,T2,1,254.0,1.3091700300275313
7,SD009,S593,T2,2,203.2,1.3091700300275313
7,SD009,S593,T3,1,762.0,1.3091700300275313
7,SD009,S595,T2,1,122.0,0.6828915248353953
7,SD009,S595,T2,2,97.6,0.6828915248353953
7,SD009,S595,T2,3,97.6,0.6828915248353953
7,SD009,S595,T3,1,366.0,0.6828915248353953
7,SD009,S595,T3,2,225.70000000000005,0.6828915248353953
7,SD009,S595,T3,3,225.70000000000005,0.6828915248353953
7,SD009,S597,T2,1,156.0,0.8827713039146582
7,SD009,S597,T2,2,124.8,0.8827713039146582
7,SD009,S597,T3,1,468.0,0.8827713039146582
7,SD009,S597,T3,2,288.6,0.8827713039146582
7,SD009,S617,T2,1,638.0,1.397501868913553
7,SD009,S618,T2,1,70.0,1.382503583118036
7,SD009,S618,T2,2,56.0,1.382503583118036
7,SD009,S618,T3,1,210.0,1.382503583118036
7,SD009,S675,T2,1,111.0,2.034946139819214
7,SD009,S677,T2,1,102.0,1.2170290953506455
7,SD009,S677,T2,2,81.6,1.2170290953506455
7,SD009,S677,T3,1,306.0,1.2170290953506455
7,SD009,S684,T2,1,164.0,1.389608157583629
7,SD009,S685,T2,1,129.0,0.42193562792349804
7,SD009,S685,T2,2,103.2,0.42193562792349804
7,SD009,S685,T2,3,103.2,0.42193562792349804
7,SD009,S685,T2,4,103.2,0.42193562792349804
7,SD009,S685,T3,1,387.0,0.42193562792349804
7,SD009,S685,T3,2,238.64999999999998,0.42193562792349804
7,SD009,S685,T3,3,238.64999999999998,0.42193562792349804
7,SD009,S685,T3,4,238.64999999999998,0.42193562792349804
7,SD009,S686,T2,1,127.0,0.20364027207591445
7,SD009,S686,T2,2,101.6,0.20364027207591445
7,SD009,S686,T2,3,101.6,0.20364027207591445
7,SD009,S686,T2,4,101.6,0.20364027207591445
7,SD009,S686,T3,1,381.0,0.20364027207591445
7,SD009,S686,T3,2,234.95000000000005,0.20364027207591445
7,SD009,S686,T3,3,234.95000000000005,0.20364027207591445
7,SD009,S686,T3,4,234.95000000000005,0.20364027207591445
7,SD010,S002,T2,1,174.0,20.393405996838467
7,SD010,S033,T2,1,174.0,24.523763643503756
7,SD010,S034,T2,1,39.0,24.583558786131828
7,SD010,S576,T2,1,649.0,1.5750823381651595
7,SD010,S576,T2,2,498.0,1.5750823381651595
7,SD010,S576,T2,3,199.0,1.5750823381651595
7,SD010,S576,T2,4,99.0,1.5750823381651595
7,SD010,S576,T3,1,1947.0,1.5750823381651595
7,SD010,S576,T3,2,830.0,1.5750823381651595
7,SD010,S576,T3,3,332.0,1.5750823381651595
7,SD010,S576,T3,4,166.0,1.5750823381651595
7,SD010,S692,T2,1,160.0,15.830422081506425
7,SD010,S692,T3,1,46.0,15.830422081506425
7,SD011,JH_H006,T1,1,110.0,1.7150550139812313
7,SD011,JH_H006,T1,2,16.5,1.7150550139812313
7,SD011,JH_H006,T1,3,34.375,1.7150550139812313
7,SD011,JH_H006,T1,4,33.48125000000001,1.7150550139812313
7,SD011,JH_H006,T3,1,330.0,1.7150550139812313
7,SD011,JH_H006,T3,2,280.5,1.7150550139812313
7,SD011,JH_H006,T3,3,230.65,1.7150550139812313
7,SD011,JH_H006,T3,4,86.65,1.7150550139812313
7,SD011,S086,T2,1,31.0,1.5041363893893474
7,SD011,S086,T2,2,24.8,1.5041363893893474
7,SD011,S086,T2,3,24.8,1.5041363893893474
7,SD011,S086,T2,4,24.8,1.5041363893893474
7,SD011,S086,T3,1,93.0,1.5041363893893474
7,SD011,S086,T3,2,57.349999999999994,1.5041363893893474
7,SD011,S086,T3,3,57.349999999999994,1.5041363893893474
7,SD011,S086,T3,4,57.349999999999994,1.5041363893893474
7,SD011,S802,T2,1,1005.0,4.008752756105587
7,SD011,S802,T2,2,407.2,4.008752756105587
7,SD011,S802,T2,3,147.2,4.008752756105587
7,SD011,S802,T2,4,61.2,4.008752756105587
7,SD011,S802,T3,1,1305.0,4.008752756105587
7,SD011,S802,T3,2,382.15,4.008752756105587
8,SD001,JH_H004,T1,1,150.0,1.854989649044953
8,SD001,JH_H004,T1,2,22.5,1.854989649044953
8,SD001,JH_H004,T1,3,46.875,1.854989649044953
8,SD001,JH_H004,T1,4,45.65625,1.854989649044953
8,SD001,S008,T2,1,91.0,1.4141658668513217
8,SD001,S008,T2,2,72.8,1.4141658668513217
8,SD001,S008,T3,1,273.0,1.4141658668513217
8,SD001,S008,T3,2,17.59999999999991,1.4141658668513217
8,SD001,S068,T2,1,30.0,1.6186005431732127
8,SD001,S078,T2,1,90.0,0.7613366768678012
8,SD001,S078,T2,2,72.0,0.7613366768678012
8,SD001,S078,T3,1,270.0,0.7613366768678012
8,SD001,S078,T3,2,166.5,0.7613366768678012
8,SD001,S079,T2,1,30.0,0.6130448620883503
8,SD001,S079,T2,2,24.0,0.6130448620883503
8,SD001,S079,T3,1,90.0,0.6130448620883503
8,SD001,S079,T3,2,55.5,0.6130448620883503
8,SD001,S080,T2,1,30.0,0.5856407835426283
8,SD001,S080,T2,2,24.0,0.5856407835426283
8,SD001,S080,T3,1,90.0,0.5856407835426283
8,SD001,S080,T3,2,55.5,0.5856407835426283
8,SD001,S081,T2,1,30.0,1.2350430337468372
8,SD001,S081,T2,2,24.0,1.2350430337468372
8,SD001,S081,T3,1,90.0,1.2350430337468372
8,SD001,S081,T3,2,55.5,1.2350430337468372
8,SD001,S082,T2,1,95.0,0.30825726628798844
8,SD001,S082,T2,2,76.0,0.30825726628798844
8,SD001,S082,T2,3,76.0,0.30825726628798844
8,SD001,S082,T2,4,76.0,0.30825726628798844
8,SD001,S082,T3,1,285.0,0.30825726628798844
8,SD001,S082,T3,2,175.75,0.30825726628798844
8,SD001,S082,T3,3,175.75,0.30825726628798844
8,SD001,S082,T3,4,175.75,0.30825726628798844
8,SD001,S083,T2,1,47.0,1.4488374118755394
8,SD001,S083,T2,2,37.6,1.4488374118755394
8,SD001,S083,T3,1,141.0,1.4488374118755394
8,SD001,S541,T2,1,229.0,0.46064951290961775
8,SD001,S541,T2,2,183.2,0.46064951290961775
8,SD001,S541,T2,3,152.0,0.46064951290961775
8,SD001,S541,T2,4,38.0,0.46064951290961775
8,SD001,S541,T3,1,687.0,0.46064951290961775
8,SD001,S541,T3,2,423.6500000000001,0.46064951290961775
8,SD001,S541,T3,3,204.25,0.46064951290961775
8,SD001,S541,T3,4,14.25,0.46064951290961775
8,SD001,S715,T2,1,49.0,1.886108276469824
8,SD001,S721,T2,1,236.0,1.5796056128448186
8,SD001,S721,T2,2,56.39999999999999,1.5796056128448186
8,SD001,S721,T3,1,354.0,1.5796056128448186
8,SD001,S757,T2,1,411.0,1.9022722825061857
8,SD002,JH_H008,T1,1,30.0,1.0827923580272938
8,SD002,JH_H008,T1,2,4.5,1.0827923580272938
8,SD002,JH_H008,T1,3,9.375,1.0827923580272938
8,SD002,JH_H008,T1,4,9.13125,1.0827923580272938
8,SD002,JH_H008,T3,1,90.0,1.0827923580272938
8,SD002,JH_H008,T3,2,76.5,1.0827923580272938
8,SD002,JH_H008,T3,3,71.25,1.0827923580272938
8,SD002,JH_H008,T3,4,54.0,1.0827923580272938
8,SD002,S071,T2,1,100.0,22.407993625949995
8,SD002,S071,T2,2,18.799999999999997,22.407993625949995
8,SD002,S071,T3,1,24.0,22.407993625949995
8,SD002,S402,T2,1,39.0,26.129154168488203
8,SD002,S403,T2,1,30.0,16.770921449222417
8,SD002,S403,T2,2,24.0,16.770921449222417
8,SD002,S403,T2,3,24.0,16.770921449222417
8,SD002,S403,T2,4,24.0,16.770921449222417
8,SD002,S403,T3,1,90.0,16.770921449222417
8,SD002,S403,T3,2,55.5,16.770921449222417
8,SD002,S403,T3,3,36.75,16.770921449222417
8,SD002,S539,T2,1,72.0,23.860569411192145
8,SD002,S756,T2,1,149.0,17.628105547036988
8,SD002,S756,T2,2,119.2,17.628105547036988
8,SD002,S756,T2,3,41.0,17.628105547036988
8,SD002,S756,T2,4,8.0,17.628105547036988
8,SD002,S756,T3,1,447.0,17.628105547036988
8,SD002,S756,T3,2,139.0,17.628105547036988
8,SD003,JH_H009,T1,1,10.0,0.4313840120055951
8,SD003,JH_H009,T1,2,1.5,0.4313840120055951
8,SD003,JH_H009,T1,3,3.125,0.4313840120055951
8,SD003,JH_H009,T1,4,3.04375,0.4313840120055951
8,SD003,JH_H009,T3,1,30.0,0.4313840120055951
8,SD003,JH_H009,T3,2,25.5,0.4313840120055951
8,SD003,JH_H009,T3,3,23.75,0.4313840120055951
8,SD003,JH_H009,T3,4,23.8375,0.4313840120055951
8,SD003,S572,T2,1,306.0,15.514228917198071
8,SD003,S572,T2,2,127.0,15.514228917198071
8,SD003,S572,T2,3,51.0,15.514228917198071
8,SD003,S572,T2,4,25.0,15.514228917198071
8,SD003,S572,T3,1,481.0,15.514228917198071
8,SD003,S572,T3,2,187.5,15.514228917198071
8,SD003,S572,T3,3,61.25,15.514228917198071
8,SD003,S572,T3,4,18.1625,15.514228917198071
8,SD004,JH_H013,T1,1,32.73151286235383,2.6842115905313224
8,SD004,JH_H013,T1,2,4.909726929353074,2.6842115905313224
8,SD004,JH_H013,T1,3,10.228597769485576,2.6842115905313224
8,SD004,JH_H013,T1,4,9.962654227478946,2.6842115905313224
8,SD004,JH_H014,T1,1,30.46268592963848,0.32354661842920146
8,SD004,JH_H014,T1,2,4.569402889445772,0.32354661842920146
8,SD004,JH_H014,T1,3,9.519589353012025,0.32354661842920146
8,SD004,JH_H014,T1,4,9.272080029833713,0.32354661842920146
8,SD004,JH_H014,T3,1,91.38805778891543,0.32354661842920146
8,SD004,JH_H014,T3,2,77.67984912057811,0.32354661842920146
8,SD004,JH_H014,T3,3,72.34887908289137,0.32354661842920146
8,SD004,JH_H014,T3,4,72.61542758477572,0.32354661842920146
8,SD004,S015,T2,1,83.0,0.4456418776495982
8,SD004,S015,T2,2,66.4,0.4456418776495982
8,SD004,S015,T2,3,66.4,0.4456418776495982
8,SD004,S015,T2,4,66.4,0.4456418776495982
8,SD004,S015,T3,1,249.0,0.4456418776495982
8,SD004,S015,T3,2,153.55,0.4456418776495982
8,SD004,S015,T3,3,153.55,0.4456418776495982
8,SD004,S015,T3,4,153.55,0.4456418776495982
8,SD004,S111,T2,1,808.0,1.2451439966559943
8,SD004,S111,T2,2,646.4,1.2451439966559943
8,SD004,S111,T3,1,2424.0,1.2451439966559943
8,SD004,S111,T3,2,750.0201508794223,1.2451439966559943
8,SD004,S477,T2,1,228.0,1.4997932513210326
8,SD004,S478,T2,1,216.0,1.5153792585230599
8,SD004,S486,T2,1,503.0,0.4783285874010517
8,SD004,S486,T2,2,108.99999999999949,0.4783285874010517
8,SD004,S486,T2,3,279.80000000000007,0.4783285874010517
8,SD004,S486,T2,4,161.6,0.4783285874010517
8,SD004,S486,T3,1,559.0017738407734,0.4783285874010517
8,SD004,S486,T3,2,351.3499999999999,0.4783285874010517
8,SD004,S486,T3,3,670.8511209171087,0.4783285874010517
8,SD004,S486,T3,4,374.8345724152243,0.4783285874010517
8,SD004,S525,T2,1,67.0,1.2640603113896036
8,SD004,S525,T2,2,53.6,1.2640603113896036
8,SD004,S525,T3,1,201.0,1.2640603113896036
8,SD004,S583,T2,1,124.0,1.3098200579051456
8,SD004,S583,T2,2,78.80000000000055,1.3098200579051456
8,SD004,S583,T3,1,372.0,1.3098200579051456
8,SD004,S584,T2,1,119.0,0.8702269571511124
8,SD004,S584,T2,2,95.2,0.8702269571511124
8,SD004,S584,T3,1,357.0,0.8702269571511124
8,SD004,S584,T3,2,220.14999999999998,0.8702269571511124
8,SD004,S585,T2,1,173.0,1.0153546860217733
8,SD004,S585,T2,2,138.4,1.0153546860217733
8,SD004,S585,T3,1,519.0,1.0153546860217733
8,SD004,S585,T3,2,320.04999999999995,1.0153546860217733
8,SD004,S586,T2,1,226.0,0.7669305123872737
8,SD004,S586,T2,2,180.8,0.7669305123872737
8,SD004,S586,T2,3,180.8,0.7669305123872737
8,SD004,S586,T3,1,678.0,0.7669305123872737
8,SD004,S586,T3,2,418.09999999999997,0.7669305123872737
8,SD004,S587,T2,1,149.0,1.6268730303347014
8,SD004,S588,T2,1,231.0,1.5655639515228366
8,SD004,S589,T2,1,223.0,1.600192254035535
8,SD004,S596,T2,1,157.0,1.2472733119337553
8,SD004,S596,T2,2,125.6,1.2472733119337553
8,SD004,S596,T3,1,471.0,1.2472733119337553
8,SD004,S602,T2,1,171.0,1.5932312514084654
8,SD004,S603,T2,1,119.0,1.5260024731414439
8,SD004,S604,T2,1,70.0,0.5592533897787788
8,SD004,S604,T2,2,56.0,0.5592533897787788
8,SD004,S604,T2,3,56.0,0.5592533897787788
8,SD004,S604,T2,4,56.0,0.5592533897787788
8,SD004,S604,T3,1,210.0,0.5592533897787788
8,SD004,S604,T3,2,129.5,0.5592533897787788
8,SD004,S604,T3,3,129.5,0.5592533897787788
8,SD004,S605,T2,1,57.0,0.5200265192024999
8,SD004,S605,T2,2,45.6,0.5200265192024999
8,SD004,S605,T2,3,45.6,0.5200265192024999
8,SD004,S605,T2,4,45.6,0.5200265192024999
8,SD004,S605,T3,1,171.0,0.5200265192024999
8,SD004,S605,T3,2,105.44999999999999,0.5200265192024999
8,SD004,S605,T3,3,105.44999999999999,0.5200265192024999
8,SD004,S606,T2,1,65.0,1.1591849302237676
8,SD004,S606,T2,2,52.0,1.1591849302237676
8,SD004,S606,T3,1,195.0,1.1591849302237676
8,SD004,S606,T3,2,120.25,1.1591849302237676
8,SD004,S617,T2,1,237.0,1.4735578079885367
8,SD004,S689,T2,1,108.0,1.3845465675483215
8,SD004,S689,T3,1,133.61016837031127,1.3845465675483215
8,SD004,S690,T2,1,156.0,0.8052102484718188
8,SD004,S690,T2,2,124.8,0.8052102484718188
8,SD004,S690,T2,3,61.999999999999886,0.8052102484718188
8,SD004,S690,T3,1,468.0,0.8052102484718188
8,SD004,S690,T3,2,288.6,0.8052102484718188
8,SD004,S727,T2,1,38.0,0.6932412480150679
8,SD004,S727,T2,2,30.4,0.6932412480150679
8,SD004,S727,T2,3,30.4,0.6932412480150679
8,SD004,S727,T2,4,30.4,0.6932412480150679
8,SD004,S727,T3,1,114.0,0.6932412480150679
8,SD004,S727,T3,2,70.30000000000001,0.6932412480150679
8,SD004,S727,T3,3,70.30000000000001,0.6932412480150679
8,SD005,JH_H011,T1,1,10.0,0.534981795654251
8,SD005,JH_H011,T1,2,1.5,0.534981795654251
8,SD005,JH_H011,T1,3,3.125,0.534981795654251
8,SD005,JH_H011,T1,4,3.04375,0.534981795654251
8,SD005,JH_H011,T3,1,30.0,0.534981795654251
8,SD005,JH_H011,T3,2,25.5,0.534981795654251
8,SD005,JH_H011,T3,3,23.75,0.534981795654251
8,SD005,JH_H011,T3,4,19.0,0.534981795654251
8,SD005,S446,T2,1,139.0,13.576545716571008
8,SD005,S446,T2,2,58.0,13.576545716571008
8,SD005,S446,T2,3,23.0,13.576545716571008
8,SD005,S446,T2,4,11.0,13.576545716571008
8,SD005,S446,T3,1,202.0,13.576545716571008
8,SD005,S446,T3,2,71.5,13.576545716571008
8,SD005,S446,T3,3,14.25,13.576545716571008
8,SD006,JH_H003,T1,1,378.0,2.76486819460775
8,SD006,JH_H003,T1,2,56.70000000000002,2.76486819460775
8,SD006,JH_H003,T1,3,118.12500000000003,2.76486819460775
8,SD006,JH_H003,T1,4,115.05374999999998,2.76486819460775
8,SD006,JH_H015,T1,1,50.0,0.645170244514547
8,SD006,JH_H015,T1,2,7.5,0.645170244514547
8,SD006,JH_H015,T1,3,15.625,0.645170244514547
8,SD006,JH_H015,T1,4,15.21875,0.645170244514547
8,SD006,JH_H015,T3,1,150.0,0.645170244514547
8,SD006,JH_H015,T3,2,127.5,0.645170244514547
8,SD006,JH_H015,T3,3,118.75,0.645170244514547
8,SD006,JH_H015,T3,4,119.1875,0.645170244514547
8,SD006,S124,T2,1,200.0,1.430678099892389
8,SD006,S124,T2,2,160.0,1.430678099892389
8,SD006,S124,T3,1,600.0,1.430678099892389
8,SD006,S125,T2,1,207.0,0.9997048238543476
8,SD006,S125,T2,2,165.6,0.9997048238543476
8,SD006,S125,T2,3,165.6,0.9997048238543476
8,SD006,S125,T2,4,149.0,0.9997048238543476
8,SD006,S125,T3,1,621.0,0.9997048238543476
8,SD006,S125,T3,2,382.95000000000005,0.9997048238543476
8,SD006,S125,T3,3,382.95000000000005,0.9997048238543476
8,SD006,S125,T3,4,98.8125,0.9997048238543476
8,SD006,S126,T2,1,424.0,1.6205438392608271
8,SD006,S454,T2,1,198.0,1.4331077944721524
8,SD006,S454,T2,2,94.4,1.4331077944721524
8,SD006,S454,T3,1,454.0,1.4331077944721524
8,SD006,S455,T2,1,176.0,1.6287148731300443
8,SD006,S569,T2,1,458.0,1.9059148924773086
8,SD006,S681,T2,1,650.0,1.340423242203861
8,SD006,S681,T2,2,520.0,1.340423242203861
8,SD006,S681,T2,3,181.4,1.340423242203861
8,SD006,S681,T3,1,1950.0,1.340423242203861
8,SD006,S681,T3,2,1026.55,1.340423242203861
8,SD006,S681,T3,3,46.299999999999955,1.340423242203861
8,SD006,S682,T2,1,30.0,0.723270339989806
8,SD006,S682,T2,2,24.0,0.723270339989806
8,SD006,S682,T2,3,24.0,0.723270339989806
8,SD006,S682,T2,4,24.0,0.723270339989806
8,SD006,S682,T3,1,90.0,0.723270339989806
8,SD006,S682,T3,2,55.5,0.723270339989806
8,SD006,S682,T3,3,55.5,0.723270339989806
8,SD006,S682,T3,4,55.5,0.723270339989806
8,SD006,S683,T2,1,30.0,0.7391699983760568
8,SD006,S683,T2,2,24.0,0.7391699983760568
8,SD006,S683,T2,3,24.0,0.7391699983760568
8,SD006,S683,T2,4,24.0,0.7391699983760568
8,SD006,S683,T3,1,90.0,0.7391699983760568
8,SD006,S683,T3,2,55.5,0.7391699983760568
8,SD006,S683,T3,3,55.5,0.7391699983760568
8,SD006,S683,T3,4,55.5,0.7391699983760568
8,SD007,JH_H007,T1,1,74.99995956727594,4.981102350506281
8,SD007,JH_H007,T1,2,11.250026281270664,4.981102350506281
8,SD007,JH_H007,T1,3,23.437498685936475,4.981102350506281
8,SD007,JH_H007,T1,4,22.828125065703176,4.981102350506281
8,SD007,JH_H007,T2,1,4.043272410569898e-05,4.981102350506281
8,SD007,JH_H007,T3,1,225.0,4.981102350506281
8,SD007,JH_H007,T3,2,191.24997169709312,4.981102350506281
8,SD007,JH_H007,T3,3,178.12500141514533,4.981102350506281
8,SD007,JH_H007,T3,4,93.0,4.981102350506281
8,SD007,S395,T2,1,272.0,19.48361845865407
8,SD007,S395,T2,2,217.6,19.48361845865407
8,SD007,S395,T2,3,111.0,19.48361845865407
8,SD007,S395,T2,4,55.0,19.48361845865407
8,SD007,S395,T3,1,816.0,19.48361845865407
8,SD007,S395,T3,2,273.7500283029069,19.48361845865407
8,SD007,S395,T3,3,7.874998584854666,19.48361845865407
8,SD007,S447,T2,1,131.0,29.56357756604441
8,SD007,S447,T2,2,61.400000000000006,29.56357756604441
8,SD007,S447,T3,1,75.0,29.56357756604441
8,SD007,S539,T2,1,48.0,32.41914984545585
8,SD007,S564,T2,1,116.9999595672759,35.60543413799625
8,SD007,S565,T2,1,101.0,35.23780307038143
8,SD008,JH_H010,T1,1,15.0,2.2723099352135923
8,SD008,JH_H010,T1,2,2.25,2.2723099352135923
8,SD008,JH_H010,T1,3,4.6875,2.2723099352135923
8,SD008,JH_H010,T1,4,4.565625,2.2723099352135923
8,SD008,JH_H010,T3,1,45.0,2.2723099352135923
8,SD008,JH_H010,T3,2,38.25,2.2723099352135923
8,SD008,JH_H010,T3,3,35.625,2.2723099352135923
8,SD008,JH_H010,T3,4,21.0,2.2723099352135923
8,SD008,S572,T2,1,67.0,18.950429783126417
8,SD008,S729,T2,1,86.0,9.677941861024411
8,SD008,S729,T2,2,63.0,9.677941861024411
8,SD008,S729,T2,3,25.0,9.677941861024411
8,SD008,S729,T2,4,12.0,9.677941861024411
8,SD008,S729,T3,1,210.0,9.677941861024411
8,SD008,S729,T3,2,67.75,9.677941861024411
8,SD008,S729,T3,3,6.375,9.677941861024411
8,SD009,JH_H002,T1,1,537.1235525072906,8.677094127999364
8,SD009,JH_H002,T1,2,80.56853287609357,8.677094127999364
8,SD009,JH_H002,T1,3,167.85111015852831,8.677094127999364
8,SD009,JH_H002,T1,4,163.48698129440658,8.677094127999364
8,SD009,JH_H012,T1,1,51.19992876746658,1.4576943447875488
8,SD009,JH_H012,T1,2,7.679989315119986,1.4576943447875488
8,SD009,JH_H012,T1,3,15.999977739833309,1.4576943447875488
8,SD009,JH_H012,T1,4,15.583978318597637,1.4576943447875488
8,SD009,JH_H012,T3,1,0.0017738407733531858,1.4576943447875488
8,SD009,S074,T2,1,954.0,1.3880390695148377
8,SD009,S109,T2,1,50.0,1.9519912849642655
8,SD009,S112,T2,1,244.0,1.132994689053634
8,SD009,S112,T2,2,195.2,1.132994689053634
8,SD009,S112,T3,1,732.0,1.132994689053634
8,SD009,S112,T3,2,451.4000000000001,1.132994689053634
8,SD009,S462,T2,1,348.0,1.2065720748421453
8,SD009,S462,T2,2,278.4,1.2065720748421453
8,SD009,S462,T3,1,1044.0,1.2065720748421453
8,SD009,S469,T2,1,249.0,1.598364302491851
8,SD009,S486,T2,2,293.4000000000005,0.43140466453816145
8,SD009,S486,T2,3,122.59999999999991,0.43140466453816145
8,SD009,S486,T2,4,240.79999999999998,0.43140466453816145
8,SD009,S486,T3,1,949.9982261592266,0.43140466453816145
8,SD009,S486,T3,2,579.2000000000003,0.43140466453816145
8,SD009,S486,T3,3,259.6988790828915,0.43140466453816145
8,SD009,S486,T3,4,340.4,0.43140466453816145
8,SD009,S487,T2,1,301.0,1.0348611048750498
8,SD009,S487,T2,2,240.8,1.0348611048750498
8,SD009,S487,T3,1,903.0,1.0348611048750498
8,SD009,S487,T3,2,556.8499999999999,1.0348611048750498
8,SD009,S488,T2,1,887.0,1.4592468756210197
8,SD009,S510,T2,1,249.0,0.6979083852350719
8,SD009,S510,T2,2,199.2,0.6979083852350719
8,SD009,S510,T2,3,199.2,0.6979083852350719
8,SD009,S510,T3,1,747.0,0.6979083852350719
8,SD009,S510,T3,2,460.6500000000001,0.6979083852350719
8,SD009,S517,T2,1,441.0,0.6471647314214741
8,SD009,S517,T2,2,352.8,0.6471647314214741
8,SD009,S517,T2,3,352.8,0.6471647314214741
8,SD009,S517,T2,4,42.400000000000006,0.6471647314214741
8,SD009,S517,T3,1,1323.0,0.6471647314214741
8,SD009,S517,T3,2,815.8499999999999,0.6471647314214741
8,SD009,S517,T3,3,815.8499999999999,0.6471647314214741
8,SD009,S518,T2,1,119.0,0.8341037274881986
8,SD009,S518,T2,2,95.2,0.8341037274881986
8,SD009,S518,T3,1,357.0,0.8341037274881986
8,SD009,S518,T3,2,220.14999999999998,0.8341037274881986
8,SD009,S521,T2,1,141.0,1.2056576074633503
8,SD009,S521,T2,2,112.8,1.2056576074633503
8,SD009,S521,T3,1,423.0,1.2056576074633503
8,SD009,S526,T2,1,39.0,1.5967739600035626
8,SD009,S529,T2,1,208.0,1.209251376816831
8,SD009,S529,T2,2,166.4,1.209251376816831
8,SD009,S529,T3,1,624.0,1.209251376816831
8,SD009,S593,T2,1,254.0,1.3091700300275313
8,SD009,S593,T3,1,762.0,1.3091700300275313
8,SD009,S595,T2,1,122.0,0.6828915248353953
8,SD009,S595,T2,2,97.6,0.6828915248353953
8,SD009,S595,T2,3,97.6,0.6828915248353953
8,SD009,S595,T3,1,366.0,0.6828915248353953
8,SD009,S595,T3,2,225.70000000000005,0.6828915248353953
8,SD009,S595,T3,3,78.85112091710869,0.6828915248353953
8,SD009,S597,T2,1,156.0,0.8827713039146582
8,SD009,S597,T2,2,124.8,0.8827713039146582
8,SD009,S597,T3,1,468.0,0.8827713039146582
8,SD009,S597,T3,2,288.6,0.8827713039146582
8,SD009,S617,T2,1,509.0,1.397501868913553
8,SD009,S618,T2,1,70.0,1.382503583118036
8,SD009,S677,T2,1,102.0,1.2170290953506455
8,SD009,S677,T2,2,81.6,1.2170290953506455
8,SD009,S677,T3,1,306.0,1.2170290953506455
8,SD009,S684,T2,1,164.0,1.389608157583629
8,SD009,S685,T2,1,129.0,0.42193562792349804
8,SD009,S685,T2,2,103.2,0.42193562792349804
8,SD009,S685,T2,3,103.2,0.42193562792349804
8,SD009,S685,T2,4,103.2,0.42193562792349804
8,SD009,S685,T3,1,387.0,0.42193562792349804
8,SD009,S685,T3,2,238.64999999999998,0.42193562792349804
8,SD009,S685,T3,3,238.64999999999998,0.42193562792349804
8,SD009,S685,T3,4,238.64999999999998,0.42193562792349804
8,SD009,S686,T2,1,127.0,0.20364027207591445
8,SD009,S686,T2,2,101.6,0.20364027207591445
8,SD009,S686,T2,3,101.6,0.20364027207591445
8,SD009,S686,T2,4,101.6,0.20364027207591445
8,SD009,S686,T3,1,381.0,0.20364027207591445
8,SD009,S686,T3,2,234.95000000000005,0.20364027207591445
8,SD009,S686,T3,3,234.95000000000005,0.20364027207591445
8,SD009,S686,T3,4,234.95000000000005,0.20364027207591445
8,SD010,S002,T2,1,174.0,20.393405996838467
8,SD010,S033,T2,1,64.0,24.523763643503756
8,SD010,S576,T2,1,649.0,1.5750823381651595
8,SD010,S576,T2,2,436.0,1.5750823381651595
8,SD010,S576,T2,3,174.0,1.5750823381651595
8,SD010,S576,T2,4,87.0,1.5750823381651595
8,SD010,S576,T3,1,1745.0,1.5750823381651595
8,SD010,S576,T3,2,727.0,1.5750823381651595
8,SD010,S576,T3,3,290.0,1.5750823381651595
8,SD010,S576,T3,4,145.0,1.5750823381651595
8,SD010,S692,T2,1,160.0,15.830422081506425
8,SD011,JH_H006,T1,1,110.0,1.7150550139812313
8,SD011,JH_H006,T1,2,16.5,1.7150550139812313
8,SD011,JH_H006,T1,3,34.375,1.7150550139812313
8,SD011,JH_H006,T1,4,33.48125000000001,1.7150550139812313
8,SD011,JH_H006,T3,1,330.0,1.7150550139812313
8,SD011,JH_H006,T3,2,280.5,1.7150550139812313
8,SD011,JH_H006,T3,3,194.65,1.7150550139812313
8,SD011,JH_H006,T3,4,68.65,1.7150550139812313
8,SD011,S086,T2,1,31.0,1.5041363893893474
8,SD011,S086,T2,2,24.8,1.5041363893893474
8,SD011,S086,T2,3,24.8,1.5041363893893474
8,SD011,S086,T2,4,24.8,1.5041363893893474
8,SD011,S086,T3,1,93.0,1.5041363893893474
8,SD011,S086,T3,2,57.349999999999994,1.5041363893893474
8,SD011,S086,T3,3,57.349999999999994,1.5041363893893474
8,SD011,S086,T3,4,57.349999999999994,1.5041363893893474
8,SD011,S802,T2,1,876.0,4.008752756105587
8,SD011,S802,T2,2,353.2,4.008752756105587
8,SD011,S802,T2,3,126.2,4.008752756105587
8,SD011,S802,T2,4,50.2,4.008752756105587
8,SD011,S802,T3,1,1089.0,4.008752756105587
8,SD011,S802,T3,2,292.15,4.008752756105587
9,SD001,JH_H004,T1,1,150.0,1.854989649044953
9,SD001,JH_H004,T1,2,22.5,1.854989649044953
9,SD001,JH_H004,T1,3,46.875,1.854989649044953
9,SD001,JH_H004,T1,4,45.65625,1.854989649044953
9,SD001,S008,T2,1,91.0,1.4141658668513217
9,SD001,S008,T2,2,72.8,1.4141658668513217
9,SD001,S008,T3,1,273.0,1.4141658668513217
9,SD001,S008,T3,2,106.59999999999991,1.4141658668513217
9,SD001,S068,T2,1,30.0,1.6186005431732127
9,SD001,S078,T2,1,90.0,0.7613366768678012
9,SD001,S078,T2,2,72.0,0.7613366768678012
9,SD001,S078,T3,1,270.0,0.7613366768678012
9,SD001,S078,T3,2,166.5,0.7613366768678012
9,SD001,S079,T2,1,30.0,0.6130448620883503
9,SD001,S079,T2,2,24.0,0.6130448620883503
9,SD001,S079,T3,1,90.0,0.6130448620883503
9,SD001,S079,T3,2,55.5,0.6130448620883503
9,SD001,S080,T2,1,30.0,0.5856407835426283
9,SD001,S080,T2,2,24.0,0.5856407835426283
9,SD001,S080,T3,1,90.0,0.5856407835426283
9,SD001,S080,T3,2,55.5,0.5856407835426283
9,SD001,S081,T2,1,30.0,1.2350430337468372
9,SD001,S081,T2,2,24.0,1.2350430337468372
9,SD001,S081,T3,1,90.0,1.2350430337468372
9,SD001,S081,T3,2,55.5,1.2350430337468372
9,SD001,S082,T2,1,95.0,0.30825726628798844
9,SD001,S082,T2,2,76.0,0.30825726628798844
9,SD001,S082,T2,3,76.0,0.30825726628798844
9,SD001,S082,T2,4,76.0,0.30825726628798844
9,SD001,S082,T3,1,285.0,0.30825726628798844
9,SD001,S082,T3,2,175.75,0.30825726628798844
9,SD001,S082,T3,3,175.75,0.30825726628798844
9,SD001,S082,T3,4,175.75,0.30825726628798844
9,SD001,S083,T2,1,47.0,1.4488374118755394
9,SD001,S083,T2,2,37.6,1.4488374118755394
9,SD001,S083,T3,1,141.0,1.4488374118755394
9,SD001,S541,T2,1,229.0,0.46064951290961775
9,SD001,S541,T2,2,183.2,0.46064951290961775
9,SD001,S541,T2,3,173.0,0.46064951290961775
9,SD001,S541,T2,4,48.0,0.46064951290961775
9,SD001,S541,T3,1,687.0,0.46064951290961775
9,SD001,S541,T3,2,423.6500000000001,0.46064951290961775
9,SD001,S541,T3,3,239.25,0.46064951290961775
9,SD001,S541,T3,4,31.25,0.46064951290961775
9,SD001,S715,T2,1,49.0,1.886108276469824
9,SD001,S721,T2,1,236.0,1.5796056128448186
9,SD001,S721,T2,2,109.39999999999999,1.5796056128448186
9,SD001,S721,T3,1,568.0,1.5796056128448186
9,SD001,S757,T2,1,539.0,1.9022722825061857
9,SD002,JH_H008,T1,1,30.0,1.0827923580272938
9,SD002,JH_H008,T1,2,4.5,1.0827923580272938
9,SD002,JH_H008,T1,3,9.375,1.0827923580272938
9,SD002,JH_H008,T1,4,9.13125,1.0827923580272938
9,SD002,JH_H008,T3,1,90.0,1.0827923580272938
9,SD002,JH_H008,T3,2,76.5,1.0827923580272938
9,SD002,JH_H008,T3,3,71.25,1.0827923580272938
9,SD002,JH_H008,T3,4,59.0,1.0827923580272938
9,SD002,S071,T2,1,100.0,22.407993625949995
9,SD002,S071,T2,2,34.8,22.407993625949995
9,SD002,S071,T3,1,85.0,22.407993625949995
9,SD002,S402,T2,1,39.0,26.129154168488203
9,SD002,S403,T2,1,30.0,16.770921449222417
9,SD002,S403,T2,2,24.0,16.770921449222417
9,SD002,S403,T2,3,24.0,16.770921449222417
9,SD002,S403,T2,4,24.0,16.770921449222417
9,SD002,S403,T3,1,90.0,16.770921449222417
9,SD002,S403,T3,2,55.5,16.770921449222417
9,SD002,S403,T3,3,46.75,16.770921449222417
9,SD002,S539,T2,1,109.0,23.860569411192145
9,SD002,S756,T2,1,149.0,17.628105547036988
9,SD002,S756,T2,2,119.2,17.628105547036988
9,SD002,S756,T2,3,47.0,17.628105547036988
9,SD002,S756,T2,4,11.0,17.628105547036988
9,SD002,S756,T3,1,447.0,17.628105547036988
9,SD002,S756,T3,2,165.0,17.628105547036988
9,SD003,JH_H009,T1,1,10.0,0.4313840120055951
9,SD003,JH_H009,T1,2,1.5,0.4313840120055951
9,SD003,JH_H009,T1,3,3.125,0.4313840120055951
9,SD003,JH_H009,T1,4,3.04375,0.4313840120055951
9,SD003,JH_H009,T3,1,30.0,0.4313840120055951
9,SD003,JH_H009,T3,2,25.5,0.4313840120055951
9,SD003,JH_H009,T3,3,23.75,0.4313840120055951
9,SD003,JH_H009,T3,4,23.8375,0.4313840120055951
9,SD003,S572,T2,1,336.0,15.514228917198071
9,SD003,S572,T2,2,139.0,15.514228917198071
9,SD003,S572,T2,3,55.0,15.514228917198071
9,SD003,S572,T2,4,27.0,15.514228917198071
9,SD003,S572,T3,1,530.0,15.514228917198071
9,SD003,S572,T3,2,207.5,15.514228917198071
9,SD003,S572,T3,3,69.25,15.514228917198071
9,SD003,S572,T3,4,22.1625,15.514228917198071
9,SD004,JH_H013,T1,1,32.04824232480868,2.6842115905313224
9,SD004,JH_H013,T1,2,4.807236348721304,2.6842115905313224
9,SD004,JH_H013,T1,3,10.015075726502713,2.6842115905313224
9,SD004,JH_H013,T1,4,9.754683757613645,2.6842115905313224
9,SD004,JH_H014,T1,1,29.566135438706034,0.32354661842920146
9,SD004,JH_H014,T1,2,4.434920315805908,0.32354661842920146
9,SD004,JH_H014,T1,3,9.239417324595635,0.32354661842920146
9,SD004,JH_H014,T1,4,8.99919247415615,0.32354661842920146
9,SD004,JH_H014,T3,1,88.69840631611811,0.32354661842920146
9,SD004,JH_H014,T3,2,75.39364536870039,0.32354661842920146
9,SD004,JH_H014,T3,3,70.21957166692684,0.32354661842920146
9,SD004,JH_H014,T3,4,70.47827535201552,0.32354661842920146
9,SD004,S015,T2,1,83.0,0.4456418776495982
9,SD004,S015,T2,2,66.4,0.4456418776495982
9,SD004,S015,T2,3,66.4,0.4456418776495982
9,SD004,S015,T2,4,66.4,0.4456418776495982
9,SD004,S015,T3,1,249.0,0.4456418776495982
9,SD004,S015,T3,2,153.55,0.4456418776495982
9,SD004,S015,T3,3,153.55,0.4456418776495982
9,SD004,S015,T3,4,153.55,0.4456418776495982
9,SD004,S111,T2,1,808.0,1.2451439966559943
9,SD004,S111,T2,2,646.4,1.2451439966559943
9,SD004,S111,T3,1,2424.0,1.2451439966559943
9,SD004,S111,T3,2,1386.6563546313,1.2451439966559943
9,SD004,S406,T2,1,123.0,2.0654294745129445
9,SD004,S477,T2,1,228.0,1.4997932513210326
9,SD004,S478,T2,1,216.0,1.5153792585230599
9,SD004,S486,T2,1,503.0,0.4783285874010517
9,SD004,S486,T2,2,171.1999999999999,0.4783285874010517
9,SD004,S486,T2,3,189.80000000000004,0.4783285874010517
9,SD004,S486,T2,4,195.6,0.4783285874010517
9,SD004,S486,T3,1,1049.301593683882,0.4783285874010517
9,SD004,S486,T3,3,785.9804283330732,0.4783285874010517
9,SD004,S486,T3,4,432.9717246479845,0.4783285874010517
9,SD004,S525,T2,1,67.0,1.2640603113896036
9,SD004,S525,T2,2,53.6,1.2640603113896036
9,SD004,S525,T3,1,201.0,1.2640603113896036
9,SD004,S583,T2,1,124.0,1.3098200579051456
9,SD004,S583,T2,2,99.2,1.3098200579051456
9,SD004,S583,T3,1,372.0,1.3098200579051456
9,SD004,S584,T2,1,119.0,0.8702269571511124
9,SD004,S584,T2,2,95.2,0.8702269571511124
9,SD004,S584,T2,3,95.2,0.8702269571511124
9,SD004,S584,T3,1,357.0,0.8702269571511124
9,SD004,S584,T3,2,220.14999999999998,0.8702269571511124
9,SD004,S585,T2,1,173.0,1.0153546860217733
9,SD004,S585,T2,2,138.4,1.0153546860217733
9,SD004,S585,T3,1,519.0,1.0153546860217733
9,SD004,S585,T3,2,320.04999999999995,1.0153546860217733
9,SD004,S586,T2,1,226.0,0.7669305123872737
9,SD004,S586,T2,2,180.8,0.7669305123872737
9,SD004,S586,T2,3,180.8,0.7669305123872737
9,SD004,S586,T3,1,678.0,0.7669305123872737
9,SD004,S586,T3,2,418.09999999999997,0.7669305123872737
9,SD004,S587,T2,1,149.0,1.6268730303347014
9,SD004,S588,T2,1,231.0,1.5655639515228366
9,SD004,S589,T2,1,223.0,1.600192254035535
9,SD004,S596,T2,1,157.0,1.2472733119337553
9,SD004,S596,T2,2,125.6,1.2472733119337553
9,SD004,S596,T3,1,471.0,1.2472733119337553
9,SD004,S602,T2,1,171.0,1.5932312514084654
9,SD004,S603,T2,1,119.0,1.5260024731414439
9,SD004,S604,T2,1,70.0,0.5592533897787788
9,SD004,S604,T2,2,56.0,0.5592533897787788
9,SD004,S604,T2,3,56.0,0.5592533897787788
9,SD004,S604,T2,4,56.0,0.5592533897787788
9,SD004,S604,T3,1,210.0,0.5592533897787788
9,SD004,S604,T3,2,129.5,0.5592533897787788
9,SD004,S604,T3,3,129.5,0.5592533897787788
9,SD004,S605,T2,1,57.0,0.5200265192024999
9,SD004,S605,T2,2,45.6,0.5200265192024999
9,SD004,S605,T2,3,45.6,0.5200265192024999
9,SD004,S605,T2,4,45.6,0.5200265192024999
9,SD004,S605,T3,1,171.0,0.5200265192024999
9,SD004,S605,T3,2,105.44999999999999,0.5200265192024999
9,SD004,S605,T3,3,105.44999999999999,0.5200265192024999
9,SD004,S606,T2,1,65.0,1.1591849302237676
9,SD004,S606,T2,2,52.0,1.1591849302237676
9,SD004,S606,T3,1,195.0,1.1591849302237676
9,SD004,S606,T3,2,120.25,1.1591849302237676
9,SD004,S617,T2,1,281.0,1.4735578079885367
9,SD004,S625,T2,1,239.0,2.077856378373978
9,SD004,S689,T2,1,108.0,1.3845465675483215
9,SD004,S689,T2,2,86.4,1.3845465675483215
9,SD004,S689,T3,1,324.0,1.3845465675483215
9,SD004,S690,T2,1,156.0,0.8052102484718188
9,SD004,S690,T2,2,124.8,0.8052102484718188
9,SD004,S690,T2,3,124.8,0.8052102484718188
9,SD004,S690,T3,1,468.0,0.8052102484718188
9,SD004,S690,T3,2,288.6,0.8052102484718188
9,SD004,S727,T2,1,38.0,0.6932412480150679
9,SD004,S727,T2,2,30.4,0.6932412480150679
9,SD004,S727,T2,3,30.4,0.6932412480150679
9,SD004,S727,T2,4,30.4,0.6932412480150679
9,SD004,S727,T3,1,114.0,0.6932412480150679
9,SD004,S727,T3,2,70.30000000000001,0.6932412480150679
9,SD004,S727,T3,3,70.30000000000001,0.6932412480150679
9,SD005,JH_H011,T1,1,10.0,0.534981795654251
9,SD005,JH_H011,T1,2,1.5,0.534981795654251
9,SD005,JH_H011,T1,3,3.125,0.534981795654251
9,SD005,JH_H011,T1,4,3.04375,0.534981795654251
9,SD005,JH_H011,T3,1,30.0,0.534981795654251
9,SD005,JH_H011,T3,2,25.5,0.534981795654251
9,SD005,JH_H011,T3,3,23.75,0.534981795654251
9,SD005,JH_H011,T3,4,21.0,0.534981795654251
9,SD005,S446,T2,1,152.0,13.576545716571008
9,SD005,S446,T2,2,63.0,13.576545716571008
9,SD005,S446,T2,3,25.0,13.576545716571008
9,SD005,S446,T2,4,12.0,13.576545716571008
9,SD005,S446,T3,1,224.0,13.576545716571008
9,SD005,S446,T3,2,80.5,13.576545716571008
9,SD005,S446,T3,3,18.25,13.576545716571008
9,SD006,JH_H003,T1,1,378.0,2.76486819460775
9,SD006,JH_H003,T1,2,56.70000000000002,2.76486819460775
9,SD006,JH_H003,T1,3,118.12500000000003,2.76486819460775
9,SD006,JH_H003,T1,4,115.05374999999998,2.76486819460775
9,SD006,JH_H015,T1,1,50.0,0.645170244514547
9,SD006,JH_H015,T1,2,7.5,0.645170244514547
9,SD006,JH_H015,T1,3,15.625,0.645170244514547
9,SD006,JH_H015,T1,4,15.21875,0.645170244514547
9,SD006,JH_H015,T3,1,150.0,0.645170244514547
9,SD006,JH_H015,T3,2,127.5,0.645170244514547
9,SD006,JH_H015,T3,3,118.75,0.645170244514547
9,SD006,JH_H015,T3,4,119.1875,0.645170244514547
9,SD006,S124,T2,1,200.0,1.430678099892389
9,SD006,S124,T2,2,160.0,1.430678099892389
9,SD006,S124,T3,1,600.0,1.430678099892389
9,SD006,S125,T2,1,207.0,0.9997048238543476
9,SD006,S125,T2,2,165.6,0.9997048238543476
9,SD006,S125,T2,3,165.6,0.9997048238543476
9,SD006,S125,T2,4,165.6,0.9997048238543476
9,SD006,S125,T3,1,621.0,0.9997048238543476
9,SD006,S125,T3,2,382.95000000000005,0.9997048238543476
9,SD006,S125,T3,3,382.95000000000005,0.9997048238543476
9,SD006,S125,T3,4,129.8125,0.9997048238543476
9,SD006,S126,T2,1,424.0,1.6205438392608271
9,SD006,S126,T2,2,29.00000000000003,1.6205438392608271
9,SD006,S126,T3,1,232.0,1.6205438392608271
9,SD006,S454,T2,1,198.0,1.4331077944721524
9,SD006,S454,T2,2,158.4,1.4331077944721524
9,SD006,S454,T3,1,594.0,1.4331077944721524
9,SD006,S455,T2,1,176.0,1.6287148731300443
9,SD006,S568,T2,1,178.0,2.276287623416751
9,SD006,S569,T2,1,503.0,1.9059148924773086
9,SD006,S681,T2,1,650.0,1.340423242203861
9,SD006,S681,T2,2,520.0,1.340423242203861
9,SD006,S681,T2,3,218.4,1.340423242203861
9,SD006,S681,T2,4,2.4000000000000057,1.340423242203861
9,SD006,S681,T3,1,1950.0,1.340423242203861
9,SD006,S681,T3,2,1181.55,1.340423242203861
9,SD006,S681,T3,3,108.29999999999995,1.340423242203861
9,SD006,S682,T2,1,30.0,0.723270339989806
9,SD006,S682,T2,2,24.0,0.723270339989806
9,SD006,S682,T2,3,24.0,0.723270339989806
9,SD006,S682,T2,4,24.0,0.723270339989806
9,SD006,S682,T3,1,90.0,0.723270339989806
9,SD006,S682,T3,2,55.5,0.723270339989806
9,SD006,S682,T3,3,55.5,0.723270339989806
9,SD006,S682,T3,4,55.5,0.723270339989806
9,SD006,S683,T2,1,30.0,0.7391699983760568
9,SD006,S683,T2,2,24.0,0.7391699983760568
9,SD006,S683,T2,3,24.0,0.7391699983760568
9,SD006,S683,T2,4,24.0,0.7391699983760568
9,SD006,S683,T3,1,90.0,0.7391699983760568
9,SD006,S683,T3,2,55.5,0.7391699983760568
9,SD006,S683,T3,3,55.5,0.7391699983760568
9,SD006,S683,T3,4,55.5,0.7391699983760568
9,SD007,JH_H007,T1,1,74.99995518443569,4.981102350506281
9,SD007,JH_H007,T1,2,11.250029130116758,4.981102350506281
9,SD007,JH_H007,T1,3,23.437498543494172,4.981102350506281
9,SD007,JH_H007,T1,4,22.828125072825287,4.981102350506281
9,SD007,JH_H007,T2,1,4.481556436530809e-05,4.981102350506281
9,SD007,JH_H007,T3,1,225.0,4.981102350506281
9,SD007,JH_H007,T3,2,191.24996862910496,4.981102350506281
9,SD007,JH_H007,T3,3,178.12500156854475,4.981102350506281
9,SD007,JH_H007,T3,4,101.0,4.981102350506281
9,SD007,S395,T2,1,272.0,19.48361845865407
9,SD007,S395,T2,2,217.6,19.48361845865407
9,SD007,S395,T2,3,122.0,19.48361845865407
9,SD007,S395,T2,4,60.0,19.48361845865407
9,SD007,S395,T3,1,816.0,19.48361845865407
9,SD007,S395,T3,2,317.75003137089504,19.48361845865407
9,SD007,S395,T3,3,24.874998431455253,19.48361845865407
9,SD007,S447,T2,1,131.0,29.56357756604441
9,SD007,S447,T2,2,87.4,29.56357756604441
9,SD007,S447,T3,1,180.0,29.56357756604441
9,SD007,S539,T2,1,11.0,32.41914984545585
9,SD007,S564,T2,1,216.99995518443563,35.60543413799625
9,SD007,S565,T2,1,101.0,35.23780307038143
9,SD008,JH_H010,T1,1,15.0,2.2723099352135923
9,SD008,JH_H010,T1,2,2.25,2.2723099352135923
9,SD008,JH_H010,T1,3,4.6875,2.2723099352135923
9,SD008,JH_H010,T1,4,4.565625,2.2723099352135923
9,SD008,JH_H010,T3,1,45.0,2.2723099352135923
9,SD008,JH_H010,T3,2,38.25,2.2723099352135923
9,SD008,JH_H010,T3,3,35.625,2.2723099352135923
9,SD008,JH_H010,T3,4,23.0,2.2723099352135923
9,SD008,S572,T2,1,81.0,18.950429783126417
9,SD008,S572,T2,2,0.20000000000000284,18.950429783126417
9,SD008,S729,T2,1,86.0,9.677941861024411
9,SD008,S729,T2,2,68.8,9.677941861024411
9,SD008,S729,T2,3,27.0,9.677941861024411
9,SD008,S729,T2,4,13.0,9.677941861024411
9,SD008,S729,T3,1,234.0,9.677941861024411
9,SD008,S729,T3,2,77.75,9.677941861024411
9,SD008,S729,T3,3,10.375,9.677941861024411
9,SD009,JH_H002,T1,1,531.2128831666572,8.677094127999364
9,SD009,JH_H002,T1,2,79.68193247499858,8.677094127999364
9,SD009,JH_H002,T1,3,166.00402598958038,8.677094127999364
9,SD009,JH_H002,T1,4,161.68792131385132,8.677094127999364
9,SD009,JH_H012,T1,1,50.372682424779114,1.4576943447875488
9,SD009,JH_H012,T1,2,7.555902363716871,1.4576943447875488
9,SD009,JH_H012,T1,3,15.741463257743469,1.4576943447875488
9,SD009,JH_H012,T1,4,15.332185213042141,1.4576943447875488
9,SD009,JH_H012,T3,1,0.0034500540452444776,1.4576943447875488
9,SD009,S074,T2,1,954.0,1.3880390695148377
9,SD009,S074,T2,2,33.00000000000014,1.3880390695148377
9,SD009,S074,T3,1,1199.2981436298367,1.3880390695148377
9,SD009,S109,T2,1,177.0,1.9519912849642655
9,SD009,S112,T2,1,244.0,1.132994689053634
9,SD009,S112,T2,2,195.2,1.132994689053634
9,SD009,S112,T3,1,732.0,1.132994689053634
9,SD009,S112,T3,2,451.4000000000001,1.132994689053634
9,SD009,S462,T2,1,348.0,1.2065720748421453
9,SD009,S462,T2,2,278.4,1.2065720748421453
9,SD009,S462,T3,1,1044.0,1.2065720748421453
9,SD009,S469,T2,1,249.0,1.598364302491851
9,SD009,S471,T2,1,469.0,2.0003868347987974
9,SD009,S486,T2,2,231.20000000000007,0.43140466453816145
9,SD009,S486,T2,3,212.59999999999994,0.43140466453816145
9,SD009,S486,T2,4,206.79999999999998,0.43140466453816145
9,SD009,S486,T3,1,459.69840631611805,0.43140466453816145
9,SD009,S486,T3,2,930.5500000000002,0.43140466453816145
9,SD009,S486,T3,3,144.569571666927,0.43140466453816145
9,SD009,S486,T3,4,417.4,0.43140466453816145
9,SD009,S487,T2,1,301.0,1.0348611048750498
9,SD009,S487,T2,2,240.8,1.0348611048750498
9,SD009,S487,T3,1,903.0,1.0348611048750498
9,SD009,S487,T3,2,556.8499999999999,1.0348611048750498
9,SD009,S488,T2,1,887.0,1.4592468756210197
9,SD009,S510,T2,1,249.0,0.6979083852350719
9,SD009,S510,T2,2,199.2,0.6979083852350719
9,SD009,S510,T2,3,199.2,0.6979083852350719
9,SD009,S510,T3,1,747.0,0.6979083852350719
9,SD009,S510,T3,2,460.6500000000001,0.6979083852350719
9,SD009,S510,T3,3,122.28042833307313,0.6979083852350719
9,SD009,S517,T2,1,441.0,0.6471647314214741
9,SD009,S517,T2,2,352.8,0.6471647314214741
9,SD009,S517,T2,3,352.8,0.6471647314214741
9,SD009,S517,T2,4,122.4,0.6471647314214741
9,SD009,S517,T3,1,1323.0,0.6471647314214741
9,SD009,S517,T3,2,815.8499999999999,0.6471647314214741
9,SD009,S517,T3,3,815.8499999999999,0.6471647314214741
9,SD009,S518,T2,1,119.0,0.8341037274881986
9,SD009,S518,T2,2,95.2,0.8341037274881986
9,SD009,S518,T2,3,1.9999999999999716,0.8341037274881986
9,SD009,S518,T3,1,357.0,0.8341037274881986
9,SD009,S518,T3,2,220.14999999999998,0.8341037274881986
9,SD009,S521,T2,1,141.0,1.2056576074633503
9,SD009,S521,T2,2,112.8,1.2056576074633503
9,SD009,S521,T3,1,423.0,1.2056576074633503
9,SD009,S521,T3,2,31.65000000000009,1.2056576074633503
9,SD009,S526,T2,1,39.0,1.5967739600035626
9,SD009,S529,T2,1,208.0,1.209251376816831
9,SD009,S529,T2,2,166.4,1.209251376816831
9,SD009,S529,T3,1,624.0,1.209251376816831
9,SD009,S593,T2,1,254.0,1.3091700300275313
9,SD009,S593,T2,2,203.2,1.3091700300275313
9,SD009,S593,T3,1,762.0,1.3091700300275313
9,SD009,S595,T2,1,122.0,0.6828915248353953
9,SD009,S595,T2,2,97.6,0.6828915248353953
9,SD009,S595,T2,3,97.6,0.6828915248353953
9,SD009,S595,T3,1,366.0,0.6828915248353953
9,SD009,S595,T3,2,225.70000000000005,0.6828915248353953
9,SD009,S595,T3,3,225.70000000000005,0.6828915248353953
9,SD009,S597,T2,1,156.0,0.8827713039146582
9,SD009,S597,T2,2,124.8,0.8827713039146582
9,SD009,S597,T3,1,468.0,0.8827713039146582
9,SD009,S597,T3,2,288.6,0.8827713039146582
9,SD009,S617,T2,1,465.0,1.397501868913553
9,SD009,S618,T2,1,70.0,1.382503583118036
9,SD009,S618,T2,2,56.0,1.382503583118036
9,SD009,S618,T3,1,210.0,1.382503583118036
9,SD009,S677,T2,1,102.0,1.2170290953506455
9,SD009,S677,T2,2,81.6,1.2170290953506455
9,SD009,S677,T3,1,306.0,1.2170290953506455
9,SD009,S684,T2,1,164.0,1.389608157583629
9,SD009,S685,T2,1,129.0,0.42193562792349804
9,SD009,S685,T2,2,103.2,0.42193562792349804
9,SD009,S685,T2,3,103.2,0.42193562792349804
9,SD009,S685,T2,4,103.2,0.42193562792349804
9,SD009,S685,T3,1,387.0,0.42193562792349804
9,SD009,S685,T3,2,238.64999999999998,0.42193562792349804
9,SD009,S685,T3,3,238.64999999999998,0.42193562792349804
9,SD009,S685,T3,4,238.64999999999998,0.42193562792349804
9,SD009,S686,T2,1,127.0,0.20364027207591445
9,SD009,S686,T2,2,101.6,0.20364027207591445
9,SD009,S686,T2,3,101.6,0.20364027207591445
9,SD009,S686,T2,4,101.6,0.20364027207591445
9,SD009,S686,T3,1,381.0,0.20364027207591445
9,SD009,S686,T3,2,234.95000000000005,0.20364027207591445
9,SD009,S686,T3,3,234.95000000000005,0.20364027207591445
9,SD009,S686,T3,4,234.95000000000005,0.20364027207591445
9,SD010,S002,T2,1,174.0,20.393405996838467
9,SD010,S033,T2,1,162.0,24.523763643503756
9,SD010,S576,T2,1,649.0,1.5750823381651595
9,SD010,S576,T2,2,477.0,1.5750823381651595
9,SD010,S576,T2,3,190.0,1.5750823381651595
9,SD010,S576,T2,4,95.0,1.5750823381651595
9,SD010,S576,T3,1,1909.0,1.5750823381651595
9,SD010,S576,T3,2,795.0,1.5750823381651595
9,SD010,S576,T3,3,318.0,1.5750823381651595
9,SD010,S576,T3,4,159.0,1.5750823381651595
9,SD010,S692,T2,1,160.0,15.830422081506425
9,SD011,JH_H006,T1,1,110.0,1.7150550139812313
9,SD011,JH_H006,T1,2,16.5,1.7150550139812313
9,SD011,JH_H006,T1,3,34.375,1.7150550139812313
9,SD011,JH_H006,T1,4,33.48125000000001,1.7150550139812313
9,SD011,JH_H006,T3,1,330.0,1.7150550139812313
9,SD011,JH_H006,T3,2,280.5,1.7150550139812313
9,SD011,JH_H006,T3,3,217.65,1.7150550139812313
9,SD011,JH_H006,T3,4,79.65,1.7150550139812313
9,SD011,S086,T2,1,31.0,1.5041363893893474
9,SD011,S086,T2,2,24.8,1.5041363893893474
9,SD011,S086,T2,3,24.8,1.5041363893893474
9,SD011,S086,T2,4,24.8,1.5041363893893474
9,SD011,S086,T3,1,93.0,1.5041363893893474
9,SD011,S086,T3,2,57.349999999999994,1.5041363893893474
9,SD011,S086,T3,3,57.349999999999994,1.5041363893893474
9,SD011,S086,T3,4,57.349999999999994,1.5041363893893474
9,SD011,S802,T2,1,961.0,4.008752756105587
9,SD011,S802,T2,2,388.2,4.008752756105587
9,SD011,S802,T2,3,140.2,4.008752756105587
9,SD011,S802,T2,4,57.2,4.008752756105587
9,SD011,S802,T3,1,1231.0,4.008752756105587
9,SD011,S802,T3,2,351.15,4.008752756105587
10,SD001,JH_H004,T1,1,150.0,1.854989649044953
10,SD001,JH_H004,T1,2,22.5,1.854989649044953
10,SD001,JH_H004,T1,3,46.875,1.854989649044953
10,SD001,JH_H004,T1,4,45.65625,1.854989649044953
10,SD001,S008,T2,1,91.0,1.4141658668513217
10,SD001,S008,T2,2,72.8,1.4141658668513217
10,SD001,S008,T3,1,273.0,1.4141658668513217
10,SD001,S068,T2,1,30.0,1.6186005431732127
10,SD001,S078,T2,1,90.0,0.7613366768678012
10,SD001,S078,T2,2,72.0,0.7613366768678012
10,SD001,S078,T3,1,270.0,0.7613366768678012
10,SD001,S078,T3,2,97.59999999999991,0.7613366768678012
10,SD001,S079,T2,1,30.0,0.6130448620883503
10,SD001,S079,T2,2,24.0,0.6130448620883503
10,SD001,S079,T3,1,90.0,0.6130448620883503
10,SD001,S079,T3,2,55.5,0.6130448620883503
10,SD001,S080,T2,1,30.0,0.5856407835426283
10,SD001,S080,T2,2,24.0,0.5856407835426283
10,SD001,S080,T3,1,90.0,0.5856407835426283
10,SD001,S080,T3,2,55.5,0.5856407835426283
10,SD001,S081,T2,1,30.0,1.2350430337468372
10,SD001,S081,T2,2,24.0,1.2350430337468372
10,SD001,S081,T3,1,90.0,1.2350430337468372
10,SD001,S082,T2,1,95.0,0.30825726628798844
10,SD001,S082,T2,2,76.0,0.30825726628798844
10,SD001,S082,T2,3,76.0,0.30825726628798844
10,SD001,S082,T2,4,76.0,0.30825726628798844
10,SD001,S082,T3,1,285.0,0.30825726628798844
10,SD001,S082,T3,2,175.75,0.30825726628798844
10,SD001,S082,T3,3,175.75,0.30825726628798844
10,SD001,S082,T3,4,161.0,0.30825726628798844
10,SD001,S083,T2,1,47.0,1.4488374118755394
10,SD001,S083,T2,2,9.000000000000014,1.4488374118755394
10,SD001,S083,T3,1,141.0,1.4488374118755394
10,SD001,S541,T2,1,229.0,0.46064951290961775
10,SD001,S541,T2,2,183.2,0.46064951290961775
10,SD001,S541,T2,3,118.0,0.46064951290961775
10,SD001,S541,T2,4,20.0,0.46064951290961775
10,SD001,S541,T3,1,687.0,0.46064951290961775
10,SD001,S541,T3,2,423.6500000000001,0.46064951290961775
10,SD001,S541,T3,3,147.25,0.46064951290961775
10,SD001,S715,T2,1,49.0,1.886108276469824
10,SD001,S721,T2,1,236.0,1.5796056128448186
10,SD001,S721,T3,1,15.0,1.5796056128448186
10,SD001,S757,T2,1,207.0,1.9022722825061857
10,SD002,JH_H008,T1,1,30.0,1.0827923580272938
10,SD002,JH_H008,T1,2,4.5,1.0827923580272938
10,SD002,JH_H008,T1,3,9.375,1.0827923580272938
10,SD002,JH_H008,T1,4,9.13125,1.0827923580272938
10,SD002,JH_H008,T3,1,90.0,1.0827923580272938
10,SD002,JH_H008,T3,2,76.5,1.0827923580272938
10,SD002,JH_H008,T3,3,71.25,1.0827923580272938
10,SD002,JH_H008,T3,4,46.0,1.0827923580272938
10,SD002,S071,T2,1,100.0,22.407993625949995
10,SD002,S402,T2,1,39.0,26.129154168488203
10,SD002,S403,T2,1,30.0,16.770921449222417
10,SD002,S403,T2,2,24.0,16.770921449222417
10,SD002,S403,T2,3,24.0,16.770921449222417
10,SD002,S403,T2,4,24.0,16.770921449222417
10,SD002,S403,T3,1,90.0,16.770921449222417
10,SD002,S403,T3,2,55.5,16.770921449222417
10,SD002,S403,T3,3,20.75,16.770921449222417
10,SD002,S539,T2,1,14.0,23.860569411192145
10,SD002,S756,T2,1,149.0,17.628105547036988
10,SD002,S756,T2,2,114.0,17.628105547036988
10,SD002,S756,T2,3,31.0,17.628105547036988
10,SD002,S756,T2,4,3.0,17.628105547036988
10,SD002,S756,T3,1,374.0,17.628105547036988
10,SD002,S756,T3,2,99.0,17.628105547036988
10,SD003,JH_H009,T1,1,10.0,0.4313840120055951
10,SD003,JH_H009,T1,2,1.5,0.4313840120055951
10,SD003,JH_H009,T1,3,3.125,0.4313840120055951
10,SD003,JH_H009,T1,4,3.04375,0.4313840120055951
10,SD003,JH_H009,T3,1,30.0,0.4313840120055951
10,SD003,JH_H009,T3,2,25.5,0.4313840120055951
10,SD003,JH_H009,T3,3,23.75,0.4313840120055951
10,SD003,JH_H009,T3,4,23.8375,0.4313840120055951
10,SD003,S572,T2,1,261.0,15.514228917198071
10,SD003,S572,T2,2,108.0,15.514228917198071
10,SD003,S572,T2,3,43.0,15.514228917198071
10,SD003,S572,T2,4,21.0,15.514228917198071
10,SD003,S572,T3,1,405.0,15.514228917198071
10,SD003,S572,T3,2,155.5,15.514228917198071
10,SD003,S572,T3,3,48.25,15.514228917198071
10,SD003,S572,T3,4,12.162500000000001,15.514228917198071
10,SD004,JH_H013,T1,1,33.813252923061825,2.6842115905313224
10,SD004,JH_H013,T1,2,5.071987938459273,2.6842115905313224
10,SD004,JH_H013,T1,3,10.56664153845682,2.6842115905313224
10,SD004,JH_H013,T1,4,10.291908858456942,2.6842115905313224
10,SD004,JH_H014,T1,1,31.882086487978754,0.32354661842920146
10,SD004,JH_H014,T1,2,4.782312973196813,0.32354661842920146
10,SD004,JH_H014,T1,3,9.963152027493361,0.32354661842920146
10,SD004,JH_H014,T1,4,9.704110074778534,0.32354661842920146
10,SD004,JH_H014,T3,1,95.64625946393626,0.32354661842920146
10,SD004,JH_H014,T3,2,81.29932054434582,0.32354661842920146
10,SD004,JH_H014,T3,3,75.71995540894953,0.32354661842920146
10,SD004,JH_H014,T3,4,75.99892366571935,0.32354661842920146
10,SD004,S015,T2,1,83.0,0.4456418776495982
10,SD004,S015,T2,2,66.4,0.4456418776495982
10,SD004,S015,T2,3,66.4,0.4456418776495982
10,SD004,S015,T2,4,66.4,0.4456418776495982
10,SD004,S015,T3,1,249.0,0.4456418776495982
10,SD004,S015,T3,2,153.55,0.4456418776495982
10,SD004,S015,T3,3,153.55,0.4456418776495982
10,SD004,S015,T3,4,153.55,0.4456418776495982
10,SD004,S111,T2,1,808.0,1.2451439966559943
10,SD004,S111,T2,2,646.4,1.2451439966559943
10,SD004,S111,T3,1,2424.0,1.2451439966559943
10,SD004,S477,T2,1,228.0,1.4997932513210326
10,SD004,S478,T2,1,216.0,1.5153792585230599
10,SD004,S486,T2,1,503.0,0.4783285874010517
10,SD004,S486,T2,3,402.4,0.4783285874010517
10,SD004,S486,T2,4,192.2,0.4783285874010517
10,SD004,S486,T3,1,188.35374053606375,0.4783285874010517
10,SD004,S486,T3,2,650.7506794556541,0.4783285874010517
10,SD004,S486,T3,3,488.4800445910505,0.4783285874010517
10,SD004,S486,T3,4,281.45107633428063,0.4783285874010517
10,SD004,S525,T2,1,67.0,1.2640603113896036
10,SD004,S583,T2,1,124.0,1.3098200579051456
10,SD004,S584,T2,1,119.0,0.8702269571511124
10,SD004,S584,T2,2,95.2,0.8702269571511124
10,SD004,S584,T3,1,357.0,0.8702269571511124
10,SD004,S584,T3,2,220.14999999999998,0.8702269571511124
10,SD004,S585,T2,1,173.0,1.0153546860217733
10,SD004,S585,T2,2,138.4,1.0153546860217733
10,SD004,S585,T3,1,519.0,1.0153546860217733
10,SD004,S585,T3,2,320.04999999999995,1.0153546860217733
10,SD004,S586,T2,1,226.0,0.7669305123872737
10,SD004,S586,T2,2,180.8,0.7669305123872737
10,SD004,S586,T2,3,12.200000000000017,0.7669305123872737
10,SD004,S586,T3,1,678.0,0.7669305123872737
10,SD004,S586,T3,2,418.09999999999997,0.7669305123872737
10,SD004,S596,T2,1,157.0,1.2472733119337553
10,SD004,S596,T2,2,99.00000000000009,1.2472733119337553
10,SD004,S596,T3,1,471.0,1.2472733119337553
10,SD004,S603,T2,1,119.0,1.5260024731414439
10,SD004,S604,T2,1,70.0,0.5592533897787788
10,SD004,S604,T2,2,56.0,0.5592533897787788
10,SD004,S604,T2,3,56.0,0.5592533897787788
10,SD004,S604,T2,4,1.799999999999983,0.5592533897787788
10,SD004,S604,T3,1,210.0,0.5592533897787788
10,SD004,S604,T3,2,129.5,0.5592533897787788
10,SD004,S604,T3,3,129.5,0.5592533897787788
10,SD004,S605,T2,1,57.0,0.5200265192024999
10,SD004,S605,T2,2,45.6,0.5200265192024999
10,SD004,S605,T2,3,45.6,0.5200265192024999
10,SD004,S605,T2,4,45.6,0.5200265192024999
10,SD004,S605,T3,1,171.0,0.5200265192024999
10,SD004,S605,T3,2,105.44999999999999,0.5200265192024999
10,SD004,S605,T3,3,105.44999999999999,0.5200265192024999
10,SD004,S606,T2,1,65.0,1.1591849302237676
10,SD004,S606,T2,2,52.0,1.1591849302237676
10,SD004,S606,T3,1,195.0,1.1591849302237676
10,SD004,S606,T3,2,120.25,1.1591849302237676
10,SD004,S617,T2,1,367.0,1.4735578079885367
10,SD004,S689,T2,1,108.0,1.3845465675483215
10,SD004,S690,T2,1,156.0,0.8052102484718188
10,SD004,S690,T2,2,124.8,0.8052102484718188
10,SD004,S690,T3,1,468.0,0.8052102484718188
10,SD004,S690,T3,2,288.6,0.8052102484718188
10,SD004,S727,T2,1,38.0,0.6932412480150679
10,SD004,S727,T2,2,30.4,0.6932412480150679
10,SD004,S727,T2,3,30.4,0.6932412480150679
10,SD004,S727,T3,1,114.0,0.6932412480150679
10,SD004,S727,T3,2,70.30000000000001,0.6932412480150679
10,SD004,S727,T3,3,70.30000000000001,0.6932412480150679
10,SD005,JH_H011,T1,1,10.0,0.534981795654251
10,SD005,JH_H011,T1,2,1.5,0.534981795654251
10,SD005,JH_H011,T1,3,3.125,0.534981795654251
10,SD005,JH_H011,T1,4,3.04375,0.534981795654251
10,SD005,JH_H011,T3,1,30.0,0.534981795654251
10,SD005,JH_H011,T3,2,25.5,0.534981795654251
10,SD005,JH_H011,T3,3,23.75,0.534981795654251
10,SD005,JH_H011,T3,4,16.0,0.534981795654251
10,SD005,S446,T2,1,118.0,13.576545716571008
10,SD005,S446,T2,2,49.0,13.576545716571008
10,SD005,S446,T2,3,19.0,13.576545716571008
10,SD005,S446,T2,4,9.0,13.576545716571008
10,SD005,S446,T3,1,168.0,13.576545716571008
10,SD005,S446,T3,2,56.5,13.576545716571008
10,SD005,S446,T3,3,9.25,13.576545716571008
10,SD006,JH_H003,T1,1,378.0,2.76486819460775
10,SD006,JH_H003,T1,2,56.70000000000002,2.76486819460775
10,SD006,JH_H003,T1,3,118.12500000000003,2.76486819460775
10,SD006,JH_H003,T1,4,115.05374999999998,2.76486819460775
10,SD006,JH_H015,T1,1,50.0,0.645170244514547
10,SD006,JH_H015,T1,2,7.5,0.645170244514547
10,SD006,JH_H015,T1,3,15.625,0.645170244514547
10,SD006,JH_H015,T1,4,15.21875,0.645170244514547
10,SD006,JH_H015,T3,1,150.0,0.645170244514547
10,SD006,JH_H015,T3,2,127.5,0.645170244514547
10,SD006,JH_H015,T3,3,118.75,0.645170244514547
10,SD006,JH_H015,T3,4,119.1875,0.645170244514547
10,SD006,S124,T2,1,200.0,1.430678099892389
10,SD006,S124,T2,2,107.4,1.430678099892389
10,SD006,S124,T3,1,466.0,1.430678099892389
10,SD006,S125,T2,1,207.0,0.9997048238543476
10,SD006,S125,T2,2,165.6,0.9997048238543476
10,SD006,S125,T2,3,165.6,0.9997048238543476
10,SD006,S125,T2,4,120.0,0.9997048238543476
10,SD006,S125,T3,1,621.0,0.9997048238543476
10,SD006,S125,T3,2,382.95000000000005,0.9997048238543476
10,SD006,S125,T3,3,331.25,0.9997048238543476
10,SD006,S125,T3,4,49.8125,0.9997048238543476
10,SD006,S126,T2,1,424.0,1.6205438392608271
10,SD006,S454,T2,1,198.0,1.4331077944721524
10,SD006,S455,T2,1,176.0,1.6287148731300443
10,SD006,S569,T2,1,105.0,1.9059148924773086
10,SD006,S681,T2,1,650.0,1.340423242203861
10,SD006,S681,T2,2,520.0,1.340423242203861
10,SD006,S681,T2,3,122.4,1.340423242203861
10,SD006,S681,T3,1,1950.0,1.340423242203861
10,SD006,S681,T3,2,781.55,1.340423242203861
10,SD006,S682,T2,1,30.0,0.723270339989806
10,SD006,S682,T2,2,24.0,0.723270339989806
10,SD006,S682,T2,3,24.0,0.723270339989806
10,SD006,S682,T2,4,24.0,0.723270339989806
10,SD006,S682,T3,1,90.0,0.723270339989806
10,SD006,S682,T3,2,55.5,0.723270339989806
10,SD006,S682,T3,3,55.5,0.723270339989806
10,SD006,S682,T3,4,55.5,0.723270339989806
10,SD006,S683,T2,1,30.0,0.7391699983760568
10,SD006,S683,T2,2,24.0,0.7391699983760568
10,SD006,S683,T2,3,24.0,0.7391699983760568
10,SD006,S683,T2,4,24.0,0.7391699983760568
10,SD006,S683,T3,1,90.0,0.7391699983760568
10,SD006,S683,T3,2,55.5,0.7391699983760568
10,SD006,S683,T3,3,55.5,0.7391699983760568
10,SD006,S683,T3,4,55.5,0.7391699983760568
10,SD007,JH_H007,T1,1,75.0,4.981102350506281
10,SD007,JH_H007,T1,2,11.24996791949377,4.981102350506281
10,SD007,JH_H007,T1,3,23.437520852329044,4.981102350506281
10,SD007,JH_H007,T1,4,22.828123957383582,4.981102350506281
10,SD007,JH_H007,T2,2,3.2080506272791354e-05,4.981102350506281
10,SD007,JH_H007,T3,1,225.0,4.981102350506281
10,SD007,JH_H007,T3,2,191.25,4.981102350506281
10,SD007,JH_H007,T3,3,158.0,4.981102350506281
10,SD007,JH_H007,T3,4,79.0,4.981102350506281
10,SD007,S395,T2,1,272.0,19.48361845865407
10,SD007,S395,T2,2,217.6,19.48361845865407
10,SD007,S395,T2,3,94.0,19.48361845865407
10,SD007,S395,T2,4,47.0,19.48361845865407
10,SD007,S395,T3,1,725.0,19.48361845865407
10,SD007,S395,T3,2,204.75,19.48361845865407
10,SD007,S447,T2,1,131.0,29.56357756604441
10,SD007,S447,T2,2,19.399967919493733,29.56357756604441
10,SD007,S539,T2,1,106.0,32.41914984545585
10,SD007,S565,T2,1,61.0,35.23780307038143
10,SD008,JH_H010,T1,1,15.0,2.2723099352135923
10,SD008,JH_H010,T1,2,2.25,2.2723099352135923
10,SD008,JH_H010,T1,3,4.6875,2.2723099352135923
10,SD008,JH_H010,T1,4,4.565625,2.2723099352135923
10,SD008,JH_H010,T3,1,45.0,2.2723099352135923
10,SD008,JH_H010,T3,2,38.25,2.2723099352135923
10,SD008,JH_H010,T3,3,35.625,2.2723099352135923
10,SD008,JH_H010,T3,4,18.0,2.2723099352135923
10,SD008,S572,T2,1,44.0,18.950429783126417
10,SD008,S729,T2,1,86.0,9.677941861024411
10,SD008,S729,T2,2,54.0,9.677941861024411
10,SD008,S729,T2,3,21.0,9.677941861024411
10,SD008,S729,T2,4,10.0,9.677941861024411
10,SD008,S729,T3,1,172.0,9.677941861024411
10,SD008,S729,T3,2,51.75,9.677941861024411
10,SD008,S729,T3,3,0.375,9.677941861024411
10,SD009,JH_H002,T1,1,546.4812043597079,8.677094127999364
10,SD009,JH_H002,T1,2,81.97218065395617,8.677094127999364
10,SD009,JH_H002,T1,3,170.77537636240876,8.677094127999364
10,SD009,JH_H002,T1,4,166.33521657698614,8.677094127999364
10,SD009,JH_H012,T1,1,52.50960840355082,1.4576943447875488
10,SD009,JH_H012,T1,2,7.876441260532623,1.4576943447875488
10,SD009,JH_H012,T1,3,16.409252626109634,1.4576943447875488
10,SD009,JH_H012,T1,4,15.982612057830778,1.4576943447875488
10,SD009,S074,T2,1,954.0,1.3880390695148377
10,SD009,S112,T2,1,244.0,1.132994689053634
10,SD009,S112,T2,2,195.2,1.132994689053634
10,SD009,S112,T3,1,732.0,1.132994689053634
10,SD009,S112,T3,2,144.8006794556543,1.132994689053634
10,SD009,S462,T2,1,348.0,1.2065720748421453
10,SD009,S462,T2,2,53.40000000000026,1.2065720748421453
10,SD009,S462,T3,1,911.3537405360637,1.2065720748421453
10,SD009,S486,T2,2,402.4,0.43140466453816145
10,SD009,S486,T2,4,210.2,0.43140466453816145
10,SD009,S486,T3,1,1320.6462594639363,0.43140466453816145
10,SD009,S486,T3,2,279.7993205443461,0.43140466453816145
10,SD009,S486,T3,3,442.0699554089497,0.43140466453816145
10,SD009,S486,T3,4,219.39999999999998,0.43140466453816145
10,SD009,S487,T2,1,301.0,1.0348611048750498
10,SD009,S487,T2,2,240.8,1.0348611048750498
10,SD009,S487,T3,1,903.0,1.0348611048750498
10,SD009,S487,T3,2,556.8499999999999,1.0348611048750498
10,SD009,S488,T2,1,483.0,1.4592468756210197
10,SD009,S510,T2,1,249.0,0.6979083852350719
10,SD009,S510,T2,2,199.2,0.6979083852350719
10,SD009,S510,T2,3,175.7999999999999,0.6979083852350719
10,SD009,S510,T3,1,747.0,0.6979083852350719
10,SD009,S510,T3,2,460.6500000000001,0.6979083852350719
10,SD009,S517,T2,1,441.0,0.6471647314214741
10,SD009,S517,T2,2,352.8,0.6471647314214741
10,SD009,S517,T2,3,352.8,0.6471647314214741
10,SD009,S517,T3,1,1323.0,0.6471647314214741
10,SD009,S517,T3,2,815.8499999999999,0.6471647314214741
10,SD009,S517,T3,3,470.3300445910503,0.6471647314214741
10,SD009,S518,T2,1,119.0,0.8341037274881986
10,SD009,S518,T2,2,95.2,0.8341037274881986
10,SD009,S518,T3,1,357.0,0.8341037274881986
10,SD009,S518,T3,2,220.14999999999998,0.8341037274881986
10,SD009,S521,T2,1,141.0,1.2056576074633503
10,SD009,S521,T2,2,112.8,1.2056576074633503
10,SD009,S521,T3,1,423.0,1.2056576074633503
10,SD009,S529,T2,1,208.0,1.209251376816831
10,SD009,S593,T2,1,254.0,1.3091700300275313
10,SD009,S595,T2,1,122.0,0.6828915248353953
10,SD009,S595,T2,2,97.6,0.6828915248353953
10,SD009,S595,T2,3,97.6,0.6828915248353953
10,SD009,S595,T3,1,366.0,0.6828915248353953
10,SD009,S595,T3,2,225.70000000000005,0.6828915248353953
10,SD009,S597,T2,1,156.0,0.8827713039146582
10,SD009,S597,T2,2,124.8,0.8827713039146582
10,SD009,S597,T3,1,468.0,0.8827713039146582
10,SD009,S597,T3,2,288.6,0.8827713039146582
10,SD009,S617,T2,1,379.0,1.397501868913553
10,SD009,S618,T2,1,70.0,1.382503583118036
10,SD009,S677,T2,1,102.0,1.2170290953506455
10,SD009,S684,T2,1,164.0,1.389608157583629
10,SD009,S685,T2,1,129.0,0.42193562792349804
10,SD009,S685,T2,2,103.2,0.42193562792349804
10,SD009,S685,T2,3,103.2,0.42193562792349804
10,SD009,S685,T2,4,103.2,0.42193562792349804
10,SD009,S685,T3,1,387.0,0.42193562792349804
10,SD009,S685,T3,2,238.64999999999998,0.42193562792349804
10,SD009,S685,T3,3,238.64999999999998,0.42193562792349804
10,SD009,S685,T3,4,238.64999999999998,0.42193562792349804
10,SD009,S686,T2,1,127.0,0.20364027207591445
10,SD009,S686,T2,2,101.6,0.20364027207591445
10,SD009,S686,T2,3,101.6,0.20364027207591445
10,SD009,S686,T2,4,101.6,0.20364027207591445
10,SD009,S686,T3,1,381.0,0.20364027207591445
10,SD009,S686,T3,2,234.95000000000005,0.20364027207591445
10,SD009,S686,T3,3,234.95000000000005,0.20364027207591445
10,SD009,S686,T3,4,234.95000000000005,0.20364027207591445
10,SD010,S002,T2,1,82.0,20.393405996838467
10,SD010,S576,T2,1,649.0,1.5750823381651595
10,SD010,S576,T2,2,371.0,1.5750823381651595
10,SD010,S576,T2,3,148.0,1.5750823381651595
10,SD010,S576,T2,4,74.0,1.5750823381651595
10,SD010,S576,T3,1,1485.0,1.5750823381651595
10,SD010,S576,T3,2,619.0,1.5750823381651595
10,SD010,S576,T3,3,247.0,1.5750823381651595
10,SD010,S576,T3,4,123.0,1.5750823381651595
10,SD010,S692,T2,1,160.0,15.830422081506425
10,SD011,JH_H006,T1,1,110.0,1.7150550139812313
10,SD011,JH_H006,T1,2,16.5,1.7150550139812313
10,SD011,JH_H006,T1,3,34.375,1.7150550139812313
10,SD011,JH_H006,T1,4,33.48125000000001,1.7150550139812313
10,SD011,JH_H006,T3,1,330.0,1.7150550139812313
10,SD011,JH_H006,T3,2,280.5,1.7150550139812313
10,SD011,JH_H006,T3,3,156.65,1.7150550139812313
10,SD011,JH_H006,T3,4,49.65082067724334,1.7150550139812313
10,SD011,S086,T2,1,31.0,1.5041363893893474
10,SD011,S086,T2,2,24.8,1.5041363893893474
10,SD011,S086,T2,3,24.8,1.5041363893893474
10,SD011,S086,T2,4,24.8,1.5041363893893474
10,SD011,S086,T3,1,93.0,1.5041363893893474
10,SD011,S086,T3,2,57.349999999999994,1.5041363893893474
10,SD011,S086,T3,3,57.349999999999994,1.5041363893893474
10,SD011,S086,T3,4,57.34917932275666,1.5041363893893474
10,SD011,S802,T2,1,741.0,4.008752756105587
10,SD011,S802,T2,2,296.2,4.008752756105587
10,SD011,S802,T2,3,103.2,4.008752756105587
10,SD011,S802,T2,4,39.2,4.008752756105587
10,SD011,S802,T3,1,864.0,4.008752756105587
10,SD011,S802,T3,2,198.14999999999998,4.008752756105587
11,SD001,JH_H004,T1,1,150.0,1.854989649044953
11,SD001,JH_H004,T1,2,22.5,1.854989649044953
11,SD001,JH_H004,T1,3,46.875,1.854989649044953
11,SD001,JH_H004,T1,4,45.65625,1.854989649044953
11,SD001,JH_H004,T3,1,450.0,1.854989649044953
11,SD001,S008,T2,1,91.0,1.4141658668513217
11,SD001,S008,T2,2,72.8,1.4141658668513217
11,SD001,S008,T3,1,273.0,1.4141658668513217
11,SD001,S008,T3,2,168.35000000000002,1.4141658668513217
11,SD001,S068,T2,1,30.0,1.6186005431732127
11,SD001,S068,T2,2,24.0,1.6186005431732127
11,SD001,S068,T3,1,90.0,1.6186005431732127
11,SD001,S078,T2,1,90.0,0.7613366768678012
11,SD001,S078,T2,2,72.0,0.7613366768678012
11,SD001,S078,T2,3,18.80000000000001,0.7613366768678012
11,SD001,S078,T3,1,270.0,0.7613366768678012
11,SD001,S078,T3,2,166.5,0.7613366768678012
11,SD001,S079,T2,1,30.0,0.6130448620883503
11,SD001,S079,T2,2,24.0,0.6130448620883503
11,SD001,S079,T2,3,24.0,0.6130448620883503
11,SD001,S079,T3,1,90.0,0.6130448620883503
11,SD001,S079,T3,2,55.5,0.6130448620883503
11,SD001,S080,T2,1,30.0,0.5856407835426283
11,SD001,S080,T2,2,24.0,0.5856407835426283
11,SD001,S080,T2,3,24.0,0.5856407835426283
11,SD001,S080,T3,1,90.0,0.5856407835426283
11,SD001,S080,T3,2,55.5,0.5856407835426283
11,SD001,S081,T2,1,30.0,1.2350430337468372
11,SD001,S081,T2,2,24.0,1.2350430337468372
11,SD001,S081,T3,1,90.0,1.2350430337468372
11,SD001,S081,T3,2,55.5,1.2350430337468372
11,SD001,S082,T2,1,95.0,0.30825726628798844
11,SD001,S082,T2,2,76.0,0.30825726628798844
11,SD001,S082,T2,3,76.0,0.30825726628798844
11,SD001,S082,T2,4,76.0,0.30825726628798844
11,SD001,S082,T3,1,285.0,0.30825726628798844
11,SD001,S082,T3,2,175.75,0.30825726628798844
11,SD001,S082,T3,3,175.75,0.30825726628798844
11,SD001,S082,T3,4,175.75,0.30825726628798844
11,SD001,S083,T2,1,47.0,1.4488374118755394
11,SD001,S083,T2,2,37.6,1.4488374118755394
11,SD001,S083,T3,1,141.0,1.4488374118755394
11,SD001,S083,T3,2,86.94999999999999,1.4488374118755394
11,SD001,S541,T2,1,229.0,0.46064951290961775
11,SD001,S541,T2,2,183.2,0.46064951290961775
11,SD001,S541,T2,3,183.2,0.46064951290961775
11,SD001,S541,T2,4,87.0,0.46064951290961775
11,SD001,S541,T3,1,687.0,0.46064951290961775
11,SD001,S541,T3,2,423.6500000000001,0.46064951290961775
11,SD001,S541,T3,3,368.25,0.46064951290961775
11,SD001,S541,T3,4,96.25,0.46064951290961775
11,SD001,S715,T2,1,49.0,1.886108276469824
11,SD001,S715,T2,2,39.2,1.886108276469824
11,SD001,S715,T3,1,90.0,1.886108276469824
11,SD001,S721,T2,1,236.0,1.5796056128448186
11,SD001,S721,T2,2,188.8,1.5796056128448186
11,SD001,S721,T3,1,708.0,1.5796056128448186
11,SD001,S721,T3,2,172.29999999999984,1.5796056128448186
11,SD001,S722,T2,1,417.0,1.9678695758040023
11,SD001,S757,T2,1,584.0,1.9022722825061857
11,SD001,S757,T2,2,50.39999999999999,1.9022722825061857
11,SD002,JH_H008,T1,1,29.999939409758326,1.0827923580272938
11,SD002,JH_H008,T1,2,4.500039383657111,1.0827923580272938
11,SD002,JH_H008,T1,3,9.374998030817153,1.0827923580272938
11,SD002,JH_H008,T1,4,9.131250098459134,1.0827923580272938
11,SD002,JH_H008,T2,1,6.05902417056825e-05,1.0827923580272938
11,SD002,JH_H008,T3,1,90.0,1.0827923580272938
11,SD002,JH_H008,T3,2,76.4999575868308,1.0827923580272938
11,SD002,JH_H008,T3,3,71.25000212065846,1.0827923580272938
11,SD002,JH_H008,T3,4,71.51249989396707,1.0827923580272938
11,SD002,S071,T2,1,100.0,22.407993625949995
11,SD002,S071,T2,2,80.0,22.407993625949995
11,SD002,S071,T3,1,300.0,22.407993625949995
11,SD002,S402,T2,1,39.0,26.129154168488203
11,SD002,S403,T2,1,30.0,16.770921449222417
11,SD002,S403,T2,2,24.0,16.770921449222417
11,SD002,S403,T2,3,24.0,16.770921449222417
11,SD002,S403,T2,4,24.0,16.770921449222417
11,SD002,S403,T3,1,90.0,16.770921449222417
11,SD002,S403,T3,2,55.5,16.770921449222417
11,SD002,S403,T3,3,55.5,16.770921449222417
11,SD002,S403,T3,4,5.487500106032925,16.770921449222417
11,SD002,S539,T2,1,120.0,23.860569411192145
11,SD002,S539,T2,2,9.799999999999997,23.860569411192145
11,SD002,S539,T3,1,5.0,23.860569411192145
11,SD002,S550,T2,1,30.0,36.18104152205202
11,SD002,S674,T2,1,90.9999394097583,36.29727816595809
11,SD002,S756,T2,1,149.0,17.628105547036988
11,SD002,S756,T2,2,119.2,17.628105547036988
11,SD002,S756,T2,3,69.0,17.628105547036988
11,SD002,S756,T2,4,22.0,17.628105547036988
11,SD002,S756,T3,1,447.0,17.628105547036988
11,SD002,S756,T3,2,256.0000424131692,17.628105547036988
11,SD002,S756,T3,3,28.249997879341535,17.628105547036988
11,SD003,JH_H009,T1,1,10.0,0.4313840120055951
11,SD003,JH_H009,T1,2,1.5,0.4313840120055951
11,SD003,JH_H009,T1,3,3.125,0.4313840120055951
11,SD003,JH_H009,T1,4,3.04375,0.4313840120055951
11,SD003,JH_H009,T3,1,30.0,0.4313840120055951
11,SD003,JH_H009,T3,2,25.5,0.4313840120055951
11,SD003,JH_H009,T3,3,23.75,0.4313840120055951
11,SD003,JH_H009,T3,4,23.8375,0.4313840120055951
11,SD003,S572,T2,1,439.0,15.514228917198071
11,SD003,S572,T2,2,183.0,15.514228917198071
11,SD003,S572,T2,3,73.0,15.514228917198071
11,SD003,S572,T2,4,36.0,15.514228917198071
11,SD003,S572,T3,1,702.0,15.514228917198071
11,SD003,S572,T3,2,279.5,15.514228917198071
11,SD003,S572,T3,3,98.25,15.514228917198071
11,SD003,S572,T3,4,37.1625,15.514228917198071
11,SD004,JH_H013,T1,1,29.594293507132132,2.6842115905313224
11,SD004,JH_H013,T1,2,4.439144026069819,2.6842115905313224
11,SD004,JH_H013,T1,3,9.248216720978794,2.6842115905313224
11,SD004,JH_H013,T1,4,9.007763086233341,2.6842115905313224
11,SD004,JH_H014,T1,1,26.346197074152123,0.32354661842920146
11,SD004,JH_H014,T1,2,3.951929561122821,0.32354661842920146
11,SD004,JH_H014,T1,3,8.233186585672538,0.32354661842920146
11,SD004,JH_H014,T1,4,8.019123734445055,0.32354661842920146
11,SD004,JH_H014,T3,1,79.03859122245638,0.32354661842920146
11,SD004,JH_H014,T3,2,67.18280253908792,0.32354661842920146
11,SD004,JH_H014,T3,3,62.57221805111129,0.32354661842920146
11,SD004,JH_H014,T3,4,62.80274727551013,0.32354661842920146
11,SD004,S015,T2,1,83.0,0.4456418776495982
11,SD004,S015,T2,2,66.4,0.4456418776495982
11,SD004,S015,T2,3,66.4,0.4456418776495982
11,SD004,S015,T2,4,66.4,0.4456418776495982
11,SD004,S015,T3,1,249.0,0.4456418776495982
11,SD004,S015,T3,2,153.55,0.4456418776495982
11,SD004,S015,T3,3,153.55,0.4456418776495982
11,SD004,S015,T3,4,153.55,0.4456418776495982
11,SD004,S111,T2,1,808.0,1.2451439966559943
11,SD004,S111,T2,2,646.4,1.2451439966559943
11,SD004,S111,T3,1,2424.0,1.2451439966559943
11,SD004,S111,T3,2,1494.8000000000002,1.2451439966559943
11,SD004,S406,T2,1,123.0,2.0654294745129445
11,SD004,S477,T2,1,228.0,1.4997932513210326
11,SD004,S477,T3,1,684.0,1.4997932513210326
11,SD004,S478,T2,1,216.0,1.5153792585230599
11,SD004,S478,T3,1,648.0,1.5153792585230599
11,SD004,S486,T2,1,503.0,0.4783285874010517
11,SD004,S486,T2,2,402.4,0.4783285874010517
11,SD004,S486,T2,3,294.4000000000001,0.4783285874010517
11,SD004,S486,T2,4,317.6,0.4783285874010517
11,SD004,S486,T3,1,1509.0,0.4783285874010517
11,SD004,S486,T3,2,270.26719746091186,0.4783285874010517
11,SD004,S486,T3,3,575.3500000000001,0.4783285874010517
11,SD004,S486,T3,4,338.3972527244899,0.4783285874010517
11,SD004,S497,T2,1,185.0,2.523708638376318
11,SD004,S525,T2,1,67.0,1.2640603113896036
11,SD004,S525,T2,2,53.6,1.2640603113896036
11,SD004,S525,T3,1,201.0,1.2640603113896036
11,SD004,S525,T3,2,123.94999999999999,1.2640603113896036
11,SD004,S551,T2,1,204.0,2.3434883503746464
11,SD004,S583,T2,1,124.0,1.3098200579051456
11,SD004,S583,T2,2,99.2,1.3098200579051456
11,SD004,S583,T3,1,372.0,1.3098200579051456
11,SD004,S583,T3,2,229.39999999999998,1.3098200579051456
11,SD004,S584,T2,1,119.0,0.8702269571511124
11,SD004,S584,T2,2,95.2,0.8702269571511124
11,SD004,S584,T2,3,95.2,0.8702269571511124
11,SD004,S584,T3,1,357.0,0.8702269571511124
11,SD004,S584,T3,2,220.14999999999998,0.8702269571511124
11,SD004,S585,T2,1,173.0,1.0153546860217733
11,SD004,S585,T2,2,138.4,1.0153546860217733
11,SD004,S585,T2,3,138.4,1.0153546860217733
11,SD004,S585,T3,1,519.0,1.0153546860217733
11,SD004,S585,T3,2,320.04999999999995,1.0153546860217733
11,SD004,S586,T2,1,226.0,0.7669305123872737
11,SD004,S586,T2,2,180.8,0.7669305123872737
11,SD004,S586,T2,3,180.8,0.7669305123872737
11,SD004,S586,T3,1,678.0,0.7669305123872737
11,SD004,S586,T3,2,418.09999999999997,0.7669305123872737
11,SD004,S586,T3,3,418.09999999999997,0.7669305123872737
11,SD004,S587,T2,1,149.0,1.6268730303347014
11,SD004,S588,T2,1,231.0,1.5655639515228366
11,SD004,S589,T2,1,223.0,1.600192254035535
11,SD004,S596,T2,1,157.0,1.2472733119337553
11,SD004,S596,T2,2,125.6,1.2472733119337553
11,SD004,S596,T3,1,471.0,1.2472733119337553
11,SD004,S596,T3,2,290.45000000000005,1.2472733119337553
11,SD004,S602,T2,1,171.0,1.5932312514084654
11,SD004,S603,T2,1,119.0,1.5260024731414439
11,SD004,S603,T3,1,17.915814100255417,1.5260024731414439
11,SD004,S604,T2,1,70.0,0.5592533897787788
11,SD004,S604,T2,2,56.0,0.5592533897787788
11,SD004,S604,T2,3,56.0,0.5592533897787788
11,SD004,S604,T2,4,56.0,0.5592533897787788
11,SD004,S604,T3,1,210.0,0.5592533897787788
11,SD004,S604,T3,2,129.5,0.5592533897787788
11,SD004,S604,T3,3,129.5,0.5592533897787788
11,SD004,S604,T3,4,129.5,0.5592533897787788
11,SD004,S605,T2,1,57.0,0.5200265192024999
11,SD004,S605,T2,2,45.6,0.5200265192024999
11,SD004,S605,T2,3,45.6,0.5200265192024999
11,SD004,S605,T2,4,45.6,0.5200265192024999
11,SD004,S605,T3,1,171.0,0.5200265192024999
11,SD004,S605,T3,2,105.44999999999999,0.5200265192024999
11,SD004,S605,T3,3,105.44999999999999,0.5200265192024999
11,SD004,S605,T3,4,105.44999999999999,0.5200265192024999
11,SD004,S606,T2,1,65.0,1.1591849302237676
11,SD004,S606,T2,2,52.0,1.1591849302237676
11,SD004,S606,T3,1,195.0,1.1591849302237676
11,SD004,S606,T3,2,120.25,1.1591849302237676
11,SD004,S617,T2,1,746.0,1.4735578079885367
11,SD004,S617,T2,2,377.79999999999995,1.4735578079885367
11,SD004,S617,T3,1,635.0455946772882,1.4735578079885367
11,SD004,S625,T2,1,332.0,2.077856378373978
11,SD004,S626,T2,1,161.0,2.1097408109848033
11,SD004,S687,T2,1,147.0,2.159666837934605
11,SD004,S688,T2,1,206.0,2.1534742718795266
11,SD004,S689,T2,1,108.0,1.3845465675483215
11,SD004,S689,T2,2,86.4,1.3845465675483215
11,SD004,S689,T3,1,324.0,1.3845465675483215
11,SD004,S690,T2,1,156.0,0.8052102484718188
11,SD004,S690,T2,2,124.8,0.8052102484718188
11,SD004,S690,T2,3,124.8,0.8052102484718188
11,SD004,S690,T3,1,468.0,0.8052102484718188
11,SD004,S690,T3,2,288.6,0.8052102484718188
11,SD004,S690,T3,3,206.17778194888865,0.8052102484718188
11,SD004,S727,T2,1,38.0,0.6932412480150679
11,SD004,S727,T2,2,30.4,0.6932412480150679
11,SD004,S727,T2,3,30.4,0.6932412480150679
11,SD004,S727,T2,4,30.4,0.6932412480150679
11,SD004,S727,T3,1,114.0,0.6932412480150679
11,SD004,S727,T3,2,70.30000000000001,0.6932412480150679
11,SD004,S727,T3,3,70.30000000000001,0.6932412480150679
11,SD004,S727,T3,4,70.30000000000001,0.6932412480150679
11,SD005,JH_H011,T1,1,10.0,0.534981795654251
11,SD005,JH_H011,T1,2,1.5,0.534981795654251
11,SD005,JH_H011,T1,3,3.125,0.534981795654251
11,SD005,JH_H011,T1,4,3.04375,0.534981795654251
11,SD005,JH_H011,T3,1,30.0,0.534981795654251
11,SD005,JH_H011,T3,2,25.5,0.534981795654251
11,SD005,JH_H011,T3,3,23.75,0.534981795654251
11,SD005,JH_H011,T3,4,23.8375,0.534981795654251
11,SD005,S446,T2,1,86.0,13.576545716571008
11,SD005,S446,T2,2,83.0,13.576545716571008
11,SD005,S446,T2,3,33.0,13.576545716571008
11,SD005,S446,T2,4,16.0,13.576545716571008
11,SD005,S446,T3,1,303.0,13.576545716571008
11,SD005,S446,T3,2,112.5,13.576545716571008
11,SD005,S446,T3,3,31.25,13.576545716571008
11,SD005,S446,T3,4,3.1625000000000014,13.576545716571008
11,SD005,S791,T2,1,113.0,14.043439762067017
11,SD006,JH_H003,T1,1,378.0,2.76486819460775
11,SD006,JH_H003,T1,2,56.70000000000002,2.76486819460775
11,SD006,JH_H003,T1,3,118.12500000000003,2.76486819460775
11,SD006,JH_H003,T1,4,115.05374999999998,2.76486819460775
11,SD006,JH_H015,T1,1,50.0,0.645170244514547
11,SD006,JH_H015,T1,2,7.5,0.645170244514547
11,SD006,JH_H015,T1,3,15.625,0.645170244514547
11,SD006,JH_H015,T1,4,15.21875,0.645170244514547
11,SD006,JH_H015,T3,1,150.0,0.645170244514547
11,SD006,JH_H015,T3,2,127.5,0.645170244514547
11,SD006,JH_H015,T3,3,118.75,0.645170244514547
11,SD006,JH_H015,T3,4,119.1875,0.645170244514547
11,SD006,S124,T2,1,200.0,1.430678099892389
11,SD006,S124,T2,2,160.0,1.430678099892389
11,SD006,S124,T3,1,600.0,1.430678099892389
11,SD006,S124,T3,2,370.0,1.430678099892389
11,SD006,S125,T2,1,207.0,0.9997048238543476
11,SD006,S125,T2,2,165.6,0.9997048238543476
11,SD006,S125,T2,3,165.6,0.9997048238543476
11,SD006,S125,T2,4,165.6,0.9997048238543476
11,SD006,S125,T3,1,621.0,0.9997048238543476
11,SD006,S125,T3,2,382.95000000000005,0.9997048238543476
11,SD006,S125,T3,3,382.95000000000005,0.9997048238543476
11,SD006,S125,T3,4,240.8125,0.9997048238543476
11,SD006,S126,T2,1,424.0,1.6205438392608271
11,SD006,S126,T2,2,339.2,1.6205438392608271
11,SD006,S126,T3,1,1272.0,1.6205438392608271
11,SD006,S446,T2,1,73.0,2.8704414725548366
11,SD006,S454,T2,1,198.0,1.4331077944721524
11,SD006,S454,T2,2,158.4,1.4331077944721524
11,SD006,S454,T3,1,594.0,1.4331077944721524
11,SD006,S454,T3,2,165.04999999999995,1.4331077944721524
11,SD006,S455,T2,1,176.0,1.6287148731300443
11,SD006,S455,T2,2,23.80000000000004,1.6287148731300443
11,SD006,S455,T3,1,295.0,1.6287148731300443
11,SD006,S568,T2,1,339.0,2.276287623416751
11,SD006,S569,T2,1,503.0,1.9059148924773086
11,SD006,S680,T2,1,226.0,2.3645430802121266
11,SD006,S681,T2,1,650.0,1.340423242203861
11,SD006,S681,T2,2,520.0,1.340423242203861
11,SD006,S681,T2,3,352.4,1.340423242203861
11,SD006,S681,T2,4,68.4,1.340423242203861
11,SD006,S681,T3,1,1950.0,1.340423242203861
11,SD006,S681,T3,2,1202.5,1.340423242203861
11,SD006,S681,T3,3,330.29999999999995,1.340423242203861
11,SD006,S682,T2,1,30.0,0.723270339989806
11,SD006,S682,T2,2,24.0,0.723270339989806
11,SD006,S682,T2,3,24.0,0.723270339989806
11,SD006,S682,T2,4,24.0,0.723270339989806
11,SD006,S682,T3,1,90.0,0.723270339989806
11,SD006,S682,T3,2,55.5,0.723270339989806
11,SD006,S682,T3,3,55.5,0.723270339989806
11,SD006,S682,T3,4,55.5,0.723270339989806
11,SD006,S683,T2,1,30.0,0.7391699983760568
11,SD006,S683,T2,2,24.0,0.7391699983760568
11,SD006,S683,T2,3,24.0,0.7391699983760568
11,SD006,S683,T2,4,24.0,0.7391699983760568
11,SD006,S683,T3,1,90.0,0.7391699983760568
11,SD006,S683,T3,2,55.5,0.7391699983760568
11,SD006,S683,T3,3,55.5,0.7391699983760568
11,SD006,S683,T3,4,55.5,0.7391699983760568
11,SD006,S765,T2,1,337.0,2.4701455823530116
11,SD006,S784,T2,1,4.0,3.47889124960614
11,SD007,JH_H007,T1,1,75.0,4.981102350506281
11,SD007,JH_H007,T1,2,11.25,4.981102350506281
11,SD007,JH_H007,T1,3,23.4375,4.981102350506281
11,SD007,JH_H007,T1,4,22.828125,4.981102350506281
11,SD007,JH_H007,T3,1,225.0,4.981102350506281
11,SD007,JH_H007,T3,2,191.25,4.981102350506281
11,SD007,JH_H007,T3,3,178.125,4.981102350506281
11,SD007,JH_H007,T3,4,133.0,4.981102350506281
11,SD007,S395,T2,1,272.0,19.48361845865407
11,SD007,S395,T2,2,217.6,19.48361845865407
11,SD007,S395,T2,3,159.0,19.48361845865407
11,SD007,S395,T2,4,79.0,19.48361845865407
11,SD007,S395,T3,1,816.0,19.48361845865407
11,SD007,S395,T3,2,474.75,19.48361845865407
11,SD007,S395,T3,3,87.875,19.48361845865407
11,SD007,S447,T2,1,131.0,29.56357756604441
11,SD007,S447,T2,2,104.8,29.56357756604441
11,SD007,S447,T3,1,393.0,29.56357756604441
11,SD007,S539,T2,2,76.6,32.41914984545585
11,SD007,S539,T3,1,165.0,32.41914984545585
11,SD007,S564,T2,1,306.0,35.60543413799625
11,SD007,S565,T2,1,101.0,35.23780307038143
11,SD007,S567,T2,1,149.0,35.64018979823202
11,SD008,JH_H010,T1,1,15.0,2.2723099352135923
11,SD008,JH_H010,T1,2,2.25,2.2723099352135923
11,SD008,JH_H010,T1,3,4.6875,2.2723099352135923
11,SD008,JH_H010,T1,4,4.565625,2.2723099352135923
11,SD008,JH_H010,T3,1,45.0,2.2723099352135923
11,SD008,JH_H010,T3,2,38.25,2.2723099352135923
11,SD008,JH_H010,T3,3,35.625,2.2723099352135923
11,SD008,JH_H010,T3,4,30.0,2.2723099352135923
11,SD008,S005,T2,1,36.0,18.979770018401247
11,SD008,S572,T2,1,97.0,18.950429783126417
11,SD008,S572,T2,2,22.200000000000003,18.950429783126417
11,SD008,S572,T3,1,63.0,18.950429783126417
11,SD008,S729,T2,1,86.0,9.677941861024411
11,SD008,S729,T2,2,68.8,9.677941861024411
11,SD008,S729,T2,3,36.0,9.677941861024411
11,SD008,S729,T2,4,18.0,9.677941861024411
11,SD008,S729,T3,1,258.0,9.677941861024411
11,SD008,S729,T3,2,113.75,9.677941861024411
11,SD008,S729,T3,3,25.375,9.677941861024411
11,SD009,JH_H002,T1,1,509.9848640393642,8.677094127999364
11,SD009,JH_H002,T1,2,76.49772960590462,8.677094127999364
11,SD009,JH_H002,T1,3,159.37027001230132,8.677094127999364
11,SD009,JH_H002,T1,4,155.22664299198152,8.677094127999364
11,SD009,JH_H012,T1,1,47.401648152090274,1.4576943447875488
11,SD009,JH_H012,T1,2,7.110247222813541,1.4576943447875488
11,SD009,JH_H012,T1,3,14.81301504752821,1.4576943447875488
11,SD009,JH_H012,T1,4,14.427876656292476,1.4576943447875488
11,SD009,JH_H012,T3,1,0.045594677288136154,1.4576943447875488
11,SD009,S074,T2,1,954.0,1.3880390695148377
11,SD009,S074,T2,2,763.2,1.3880390695148377
11,SD009,S074,T3,1,2862.0,1.3880390695148377
11,SD009,S109,T2,1,177.0,1.9519912849642655
11,SD009,S112,T2,1,244.0,1.132994689053634
11,SD009,S112,T2,2,195.2,1.132994689053634
11,SD009,S112,T3,1,732.0,1.132994689053634
11,SD009,S112,T3,2,451.4000000000001,1.132994689053634
11,SD009,S462,T2,1,348.0,1.2065720748421453
11,SD009,S462,T2,2,278.4,1.2065720748421453
11,SD009,S462,T3,1,1044.0,1.2065720748421453
11,SD009,S462,T3,2,643.8,1.2065720748421453
11,SD009,S469,T2,1,249.0,1.598364302491851
11,SD009,S471,T2,1,469.0,2.0003868347987974
11,SD009,S472,T2,1,92.0,2.0850856737583108
11,SD009,S474,T2,1,130.0,2.1392098877866896
11,SD009,S475,T2,1,411.0,2.2821384274382996
11,SD009,S476,T2,1,442.0,2.397830934450181
11,SD009,S486,T2,3,107.99999999999989,0.43140466453816145
11,SD009,S486,T2,4,84.79999999999995,0.43140466453816145
11,SD009,S486,T3,2,660.2828025390884,0.43140466453816145
11,SD009,S486,T3,3,355.20000000000005,0.43140466453816145
11,SD009,S486,T3,4,592.1527472755104,0.43140466453816145
11,SD009,S487,T2,1,301.0,1.0348611048750498
11,SD009,S487,T2,2,240.8,1.0348611048750498
11,SD009,S487,T2,3,215.60000000000008,1.0348611048750498
11,SD009,S487,T3,1,903.0,1.0348611048750498
11,SD009,S487,T3,2,556.8499999999999,1.0348611048750498
11,SD009,S488,T2,1,887.0,1.4592468756210197
11,SD009,S493,T2,1,181.0,2.3046196915783854
11,SD009,S494,T2,1,175.0,2.18548356516901
11,SD009,S495,T2,1,202.0,2.31038553355108
11,SD009,S510,T2,1,249.0,0.6979083852350719
11,SD009,S510,T2,2,199.2,0.6979083852350719
11,SD009,S510,T2,3,199.2,0.6979083852350719
11,SD009,S510,T3,1,747.0,0.6979083852350719
11,SD009,S510,T3,2,460.6500000000001,0.6979083852350719
11,SD009,S510,T3,3,460.6500000000001,0.6979083852350719
11,SD009,S513,T2,1,112.0,2.4123062661242822
11,SD009,S514,T2,1,200.0,2.224209511471176
11,SD009,S515,T2,1,79.0,2.325791786803242
11,SD009,S517,T2,1,441.0,0.6471647314214741
11,SD009,S517,T2,2,352.8,0.6471647314214741
11,SD009,S517,T2,3,352.8,0.6471647314214741
11,SD009,S517,T2,4,352.8,0.6471647314214741
11,SD009,S517,T3,1,1323.0,0.6471647314214741
11,SD009,S517,T3,2,815.8499999999999,0.6471647314214741
11,SD009,S517,T3,3,815.8499999999999,0.6471647314214741
11,SD009,S517,T3,4,99.24725272448961,0.6471647314214741
11,SD009,S518,T2,1,119.0,0.8341037274881986
11,SD009,S518,T2,2,95.2,0.8341037274881986
11,SD009,S518,T2,3,95.2,0.8341037274881986
11,SD009,S518,T3,1,357.0,0.8341037274881986
11,SD009,S518,T3,2,220.14999999999998,0.8341037274881986
11,SD009,S521,T2,1,141.0,1.2056576074633503
11,SD009,S521,T2,2,112.8,1.2056576074633503
11,SD009,S521,T3,1,423.0,1.2056576074633503
11,SD009,S521,T3,2,260.85,1.2056576074633503
11,SD009,S526,T2,1,39.0,1.5967739600035626
11,SD009,S529,T2,1,208.0,1.209251376816831
11,SD009,S529,T2,2,166.4,1.209251376816831
11,SD009,S529,T3,1,624.0,1.209251376816831
11,SD009,S529,T3,2,384.79999999999995,1.209251376816831
11,SD009,S592,T2,1,137.0,2.3835580344241905
11,SD009,S593,T2,1,254.0,1.3091700300275313
11,SD009,S593,T2,2,203.2,1.3091700300275313
11,SD009,S593,T3,1,762.0,1.3091700300275313
11,SD009,S593,T3,2,197.76719746091203,1.3091700300275313
11,SD009,S595,T2,1,122.0,0.6828915248353953
11,SD009,S595,T2,2,97.6,0.6828915248353953
11,SD009,S595,T2,3,97.6,0.6828915248353953
11,SD009,S595,T2,4,56.60000000000002,0.6828915248353953
11,SD009,S595,T3,1,366.0,0.6828915248353953
11,SD009,S595,T3,2,225.70000000000005,0.6828915248353953
11,SD009,S595,T3,3,225.70000000000005,0.6828915248353953
11,SD009,S597,T2,1,156.0,0.8827713039146582
11,SD009,S597,T2,2,124.8,0.8827713039146582
11,SD009,S597,T2,3,124.8,0.8827713039146582
11,SD009,S597,T3,1,468.0,0.8827713039146582
11,SD009,S597,T3,2,288.6,0.8827713039146582
11,SD009,S617,T2,2,193.80000000000064,1.397501868913553
11,SD009,S617,T3,1,1602.9544053227119,1.397501868913553
11,SD009,S618,T2,1,70.0,1.382503583118036
11,SD009,S618,T2,2,56.0,1.382503583118036
11,SD009,S618,T3,1,210.0,1.382503583118036
11,SD009,S652,T2,1,172.0,2.0922070322925164
11,SD009,S675,T2,1,111.0,2.034946139819214
11,SD009,S677,T2,1,102.0,1.2170290953506455
11,SD009,S677,T2,2,81.6,1.2170290953506455
11,SD009,S677,T3,1,306.0,1.2170290953506455
11,SD009,S677,T3,2,188.70000000000005,1.2170290953506455
11,SD009,S684,T2,1,164.0,1.389608157583629
11,SD009,S684,T2,2,131.2,1.389608157583629
11,SD009,S684,T3,1,492.0,1.389608157583629
11,SD009,S685,T2,1,129.0,0.42193562792349804
11,SD009,S685,T2,2,103.2,0.42193562792349804
11,SD009,S685,T2,3,103.2,0.42193562792349804
11,SD009,S685,T2,4,103.2,0.42193562792349804
11,SD009,S685,T3,1,387.0,0.42193562792349804
11,SD009,S685,T3,2,238.64999999999998,0.42193562792349804
11,SD009,S685,T3,3,238.64999999999998,0.42193562792349804
11,SD009,S685,T3,4,238.64999999999998,0.42193562792349804
11,SD009,S686,T2,1,127.0,0.20364027207591445
11,SD009,S686,T2,2,101.6,0.20364027207591445
11,SD009,S686,T2,3,101.6,0.20364027207591445
11,SD009,S686,T2,4,101.6,0.20364027207591445
11,SD009,S686,T3,1,381.0,0.20364027207591445
11,SD009,S686,T3,2,234.95000000000005,0.20364027207591445
11,SD009,S686,T3,3,234.95000000000005,0.20364027207591445
11,SD009,S686,T3,4,234.95000000000005,0.20364027207591445
11,SD010,S002,T2,1,174.0,20.393405996838467
11,SD010,S002,T3,1,71.0,20.393405996838467
11,SD010,S033,T2,1,174.0,24.523763643503756
11,SD010,S034,T2,1,174.0,24.583558786131828
11,SD010,S035,T2,1,167.0,24.738798078264217
11,SD010,S576,T2,1,649.0,1.5750823381651595
11,SD010,S576,T2,2,519.2,1.5750823381651595
11,SD010,S576,T2,3,249.0,1.5750823381651595
11,SD010,S576,T2,4,124.0,1.5750823381651595
11,SD010,S576,T3,1,1947.0,1.5750823381651595
11,SD010,S576,T3,2,1040.0,1.5750823381651595
11,SD010,S576,T3,3,416.0,1.5750823381651595
11,SD010,S576,T3,4,208.0,1.5750823381651595
11,SD010,S692,T2,1,160.0,15.830422081506425
11,SD010,S692,T2,2,104.79999999999995,15.830422081506425
11,SD010,S692,T3,1,480.0,15.830422081506425
11,SD011,JH_H006,T1,1,110.0,1.7150550139812313
11,SD011,JH_H006,T1,2,16.5,1.7150550139812313
11,SD011,JH_H006,T1,3,34.375,1.7150550139812313
11,SD011,JH_H006,T1,4,33.48125000000001,1.7150550139812313
11,SD011,JH_H006,T3,1,330.0,1.7150550139812313
11,SD011,JH_H006,T3,2,280.5,1.7150550139812313
11,SD011,JH_H006,T3,3,261.25,1.7150550139812313
11,SD011,JH_H006,T3,4,122.65,1.7150550139812313
11,SD011,S086,T2,1,31.0,1.5041363893893474
11,SD011,S086,T2,2,24.8,1.5041363893893474
11,SD011,S086,T2,3,24.8,1.5041363893893474
11,SD011,S086,T2,4,24.8,1.5041363893893474
11,SD011,S086,T3,1,93.0,1.5041363893893474
11,SD011,S086,T3,2,57.349999999999994,1.5041363893893474
11,SD011,S086,T3,3,57.349999999999994,1.5041363893893474
11,SD011,S086,T3,4,57.349999999999994,1.5041363893893474
11,SD011,S802,T2,1,1268.0,4.008752756105587
11,SD011,S802,T2,2,516.2,4.008752756105587
11,SD011,S802,T2,3,191.2,4.008752756105587
11,SD011,S802,T2,4,83.2,4.008752756105587
11,SD011,S802,T3,1,1742.0,4.008752756105587
11,SD011,S802,T3,2,564.15,4.008752756105587
11,SD011,S802,T3,3,41.39999999999998,4.008752756105587
12,SD001,JH_H004,T1,1,150.0,1.854989649044953
12,SD001,JH_H004,T1,2,22.5,1.854989649044953
12,SD001,JH_H004,T1,3,46.875,1.854989649044953
12,SD001,JH_H004,T1,4,45.65625,1.854989649044953
12,SD001,JH_H004,T3,1,442.0,1.854989649044953
12,SD001,S008,T2,1,91.0,1.4141658668513217
12,SD001,S008,T2,2,72.8,1.4141658668513217
12,SD001,S008,T3,1,273.0,1.4141658668513217
12,SD001,S008,T3,2,168.35000000000002,1.4141658668513217
12,SD001,S068,T2,1,30.0,1.6186005431732127
12,SD001,S068,T2,2,24.0,1.6186005431732127
12,SD001,S068,T3,1,90.0,1.6186005431732127
12,SD001,S078,T2,1,90.0,0.7613366768678012
12,SD001,S078,T2,2,72.0,0.7613366768678012
12,SD001,S078,T2,3,8.800000000000011,0.7613366768678012
12,SD001,S078,T3,1,270.0,0.7613366768678012
12,SD001,S078,T3,2,166.5,0.7613366768678012
12,SD001,S079,T2,1,30.0,0.6130448620883503
12,SD001,S079,T2,2,24.0,0.6130448620883503
12,SD001,S079,T2,3,24.0,0.6130448620883503
12,SD001,S079,T3,1,90.0,0.6130448620883503
12,SD001,S079,T3,2,55.5,0.6130448620883503
12,SD001,S080,T2,1,30.0,0.5856407835426283
12,SD001,S080,T2,2,24.0,0.5856407835426283
12,SD001,S080,T2,3,24.0,0.5856407835426283
12,SD001,S080,T3,1,90.0,0.5856407835426283
12,SD001,S080,T3,2,55.5,0.5856407835426283
12,SD001,S081,T2,1,30.0,1.2350430337468372
12,SD001,S081,T2,2,24.0,1.2350430337468372
12,SD001,S081,T3,1,90.0,1.2350430337468372
12,SD001,S081,T3,2,55.5,1.2350430337468372
12,SD001,S082,T2,1,95.0,0.30825726628798844
12,SD001,S082,T2,2,76.0,0.30825726628798844
12,SD001,S082,T2,3,76.0,0.30825726628798844
12,SD001,S082,T2,4,76.0,0.30825726628798844
12,SD001,S082,T3,1,285.0,0.30825726628798844
12,SD001,S082,T3,2,175.75,0.30825726628798844
12,SD001,S082,T3,3,175.75,0.30825726628798844
12,SD001,S082,T3,4,175.75,0.30825726628798844
12,SD001,S083,T2,1,47.0,1.4488374118755394
12,SD001,S083,T2,2,37.6,1.4488374118755394
12,SD001,S083,T3,1,141.0,1.4488374118755394
12,SD001,S083,T3,2,86.94999999999999,1.4488374118755394
12,SD001,S541,T2,1,229.0,0.46064951290961775
12,SD001,S541,T2,2,183.2,0.46064951290961775
12,SD001,S541,T2,3,183.2,0.46064951290961775
12,SD001,S541,T2,4,82.0,0.46064951290961775
12,SD001,S541,T3,1,687.0,0.46064951290961775
12,SD001,S541,T3,2,423.6500000000001,0.46064951290961775
12,SD001,S541,T3,3,351.25,0.46064951290961775
12,SD001,S541,T3,4,87.25,0.46064951290961775
12,SD001,S715,T2,1,49.0,1.886108276469824
12,SD001,S715,T2,2,39.2,1.886108276469824
12,SD001,S721,T2,1,236.0,1.5796056128448186
12,SD001,S721,T2,2,188.8,1.5796056128448186
12,SD001,S721,T3,1,708.0,1.5796056128448186
12,SD001,S721,T3,2,131.29999999999984,1.5796056128448186
12,SD001,S722,T2,1,358.0,1.9678695758040023
12,SD001,S757,T2,1,584.0,1.9022722825061857
12,SD001,S757,T2,2,25.39999999999999,1.9022722825061857
12,SD002,JH_H008,T1,1,29.99994142254957,1.0827923580272938
12,SD002,JH_H008,T1,2,4.500038075342843,1.0827923580272938
12,SD002,JH_H008,T1,3,9.374998096232872,1.0827923580272938
12,SD002,JH_H008,T1,4,9.131250095188364,1.0827923580272938
12,SD002,JH_H008,T2,1,5.8577450474217585e-05,1.0827923580272938
12,SD002,JH_H008,T3,1,90.0,1.0827923580272938
12,SD002,JH_H008,T3,2,76.49995899578467,1.0827923580272938
12,SD002,JH_H008,T3,3,71.25000205021077,1.0827923580272938
12,SD002,JH_H008,T3,4,71.51249989748946,1.0827923580272938
12,SD002,S071,T2,1,100.0,22.407993625949995
12,SD002,S071,T2,2,80.0,22.407993625949995
12,SD002,S071,T3,1,277.0,22.407993625949995
12,SD002,S402,T2,1,39.0,26.129154168488203
12,SD002,S403,T2,1,30.0,16.770921449222417
12,SD002,S403,T2,2,24.0,16.770921449222417
12,SD002,S403,T2,3,24.0,16.770921449222417
12,SD002,S403,T2,4,24.0,16.770921449222417
12,SD002,S403,T3,1,90.0,16.770921449222417
12,SD002,S403,T3,2,55.5,16.770921449222417
12,SD002,S403,T3,3,55.5,16.770921449222417
12,SD002,S403,T3,4,3.4875001025105377,16.770921449222417
12,SD002,S539,T2,1,120.0,23.860569411192145
12,SD002,S539,T2,2,2.799999999999997,23.860569411192145
12,SD002,S550,T2,1,30.0,36.18104152205202
12,SD002,S674,T2,1,73.99994142254953,36.29727816595809
12,SD002,S756,T2,1,149.0,17.628105547036988
12,SD002,S756,T2,2,119.2,17.628105547036988
12,SD002,S756,T2,3,66.0,17.628105547036988
12,SD002,S756,T2,4,21.0,17.628105547036988
12,SD002,S756,T3,1,447.0,17.628105547036988
12,SD002,S756,T3,2,245.00004100421535,17.628105547036988
12,SD002,S756,T3,3,23.249997949789233,17.628105547036988
12,SD003,JH_H009,T1,1,10.0,0.4313840120055951
12,SD003,JH_H009,T1,2,1.5,0.4313840120055951
12,SD003,JH_H009,T1,3,3.125,0.4313840120055951
12,SD003,JH_H009,T1,4,3.04375,0.4313840120055951
12,SD003,JH_H009,T3,1,30.0,0.4313840120055951
12,SD003,JH_H009,T3,2,25.5,0.4313840120055951
12,SD003,JH_H009,T3,3,23.75,0.4313840120055951
12,SD003,JH_H009,T3,4,23.8375,0.4313840120055951
12,SD003,S572,T2,1,426.0,15.514228917198071
12,SD003,S572,T2,2,177.0,15.514228917198071
12,SD003,S572,T2,3,70.0,15.514228917198071
12,SD003,S572,T2,4,35.0,15.514228917198071
12,SD003,S572,T3,1,680.0,15.514228917198071
12,SD003,S572,T3,2,270.5,15.514228917198071
12,SD003,S572,T3,3,94.25,15.514228917198071
12,SD003,S572,T3,4,35.1625,15.514228917198071
12,SD004,JH_H013,T1,1,29.906803188474782,2.6842115905313224
12,SD004,JH_H013,T1,2,4.486020478271218,2.6842115905313224
12,SD004,JH_H013,T1,3,9.345875996398368,2.6842115905313224
12,SD004,JH_H013,T1,4,9.102883220492014,2.6842115905313224
12,SD004,JH_H014,T1,1,26.75625530560394,0.32354661842920146
12,SD004,JH_H014,T1,2,4.01343829584059,0.32354661842920146
12,SD004,JH_H014,T1,3,8.361329783001233,0.32354661842920146
12,SD004,JH_H014,T1,4,8.1439352086432,0.32354661842920146
12,SD004,JH_H014,T3,1,80.26876591681182,0.32354661842920146
12,SD004,JH_H014,T3,2,68.22845102929004,0.32354661842920146
12,SD004,JH_H014,T3,3,63.54610635080935,0.32354661842920146
12,SD004,JH_H014,T3,4,63.780223584733385,0.32354661842920146
12,SD004,S015,T2,1,83.0,0.4456418776495982
12,SD004,S015,T2,2,66.4,0.4456418776495982
12,SD004,S015,T2,3,66.4,0.4456418776495982
12,SD004,S015,T2,4,66.4,0.4456418776495982
12,SD004,S015,T3,1,249.0,0.4456418776495982
12,SD004,S015,T3,2,153.55,0.4456418776495982
12,SD004,S015,T3,3,153.55,0.4456418776495982
12,SD004,S015,T3,4,153.55,0.4456418776495982
12,SD004,S111,T2,1,808.0,1.2451439966559943
12,SD004,S111,T2,2,646.4,1.2451439966559943
12,SD004,S111,T3,1,2424.0,1.2451439966559943
12,SD004,S111,T3,2,1494.8000000000002,1.2451439966559943
12,SD004,S406,T2,1,123.0,2.0654294745129445
12,SD004,S477,T2,1,228.0,1.4997932513210326
12,SD004,S477,T3,1,618.7212794551086,1.4997932513210326
12,SD004,S478,T2,1,216.0,1.5153792585230599
12,SD004,S486,T2,1,503.0,0.4783285874010517
12,SD004,S486,T2,2,402.4,0.4783285874010517
12,SD004,S486,T2,3,263.4000000000001,0.4783285874010517
12,SD004,S486,T2,4,301.6,0.4783285874010517
12,SD004,S486,T3,1,1509.0,0.4783285874010517
12,SD004,S486,T3,2,247.49999999999977,0.4783285874010517
12,SD004,S486,T3,3,645.3500000000001,0.4783285874010517
12,SD004,S486,T3,4,311.4197764152666,0.4783285874010517
12,SD004,S525,T2,1,67.0,1.2640603113896036
12,SD004,S525,T2,2,53.6,1.2640603113896036
12,SD004,S525,T3,1,201.0,1.2640603113896036
12,SD004,S525,T3,2,123.94999999999999,1.2640603113896036
12,SD004,S551,T2,1,204.0,2.3434883503746464
12,SD004,S583,T2,1,124.0,1.3098200579051456
12,SD004,S583,T2,2,99.2,1.3098200579051456
12,SD004,S583,T3,1,372.0,1.3098200579051456
12,SD004,S583,T3,2,122.12154897071025,1.3098200579051456
12,SD004,S584,T2,1,119.0,0.8702269571511124
12,SD004,S584,T2,2,95.2,0.8702269571511124
12,SD004,S584,T2,3,95.2,0.8702269571511124
12,SD004,S584,T3,1,357.0,0.8702269571511124
12,SD004,S584,T3,2,220.14999999999998,0.8702269571511124
12,SD004,S585,T2,1,173.0,1.0153546860217733
12,SD004,S585,T2,2,138.4,1.0153546860217733
12,SD004,S585,T2,3,138.4,1.0153546860217733
12,SD004,S585,T3,1,519.0,1.0153546860217733
12,SD004,S585,T3,2,320.04999999999995,1.0153546860217733
12,SD004,S586,T2,1,226.0,0.7669305123872737
12,SD004,S586,T2,2,180.8,0.7669305123872737
12,SD004,S586,T2,3,180.8,0.7669305123872737
12,SD004,S586,T3,1,678.0,0.7669305123872737
12,SD004,S586,T3,2,418.09999999999997,0.7669305123872737
12,SD004,S586,T3,3,418.09999999999997,0.7669305123872737
12,SD004,S587,T2,1,149.0,1.6268730303347014
12,SD004,S588,T2,1,231.0,1.5655639515228366
12,SD004,S589,T2,1,223.0,1.600192254035535
12,SD004,S596,T2,1,157.0,1.2472733119337553
12,SD004,S596,T2,2,125.6,1.2472733119337553
12,SD004,S596,T3,1,471.0,1.2472733119337553
12,SD004,S596,T3,2,290.45000000000005,1.2472733119337553
12,SD004,S602,T2,1,171.0,1.5932312514084654
12,SD004,S603,T2,1,119.0,1.5260024731414439
12,SD004,S604,T2,1,70.0,0.5592533897787788
12,SD004,S604,T2,2,56.0,0.5592533897787788
12,SD004,S604,T2,3,56.0,0.5592533897787788
12,SD004,S604,T2,4,56.0,0.5592533897787788
12,SD004,S604,T3,1,210.0,0.5592533897787788
12,SD004,S604,T3,2,129.5,0.5592533897787788
12,SD004,S604,T3,3,129.5,0.5592533897787788
12,SD004,S604,T3,4,129.5,0.5592533897787788
12,SD004,S605,T2,1,57.0,0.5200265192024999
12,SD004,S605,T2,2,45.6,0.5200265192024999
12,SD004,S605,T2,3,45.6,0.5200265192024999
12,SD004,S605,T2,4,45.6,0.5200265192024999
12,SD004,S605,T3,1,171.0,0.5200265192024999
12,SD004,S605,T3,2,105.44999999999999,0.5200265192024999
12,SD004,S605,T3,3,105.44999999999999,0.5200265192024999
12,SD004,S605,T3,4,105.44999999999999,0.5200265192024999
12,SD004,S606,T2,1,65.0,1.1591849302237676
12,SD004,S606,T2,2,52.0,1.1591849302237676
12,SD004,S606,T3,1,195.0,1.1591849302237676
12,SD004,S606,T3,2,120.25,1.1591849302237676
12,SD004,S617,T2,1,745.0,1.4735578079885367
12,SD004,S617,T2,2,299.79999999999984,1.4735578079885367
12,SD004,S617,T3,1,1055.0099546280794,1.4735578079885367
12,SD004,S625,T2,1,332.0,2.077856378373978
12,SD004,S626,T2,1,161.0,2.1097408109848033
12,SD004,S687,T2,1,147.0,2.159666837934605
12,SD004,S688,T2,1,206.0,2.1534742718795266
12,SD004,S689,T2,1,108.0,1.3845465675483215
12,SD004,S689,T2,2,86.4,1.3845465675483215
12,SD004,S689,T3,1,324.0,1.3845465675483215
12,SD004,S690,T2,1,156.0,0.8052102484718188
12,SD004,S690,T2,2,124.8,0.8052102484718188
12,SD004,S690,T2,3,124.8,0.8052102484718188
12,SD004,S690,T3,1,468.0,0.8052102484718188
12,SD004,S690,T3,2,288.6,0.8052102484718188
12,SD004,S690,T3,3,83.2038936491906,0.8052102484718188
12,SD004,S727,T2,1,38.0,0.6932412480150679
12,SD004,S727,T2,2,30.4,0.6932412480150679
12,SD004,S727,T2,3,30.4,0.6932412480150679
12,SD004,S727,T2,4,30.4,0.6932412480150679
12,SD004,S727,T3,1,114.0,0.6932412480150679
12,SD004,S727,T3,2,70.30000000000001,0.6932412480150679
12,SD004,S727,T3,3,70.30000000000001,0.6932412480150679
12,SD004,S727,T3,4,70.30000000000001,0.6932412480150679
12,SD005,JH_H011,T1,1,10.0,0.534981795654251
12,SD005,JH_H011,T1,2,1.5,0.534981795654251
12,SD005,JH_H011,T1,3,3.125,0.534981795654251
12,SD005,JH_H011,T1,4,3.04375,0.534981795654251
12,SD005,JH_H011,T3,1,30.0,0.534981795654251
12,SD005,JH_H011,T3,2,25.5,0.534981795654251
12,SD005,JH_H011,T3,3,23.75,0.534981795654251
12,SD005,JH_H011,T3,4,23.8375,0.534981795654251
12,SD005,S446,T2,1,159.0,13.576545716571008
12,SD005,S446,T2,2,80.0,13.576545716571008
12,SD005,S446,T2,3,32.0,13.576545716571008
12,SD005,S446,T2,4,15.0,13.576545716571008
12,SD005,S446,T3,1,293.0,13.576545716571008
12,SD005,S446,T3,2,108.5,13.576545716571008
12,SD005,S446,T3,3,29.25,13.576545716571008
12,SD005,S446,T3,4,2.1625000000000014,13.576545716571008
12,SD005,S791,T2,1,34.0,14.043439762067017
12,SD006,JH_H003,T1,1,378.0,2.76486819460775
12,SD006,JH_H003,T1,2,56.70000000000002,2.76486819460775
12,SD006,JH_H003,T1,3,118.12500000000003,2.76486819460775
12,SD006,JH_H003,T1,4,115.05374999999998,2.76486819460775
12,SD006,JH_H015,T1,1,50.0,0.645170244514547
12,SD006,JH_H015,T1,2,7.5,0.645170244514547
12,SD006,JH_H015,T1,3,15.625,0.645170244514547
12,SD006,JH_H015,T1,4,15.21875,0.645170244514547
12,SD006,JH_H015,T3,1,150.0,0.645170244514547
12,SD006,JH_H015,T3,2,127.5,0.645170244514547
12,SD006,JH_H015,T3,3,118.75,0.645170244514547
12,SD006,JH_H015,T3,4,119.1875,0.645170244514547
12,SD006,S124,T2,1,200.0,1.430678099892389
12,SD006,S124,T2,2,160.0,1.430678099892389
12,SD006,S124,T3,1,600.0,1.430678099892389
12,SD006,S124,T3,2,370.0,1.430678099892389
12,SD006,S125,T2,1,207.0,0.9997048238543476
12,SD006,S125,T2,2,165.6,0.9997048238543476
12,SD006,S125,T2,3,165.6,0.9997048238543476
12,SD006,S125,T2,4,165.6,0.9997048238543476
12,SD006,S125,T3,1,621.0,0.9997048238543476
12,SD006,S125,T3,2,382.95000000000005,0.9997048238543476
12,SD006,S125,T3,3,382.95000000000005,0.9997048238543476
12,SD006,S125,T3,4,226.8125,0.9997048238543476
12,SD006,S126,T2,1,424.0,1.6205438392608271
12,SD006,S126,T2,2,321.0,1.6205438392608271
12,SD006,S126,T3,1,1272.0,1.6205438392608271
12,SD006,S454,T2,1,198.0,1.4331077944721524
12,SD006,S454,T2,2,158.4,1.4331077944721524
12,SD006,S454,T3,1,594.0,1.4331077944721524
12,SD006,S454,T3,2,94.04999999999995,1.4331077944721524
12,SD006,S455,T2,1,176.0,1.6287148731300443
12,SD006,S455,T3,1,125.0,1.6287148731300443
12,SD006,S568,T2,1,339.0,2.276287623416751
12,SD006,S569,T2,1,503.0,1.9059148924773086
12,SD006,S680,T2,1,226.0,2.3645430802121266
12,SD006,S681,T2,1,650.0,1.340423242203861
12,SD006,S681,T2,2,520.0,1.340423242203861
12,SD006,S681,T2,3,335.4,1.340423242203861
12,SD006,S681,T2,4,60.400000000000006,1.340423242203861
12,SD006,S681,T3,1,1950.0,1.340423242203861
12,SD006,S681,T3,2,1202.5,1.340423242203861
12,SD006,S681,T3,3,302.29999999999995,1.340423242203861
12,SD006,S682,T2,1,30.0,0.723270339989806
12,SD006,S682,T2,2,24.0,0.723270339989806
12,SD006,S682,T2,3,24.0,0.723270339989806
12,SD006,S682,T2,4,24.0,0.723270339989806
12,SD006,S682,T3,1,90.0,0.723270339989806
12,SD006,S682,T3,2,55.5,0.723270339989806
12,SD006,S682,T3,3,55.5,0.723270339989806
12,SD006,S682,T3,4,55.5,0.723270339989806
12,SD006,S683,T2,1,30.0,0.7391699983760568
12,SD006,S683,T2,2,24.0,0.7391699983760568
12,SD006,S683,T2,3,24.0,0.7391699983760568
12,SD006,S683,T2,4,24.0,0.7391699983760568
12,SD006,S683,T3,1,90.0,0.7391699983760568
12,SD006,S683,T3,2,55.5,0.7391699983760568
12,SD006,S683,T3,3,55.5,0.7391699983760568
12,SD006,S683,T3,4,55.5,0.7391699983760568
12,SD006,S765,T2,1,312.0,2.4701455823530116
12,SD007,JH_H007,T1,1,75.0,4.981102350506281
12,SD007,JH_H007,T1,2,11.25,4.981102350506281
12,SD007,JH_H007,T1,3,23.4375,4.981102350506281
12,SD007,JH_H007,T1,4,22.828125,4.981102350506281
12,SD007,JH_H007,T3,1,225.0,4.981102350506281
12,SD007,JH_H007,T3,2,191.25,4.981102350506281
12,SD007,JH_H007,T3,3,178.125,4.981102350506281
12,SD007,JH_H007,T3,4,129.0,4.981102350506281
12,SD007,S395,T2,1,272.0,19.48361845865407
12,SD007,S395,T2,2,217.6,19.48361845865407
12,SD007,S395,T2,3,155.0,19.48361845865407
12,SD007,S395,T2,4,77.0,19.48361845865407
12,SD007,S395,T3,1,816.0,19.48361845865407
12,SD007,S395,T3,2,454.75,19.48361845865407
12,SD007,S395,T3,3,79.875,19.48361845865407
12,SD007,S447,T2,1,131.0,29.56357756604441
12,SD007,S447,T2,2,104.8,29.56357756604441
12,SD007,S447,T3,1,393.0,29.56357756604441
12,SD007,S539,T2,2,64.6,32.41914984545585
12,SD007,S539,T3,1,117.0,32.41914984545585
12,SD007,S564,T2,1,306.0,35.60543413799625
12,SD007,S565,T2,1,101.0,35.23780307038143
12,SD007,S567,T2,1,120.0,35.64018979823202
12,SD008,JH_H010,T1,1,15.0,2.2723099352135923
12,SD008,JH_H010,T1,2,2.25,2.2723099352135923
12,SD008,JH_H010,T1,3,4.6875,2.2723099352135923
12,SD008,JH_H010,T1,4,4.565625,2.2723099352135923
12,SD008,JH_H010,T3,1,45.0,2.2723099352135923
12,SD008,JH_H010,T3,2,38.25,2.2723099352135923
12,SD008,JH_H010,T3,3,35.625,2.2723099352135923
12,SD008,JH_H010,T3,4,29.0,2.2723099352135923
12,SD008,S005,T2,1,17.0,18.979770018401247
12,SD008,S572,T2,1,110.0,18.950429783126417
12,SD008,S572,T2,2,19.200000000000003,18.950429783126417
12,SD008,S572,T3,1,52.0,18.950429783126417
12,SD008,S729,T2,1,86.0,9.677941861024411
12,SD008,S729,T2,2,68.8,9.677941861024411
12,SD008,S729,T2,3,35.0,9.677941861024411
12,SD008,S729,T2,4,17.0,9.677941861024411
12,SD008,S729,T3,1,258.0,9.677941861024411
12,SD008,S729,T3,2,109.75,9.677941861024411
12,SD008,S729,T3,3,23.375,9.677941861024411
12,SD009,JH_H002,T1,1,512.6882462147461,8.677094127999364
12,SD009,JH_H002,T1,2,76.90323693221194,8.677094127999364
12,SD009,JH_H002,T1,3,160.21507694210814,8.677094127999364
12,SD009,JH_H002,T1,4,156.04948494161334,8.677094127999364
12,SD009,JH_H012,T1,1,47.78000851850378,1.4576943447875488
12,SD009,JH_H012,T1,2,7.167001277775565,1.4576943447875488
12,SD009,JH_H012,T1,3,14.931252662032431,1.4576943447875488
12,SD009,JH_H012,T1,4,14.543040092819592,1.4576943447875488
12,SD009,JH_H012,T3,1,0.009954628079412942,1.4576943447875488
12,SD009,S074,T2,1,954.0,1.3880390695148377
12,SD009,S074,T2,2,763.2,1.3880390695148377
12,SD009,S074,T3,1,2862.0,1.3880390695148377
12,SD009,S109,T2,1,177.0,1.9519912849642655
12,SD009,S112,T2,1,244.0,1.132994689053634
12,SD009,S112,T2,2,195.2,1.132994689053634
12,SD009,S112,T3,1,732.0,1.132994689053634
12,SD009,S112,T3,2,451.4000000000001,1.132994689053634
12,SD009,S462,T2,1,348.0,1.2065720748421453
12,SD009,S462,T2,2,278.4,1.2065720748421453
12,SD009,S462,T3,1,1044.0,1.2065720748421453
12,SD009,S462,T3,2,643.8,1.2065720748421453
12,SD009,S469,T2,1,249.0,1.598364302491851
12,SD009,S471,T2,1,469.0,2.0003868347987974
12,SD009,S472,T2,1,92.0,2.0850856737583108
12,SD009,S474,T2,1,130.0,2.1392098877866896
12,SD009,S475,T2,1,411.0,2.2821384274382996
12,SD009,S476,T2,1,301.0,2.397830934450181
12,SD009,S486,T2,3,138.9999999999999,0.43140466453816145
12,SD009,S486,T2,4,100.79999999999995,0.43140466453816145
12,SD009,S486,T3,2,683.0500000000004,0.43140466453816145
12,SD009,S486,T3,3,285.20000000000005,0.43140466453816145
12,SD009,S486,T3,4,619.1302235847336,0.43140466453816145
12,SD009,S487,T2,1,301.0,1.0348611048750498
12,SD009,S487,T2,2,240.8,1.0348611048750498
12,SD009,S487,T2,3,142.60000000000014,1.0348611048750498
12,SD009,S487,T3,1,903.0,1.0348611048750498
12,SD009,S487,T3,2,556.8499999999999,1.0348611048750498
12,SD009,S488,T2,1,887.0,1.4592468756210197
12,SD009,S493,T2,1,181.0,2.3046196915783854
12,SD009,S494,T2,1,175.0,2.18548356516901
12,SD009,S495,T2,1,202.0,2.31038553355108
12,SD009,S510,T2,1,249.0,0.6979083852350719
12,SD009,S510,T2,2,199.2,0.6979083852350719
12,SD009,S510,T2,3,199.2,0.6979083852350719
12,SD009,S510,T3,1,747.0,0.6979083852350719
12,SD009,S510,T3,2,460.6500000000001,0.6979083852350719
12,SD009,S510,T3,3,460.6500000000001,0.6979083852350719
12,SD009,S514,T2,1,200.0,2.224209511471176
12,SD009,S515,T2,1,79.0,2.325791786803242
12,SD009,S517,T2,1,441.0,0.6471647314214741
12,SD009,S517,T2,2,352.8,0.6471647314214741
12,SD009,S517,T2,3,352.8,0.6471647314214741
12,SD009,S517,T2,4,352.8,0.6471647314214741
12,SD009,S517,T3,1,1323.0,0.6471647314214741
12,SD009,S517,T3,2,815.8499999999999,0.6471647314214741
12,SD009,S517,T3,3,815.8499999999999,0.6471647314214741
12,SD009,S517,T3,4,37.26977641526639,0.6471647314214741
12,SD009,S518,T2,1,119.0,0.8341037274881986
12,SD009,S518,T2,2,95.2,0.8341037274881986
12,SD009,S518,T2,3,95.2,0.8341037274881986
12,SD009,S518,T3,1,357.0,0.8341037274881986
12,SD009,S518,T3,2,220.14999999999998,0.8341037274881986
12,SD009,S521,T2,1,141.0,1.2056576074633503
12,SD009,S521,T2,2,112.8,1.2056576074633503
12,SD009,S521,T3,1,423.0,1.2056576074633503
12,SD009,S521,T3,2,260.85,1.2056576074633503
12,SD009,S526,T2,1,39.0,1.5967739600035626
12,SD009,S529,T2,1,208.0,1.209251376816831
12,SD009,S529,T2,2,166.4,1.209251376816831
12,SD009,S529,T3,1,624.0,1.209251376816831
12,SD009,S529,T3,2,384.79999999999995,1.209251376816831
12,SD009,S592,T2,1,137.0,2.3835580344241905
12,SD009,S593,T2,1,254.0,1.3091700300275313
12,SD009,S593,T2,2,203.2,1.3091700300275313
12,SD009,S593,T3,1,762.0,1.3091700300275313
12,SD009,S595,T2,1,122.0,0.6828915248353953
12,SD009,S595,T2,2,97.6,0.6828915248353953
12,SD009,S595,T2,3,97.6,0.6828915248353953
12,SD009,S595,T2,4,19.600000000000023,0.6828915248353953
12,SD009,S595,T3,1,366.0,0.6828915248353953
12,SD009,S595,T3,2,225.70000000000005,0.6828915248353953
12,SD009,S595,T3,3,225.70000000000005,0.6828915248353953
12,SD009,S597,T2,1,156.0,0.8827713039146582
12,SD009,S597,T2,2,124.8,0.8827713039146582
12,SD009,S597,T2,3,124.8,0.8827713039146582
12,SD009,S597,T3,1,468.0,0.8827713039146582
12,SD009,S597,T3,2,288.6,0.8827713039146582
12,SD009,S617,T2,1,1.0,1.397501868913553
12,SD009,S617,T2,2,88.80000000000064,1.397501868913553
12,SD009,S617,T3,1,1182.9900453719206,1.397501868913553
12,SD009,S618,T2,1,70.0,1.382503583118036
12,SD009,S618,T2,2,56.0,1.382503583118036
12,SD009,S618,T3,1,210.0,1.382503583118036
12,SD009,S652,T2,1,172.0,2.0922070322925164
12,SD009,S675,T2,1,111.0,2.034946139819214
12,SD009,S677,T2,1,102.0,1.2170290953506455
12,SD009,S677,T2,2,81.6,1.2170290953506455
12,SD009,S677,T3,1,306.0,1.2170290953506455
12,SD009,S677,T3,2,188.70000000000005,1.2170290953506455
12,SD009,S684,T2,1,164.0,1.389608157583629
12,SD009,S684,T2,2,131.2,1.389608157583629
12,SD009,S684,T3,1,492.0,1.389608157583629
12,SD009,S685,T2,1,129.0,0.42193562792349804
12,SD009,S685,T2,2,103.2,0.42193562792349804
12,SD009,S685,T2,3,103.2,0.42193562792349804
12,SD009,S685,T2,4,103.2,0.42193562792349804
12,SD009,S685,T3,1,387.0,0.42193562792349804
12,SD009,S685,T3,2,238.64999999999998,0.42193562792349804
12,SD009,S685,T3,3,238.64999999999998,0.42193562792349804
12,SD009,S685,T3,4,238.64999999999998,0.42193562792349804
12,SD009,S686,T2,1,127.0,0.20364027207591445
12,SD009,S686,T2,2,101.6,0.20364027207591445
12,SD009,S686,T2,3,101.6,0.20364027207591445
12,SD009,S686,T2,4,101.6,0.20364027207591445
12,SD009,S686,T3,1,381.0,0.20364027207591445
12,SD009,S686,T3,2,234.95000000000005,0.20364027207591445
12,SD009,S686,T3,3,234.95000000000005,0.20364027207591445
12,SD009,S686,T3,4,234.95000000000005,0.20364027207591445
12,SD010,S002,T2,1,174.0,20.393405996838467
12,SD010,S033,T2,1,174.0,24.523763643503756
12,SD010,S034,T2,1,174.0,24.583558786131828
12,SD010,S035,T2,1,122.0,24.738798078264217
12,SD010,S576,T2,1,649.0,1.5750823381651595
12,SD010,S576,T2,2,519.2,1.5750823381651595
12,SD010,S576,T2,3,242.0,1.5750823381651595
12,SD010,S576,T2,4,120.0,1.5750823381651595
12,SD010,S576,T3,1,1947.0,1.5750823381651595
12,SD010,S576,T3,2,1009.0,1.5750823381651595
12,SD010,S576,T3,3,403.0,1.5750823381651595
12,SD010,S576,T3,4,201.0,1.5750823381651595
12,SD010,S692,T2,1,160.0,15.830422081506425
12,SD010,S692,T2,2,85.79999999999995,15.830422081506425
12,SD010,S692,T3,1,476.0,15.830422081506425
12,SD011,JH_H006,T1,1,110.0,1.7150550139812313
12,SD011,JH_H006,T1,2,16.5,1.7150550139812313
12,SD011,JH_H006,T1,3,34.375,1.7150550139812313
12,SD011,JH_H006,T1,4,33.48125000000001,1.7150550139812313
12,SD011,JH_H006,T3,1,330.0,1.7150550139812313
12,SD011,JH_H006,T3,2,280.5,1.7150550139812313
12,SD011,JH_H006,T3,3,261.25,1.7150550139812313
12,SD011,JH_H006,T3,4,117.65,1.7150550139812313
12,SD011,S086,T2,1,31.0,1.5041363893893474
12,SD011,S086,T2,2,24.8,1.5041363893893474
12,SD011,S086,T2,3,24.8,1.5041363893893474
12,SD011,S086,T2,4,24.8,1.5041363893893474
12,SD011,S086,T3,1,93.0,1.5041363893893474
12,SD011,S086,T3,2,57.349999999999994,1.5041363893893474
12,SD011,S086,T3,3,57.349999999999994,1.5041363893893474
12,SD011,S086,T3,4,57.349999999999994,1.5041363893893474
12,SD011,S802,T2,1,1229.0,4.008752756105587
12,SD011,S802,T2,2,500.2,4.008752756105587
12,SD011,S802,T2,3,185.2,4.008752756105587
12,SD011,S802,T2,4,80.2,4.008752756105587
12,SD011,S802,T3,1,1677.0,4.008752756105587
12,SD011,S802,T3,2,537.15,4.008752756105587
12,SD011,S802,T3,3,31.399999999999977,4.008752756105587
13,SD001,JH_H004,T1,1,150.0,1.854989649044953
13,SD001,JH_H004,T1,2,22.5,1.854989649044953
13,SD001,JH_H004,T1,3,46.875,1.854989649044953
13,SD001,JH_H004,T1,4,45.65625,1.854989649044953
13,SD001,S008,T2,1,91.0,1.4141658668513217
13,SD001,S008,T2,2,72.8,1.4141658668513217
13,SD001,S008,T3,1,273.0,1.4141658668513217
13,SD001,S008,T3,2,132.5999999999999,1.4141658668513217
13,SD001,S068,T2,1,30.0,1.6186005431732127
13,SD001,S078,T2,1,90.0,0.7613366768678012
13,SD001,S078,T2,2,72.0,0.7613366768678012
13,SD001,S078,T3,1,270.0,0.7613366768678012
13,SD001,S078,T3,2,166.5,0.7613366768678012
13,SD001,S079,T2,1,30.0,0.6130448620883503
13,SD001,S079,T2,2,24.0,0.6130448620883503
13,SD001,S079,T3,1,90.0,0.6130448620883503
13,SD001,S079,T3,2,55.5,0.6130448620883503
13,SD001,S080,T2,1,30.0,0.5856407835426283
13,SD001,S080,T2,2,24.0,0.5856407835426283
13,SD001,S080,T3,1,90.0,0.5856407835426283
13,SD001,S080,T3,2,55.5,0.5856407835426283
13,SD001,S081,T2,1,30.0,1.2350430337468372
13,SD001,S081,T2,2,24.0,1.2350430337468372
13,SD001,S081,T3,1,90.0,1.2350430337468372
13,SD001,S081,T3,2,55.5,1.2350430337468372
13,SD001,S082,T2,1,95.0,0.30825726628798844
13,SD001,S082,T2,2,76.0,0.30825726628798844
13,SD001,S082,T2,3,76.0,0.30825726628798844
13,SD001,S082,T2,4,76.0,0.30825726628798844
13,SD001,S082,T3,1,285.0,0.30825726628798844
13,SD001,S082,T3,2,175.75,0.30825726628798844
13,SD001,S082,T3,3,175.75,0.30825726628798844
13,SD001,S082,T3,4,175.75,0.30825726628798844
13,SD001,S083,T2,1,47.0,1.4488374118755394
13,SD001,S083,T2,2,37.6,1.4488374118755394
13,SD001,S083,T3,1,141.0,1.4488374118755394
13,SD001,S541,T2,1,229.0,0.46064951290961775
13,SD001,S541,T2,2,183.2,0.46064951290961775
13,SD001,S541,T2,3,179.0,0.46064951290961775
13,SD001,S541,T2,4,51.0,0.46064951290961775
13,SD001,S541,T3,1,687.0,0.46064951290961775
13,SD001,S541,T3,2,423.6500000000001,0.46064951290961775
13,SD001,S541,T3,3,250.25,0.46064951290961775
13,SD001,S541,T3,4,37.25,0.46064951290961775
13,SD001,S715,T2,1,49.0,1.886108276469824
13,SD001,S721,T2,1,236.0,1.5796056128448186
13,SD001,S721,T2,2,125.39999999999999,1.5796056128448186
13,SD001,S721,T3,1,631.0,1.5796056128448186
13,SD001,S757,T2,1,577.0,1.9022722825061857
13,SD002,JH_H008,T1,1,30.0,1.0827923580272938
13,SD002,JH_H008,T1,2,4.5,1.0827923580272938
13,SD002,JH_H008,T1,3,9.375,1.0827923580272938
13,SD002,JH_H008,T1,4,9.13125,1.0827923580272938
13,SD002,JH_H008,T3,1,90.0,1.0827923580272938
13,SD002,JH_H008,T3,2,76.5,1.0827923580272938
13,SD002,JH_H008,T3,3,71.25,1.0827923580272938
13,SD002,JH_H008,T3,4,60.0,1.0827923580272938
13,SD002,S071,T2,1,100.0,22.407993625949995
13,SD002,S071,T2,2,38.8,22.407993625949995
13,SD002,S071,T3,1,103.0,22.407993625949995
13,SD002,S402,T2,1,39.0,26.129154168488203
13,SD002,S403,T2,1,30.0,16.770921449222417
13,SD002,S403,T2,2,24.0,16.770921449222417
13,SD002,S403,T2,3,24.0,16.770921449222417
13,SD002,S403,T2,4,24.0,16.770921449222417
13,SD002,S403,T3,1,90.0,16.770921449222417
13,SD002,S403,T3,2,55.5,16.770921449222417
13,SD002,S403,T3,3,49.75,16.770921449222417
13,SD002,S539,T2,1,120.0,23.860569411192145
13,SD002,S756,T2,1,149.0,17.628105547036988
13,SD002,S756,T2,2,119.2,17.628105547036988
13,SD002,S756,T2,3,48.0,17.628105547036988
13,SD002,S756,T2,4,12.0,17.628105547036988
13,SD002,S756,T3,1,447.0,17.628105547036988
13,SD002,S756,T3,2,172.0,17.628105547036988
13,SD003,JH_H009,T1,1,10.0,0.4313840120055951
13,SD003,JH_H009,T1,2,1.5,0.4313840120055951
13,SD003,JH_H009,T1,3,3.125,0.4313840120055951
13,SD003,JH_H009,T1,4,3.04375,0.4313840120055951
13,SD003,JH_H009,T3,1,30.0,0.4313840120055951
13,SD003,JH_H009,T3,2,25.5,0.4313840120055951
13,SD003,JH_H009,T3,3,23.75,0.4313840120055951
13,SD003,JH_H009,T3,4,23.8375,0.4313840120055951
13,SD003,S572,T2,1,344.0,15.514228917198071
13,SD003,S572,T2,2,143.0,15.514228917198071
13,SD003,S572,T2,3,57.0,15.514228917198071
13,SD003,S572,T2,4,28.0,15.514228917198071
13,SD003,S572,T3,1,544.0,15.514228917198071
13,SD003,S572,T3,2,213.5,15.514228917198071
13,SD003,S572,T3,3,71.25,15.514228917198071
13,SD003,S572,T3,4,23.1625,15.514228917198071
13,SD004,JH_H013,T1,1,31.848456538600203,2.6842115905313224
13,SD004,JH_H013,T1,2,4.777268480790031,2.6842115905313224
13,SD004,JH_H013,T1,3,9.952642668312562,2.6842115905313224
13,SD004,JH_H013,T1,4,9.69387395893644,2.6842115905313224
13,SD004,JH_H014,T1,1,29.303987380412657,0.32354661842920146
13,SD004,JH_H014,T1,2,4.3955981070619,0.32354661842920146
13,SD004,JH_H014,T1,3,9.157496056378955,0.32354661842920146
13,SD004,JH_H014,T1,4,8.919401158913104,0.32354661842920146
13,SD004,JH_H014,T3,1,87.91196214123798,0.32354661842920146
13,SD004,JH_H014,T3,2,74.72516782005228,0.32354661842920146
13,SD004,JH_H014,T3,3,69.59697002848006,0.32354661842920146
13,SD004,JH_H014,T3,4,69.85337991805868,0.32354661842920146
13,SD004,S015,T2,1,83.0,0.4456418776495982
13,SD004,S015,T2,2,66.4,0.4456418776495982
13,SD004,S015,T2,3,66.4,0.4456418776495982
13,SD004,S015,T2,4,66.4,0.4456418776495982
13,SD004,S015,T3,1,249.0,0.4456418776495982
13,SD004,S015,T3,2,153.55,0.4456418776495982
13,SD004,S015,T3,3,153.55,0.4456418776495982
13,SD004,S015,T3,4,153.55,0.4456418776495982
13,SD004,S111,T2,1,808.0,1.2451439966559943
13,SD004,S111,T2,2,646.4,1.2451439966559943
13,SD004,S111,T3,1,2424.0,1.2451439966559943
13,SD004,S111,T3,2,1469.324832179948,1.2451439966559943
13,SD004,S406,T2,1,123.0,2.0654294745129445
13,SD004,S477,T2,1,228.0,1.4997932513210326
13,SD004,S478,T2,1,216.0,1.5153792585230599
13,SD004,S486,T2,1,503.0,0.4783285874010517
13,SD004,S486,T2,2,221.1999999999999,0.4783285874010517
13,SD004,S486,T2,3,208.80000000000004,0.4783285874010517
13,SD004,S486,T2,4,205.6,0.4783285874010517
13,SD004,S486,T3,1,1249.088037858762,0.4783285874010517
13,SD004,S486,T3,3,819.60302997152,0.4783285874010517
13,SD004,S486,T3,4,450.59662008194135,0.4783285874010517
13,SD004,S525,T2,1,67.0,1.2640603113896036
13,SD004,S525,T2,2,53.6,1.2640603113896036
13,SD004,S525,T3,1,201.0,1.2640603113896036
13,SD004,S583,T2,1,124.0,1.3098200579051456
13,SD004,S583,T2,2,99.2,1.3098200579051456
13,SD004,S583,T3,1,372.0,1.3098200579051456
13,SD004,S584,T2,1,119.0,0.8702269571511124
13,SD004,S584,T2,2,95.2,0.8702269571511124
13,SD004,S584,T2,3,95.2,0.8702269571511124
13,SD004,S584,T3,1,357.0,0.8702269571511124
13,SD004,S584,T3,2,220.14999999999998,0.8702269571511124
13,SD004,S585,T2,1,173.0,1.0153546860217733
13,SD004,S585,T2,2,138.4,1.0153546860217733
13,SD004,S585,T3,1,519.0,1.0153546860217733
13,SD004,S585,T3,2,320.04999999999995,1.0153546860217733
13,SD004,S586,T2,1,226.0,0.7669305123872737
13,SD004,S586,T2,2,180.8,0.7669305123872737
13,SD004,S586,T2,3,180.8,0.7669305123872737
13,SD004,S586,T3,1,678.0,0.7669305123872737
13,SD004,S586,T3,2,418.09999999999997,0.7669305123872737
13,SD004,S587,T2,1,149.0,1.6268730303347014
13,SD004,S588,T2,1,231.0,1.5655639515228366
13,SD004,S589,T2,1,223.0,1.600192254035535
13,SD004,S596,T2,1,157.0,1.2472733119337553
13,SD004,S596,T2,2,125.6,1.2472733119337553
13,SD004,S596,T3,1,471.0,1.2472733119337553
13,SD004,S602,T2,1,171.0,1.5932312514084654
13,SD004,S603,T2,1,119.0,1.5260024731414439
13,SD004,S604,T2,1,70.0,0.5592533897787788
13,SD004,S604,T2,2,56.0,0.5592533897787788
13,SD004,S604,T2,3,56.0,0.5592533897787788
13,SD004,S604,T2,4,56.0,0.5592533897787788
13,SD004,S604,T3,1,210.0,0.5592533897787788
13,SD004,S604,T3,2,129.5,0.5592533897787788
13,SD004,S604,T3,3,129.5,0.5592533897787788
13,SD004,S605,T2,1,57.0,0.5200265192024999
13,SD004,S605,T2,2,45.6,0.5200265192024999
13,SD004,S605,T2,3,45.6,0.5200265192024999
13,SD004,S605,T2,4,45.6,0.5200265192024999
13,SD004,S605,T3,1,171.0,0.5200265192024999
13,SD004,S605,T3,2,105.44999999999999,0.5200265192024999
13,SD004,S605,T3,3,105.44999999999999,0.5200265192024999
13,SD004,S606,T2,1,65.0,1.1591849302237676
13,SD004,S606,T2,2,52.0,1.1591849302237676
13,SD004,S606,T3,1,195.0,1.1591849302237676
13,SD004,S606,T3,2,120.25,1.1591849302237676
13,SD004,S617,T2,1,147.0,1.4735578079885367
13,SD004,S625,T2,1,332.0,2.077856378373978
13,SD004,S626,T2,1,161.0,2.1097408109848033
13,SD004,S689,T2,1,108.0,1.3845465675483215
13,SD004,S689,T2,2,86.4,1.3845465675483215
13,SD004,S689,T3,1,324.0,1.3845465675483215
13,SD004,S690,T2,1,156.0,0.8052102484718188
13,SD004,S690,T2,2,124.8,0.8052102484718188
13,SD004,S690,T2,3,124.8,0.8052102484718188
13,SD004,S690,T3,1,468.0,0.8052102484718188
13,SD004,S690,T3,2,288.6,0.8052102484718188
13,SD004,S727,T2,1,38.0,0.6932412480150679
13,SD004,S727,T2,2,30.4,0.6932412480150679
13,SD004,S727,T2,3,30.4,0.6932412480150679
13,SD004,S727,T2,4,30.4,0.6932412480150679
13,SD004,S727,T3,1,114.0,0.6932412480150679
13,SD004,S727,T3,2,70.30000000000001,0.6932412480150679
13,SD004,S727,T3,3,70.30000000000001,0.6932412480150679
13,SD005,JH_H011,T1,1,10.0,0.534981795654251
13,SD005,JH_H011,T1,2,1.5,0.534981795654251
13,SD005,JH_H011,T1,3,3.125,0.534981795654251
13,SD005,JH_H011,T1,4,3.04375,0.534981795654251
13,SD005,JH_H011,T3,1,30.0,0.534981795654251
13,SD005,JH_H011,T3,2,25.5,0.534981795654251
13,SD005,JH_H011,T3,3,23.75,0.534981795654251
13,SD005,JH_H011,T3,4,21.0,0.534981795654251
13,SD005,S446,T2,1,156.0,13.576545716571008
13,SD005,S446,T2,2,65.0,13.576545716571008
13,SD005,S446,T2,3,26.0,13.576545716571008
13,SD005,S446,T2,4,12.0,13.576545716571008
13,SD005,S446,T3,1,231.0,13.576545716571008
13,SD005,S446,T3,2,82.5,13.576545716571008
13,SD005,S446,T3,3,19.25,13.576545716571008
13,SD006,JH_H003,T1,1,378.0,2.76486819460775
13,SD006,JH_H003,T1,2,56.70000000000002,2.76486819460775
13,SD006,JH_H003,T1,3,118.12500000000003,2.76486819460775
13,SD006,JH_H003,T1,4,115.05374999999998,2.76486819460775
13,SD006,JH_H015,T1,1,50.0,0.645170244514547
13,SD006,JH_H015,T1,2,7.5,0.645170244514547
13,SD006,JH_H015,T1,3,15.625,0.645170244514547
13,SD006,JH_H015,T1,4,15.21875,0.645170244514547
13,SD006,JH_H015,T3,1,150.0,0.645170244514547
13,SD006,JH_H015,T3,2,127.5,0.645170244514547
13,SD006,JH_H015,T3,3,118.75,0.645170244514547
13,SD006,JH_H015,T3,4,119.1875,0.645170244514547
13,SD006,S124,T2,1,200.0,1.430678099892389
13,SD006,S124,T2,2,160.0,1.430678099892389
13,SD006,S124,T3,1,600.0,1.430678099892389
13,SD006,S124,T3,2,24.049999999999955,1.430678099892389
13,SD006,S125,T2,1,207.0,0.9997048238543476
13,SD006,S125,T2,2,165.6,0.9997048238543476
13,SD006,S125,T2,3,165.6,0.9997048238543476
13,SD006,S125,T2,4,165.6,0.9997048238543476
13,SD006,S125,T3,1,621.0,0.9997048238543476
13,SD006,S125,T3,2,382.95000000000005,0.9997048238543476
13,SD006,S125,T3,3,382.95000000000005,0.9997048238543476
13,SD006,S125,T3,4,138.8125,0.9997048238543476
13,SD006,S126,T2,1,424.0,1.6205438392608271
13,SD006,S126,T2,2,57.00000000000003,1.6205438392608271
13,SD006,S126,T3,1,341.0,1.6205438392608271
13,SD006,S454,T2,1,198.0,1.4331077944721524
13,SD006,S454,T2,2,158.4,1.4331077944721524
13,SD006,S454,T3,1,594.0,1.4331077944721524
13,SD006,S455,T2,1,176.0,1.6287148731300443
13,SD006,S568,T2,1,243.0,2.276287623416751
13,SD006,S569,T2,1,503.0,1.9059148924773086
13,SD006,S681,T2,1,650.0,1.340423242203861
13,SD006,S681,T2,2,520.0,1.340423242203861
13,SD006,S681,T2,3,229.4,1.340423242203861
13,SD006,S681,T2,4,7.400000000000006,1.340423242203861
13,SD006,S681,T3,1,1950.0,1.340423242203861
13,SD006,S681,T3,2,1202.5,1.340423242203861
13,SD006,S681,T3,3,126.29999999999995,1.340423242203861
13,SD006,S682,T2,1,30.0,0.723270339989806
13,SD006,S682,T2,2,24.0,0.723270339989806
13,SD006,S682,T2,3,24.0,0.723270339989806
13,SD006,S682,T2,4,24.0,0.723270339989806
13,SD006,S682,T3,1,90.0,0.723270339989806
13,SD006,S682,T3,2,55.5,0.723270339989806
13,SD006,S682,T3,3,55.5,0.723270339989806
13,SD006,S682,T3,4,55.5,0.723270339989806
13,SD006,S683,T2,1,30.0,0.7391699983760568
13,SD006,S683,T2,2,24.0,0.7391699983760568
13,SD006,S683,T2,3,24.0,0.7391699983760568
13,SD006,S683,T2,4,24.0,0.7391699983760568
13,SD006,S683,T3,1,90.0,0.7391699983760568
13,SD006,S683,T3,2,55.5,0.7391699983760568
13,SD006,S683,T3,3,55.5,0.7391699983760568
13,SD006,S683,T3,4,55.5,0.7391699983760568
13,SD007,JH_H007,T1,1,74.99995389737848,4.981102350506281
13,SD007,JH_H007,T1,2,11.250029966704034,4.981102350506281
13,SD007,JH_H007,T1,3,23.437498501664805,4.981102350506281
13,SD007,JH_H007,T1,4,22.828125074916755,4.981102350506281
13,SD007,JH_H007,T2,1,4.6102621581667336e-05,4.981102350506281
13,SD007,JH_H007,T3,1,225.0,4.981102350506281
13,SD007,JH_H007,T3,2,191.2499677281649,4.981102350506281
13,SD007,JH_H007,T3,3,178.12500161359176,4.981102350506281
13,SD007,JH_H007,T3,4,104.0,4.981102350506281
13,SD007,S395,T2,1,272.0,19.48361845865407
13,SD007,S395,T2,2,217.6,19.48361845865407
13,SD007,S395,T2,3,125.0,19.48361845865407
13,SD007,S395,T2,4,62.0,19.48361845865407
13,SD007,S395,T3,1,816.0,19.48361845865407
13,SD007,S395,T3,2,330.7500322718351,19.48361845865407
13,SD007,S395,T3,3,29.874998386408237,19.48361845865407
13,SD007,S447,T2,1,131.0,29.56357756604441
13,SD007,S447,T2,2,95.4,29.56357756604441
13,SD007,S447,T3,1,211.0,29.56357756604441
13,SD007,S564,T2,1,246.99995389737842,35.60543413799625
13,SD007,S565,T2,1,101.0,35.23780307038143
13,SD008,JH_H010,T1,1,15.0,2.2723099352135923
13,SD008,JH_H010,T1,2,2.25,2.2723099352135923
13,SD008,JH_H010,T1,3,4.6875,2.2723099352135923
13,SD008,JH_H010,T1,4,4.565625,2.2723099352135923
13,SD008,JH_H010,T3,1,45.0,2.2723099352135923
13,SD008,JH_H010,T3,2,38.25,2.2723099352135923
13,SD008,JH_H010,T3,3,35.625,2.2723099352135923
13,SD008,JH_H010,T3,4,23.0,2.2723099352135923
13,SD008,S572,T2,1,86.0,18.950429783126417
13,SD008,S572,T2,2,2.200000000000003,18.950429783126417
13,SD008,S729,T2,1,86.0,9.677941861024411
13,SD008,S729,T2,2,68.8,9.677941861024411
13,SD008,S729,T2,3,28.0,9.677941861024411
13,SD008,S729,T2,4,14.0,9.677941861024411
13,SD008,S729,T3,1,242.0,9.677941861024411
13,SD008,S729,T3,2,80.75,9.677941861024411
13,SD008,S729,T3,3,11.375,9.677941861024411
13,SD009,JH_H002,T1,1,529.4846252419421,8.677094127999364
13,SD009,JH_H002,T1,2,79.42269378629135,8.677094127999364
13,SD009,JH_H002,T1,3,165.4639453881069,8.677094127999364
13,SD009,JH_H002,T1,4,161.16188280801617,8.677094127999364
13,SD009,JH_H012,T1,1,50.130798643933396,1.4576943447875488
13,SD009,JH_H012,T1,2,7.519619796590014,1.4576943447875488
13,SD009,JH_H012,T1,3,15.665874576229186,1.4576943447875488
13,SD009,JH_H012,T1,4,15.258561837247228,1.4576943447875488
13,SD009,JH_H012,T3,1,0.0035689483174723992,1.4576943447875488
13,SD009,S074,T2,1,954.0,1.3880390695148377
13,SD009,S074,T2,2,150.00000000000014,1.3880390695148377
13,SD009,S074,T3,1,1667.0844689104445,1.3880390695148377
13,SD009,S109,T2,1,177.0,1.9519912849642655
13,SD009,S112,T2,1,244.0,1.132994689053634
13,SD009,S112,T2,2,195.2,1.132994689053634
13,SD009,S112,T3,1,732.0,1.132994689053634
13,SD009,S112,T3,2,451.4000000000001,1.132994689053634
13,SD009,S462,T2,1,348.0,1.2065720748421453
13,SD009,S462,T2,2,278.4,1.2065720748421453
13,SD009,S462,T3,1,1044.0,1.2065720748421453
13,SD009,S469,T2,1,249.0,1.598364302491851
13,SD009,S471,T2,1,469.0,2.0003868347987974
13,SD009,S486,T2,2,181.20000000000007,0.43140466453816145
13,SD009,S486,T2,3,193.59999999999994,0.43140466453816145
13,SD009,S486,T2,4,196.79999999999998,0.43140466453816145
13,SD009,S486,T3,1,259.91196214123806,0.43140466453816145
13,SD009,S486,T3,2,930.5500000000002,0.43140466453816145
13,SD009,S486,T3,3,110.94697002848022,0.43140466453816145
13,SD009,S486,T3,4,439.4,0.43140466453816145
13,SD009,S487,T2,1,301.0,1.0348611048750498
13,SD009,S487,T2,2,240.8,1.0348611048750498
13,SD009,S487,T3,1,903.0,1.0348611048750498
13,SD009,S487,T3,2,556.8499999999999,1.0348611048750498
13,SD009,S488,T2,1,887.0,1.4592468756210197
13,SD009,S510,T2,1,249.0,0.6979083852350719
13,SD009,S510,T2,2,199.2,0.6979083852350719
13,SD009,S510,T2,3,199.2,0.6979083852350719
13,SD009,S510,T3,1,747.0,0.6979083852350719
13,SD009,S510,T3,2,460.6500000000001,0.6979083852350719
13,SD009,S510,T3,3,199.9030299715199,0.6979083852350719
13,SD009,S517,T2,1,441.0,0.6471647314214741
13,SD009,S517,T2,2,352.8,0.6471647314214741
13,SD009,S517,T2,3,352.8,0.6471647314214741
13,SD009,S517,T2,4,145.4,0.6471647314214741
13,SD009,S517,T3,1,1323.0,0.6471647314214741
13,SD009,S517,T3,2,815.8499999999999,0.6471647314214741
13,SD009,S517,T3,3,815.8499999999999,0.6471647314214741
13,SD009,S518,T2,1,119.0,0.8341037274881986
13,SD009,S518,T2,2,95.2,0.8341037274881986
13,SD009,S518,T2,3,46.99999999999997,0.8341037274881986
13,SD009,S518,T3,1,357.0,0.8341037274881986
13,SD009,S518,T3,2,220.14999999999998,0.8341037274881986
13,SD009,S521,T2,1,141.0,1.2056576074633503
13,SD009,S521,T2,2,112.8,1.2056576074633503
13,SD009,S521,T3,1,423.0,1.2056576074633503
13,SD009,S521,T3,2,143.6500000000001,1.2056576074633503
13,SD009,S526,T2,1,39.0,1.5967739600035626
13,SD009,S529,T2,1,208.0,1.209251376816831
13,SD009,S529,T2,2,166.4,1.209251376816831
13,SD009,S529,T3,1,624.0,1.209251376816831
13,SD009,S593,T2,1,254.0,1.3091700300275313
13,SD009,S593,T2,2,203.2,1.3091700300275313
13,SD009,S593,T3,1,762.0,1.3091700300275313
13,SD009,S595,T2,1,122.0,0.6828915248353953
13,SD009,S595,T2,2,97.6,0.6828915248353953
13,SD009,S595,T2,3,97.6,0.6828915248353953
13,SD009,S595,T3,1,366.0,0.6828915248353953
13,SD009,S595,T3,2,225.70000000000005,0.6828915248353953
13,SD009,S595,T3,3,225.70000000000005,0.6828915248353953
13,SD009,S597,T2,1,156.0,0.8827713039146582
13,SD009,S597,T2,2,124.8,0.8827713039146582
13,SD009,S597,T3,1,468.0,0.8827713039146582
13,SD009,S597,T3,2,288.6,0.8827713039146582
13,SD009,S617,T2,1,599.0,1.397501868913553
13,SD009,S618,T2,1,70.0,1.382503583118036
13,SD009,S618,T2,2,56.0,1.382503583118036
13,SD009,S618,T3,1,210.0,1.382503583118036
13,SD009,S675,T2,1,27.0,2.034946139819214
13,SD009,S677,T2,1,102.0,1.2170290953506455
13,SD009,S677,T2,2,81.6,1.2170290953506455
13,SD009,S677,T3,1,306.0,1.2170290953506455
13,SD009,S684,T2,1,164.0,1.389608157583629
13,SD009,S685,T2,1,129.0,0.42193562792349804
13,SD009,S685,T2,2,103.2,0.42193562792349804
13,SD009,S685,T2,3,103.2,0.42193562792349804
13,SD009,S685,T2,4,103.2,0.42193562792349804
13,SD009,S685,T3,1,387.0,0.42193562792349804
13,SD009,S685,T3,2,238.64999999999998,0.42193562792349804
13,SD009,S685,T3,3,238.64999999999998,0.42193562792349804
13,SD009,S685,T3,4,238.64999999999998,0.42193562792349804
13,SD009,S686,T2,1,127.0,0.20364027207591445
13,SD009,S686,T2,2,101.6,0.20364027207591445
13,SD009,S686,T2,3,101.6,0.20364027207591445
13,SD009,S686,T2,4,101.6,0.20364027207591445
13,SD009,S686,T3,1,381.0,0.20364027207591445
13,SD009,S686,T3,2,234.95000000000005,0.20364027207591445
13,SD009,S686,T3,3,234.95000000000005,0.20364027207591445
13,SD009,S686,T3,4,234.95000000000005,0.20364027207591445
13,SD010,S002,T2,1,174.0,20.393405996838467
13,SD010,S033,T2,1,174.0,24.523763643503756
13,SD010,S034,T2,1,17.0,24.583558786131828
13,SD010,S576,T2,1,649.0,1.5750823381651595
13,SD010,S576,T2,2,489.0,1.5750823381651595
13,SD010,S576,T2,3,195.0,1.5750823381651595
13,SD010,S576,T2,4,97.0,1.5750823381651595
13,SD010,S576,T3,1,1947.0,1.5750823381651595
13,SD010,S576,T3,2,815.0,1.5750823381651595
13,SD010,S576,T3,3,326.0,1.5750823381651595
13,SD010,S576,T3,4,163.0,1.5750823381651595
13,SD010,S692,T2,1,160.0,15.830422081506425
13,SD010,S692,T3,1,10.0,15.830422081506425
13,SD011,JH_H006,T1,1,110.0,1.7150550139812313
13,SD011,JH_H006,T1,2,16.5,1.7150550139812313
13,SD011,JH_H006,T1,3,34.375,1.7150550139812313
13,SD011,JH_H006,T1,4,33.48125000000001,1.7150550139812313
13,SD011,JH_H006,T3,1,330.0,1.7150550139812313
13,SD011,JH_H006,T3,2,280.5,1.7150550139812313
13,SD011,JH_H006,T3,3,224.65,1.7150550139812313
13,SD011,JH_H006,T3,4,83.65,1.7150550139812313
13,SD011,S086,T2,1,31.0,1.5041363893893474
13,SD011,S086,T2,2,24.8,1.5041363893893474
13,SD011,S086,T2,3,24.8,1.5041363893893474
13,SD011,S086,T2,4,24.8,1.5041363893893474
13,SD011,S086,T3,1,93.0,1.5041363893893474
13,SD011,S086,T3,2,57.349999999999994,1.5041363893893474
13,SD011,S086,T3,3,57.349999999999994,1.5041363893893474
13,SD011,S086,T3,4,57.349999999999994,1.5041363893893474
13,SD011,S802,T2,1,986.0,4.008752756105587
13,SD011,S802,T2,2,398.2,4.008752756105587
13,SD011,S802,T2,3,144.2,4.008752756105587
13,SD011,S802,T2,4,59.2,4.008752756105587
13,SD011,S802,T3,1,1273.0,4.008752756105587
13,SD011,S802,T3,2,368.15,4.008752756105587
14,SD001,JH_H004,T1,1,150.0,1.854989649044953
14,SD001,JH_H004,T1,2,22.5,1.854989649044953
14,SD001,JH_H004,T1,3,46.875,1.854989649044953
14,SD001,JH_H004,T1,4,45.65625,1.854989649044953
14,SD001,JH_H004,T3,1,450.0,1.854989649044953
14,SD001,S008,T2,1,91.0,1.4141658668513217
14,SD001,S008,T2,2,72.8,1.4141658668513217
14,SD001,S008,T3,1,273.0,1.4141658668513217
14,SD001,S008,T3,2,168.35000000000002,1.4141658668513217
14,SD001,S068,T2,1,30.0,1.6186005431732127
14,SD001,S068,T2,2,24.0,1.6186005431732127
14,SD001,S068,T3,1,90.0,1.6186005431732127
14,SD001,S078,T2,1,90.0,0.7613366768678012
14,SD001,S078,T2,2,72.0,0.7613366768678012
14,SD001,S078,T2,3,43.80000000000001,0.7613366768678012
14,SD001,S078,T3,1,270.0,0.7613366768678012
14,SD001,S078,T3,2,166.5,0.7613366768678012
14,SD001,S079,T2,1,30.0,0.6130448620883503
14,SD001,S079,T2,2,24.0,0.6130448620883503
14,SD001,S079,T2,3,24.0,0.6130448620883503
14,SD001,S079,T3,1,90.0,0.6130448620883503
14,SD001,S079,T3,2,55.5,0.6130448620883503
14,SD001,S080,T2,1,30.0,0.5856407835426283
14,SD001,S080,T2,2,24.0,0.5856407835426283
14,SD001,S080,T2,3,24.0,0.5856407835426283
14,SD001,S080,T3,1,90.0,0.5856407835426283
14,SD001,S080,T3,2,55.5,0.5856407835426283
14,SD001,S081,T2,1,30.0,1.2350430337468372
14,SD001,S081,T2,2,24.0,1.2350430337468372
14,SD001,S081,T3,1,90.0,1.2350430337468372
14,SD001,S081,T3,2,55.5,1.2350430337468372
14,SD001,S082,T2,1,95.0,0.30825726628798844
14,SD001,S082,T2,2,76.0,0.30825726628798844
14,SD001,S082,T2,3,76.0,0.30825726628798844
14,SD001,S082,T2,4,76.0,0.30825726628798844
14,SD001,S082,T3,1,285.0,0.30825726628798844
14,SD001,S082,T3,2,175.75,0.30825726628798844
14,SD001,S082,T3,3,175.75,0.30825726628798844
14,SD001,S082,T3,4,175.75,0.30825726628798844
14,SD001,S083,T2,1,47.0,1.4488374118755394
14,SD001,S083,T2,2,37.6,1.4488374118755394
14,SD001,S083,T3,1,141.0,1.4488374118755394
14,SD001,S083,T3,2,86.94999999999999,1.4488374118755394
14,SD001,S541,T2,1,229.0,0.46064951290961775
14,SD001,S541,T2,2,183.2,0.46064951290961775
14,SD001,S541,T2,3,183.2,0.46064951290961775
14,SD001,S541,T2,4,99.0,0.46064951290961775
14,SD001,S541,T3,1,687.0,0.46064951290961775
14,SD001,S541,T3,2,423.6500000000001,0.46064951290961775
14,SD001,S541,T3,3,410.25,0.46064951290961775
14,SD001,S541,T3,4,117.25,0.46064951290961775
14,SD001,S715,T2,1,49.0,1.886108276469824
14,SD001,S715,T2,2,39.2,1.886108276469824
14,SD001,S715,T3,1,147.0,1.886108276469824
14,SD001,S721,T2,1,236.0,1.5796056128448186
14,SD001,S721,T2,2,188.8,1.5796056128448186
14,SD001,S721,T3,1,708.0,1.5796056128448186
14,SD001,S721,T3,2,277.29999999999984,1.5796056128448186
14,SD001,S722,T2,1,568.0,1.9678695758040023
14,SD001,S757,T2,1,584.0,1.9022722825061857
14,SD001,S757,T2,2,113.39999999999999,1.9022722825061857
14,SD001,S757,T3,1,195.0,1.9022722825061857
14,SD002,JH_H008,T1,1,29.999934270447397,1.0827923580272938
14,SD002,JH_H008,T1,2,4.500042724209237,1.0827923580272938
14,SD002,JH_H008,T1,3,9.37499786378956,1.0827923580272938
14,SD002,JH_H008,T1,4,9.131250106810526,1.0827923580272938
14,SD002,JH_H008,T2,1,6.572955258477009e-05,1.0827923580272938
14,SD002,JH_H008,T3,1,90.0,1.0827923580272938
14,SD002,JH_H008,T3,2,76.49995398931318,1.0827923580272938
14,SD002,JH_H008,T3,3,71.25000230053433,1.0827923580272938
14,SD002,JH_H008,T3,4,71.51249988497328,1.0827923580272938
14,SD002,S071,T2,1,100.0,22.407993625949995
14,SD002,S071,T2,2,80.0,22.407993625949995
14,SD002,S071,T3,1,300.0,22.407993625949995
14,SD002,S071,T3,2,10.350046010686839,22.407993625949995
14,SD002,S402,T2,1,39.0,26.129154168488203
14,SD002,S402,T2,2,27.80000000000001,26.129154168488203
14,SD002,S402,T3,1,5.0,26.129154168488203
14,SD002,S403,T2,1,30.0,16.770921449222417
14,SD002,S403,T2,2,24.0,16.770921449222417
14,SD002,S403,T2,3,24.0,16.770921449222417
14,SD002,S403,T2,4,24.0,16.770921449222417
14,SD002,S403,T3,1,90.0,16.770921449222417
14,SD002,S403,T3,2,55.5,16.770921449222417
14,SD002,S403,T3,3,55.5,16.770921449222417
14,SD002,S403,T3,4,11.48750011502672,16.770921449222417
14,SD002,S539,T2,1,120.0,23.860569411192145
14,SD002,S539,T3,1,72.0,23.860569411192145
14,SD002,S550,T2,1,30.0,36.18104152205202
14,SD002,S674,T2,1,133.99993427044743,36.29727816595809
14,SD002,S756,T2,1,149.0,17.628105547036988
14,SD002,S756,T2,2,119.2,17.628105547036988
14,SD002,S756,T2,3,76.0,17.628105547036988
14,SD002,S756,T2,4,26.0,17.628105547036988
14,SD002,S756,T3,1,447.0,17.628105547036988
14,SD002,S756,T3,2,275.65,17.628105547036988
14,SD002,S756,T3,3,40.249997699465666,17.628105547036988
14,SD003,JH_H009,T1,1,10.0,0.4313840120055951
14,SD003,JH_H009,T1,2,1.5,0.4313840120055951
14,SD003,JH_H009,T1,3,3.125,0.4313840120055951
14,SD003,JH_H009,T1,4,3.04375,0.4313840120055951
14,SD003,JH_H009,T3,1,30.0,0.4313840120055951
14,SD003,JH_H009,T3,2,25.5,0.4313840120055951
14,SD003,JH_H009,T3,3,23.75,0.4313840120055951
14,SD003,JH_H009,T3,4,23.8375,0.4313840120055951
14,SD003,S572,T2,1,473.0,15.514228917198071
14,SD003,S572,T2,2,197.0,15.514228917198071
14,SD003,S572,T2,3,78.0,15.514228917198071
14,SD003,S572,T2,4,39.0,15.514228917198071
14,SD003,S572,T3,1,759.0,15.514228917198071
14,SD003,S572,T3,2,302.5,15.514228917198071
14,SD003,S572,T3,3,107.25,15.514228917198071
14,SD003,S572,T3,4,41.1625,15.514228917198071
14,SD004,JH_H013,T1,1,28.790742165281806,2.6842115905313224
14,SD004,JH_H013,T1,2,4.318611324792268,2.6842115905313224
14,SD004,JH_H013,T1,3,8.997106926650565,2.6842115905313224
14,SD004,JH_H013,T1,4,8.763182146557652,2.6842115905313224
14,SD004,JH_H014,T1,1,25.291820644262906,0.32354661842920146
14,SD004,JH_H014,T1,2,3.793773096639434,0.32354661842920146
14,SD004,JH_H014,T1,3,7.903693951332162,0.32354661842920146
14,SD004,JH_H014,T1,4,7.698197908597519,0.32354661842920146
14,SD004,JH_H014,T3,1,75.87546193278871,0.32354661842920146
14,SD004,JH_H014,T3,2,64.4941426428704,0.32354661842920146
14,SD004,JH_H014,T3,3,60.06807403012439,0.32354661842920146
14,SD004,JH_H014,T3,4,60.28937746076169,0.32354661842920146
14,SD004,S015,T2,1,83.0,0.4456418776495982
14,SD004,S015,T2,2,66.4,0.4456418776495982
14,SD004,S015,T2,3,66.4,0.4456418776495982
14,SD004,S015,T2,4,66.4,0.4456418776495982
14,SD004,S015,T3,1,249.0,0.4456418776495982
14,SD004,S015,T3,2,153.55,0.4456418776495982
14,SD004,S015,T3,3,153.55,0.4456418776495982
14,SD004,S015,T3,4,153.55,0.4456418776495982
14,SD004,S111,T2,1,808.0,1.2451439966559943
14,SD004,S111,T2,2,646.4,1.2451439966559943
14,SD004,S111,T3,1,2424.0,1.2451439966559943
14,SD004,S111,T3,2,1494.8000000000002,1.2451439966559943
14,SD004,S406,T2,1,123.0,2.0654294745129445
14,SD004,S477,T2,1,228.0,1.4997932513210326
14,SD004,S477,T2,2,182.4,1.4997932513210326
14,SD004,S477,T3,1,684.0,1.4997932513210326
14,SD004,S478,T2,1,216.0,1.5153792585230599
14,SD004,S478,T2,2,172.8,1.5153792585230599
14,SD004,S478,T3,1,648.0,1.5153792585230599
14,SD004,S486,T2,1,503.0,0.4783285874010517
14,SD004,S486,T2,2,402.4,0.4783285874010517
14,SD004,S486,T2,3,322.39999999999986,0.4783285874010517
14,SD004,S486,T2,4,356.6,0.4783285874010517
14,SD004,S486,T3,1,1509.0,0.4783285874010517
14,SD004,S486,T3,2,405.15585735712943,0.4783285874010517
14,SD004,S486,T3,3,407.2819259698756,0.4783285874010517
14,SD004,S486,T3,4,406.9106225392383,0.4783285874010517
14,SD004,S497,T2,1,1063.0,2.523708638376318
14,SD004,S525,T2,1,67.0,1.2640603113896036
14,SD004,S525,T2,2,53.6,1.2640603113896036
14,SD004,S525,T3,1,201.0,1.2640603113896036
14,SD004,S525,T3,2,123.94999999999999,1.2640603113896036
14,SD004,S551,T2,1,204.0,2.3434883503746464
14,SD004,S583,T2,1,124.0,1.3098200579051456
14,SD004,S583,T2,2,99.2,1.3098200579051456
14,SD004,S583,T3,1,372.0,1.3098200579051456
14,SD004,S583,T3,2,229.39999999999998,1.3098200579051456
14,SD004,S584,T2,1,119.0,0.8702269571511124
14,SD004,S584,T2,2,95.2,0.8702269571511124
14,SD004,S584,T2,3,95.2,0.8702269571511124
14,SD004,S584,T3,1,357.0,0.8702269571511124
14,SD004,S584,T3,2,220.14999999999998,0.8702269571511124
14,SD004,S584,T3,3,220.14999999999998,0.8702269571511124
14,SD004,S585,T2,1,173.0,1.0153546860217733
14,SD004,S585,T2,2,138.4,1.0153546860217733
14,SD004,S585,T2,3,138.4,1.0153546860217733
14,SD004,S585,T3,1,519.0,1.0153546860217733
14,SD004,S585,T3,2,320.04999999999995,1.0153546860217733
14,SD004,S586,T2,1,226.0,0.7669305123872737
14,SD004,S586,T2,2,180.8,0.7669305123872737
14,SD004,S586,T2,3,180.8,0.7669305123872737
14,SD004,S586,T3,1,678.0,0.7669305123872737
14,SD004,S586,T3,2,418.09999999999997,0.7669305123872737
14,SD004,S586,T3,3,418.09999999999997,0.7669305123872737
14,SD004,S587,T2,1,149.0,1.6268730303347014
14,SD004,S588,T2,1,231.0,1.5655639515228366
14,SD004,S589,T2,1,223.0,1.600192254035535
14,SD004,S596,T2,1,157.0,1.2472733119337553
14,SD004,S596,T2,2,125.6,1.2472733119337553
14,SD004,S596,T3,1,471.0,1.2472733119337553
14,SD004,S596,T3,2,290.45000000000005,1.2472733119337553
14,SD004,S602,T2,1,171.0,1.5932312514084654
14,SD004,S603,T2,1,119.0,1.5260024731414439
14,SD004,S603,T2,2,88.59999999999977,1.5260024731414439
14,SD004,S603,T3,1,357.0,1.5260024731414439
14,SD004,S604,T2,1,70.0,0.5592533897787788
14,SD004,S604,T2,2,56.0,0.5592533897787788
14,SD004,S604,T2,3,56.0,0.5592533897787788
14,SD004,S604,T2,4,56.0,0.5592533897787788
14,SD004,S604,T3,1,210.0,0.5592533897787788
14,SD004,S604,T3,2,129.5,0.5592533897787788
14,SD004,S604,T3,3,129.5,0.5592533897787788
14,SD004,S604,T3,4,129.5,0.5592533897787788
14,SD004,S605,T2,1,57.0,0.5200265192024999
14,SD004,S605,T2,2,45.6,0.5200265192024999
14,SD004,S605,T2,3,45.6,0.5200265192024999
14,SD004,S605,T2,4,45.6,0.5200265192024999
14,SD004,S605,T3,1,171.0,0.5200265192024999
14,SD004,S605,T3,2,105.44999999999999,0.5200265192024999
14,SD004,S605,T3,3,105.44999999999999,0.5200265192024999
14,SD004,S605,T3,4,105.44999999999999,0.5200265192024999
14,SD004,S606,T2,1,65.0,1.1591849302237676
14,SD004,S606,T2,2,52.0,1.1591849302237676
14,SD004,S606,T2,3,52.0,1.1591849302237676
14,SD004,S606,T3,1,195.0,1.1591849302237676
14,SD004,S606,T3,2,120.25,1.1591849302237676
14,SD004,S617,T2,1,346.0,1.4735578079885367
14,SD004,S617,T2,2,132.99999999999977,1.4735578079885367
14,SD004,S617,T3,1,1096.1245380672112,1.4735578079885367
14,SD004,S625,T2,1,332.0,2.077856378373978
14,SD004,S626,T2,1,161.0,2.1097408109848033
14,SD004,S687,T2,1,147.0,2.159666837934605
14,SD004,S688,T2,1,206.0,2.1534742718795266
14,SD004,S689,T2,1,108.0,1.3845465675483215
14,SD004,S689,T2,2,86.4,1.3845465675483215
14,SD004,S689,T3,1,324.0,1.3845465675483215
14,SD004,S689,T3,2,199.79999999999998,1.3845465675483215
14,SD004,S690,T2,1,156.0,0.8052102484718188
14,SD004,S690,T2,2,124.8,0.8052102484718188
14,SD004,S690,T2,3,124.8,0.8052102484718188
14,SD004,S690,T3,1,468.0,0.8052102484718188
14,SD004,S690,T3,2,288.6,0.8052102484718188
14,SD004,S690,T3,3,288.6,0.8052102484718188
14,SD004,S727,T2,1,38.0,0.6932412480150679
14,SD004,S727,T2,2,30.4,0.6932412480150679
14,SD004,S727,T2,3,30.4,0.6932412480150679
14,SD004,S727,T2,4,30.4,0.6932412480150679
14,SD004,S727,T3,1,114.0,0.6932412480150679
14,SD004,S727,T3,2,70.30000000000001,0.6932412480150679
14,SD004,S727,T3,3,70.30000000000001,0.6932412480150679
14,SD004,S727,T3,4,70.30000000000001,0.6932412480150679
14,SD005,JH_H011,T1,1,10.0,0.534981795654251
14,SD005,JH_H011,T1,2,1.5,0.534981795654251
14,SD005,JH_H011,T1,3,3.125,0.534981795654251
14,SD005,JH_H011,T1,4,3.04375,0.534981795654251
14,SD005,JH_H011,T3,1,30.0,0.534981795654251
14,SD005,JH_H011,T3,2,25.5,0.534981795654251
14,SD005,JH_H011,T3,3,23.75,0.534981795654251
14,SD005,JH_H011,T3,4,23.8375,0.534981795654251
14,SD005,S446,T2,1,102.0,13.576545716571008
14,SD005,S446,T2,2,89.0,13.576545716571008
14,SD005,S446,T2,3,35.0,13.576545716571008
14,SD005,S446,T2,4,17.0,13.576545716571008
14,SD005,S446,T3,1,328.0,13.576545716571008
14,SD005,S446,T3,2,123.5,13.576545716571008
14,SD005,S446,T3,3,35.25,13.576545716571008
14,SD005,S446,T3,4,5.162500000000001,13.576545716571008
14,SD005,S791,T2,1,113.0,14.043439762067017
14,SD006,JH_H003,T1,1,378.0,2.76486819460775
14,SD006,JH_H003,T1,2,56.70000000000002,2.76486819460775
14,SD006,JH_H003,T1,3,118.12500000000003,2.76486819460775
14,SD006,JH_H003,T1,4,115.05374999999998,2.76486819460775
14,SD006,JH_H015,T1,1,50.0,0.645170244514547
14,SD006,JH_H015,T1,2,7.5,0.645170244514547
14,SD006,JH_H015,T1,3,15.625,0.645170244514547
14,SD006,JH_H015,T1,4,15.21875,0.645170244514547
14,SD006,JH_H015,T3,1,150.0,0.645170244514547
14,SD006,JH_H015,T3,2,127.5,0.645170244514547
14,SD006,JH_H015,T3,3,118.75,0.645170244514547
14,SD006,JH_H015,T3,4,119.1875,0.645170244514547
14,SD006,S122,T2,1,222.0,3.9396403355309237
14,SD006,S124,T2,1,200.0,1.430678099892389
14,SD006,S124,T2,2,160.0,1.430678099892389
14,SD006,S124,T3,1,600.0,1.430678099892389
14,SD006,S124,T3,2,370.0,1.430678099892389
14,SD006,S125,T2,1,207.0,0.9997048238543476
14,SD006,S125,T2,2,165.6,0.9997048238543476
14,SD006,S125,T2,3,165.6,0.9997048238543476
14,SD006,S125,T2,4,165.6,0.9997048238543476
14,SD006,S125,T3,1,621.0,0.9997048238543476
14,SD006,S125,T3,2,382.95000000000005,0.9997048238543476
14,SD006,S125,T3,3,382.95000000000005,0.9997048238543476
14,SD006,S125,T3,4,277.8125,0.9997048238543476
14,SD006,S126,T2,1,424.0,1.6205438392608271
14,SD006,S126,T2,2,339.2,1.6205438392608271
14,SD006,S126,T3,1,1272.0,1.6205438392608271
14,SD006,S446,T2,1,57.0,2.8704414725548366
14,SD006,S454,T2,1,198.0,1.4331077944721524
14,SD006,S454,T2,2,158.4,1.4331077944721524
14,SD006,S454,T3,1,594.0,1.4331077944721524
14,SD006,S454,T3,2,347.04999999999995,1.4331077944721524
14,SD006,S455,T2,1,176.0,1.6287148731300443
14,SD006,S455,T2,2,132.80000000000007,1.6287148731300443
14,SD006,S455,T3,1,528.0,1.6287148731300443
14,SD006,S568,T2,1,339.0,2.276287623416751
14,SD006,S569,T2,1,503.0,1.9059148924773086
14,SD006,S569,T3,1,204.0,1.9059148924773086
14,SD006,S680,T2,1,226.0,2.3645430802121266
14,SD006,S681,T2,1,650.0,1.340423242203861
14,SD006,S681,T2,2,520.0,1.340423242203861
14,SD006,S681,T2,3,395.4,1.340423242203861
14,SD006,S681,T2,4,90.4,1.340423242203861
14,SD006,S681,T3,1,1950.0,1.340423242203861
14,SD006,S681,T3,2,1202.5,1.340423242203861
14,SD006,S681,T3,3,403.29999999999995,1.340423242203861
14,SD006,S682,T2,1,30.0,0.723270339989806
14,SD006,S682,T2,2,24.0,0.723270339989806
14,SD006,S682,T2,3,24.0,0.723270339989806
14,SD006,S682,T2,4,24.0,0.723270339989806
14,SD006,S682,T3,1,90.0,0.723270339989806
14,SD006,S682,T3,2,55.5,0.723270339989806
14,SD006,S682,T3,3,55.5,0.723270339989806
14,SD006,S682,T3,4,55.5,0.723270339989806
14,SD006,S683,T2,1,30.0,0.7391699983760568
14,SD006,S683,T2,2,24.0,0.7391699983760568
14,SD006,S683,T2,3,24.0,0.7391699983760568
14,SD006,S683,T2,4,24.0,0.7391699983760568
14,SD006,S683,T3,1,90.0,0.7391699983760568
14,SD006,S683,T3,2,55.5,0.7391699983760568
14,SD006,S683,T3,3,55.5,0.7391699983760568
14,SD006,S683,T3,4,55.5,0.7391699983760568
14,SD006,S765,T2,1,337.0,2.4701455823530116
14,SD006,S784,T2,1,60.0,3.47889124960614
14,SD007,JH_H007,T1,1,75.0,4.981102350506281
14,SD007,JH_H007,T1,2,11.25,4.981102350506281
14,SD007,JH_H007,T1,3,23.4375,4.981102350506281
14,SD007,JH_H007,T1,4,22.828125,4.981102350506281
14,SD007,JH_H007,T3,1,225.0,4.981102350506281
14,SD007,JH_H007,T3,2,191.25,4.981102350506281
14,SD007,JH_H007,T3,3,178.125,4.981102350506281
14,SD007,JH_H007,T3,4,143.0,4.981102350506281
14,SD007,S395,T2,1,272.0,19.48361845865407
14,SD007,S395,T2,2,217.6,19.48361845865407
14,SD007,S395,T2,3,172.0,19.48361845865407
14,SD007,S395,T2,4,86.0,19.48361845865407
14,SD007,S395,T3,1,816.0,19.48361845865407
14,SD007,S395,T3,2,503.20000000000005,19.48361845865407
14,SD007,S395,T3,3,108.875,19.48361845865407
14,SD007,S447,T2,1,131.0,29.56357756604441
14,SD007,S447,T2,2,104.8,29.56357756604441
14,SD007,S447,T3,1,393.0,29.56357756604441
14,SD007,S447,T3,2,22.549999999999955,29.56357756604441
14,SD007,S539,T2,2,96.0,32.41914984545585
14,SD007,S539,T3,1,288.0,32.41914984545585
14,SD007,S564,T2,1,306.0,35.60543413799625
14,SD007,S565,T2,1,101.0,35.23780307038143
14,SD007,S565,T2,2,11.599999999999994,35.23780307038143
14,SD007,S567,T2,1,223.0,35.64018979823202
14,SD008,JH_H010,T1,1,15.0,2.2723099352135923
14,SD008,JH_H010,T1,2,2.25,2.2723099352135923
14,SD008,JH_H010,T1,3,4.6875,2.2723099352135923
14,SD008,JH_H010,T1,4,4.565625,2.2723099352135923
14,SD008,JH_H010,T3,1,45.0,2.2723099352135923
14,SD008,JH_H010,T3,2,38.25,2.2723099352135923
14,SD008,JH_H010,T3,3,35.625,2.2723099352135923
14,SD008,JH_H010,T3,4,32.0,2.2723099352135923
14,SD008,S005,T2,1,87.0,18.979770018401247
14,SD008,S572,T2,1,63.0,18.950429783126417
14,SD008,S572,T2,2,29.200000000000003,18.950429783126417
14,SD008,S572,T3,1,91.0,18.950429783126417
14,SD008,S729,T2,1,86.0,9.677941861024411
14,SD008,S729,T2,2,68.8,9.677941861024411
14,SD008,S729,T2,3,39.0,9.677941861024411
14,SD008,S729,T2,4,19.0,9.677941861024411
14,SD008,S729,T3,1,258.0,9.677941861024411
14,SD008,S729,T3,2,125.75,9.677941861024411
14,SD008,S729,T3,3,29.375,9.677941861024411
14,SD009,JH_H002,T1,1,503.033698989919,8.677094127999364
14,SD009,JH_H002,T1,2,75.45505484848786,8.677094127999364
14,SD009,JH_H002,T1,3,157.19803093434965,8.677094127999364
14,SD009,JH_H002,T1,4,153.11088213005664,8.677094127999364
14,SD009,JH_H012,T1,1,46.428775955528785,1.4576943447875488
14,SD009,JH_H012,T1,2,6.9643163933293195,1.4576943447875488
14,SD009,JH_H012,T1,3,14.508992486102745,1.4576943447875488
14,SD009,JH_H012,T1,4,14.131758681464074,1.4576943447875488
14,SD009,JH_H012,T3,1,139.28632786658636,1.4576943447875488
14,SD009,S074,T2,1,954.0,1.3880390695148377
14,SD009,S074,T2,2,763.2,1.3880390695148377
14,SD009,S074,T3,1,2862.0,1.3880390695148377
14,SD009,S074,T3,2,183.25585735712912,1.3880390695148377
14,SD009,S109,T2,1,177.0,1.9519912849642655
14,SD009,S112,T2,1,244.0,1.132994689053634
14,SD009,S112,T2,2,195.2,1.132994689053634
14,SD009,S112,T2,3,110.80000000000007,1.132994689053634
14,SD009,S112,T3,1,732.0,1.132994689053634
14,SD009,S112,T3,2,451.4000000000001,1.132994689053634
14,SD009,S462,T2,1,348.0,1.2065720748421453
14,SD009,S462,T2,2,278.4,1.2065720748421453
14,SD009,S462,T3,1,1044.0,1.2065720748421453
14,SD009,S462,T3,2,643.8,1.2065720748421453
14,SD009,S469,T2,1,249.0,1.598364302491851
14,SD009,S471,T2,1,469.0,2.0003868347987974
14,SD009,S472,T2,1,92.0,2.0850856737583108
14,SD009,S474,T2,1,130.0,2.1392098877866896
14,SD009,S475,T2,1,411.0,2.2821384274382996
14,SD009,S476,T2,1,442.0,2.397830934450181
14,SD009,S479,T2,1,206.0,2.4439957646721133
14,SD009,S486,T2,3,80.00000000000011,0.43140466453816145
14,SD009,S486,T2,4,45.799999999999955,0.43140466453816145
14,SD009,S486,T3,2,525.3941426428707,0.43140466453816145
14,SD009,S486,T3,3,523.2680740301246,0.43140466453816145
14,SD009,S486,T3,4,523.6393774607618,0.43140466453816145
14,SD009,S487,T2,1,301.0,1.0348611048750498
14,SD009,S487,T2,2,240.8,1.0348611048750498
14,SD009,S487,T2,3,240.8,1.0348611048750498
14,SD009,S487,T3,1,903.0,1.0348611048750498
14,SD009,S487,T3,2,556.8499999999999,1.0348611048750498
14,SD009,S488,T2,1,887.0,1.4592468756210197
14,SD009,S488,T3,1,1400.8382102006249,1.4592468756210197
14,SD009,S493,T2,1,181.0,2.3046196915783854
14,SD009,S494,T2,1,175.0,2.18548356516901
14,SD009,S495,T2,1,202.0,2.31038553355108
14,SD009,S510,T2,1,249.0,0.6979083852350719
14,SD009,S510,T2,2,199.2,0.6979083852350719
14,SD009,S510,T2,3,199.2,0.6979083852350719
14,SD009,S510,T2,4,51.99999999999994,0.6979083852350719
14,SD009,S510,T3,1,747.0,0.6979083852350719
14,SD009,S510,T3,2,460.6500000000001,0.6979083852350719
14,SD009,S510,T3,3,460.6500000000001,0.6979083852350719
14,SD009,S513,T2,1,153.0,2.4123062661242822
14,SD009,S514,T2,1,200.0,2.224209511471176
14,SD009,S515,T2,1,79.0,2.325791786803242
14,SD009,S517,T2,1,441.0,0.6471647314214741
14,SD009,S517,T2,2,352.8,0.6471647314214741
14,SD009,S517,T2,3,352.8,0.6471647314214741
14,SD009,S517,T2,4,352.8,0.6471647314214741
14,SD009,S517,T3,1,1323.0,0.6471647314214741
14,SD009,S517,T3,2,815.8499999999999,0.6471647314214741
14,SD009,S517,T3,3,815.8499999999999,0.6471647314214741
14,SD009,S517,T3,4,257.76062253923817,0.6471647314214741
14,SD009,S518,T2,1,119.0,0.8341037274881986
14,SD009,S518,T2,2,95.2,0.8341037274881986
14,SD009,S518,T2,3,95.2,0.8341037274881986
14,SD009,S518,T3,1,357.0,0.8341037274881986
14,SD009,S518,T3,2,220.14999999999998,0.8341037274881986
14,SD009,S518,T3,3,11.931925969875465,0.8341037274881986
14,SD009,S521,T2,1,141.0,1.2056576074633503
14,SD009,S521,T2,2,112.8,1.2056576074633503
14,SD009,S521,T3,1,423.0,1.2056576074633503
14,SD009,S521,T3,2,260.85,1.2056576074633503
14,SD009,S526,T2,1,39.0,1.5967739600035626
14,SD009,S529,T2,1,208.0,1.209251376816831
14,SD009,S529,T2,2,166.4,1.209251376816831
14,SD009,S529,T3,1,624.0,1.209251376816831
14,SD009,S529,T3,2,384.79999999999995,1.209251376816831
14,SD009,S592,T2,1,137.0,2.3835580344241905
14,SD009,S593,T2,1,254.0,1.3091700300275313
14,SD009,S593,T2,2,203.2,1.3091700300275313
14,SD009,S593,T3,1,762.0,1.3091700300275313
14,SD009,S593,T3,2,469.9000000000001,1.3091700300275313
14,SD009,S595,T2,1,122.0,0.6828915248353953
14,SD009,S595,T2,2,97.6,0.6828915248353953
14,SD009,S595,T2,3,97.6,0.6828915248353953
14,SD009,S595,T2,4,97.6,0.6828915248353953
14,SD009,S595,T3,1,366.0,0.6828915248353953
14,SD009,S595,T3,2,225.70000000000005,0.6828915248353953
14,SD009,S595,T3,3,225.70000000000005,0.6828915248353953
14,SD009,S597,T2,1,156.0,0.8827713039146582
14,SD009,S597,T2,2,124.8,0.8827713039146582
14,SD009,S597,T2,3,124.8,0.8827713039146582
14,SD009,S597,T3,1,468.0,0.8827713039146582
14,SD009,S597,T3,2,288.6,0.8827713039146582
14,SD009,S617,T2,1,400.0,1.397501868913553
14,SD009,S617,T2,2,463.8000000000002,1.397501868913553
14,SD009,S617,T3,1,1141.8754619327888,1.397501868913553
14,SD009,S618,T2,1,70.0,1.382503583118036
14,SD009,S618,T2,2,56.0,1.382503583118036
14,SD009,S618,T3,1,210.0,1.382503583118036
14,SD009,S618,T3,2,129.5,1.382503583118036
14,SD009,S652,T2,1,172.0,2.0922070322925164
14,SD009,S675,T2,1,111.0,2.034946139819214
14,SD009,S677,T2,1,102.0,1.2170290953506455
14,SD009,S677,T2,2,81.6,1.2170290953506455
14,SD009,S677,T3,1,306.0,1.2170290953506455
14,SD009,S677,T3,2,188.70000000000005,1.2170290953506455
14,SD009,S684,T2,1,164.0,1.389608157583629
14,SD009,S684,T2,2,131.2,1.389608157583629
14,SD009,S684,T3,1,492.0,1.389608157583629
14,SD009,S685,T2,1,129.0,0.42193562792349804
14,SD009,S685,T2,2,103.2,0.42193562792349804
14,SD009,S685,T2,3,103.2,0.42193562792349804
14,SD009,S685,T2,4,103.2,0.42193562792349804
14,SD009,S685,T3,1,387.0,0.42193562792349804
14,SD009,S685,T3,2,238.64999999999998,0.42193562792349804
14,SD009,S685,T3,3,238.64999999999998,0.42193562792349804
14,SD009,S685,T3,4,238.64999999999998,0.42193562792349804
14,SD009,S686,T2,1,127.0,0.20364027207591445
14,SD009,S686,T2,2,101.6,0.20364027207591445
14,SD009,S686,T2,3,101.6,0.20364027207591445
14,SD009,S686,T2,4,101.6,0.20364027207591445
14,SD009,S686,T3,1,381.0,0.20364027207591445
14,SD009,S686,T3,2,234.95000000000005,0.20364027207591445
14,SD009,S686,T3,3,234.95000000000005,0.20364027207591445
14,SD009,S686,T3,4,234.95000000000005,0.20364027207591445
14,SD010,JH_H001,T2,1,79.00228648284092,25.229261577539656
14,SD010,S002,T2,1,174.0,20.393405996838467
14,SD010,S002,T2,2,24.799999999999955,20.393405996838467
14,SD010,S002,T3,1,264.0,20.393405996838467
14,SD010,S033,T2,1,174.0,24.523763643503756
14,SD010,S034,T2,1,174.0,24.583558786131828
14,SD010,S035,T2,1,174.0,24.738798078264217
14,SD010,S064,T2,1,29.997713517159085,25.057192942964733
14,SD010,S576,T2,1,649.0,1.5750823381651595
14,SD010,S576,T2,2,519.2,1.5750823381651595
14,SD010,S576,T2,3,269.0,1.5750823381651595
14,SD010,S576,T2,4,134.0,1.5750823381651595
14,SD010,S576,T3,1,1947.0,1.5750823381651595
14,SD010,S576,T3,2,1121.0,1.5750823381651595
14,SD010,S576,T3,3,448.0,1.5750823381651595
14,SD010,S576,T3,4,224.0,1.5750823381651595
14,SD010,S692,T2,1,160.0,15.830422081506425
14,SD010,S692,T2,2,128.0,15.830422081506425
14,SD010,S692,T3,1,480.0,15.830422081506425
14,SD011,JH_H006,T1,1,110.0,1.7150550139812313
14,SD011,JH_H006,T1,2,16.5,1.7150550139812313
14,SD011,JH_H006,T1,3,34.375,1.7150550139812313
14,SD011,JH_H006,T1,4,33.48125000000001,1.7150550139812313
14,SD011,JH_H006,T3,1,330.0,1.7150550139812313
14,SD011,JH_H006,T3,2,280.5,1.7150550139812313
14,SD011,JH_H006,T3,3,261.25,1.7150550139812313
14,SD011,JH_H006,T3,4,136.65,1.7150550139812313
14,SD011,S086,T2,1,31.0,1.5041363893893474
14,SD011,S086,T2,2,24.8,1.5041363893893474
14,SD011,S086,T2,3,24.8,1.5041363893893474
14,SD011,S086,T2,4,24.8,1.5041363893893474
14,SD011,S086,T3,1,93.0,1.5041363893893474
14,SD011,S086,T3,2,57.349999999999994,1.5041363893893474
14,SD011,S086,T3,3,57.349999999999994,1.5041363893893474
14,SD011,S086,T3,4,57.349999999999994,1.5041363893893474
14,SD011,S802,T2,1,1368.0,4.008752756105587
14,SD011,S802,T2,2,557.2,4.008752756105587
14,SD011,S802,T2,3,208.2,4.008752756105587
14,SD011,S802,T2,4,91.2,4.008752756105587
14,SD011,S802,T3,1,1909.0,4.008752756105587
14,SD011,S802,T3,2,633.15,4.008752756105587
14,SD011,S802,T3,3,69.39999999999998,4.008752756105587
15,SD001,JH_H004,T1,1,150.0,1.854989649044953
15,SD001,JH_H004,T1,2,22.5,1.854989649044953
15,SD001,JH_H004,T1,3,46.875,1.854989649044953
15,SD001,JH_H004,T1,4,45.65625,1.854989649044953
15,SD001,JH_H004,T3,1,160.0,1.854989649044953
15,SD001,S008,T2,1,91.0,1.4141658668513217
15,SD001,S008,T2,2,72.8,1.4141658668513217
15,SD001,S008,T3,1,273.0,1.4141658668513217
15,SD001,S008,T3,2,168.35000000000002,1.4141658668513217
15,SD001,S068,T2,1,30.0,1.6186005431732127
15,SD001,S068,T2,2,18.600000000000037,1.6186005431732127
15,SD001,S068,T3,1,90.0,1.6186005431732127
15,SD001,S078,T2,1,90.0,0.7613366768678012
15,SD001,S078,T2,2,72.0,0.7613366768678012
15,SD001,S078,T3,1,270.0,0.7613366768678012
15,SD001,S078,T3,2,166.5,0.7613366768678012
15,SD001,S079,T2,1,30.0,0.6130448620883503
15,SD001,S079,T2,2,24.0,0.6130448620883503
15,SD001,S079,T2,3,4.800000000000011,0.6130448620883503
15,SD001,S079,T3,1,90.0,0.6130448620883503
15,SD001,S079,T3,2,55.5,0.6130448620883503
15,SD001,S080,T2,1,30.0,0.5856407835426283
15,SD001,S080,T2,2,24.0,0.5856407835426283
15,SD001,S080,T2,3,24.0,0.5856407835426283
15,SD001,S080,T3,1,90.0,0.5856407835426283
15,SD001,S080,T3,2,55.5,0.5856407835426283
15,SD001,S081,T2,1,30.0,1.2350430337468372
15,SD001,S081,T2,2,24.0,1.2350430337468372
15,SD001,S081,T3,1,90.0,1.2350430337468372
15,SD001,S081,T3,2,55.5,1.2350430337468372
15,SD001,S082,T2,1,95.0,0.30825726628798844
15,SD001,S082,T2,2,76.0,0.30825726628798844
15,SD001,S082,T2,3,76.0,0.30825726628798844
15,SD001,S082,T2,4,76.0,0.30825726628798844
15,SD001,S082,T3,1,285.0,0.30825726628798844
15,SD001,S082,T3,2,175.75,0.30825726628798844
15,SD001,S082,T3,3,175.75,0.30825726628798844
15,SD001,S082,T3,4,175.75,0.30825726628798844
15,SD001,S083,T2,1,47.0,1.4488374118755394
15,SD001,S083,T2,2,37.6,1.4488374118755394
15,SD001,S083,T3,1,141.0,1.4488374118755394
15,SD001,S083,T3,2,86.94999999999999,1.4488374118755394
15,SD001,S541,T2,1,229.0,0.46064951290961775
15,SD001,S541,T2,2,183.2,0.46064951290961775
15,SD001,S541,T2,3,183.2,0.46064951290961775
15,SD001,S541,T2,4,68.0,0.46064951290961775
15,SD001,S541,T3,1,687.0,0.46064951290961775
15,SD001,S541,T3,2,423.6500000000001,0.46064951290961775
15,SD001,S541,T3,3,304.25,0.46064951290961775
15,SD001,S541,T3,4,64.25,0.46064951290961775
15,SD001,S715,T2,1,49.0,1.886108276469824
15,SD001,S721,T2,1,236.0,1.5796056128448186
15,SD001,S721,T2,2,188.8,1.5796056128448186
15,SD001,S721,T3,1,708.0,1.5796056128448186
15,SD001,S721,T3,2,14.29999999999984,1.5796056128448186
15,SD001,S722,T2,1,189.0,1.9678695758040023
15,SD001,S757,T2,1,584.0,1.9022722825061857
15,SD002,JH_H008,T1,1,29.999947195469076,1.0827923580272938
15,SD002,JH_H008,T1,2,4.500034322945083,1.0827923580272938
15,SD002,JH_H008,T1,3,9.374998283852733,1.0827923580272938
15,SD002,JH_H008,T1,4,9.131250085807366,1.0827923580272938
15,SD002,JH_H008,T2,1,5.280453098066573e-05,1.0827923580272938
15,SD002,JH_H008,T3,1,90.0,1.0827923580272938
15,SD002,JH_H008,T3,2,76.49996303682832,1.0827923580272938
15,SD002,JH_H008,T3,3,71.25000184815859,1.0827923580272938
15,SD002,JH_H008,T3,4,68.0,1.0827923580272938
15,SD002,S071,T2,1,100.0,22.407993625949995
15,SD002,S071,T2,2,62.8,22.407993625949995
15,SD002,S071,T3,1,197.0,22.407993625949995
15,SD002,S402,T2,1,39.0,26.129154168488203
15,SD002,S403,T2,1,30.0,16.770921449222417
15,SD002,S403,T2,2,24.0,16.770921449222417
15,SD002,S403,T2,3,24.0,16.770921449222417
15,SD002,S403,T2,4,24.0,16.770921449222417
15,SD002,S403,T3,1,90.0,16.770921449222417
15,SD002,S403,T3,2,55.5,16.770921449222417
15,SD002,S403,T3,3,55.5,16.770921449222417
15,SD002,S539,T2,1,120.0,23.860569411192145
15,SD002,S550,T2,1,30.0,36.18104152205202
15,SD002,S674,T2,1,25.99994719546902,36.29727816595809
15,SD002,S756,T2,1,149.0,17.628105547036988
15,SD002,S756,T2,2,119.2,17.628105547036988
15,SD002,S756,T2,3,58.0,17.628105547036988
15,SD002,S756,T2,4,17.0,17.628105547036988
15,SD002,S756,T3,1,447.0,17.628105547036988
15,SD002,S756,T3,2,211.00003696317168,17.628105547036988
15,SD002,S756,T3,3,10.24999815184141,17.628105547036988
15,SD003,JH_H009,T1,1,10.0,0.4313840120055951
15,SD003,JH_H009,T1,2,1.5,0.4313840120055951
15,SD003,JH_H009,T1,3,3.125,0.4313840120055951
15,SD003,JH_H009,T1,4,3.04375,0.4313840120055951
15,SD003,JH_H009,T3,1,30.0,0.4313840120055951
15,SD003,JH_H009,T3,2,25.5,0.4313840120055951
15,SD003,JH_H009,T3,3,23.75,0.4313840120055951
15,SD003,JH_H009,T3,4,23.8375,0.4313840120055951
15,SD003,S572,T2,1,388.0,15.514228917198071
15,SD003,S572,T2,2,161.0,15.514228917198071
15,SD003,S572,T2,3,64.0,15.514228917198071
15,SD003,S572,T2,4,32.0,15.514228917198071
15,SD003,S572,T3,1,617.0,15.514228917198071
15,SD003,S572,T3,2,243.5,15.514228917198071
15,SD003,S572,T3,3,83.25,15.514228917198071
15,SD003,S572,T3,4,29.1625,15.514228917198071
15,SD004,JH_H013,T1,1,30.80387128131632,2.6842115905313224
15,SD004,JH_H013,T1,2,4.62058069219745,2.6842115905313224
15,SD004,JH_H013,T1,3,9.62620977541135,2.6842115905313224
15,SD004,JH_H013,T1,4,9.375928321250653,2.6842115905313224
15,SD004,JH_H014,T1,1,27.933339337247503,0.32354661842920146
15,SD004,JH_H014,T1,2,4.190000900587126,0.32354661842920146
15,SD004,JH_H014,T1,3,8.729168542889843,0.32354661842920146
15,SD004,JH_H014,T1,4,8.50221016077471,0.32354661842920146
15,SD004,JH_H014,T3,1,83.80001801174251,0.32354661842920146
15,SD004,JH_H014,T3,2,71.23001530998113,0.32354661842920146
15,SD004,JH_H014,T3,3,66.34168092596282,0.32354661842920146
15,SD004,JH_H014,T3,4,66.58609764516373,0.32354661842920146
15,SD004,S015,T2,1,83.0,0.4456418776495982
15,SD004,S015,T2,2,66.4,0.4456418776495982
15,SD004,S015,T2,3,66.4,0.4456418776495982
15,SD004,S015,T2,4,66.4,0.4456418776495982
15,SD004,S015,T3,1,249.0,0.4456418776495982
15,SD004,S015,T3,2,153.55,0.4456418776495982
15,SD004,S015,T3,3,153.55,0.4456418776495982
15,SD004,S015,T3,4,153.55,0.4456418776495982
15,SD004,S111,T2,1,808.0,1.2451439966559943
15,SD004,S111,T2,2,646.4,1.2451439966559943
15,SD004,S111,T3,1,2424.0,1.2451439966559943
15,SD004,S111,T3,2,1494.8000000000002,1.2451439966559943
15,SD004,S406,T2,1,123.0,2.0654294745129445
15,SD004,S477,T2,1,228.0,1.4997932513210326
15,SD004,S478,T2,1,216.0,1.5153792585230599
15,SD004,S486,T2,1,503.0,0.4783285874010517
15,SD004,S486,T2,2,402.4,0.4783285874010517
15,SD004,S486,T2,3,240.79999999999995,0.4783285874010517
15,SD004,S486,T2,4,257.6,0.4783285874010517
15,SD004,S486,T3,1,1509.0,0.4783285874010517
15,SD004,S486,T3,2,119.56998469001877,0.4783285874010517
15,SD004,S486,T3,3,846.3500000000001,0.4783285874010517
15,SD004,S486,T3,4,374.1500000000002,0.4783285874010517
15,SD004,S525,T2,1,67.0,1.2640603113896036
15,SD004,S525,T2,2,53.6,1.2640603113896036
15,SD004,S525,T3,1,201.0,1.2640603113896036
15,SD004,S551,T2,1,204.0,2.3434883503746464
15,SD004,S583,T2,1,124.0,1.3098200579051456
15,SD004,S583,T2,2,99.2,1.3098200579051456
15,SD004,S583,T3,1,372.0,1.3098200579051456
15,SD004,S584,T2,1,119.0,0.8702269571511124
15,SD004,S584,T2,2,95.2,0.8702269571511124
15,SD004,S584,T2,3,95.2,0.8702269571511124
15,SD004,S584,T3,1,357.0,0.8702269571511124
15,SD004,S584,T3,2,220.14999999999998,0.8702269571511124
15,SD004,S585,T2,1,173.0,1.0153546860217733
15,SD004,S585,T2,2,138.4,1.0153546860217733
15,SD004,S585,T2,3,72.00000000000011,1.0153546860217733
15,SD004,S585,T3,1,519.0,1.0153546860217733
15,SD004,S585,T3,2,320.04999999999995,1.0153546860217733
15,SD004,S586,T2,1,226.0,0.7669305123872737
15,SD004,S586,T2,2,180.8,0.7669305123872737
15,SD004,S586,T2,3,180.8,0.7669305123872737
15,SD004,S586,T3,1,678.0,0.7669305123872737
15,SD004,S586,T3,2,418.09999999999997,0.7669305123872737
15,SD004,S586,T3,3,148.5083190740371,0.7669305123872737
15,SD004,S587,T2,1,149.0,1.6268730303347014
15,SD004,S588,T2,1,231.0,1.5655639515228366
15,SD004,S589,T2,1,223.0,1.600192254035535
15,SD004,S596,T2,1,157.0,1.2472733119337553
15,SD004,S596,T2,2,125.6,1.2472733119337553
15,SD004,S596,T3,1,471.0,1.2472733119337553
15,SD004,S596,T3,2,290.45000000000005,1.2472733119337553
15,SD004,S602,T2,1,171.0,1.5932312514084654
15,SD004,S603,T2,1,119.0,1.5260024731414439
15,SD004,S604,T2,1,70.0,0.5592533897787788
15,SD004,S604,T2,2,56.0,0.5592533897787788
15,SD004,S604,T2,3,56.0,0.5592533897787788
15,SD004,S604,T2,4,56.0,0.5592533897787788
15,SD004,S604,T3,1,210.0,0.5592533897787788
15,SD004,S604,T3,2,129.5,0.5592533897787788
15,SD004,S604,T3,3,129.5,0.5592533897787788
15,SD004,S604,T3,4,60.26390235483598,0.5592533897787788
15,SD004,S605,T2,1,57.0,0.5200265192024999
15,SD004,S605,T2,2,45.6,0.5200265192024999
15,SD004,S605,T2,3,45.6,0.5200265192024999
15,SD004,S605,T2,4,45.6,0.5200265192024999
15,SD004,S605,T3,1,171.0,0.5200265192024999
15,SD004,S605,T3,2,105.44999999999999,0.5200265192024999
15,SD004,S605,T3,3,105.44999999999999,0.5200265192024999
15,SD004,S605,T3,4,105.44999999999999,0.5200265192024999
15,SD004,S606,T2,1,65.0,1.1591849302237676
15,SD004,S606,T2,2,52.0,1.1591849302237676
15,SD004,S606,T3,1,195.0,1.1591849302237676
15,SD004,S606,T3,2,120.25,1.1591849302237676
15,SD004,S617,T2,1,211.0,1.4735578079885367
15,SD004,S617,T2,2,77.79999999999981,1.4735578079885367
15,SD004,S617,T3,1,779.1999819882575,1.4735578079885367
15,SD004,S625,T2,1,332.0,2.077856378373978
15,SD004,S626,T2,1,161.0,2.1097408109848033
15,SD004,S687,T2,1,147.0,2.159666837934605
15,SD004,S688,T2,1,206.0,2.1534742718795266
15,SD004,S689,T2,1,108.0,1.3845465675483215
15,SD004,S689,T2,2,86.4,1.3845465675483215
15,SD004,S689,T3,1,324.0,1.3845465675483215
15,SD004,S690,T2,1,156.0,0.8052102484718188
15,SD004,S690,T2,2,124.8,0.8052102484718188
15,SD004,S690,T2,3,124.8,0.8052102484718188
15,SD004,S690,T3,1,468.0,0.8052102484718188
15,SD004,S690,T3,2,288.6,0.8052102484718188
15,SD004,S727,T2,1,38.0,0.6932412480150679
15,SD004,S727,T2,2,30.4,0.6932412480150679
15,SD004,S727,T2,3,30.4,0.6932412480150679
15,SD004,S727,T2,4,30.4,0.6932412480150679
15,SD004,S727,T3,1,114.0,0.6932412480150679
15,SD004,S727,T3,2,70.30000000000001,0.6932412480150679
15,SD004,S727,T3,3,70.30000000000001,0.6932412480150679
15,SD005,JH_H011,T1,1,10.0,0.534981795654251
15,SD005,JH_H011,T1,2,1.5,0.534981795654251
15,SD005,JH_H011,T1,3,3.125,0.534981795654251
15,SD005,JH_H011,T1,4,3.04375,0.534981795654251
15,SD005,JH_H011,T3,1,30.0,0.534981795654251
15,SD005,JH_H011,T3,2,25.5,0.534981795654251
15,SD005,JH_H011,T3,3,23.75,0.534981795654251
15,SD005,JH_H011,T3,4,23.8375,0.534981795654251
15,SD005,S446,T2,1,159.0,13.576545716571008
15,SD005,S446,T2,2,73.0,13.576545716571008
15,SD005,S446,T2,3,29.0,13.576545716571008
15,SD005,S446,T2,4,14.0,13.576545716571008
15,SD005,S446,T3,1,264.0,13.576545716571008
15,SD005,S446,T3,2,96.5,13.576545716571008
15,SD005,S446,T3,3,25.25,13.576545716571008
15,SD005,S446,T3,4,0.16250000000000142,13.576545716571008
15,SD005,S791,T2,1,17.0,14.043439762067017
15,SD006,JH_H003,T1,1,378.0,2.76486819460775
15,SD006,JH_H003,T1,2,56.70000000000002,2.76486819460775
15,SD006,JH_H003,T1,3,118.12500000000003,2.76486819460775
15,SD006,JH_H003,T1,4,115.05374999999998,2.76486819460775
15,SD006,JH_H015,T1,1,50.0,0.645170244514547
15,SD006,JH_H015,T1,2,7.5,0.645170244514547
15,SD006,JH_H015,T1,3,15.625,0.645170244514547
15,SD006,JH_H015,T1,4,15.21875,0.645170244514547
15,SD006,JH_H015,T3,1,150.0,0.645170244514547
15,SD006,JH_H015,T3,2,127.5,0.645170244514547
15,SD006,JH_H015,T3,3,118.75,0.645170244514547
15,SD006,JH_H015,T3,4,119.1875,0.645170244514547
15,SD006,S124,T2,1,200.0,1.430678099892389
15,SD006,S124,T2,2,160.0,1.430678099892389
15,SD006,S124,T3,1,600.0,1.430678099892389
15,SD006,S124,T3,2,261.04999999999995,1.430678099892389
15,SD006,S125,T2,1,207.0,0.9997048238543476
15,SD006,S125,T2,2,165.6,0.9997048238543476
15,SD006,S125,T2,3,165.6,0.9997048238543476
15,SD006,S125,T2,4,165.6,0.9997048238543476
15,SD006,S125,T3,1,621.0,0.9997048238543476
15,SD006,S125,T3,2,382.95000000000005,0.9997048238543476
15,SD006,S125,T3,3,382.95000000000005,0.9997048238543476
15,SD006,S125,T3,4,186.8125,0.9997048238543476
15,SD006,S126,T2,1,424.0,1.6205438392608271
15,SD006,S126,T2,2,199.0,1.6205438392608271
15,SD006,S126,T3,1,909.0,1.6205438392608271
15,SD006,S454,T2,1,198.0,1.4331077944721524
15,SD006,S454,T2,2,158.4,1.4331077944721524
15,SD006,S454,T3,1,594.0,1.4331077944721524
15,SD006,S455,T2,1,176.0,1.6287148731300443
15,SD006,S568,T2,1,339.0,2.276287623416751
15,SD006,S569,T2,1,503.0,1.9059148924773086
15,SD006,S680,T2,1,226.0,2.3645430802121266
15,SD006,S681,T2,1,650.0,1.340423242203861
15,SD006,S681,T2,2,520.0,1.340423242203861
15,SD006,S681,T2,3,286.4,1.340423242203861
15,SD006,S681,T2,4,36.400000000000006,1.340423242203861
15,SD006,S681,T3,1,1950.0,1.340423242203861
15,SD006,S681,T3,2,1202.5,1.340423242203861
15,SD006,S681,T3,3,221.29999999999995,1.340423242203861
15,SD006,S682,T2,1,30.0,0.723270339989806
15,SD006,S682,T2,2,24.0,0.723270339989806
15,SD006,S682,T2,3,24.0,0.723270339989806
15,SD006,S682,T2,4,24.0,0.723270339989806
15,SD006,S682,T3,1,90.0,0.723270339989806
15,SD006,S682,T3,2,55.5,0.723270339989806
15,SD006,S682,T3,3,55.5,0.723270339989806
15,SD006,S682,T3,4,55.5,0.723270339989806
15,SD006,S683,T2,1,30.0,0.7391699983760568
15,SD006,S683,T2,2,24.0,0.7391699983760568
15,SD006,S683,T2,3,24.0,0.7391699983760568
15,SD006,S683,T2,4,24.0,0.7391699983760568
15,SD006,S683,T3,1,90.0,0.7391699983760568
15,SD006,S683,T3,2,55.5,0.7391699983760568
15,SD006,S683,T3,3,55.5,0.7391699983760568
15,SD006,S683,T3,4,55.5,0.7391699983760568
15,SD006,S765,T2,1,19.0,2.4701455823530116
15,SD007,JH_H007,T1,1,75.0,4.981102350506281
15,SD007,JH_H007,T1,2,11.25,4.981102350506281
15,SD007,JH_H007,T1,3,23.4375,4.981102350506281
15,SD007,JH_H007,T1,4,22.828125,4.981102350506281
15,SD007,JH_H007,T3,1,225.0,4.981102350506281
15,SD007,JH_H007,T3,2,191.25,4.981102350506281
15,SD007,JH_H007,T3,3,178.125,4.981102350506281
15,SD007,JH_H007,T3,4,117.0,4.981102350506281
15,SD007,S395,T2,1,272.0,19.48361845865407
15,SD007,S395,T2,2,217.6,19.48361845865407
15,SD007,S395,T2,3,141.0,19.48361845865407
15,SD007,S395,T2,4,70.0,19.48361845865407
15,SD007,S395,T3,1,816.0,19.48361845865407
15,SD007,S395,T3,2,396.75,19.48361845865407
15,SD007,S395,T3,3,56.875,19.48361845865407
15,SD007,S447,T2,1,131.0,29.56357756604441
15,SD007,S447,T2,2,104.8,29.56357756604441
15,SD007,S447,T3,1,372.0,29.56357756604441
15,SD007,S539,T2,2,30.599999999999994,32.41914984545585
15,SD007,S564,T2,1,306.0,35.60543413799625
15,SD007,S565,T2,1,101.0,35.23780307038143
15,SD007,S567,T2,1,37.0,35.64018979823202
15,SD008,JH_H010,T1,1,15.0,2.2723099352135923
15,SD008,JH_H010,T1,2,2.25,2.2723099352135923
15,SD008,JH_H010,T1,3,4.6875,2.2723099352135923
15,SD008,JH_H010,T1,4,4.565625,2.2723099352135923
15,SD008,JH_H010,T3,1,45.0,2.2723099352135923
15,SD008,JH_H010,T3,2,38.25,2.2723099352135923
15,SD008,JH_H010,T3,3,35.625,2.2723099352135923
15,SD008,JH_H010,T3,4,26.0,2.2723099352135923
15,SD008,S572,T2,1,108.0,18.950429783126417
15,SD008,S572,T2,2,11.200000000000003,18.950429783126417
15,SD008,S572,T3,1,20.0,18.950429783126417
15,SD008,S729,T2,1,86.0,9.677941861024411
15,SD008,S729,T2,2,68.8,9.677941861024411
15,SD008,S729,T2,3,32.0,9.677941861024411
15,SD008,S729,T2,4,15.0,9.677941861024411
15,SD008,S729,T3,1,258.0,9.677941861024411
15,SD008,S729,T3,2,95.75,9.677941861024411
15,SD008,S729,T3,3,17.375,9.677941861024411
15,SD009,JH_H002,T1,1,520.4483830587388,8.677094127999364
15,SD009,JH_H002,T1,2,78.06725745881084,8.677094127999364
15,SD009,JH_H002,T1,3,162.6401197058559,8.677094127999364
15,SD009,JH_H002,T1,4,158.4114765935036,8.677094127999364
15,SD009,JH_H012,T1,1,48.86610291035475,1.4576943447875488
15,SD009,JH_H012,T1,2,7.329915436553211,1.4576943447875488
15,SD009,JH_H012,T1,3,15.27065715948586,1.4576943447875488
15,SD009,JH_H012,T1,4,14.873620073339225,1.4576943447875488
15,SD009,JH_H012,T3,1,0.0043450124586075205,1.4576943447875488
15,SD009,S074,T2,1,954.0,1.3880390695148377
15,SD009,S074,T2,2,681.2000000000005,1.3880390695148377
15,SD009,S074,T3,1,2862.0,1.3880390695148377
15,SD009,S109,T2,1,177.0,1.9519912849642655
15,SD009,S112,T2,1,244.0,1.132994689053634
15,SD009,S112,T2,2,195.2,1.132994689053634
15,SD009,S112,T3,1,732.0,1.132994689053634
15,SD009,S112,T3,2,451.4000000000001,1.132994689053634
15,SD009,S462,T2,1,348.0,1.2065720748421453
15,SD009,S462,T2,2,278.4,1.2065720748421453
15,SD009,S462,T3,1,1044.0,1.2065720748421453
15,SD009,S462,T3,2,586.369984690019,1.2065720748421453
15,SD009,S469,T2,1,249.0,1.598364302491851
15,SD009,S471,T2,1,469.0,2.0003868347987974
15,SD009,S472,T2,1,92.0,2.0850856737583108
15,SD009,S474,T2,1,130.0,2.1392098877866896
15,SD009,S475,T2,1,53.0,2.2821384274382996
15,SD009,S486,T2,3,161.60000000000002,0.43140466453816145
15,SD009,S486,T2,4,144.79999999999995,0.43140466453816145
15,SD009,S486,T3,2,810.9800153099814,0.43140466453816145
15,SD009,S486,T3,3,84.20000000000005,0.43140466453816145
15,SD009,S486,T3,4,556.4,0.43140466453816145
15,SD009,S487,T2,1,301.0,1.0348611048750498
15,SD009,S487,T2,2,240.8,1.0348611048750498
15,SD009,S487,T3,1,903.0,1.0348611048750498
15,SD009,S487,T3,2,556.8499999999999,1.0348611048750498
15,SD009,S488,T2,1,887.0,1.4592468756210197
15,SD009,S494,T2,1,175.0,2.18548356516901
15,SD009,S510,T2,1,249.0,0.6979083852350719
15,SD009,S510,T2,2,199.2,0.6979083852350719
15,SD009,S510,T2,3,199.2,0.6979083852350719
15,SD009,S510,T3,1,747.0,0.6979083852350719
15,SD009,S510,T3,2,460.6500000000001,0.6979083852350719
15,SD009,S510,T3,3,460.6500000000001,0.6979083852350719
15,SD009,S514,T2,1,200.0,2.224209511471176
15,SD009,S517,T2,1,441.0,0.6471647314214741
15,SD009,S517,T2,2,352.8,0.6471647314214741
15,SD009,S517,T2,3,352.8,0.6471647314214741
15,SD009,S517,T2,4,268.40000000000003,0.6471647314214741
15,SD009,S517,T3,1,1323.0,0.6471647314214741
15,SD009,S517,T3,2,815.8499999999999,0.6471647314214741
15,SD009,S517,T3,3,815.8499999999999,0.6471647314214741
15,SD009,S518,T2,1,119.0,0.8341037274881986
15,SD009,S518,T2,2,95.2,0.8341037274881986
15,SD009,S518,T2,3,95.2,0.8341037274881986
15,SD009,S518,T3,1,357.0,0.8341037274881986
15,SD009,S518,T3,2,220.14999999999998,0.8341037274881986
15,SD009,S521,T2,1,141.0,1.2056576074633503
15,SD009,S521,T2,2,112.8,1.2056576074633503
15,SD009,S521,T3,1,423.0,1.2056576074633503
15,SD009,S521,T3,2,260.85,1.2056576074633503
15,SD009,S526,T2,1,39.0,1.5967739600035626
15,SD009,S529,T2,1,208.0,1.209251376816831
15,SD009,S529,T2,2,166.4,1.209251376816831
15,SD009,S529,T3,1,624.0,1.209251376816831
15,SD009,S593,T2,1,254.0,1.3091700300275313
15,SD009,S593,T2,2,203.2,1.3091700300275313
15,SD009,S593,T3,1,762.0,1.3091700300275313
15,SD009,S595,T2,1,122.0,0.6828915248353953
15,SD009,S595,T2,2,97.6,0.6828915248353953
15,SD009,S595,T2,3,97.6,0.6828915248353953
15,SD009,S595,T3,1,366.0,0.6828915248353953
15,SD009,S595,T3,2,225.70000000000005,0.6828915248353953
15,SD009,S595,T3,3,225.70000000000005,0.6828915248353953
15,SD009,S597,T2,1,156.0,0.8827713039146582
15,SD009,S597,T2,2,124.8,0.8827713039146582
15,SD009,S597,T2,3,124.8,0.8827713039146582
15,SD009,S597,T3,1,468.0,0.8827713039146582
15,SD009,S597,T3,2,288.6,0.8827713039146582
15,SD009,S617,T2,1,535.0,1.397501868913553
15,SD009,S618,T2,1,70.0,1.382503583118036
15,SD009,S618,T2,2,56.0,1.382503583118036
15,SD009,S618,T3,1,210.0,1.382503583118036
15,SD009,S652,T2,1,172.0,2.0922070322925164
15,SD009,S675,T2,1,111.0,2.034946139819214
15,SD009,S677,T2,1,102.0,1.2170290953506455
15,SD009,S677,T2,2,81.6,1.2170290953506455
15,SD009,S677,T3,1,306.0,1.2170290953506455
15,SD009,S684,T2,1,164.0,1.389608157583629
15,SD009,S684,T3,1,467.9956549875414,1.389608157583629
15,SD009,S685,T2,1,129.0,0.42193562792349804
15,SD009,S685,T2,2,103.2,0.42193562792349804
15,SD009,S685,T2,3,103.2,0.42193562792349804
15,SD009,S685,T2,4,103.2,0.42193562792349804
15,SD009,S685,T3,1,387.0,0.42193562792349804
15,SD009,S685,T3,2,238.64999999999998,0.42193562792349804
15,SD009,S685,T3,3,238.64999999999998,0.42193562792349804
15,SD009,S685,T3,4,238.64999999999998,0.42193562792349804
15,SD009,S686,T2,1,127.0,0.20364027207591445
15,SD009,S686,T2,2,101.6,0.20364027207591445
15,SD009,S686,T2,3,101.6,0.20364027207591445
15,SD009,S686,T2,4,101.6,0.20364027207591445
15,SD009,S686,T3,1,381.0,0.20364027207591445
15,SD009,S686,T3,2,234.95000000000005,0.20364027207591445
15,SD009,S686,T3,3,234.95000000000005,0.20364027207591445
15,SD009,S686,T3,4,234.95000000000005,0.20364027207591445
15,SD010,S002,T2,1,174.0,20.393405996838467
15,SD010,S033,T2,1,174.0,24.523763643503756
15,SD010,S034,T2,1,167.0,24.583558786131828
15,SD010,S576,T2,1,649.0,1.5750823381651595
15,SD010,S576,T2,2,519.2,1.5750823381651595
15,SD010,S576,T2,3,220.0,1.5750823381651595
15,SD010,S576,T2,4,110.0,1.5750823381651595
15,SD010,S576,T3,1,1947.0,1.5750823381651595
15,SD010,S576,T3,2,919.0,1.5750823381651595
15,SD010,S576,T3,3,367.0,1.5750823381651595
15,SD010,S576,T3,4,183.0,1.5750823381651595
15,SD010,S692,T2,1,160.0,15.830422081506425
15,SD010,S692,T2,2,31.799999999999955,15.830422081506425
15,SD010,S692,T3,1,260.0,15.830422081506425
15,SD011,JH_H006,T1,1,110.0,1.7150550139812313
15,SD011,JH_H006,T1,2,16.5,1.7150550139812313
15,SD011,JH_H006,T1,3,34.375,1.7150550139812313
15,SD011,JH_H006,T1,4,33.48125000000001,1.7150550139812313
15,SD011,JH_H006,T3,1,330.0,1.7150550139812313
15,SD011,JH_H006,T3,2,280.5,1.7150550139812313
15,SD011,JH_H006,T3,3,260.65,1.7150550139812313
15,SD011,JH_H006,T3,4,101.65,1.7150550139812313
15,SD011,S086,T2,1,31.0,1.5041363893893474
15,SD011,S086,T2,2,24.8,1.5041363893893474
15,SD011,S086,T2,3,24.8,1.5041363893893474
15,SD011,S086,T2,4,24.8,1.5041363893893474
15,SD011,S086,T3,1,93.0,1.5041363893893474
15,SD011,S086,T3,2,57.349999999999994,1.5041363893893474
15,SD011,S086,T3,3,57.349999999999994,1.5041363893893474
15,SD011,S086,T3,4,57.349999999999994,1.5041363893893474
15,SD011,S802,T2,1,1116.0,4.008752756105587
15,SD011,S802,T2,2,453.2,4.008752756105587
15,SD011,S802,T2,3,166.2,4.008752756105587
15,SD011,S802,T2,4,70.2,4.008752756105587
15,SD011,S802,T3,1,1490.0,4.008752756105587
15,SD011,S802,T3,2,459.15,4.008752756105587
16,SD001,JH_H004,T1,1,150.0,1.854989649044953
16,SD001,JH_H004,T1,2,22.5,1.854989649044953
16,SD001,JH_H004,T1,3,46.875,1.854989649044953
16,SD001,JH_H004,T1,4,45.65625,1.854989649044953
16,SD001,S008,T2,1,91.0,1.4141658668513217
16,SD001,S008,T2,2,72.8,1.4141658668513217
16,SD001,S008,T3,1,273.0,1.4141658668513217
16,SD001,S068,T2,1,30.0,1.6186005431732127
16,SD001,S078,T2,1,90.0,0.7613366768678012
16,SD001,S078,T2,2,72.0,0.7613366768678012
16,SD001,S078,T3,1,270.0,0.7613366768678012
16,SD001,S078,T3,2,96.59999999999991,0.7613366768678012
16,SD001,S079,T2,1,30.0,0.6130448620883503
16,SD001,S079,T2,2,24.0,0.6130448620883503
16,SD001,S079,T3,1,90.0,0.6130448620883503
16,SD001,S079,T3,2,55.5,0.6130448620883503
16,SD001,S080,T2,1,30.0,0.5856407835426283
16,SD001,S080,T2,2,24.0,0.5856407835426283
16,SD001,S080,T3,1,90.0,0.5856407835426283
16,SD001,S080,T3,2,55.5,0.5856407835426283
16,SD001,S081,T2,1,30.0,1.2350430337468372
16,SD001,S081,T2,2,24.0,1.2350430337468372
16,SD001,S081,T3,1,90.0,1.2350430337468372
16,SD001,S082,T2,1,95.0,0.30825726628798844
16,SD001,S082,T2,2,76.0,0.30825726628798844
16,SD001,S082,T2,3,76.0,0.30825726628798844
16,SD001,S082,T2,4,76.0,0.30825726628798844
16,SD001,S082,T3,1,285.0,0.30825726628798844
16,SD001,S082,T3,2,175.75,0.30825726628798844
16,SD001,S082,T3,3,175.75,0.30825726628798844
16,SD001,S082,T3,4,161.0,0.30825726628798844
16,SD001,S083,T2,1,47.0,1.4488374118755394
16,SD001,S083,T2,2,8.000000000000014,1.4488374118755394
16,SD001,S083,T3,1,141.0,1.4488374118755394
16,SD001,S541,T2,1,229.0,0.46064951290961775
16,SD001,S541,T2,2,183.2,0.46064951290961775
16,SD001,S541,T2,3,117.0,0.46064951290961775
16,SD001,S541,T2,4,20.0,0.46064951290961775
16,SD001,S541,T3,1,687.0,0.46064951290961775
16,SD001,S541,T3,2,423.6500000000001,0.46064951290961775
16,SD001,S541,T3,3,146.25,0.46064951290961775
16,SD001,S715,T2,1,49.0,1.886108276469824
16,SD001,S721,T2,1,236.0,1.5796056128448186
16,SD001,S721,T3,1,11.0,1.5796056128448186
16,SD001,S757,T2,1,205.0,1.9022722825061857
16,SD002,JH_H008,T1,1,30.0,1.0827923580272938
16,SD002,JH_H008,T1,2,4.5,1.0827923580272938
16,SD002,JH_H008,T1,3,9.375,1.0827923580272938
16,SD002,JH_H008,T1,4,9.13125,1.0827923580272938
16,SD002,JH_H008,T3,1,90.0,1.0827923580272938
16,SD002,JH_H008,T3,2,76.5,1.0827923580272938
16,SD002,JH_H008,T3,3,71.25,1.0827923580272938
16,SD002,JH_H008,T3,4,46.0,1.0827923580272938
16,SD002,S071,T2,1,100.0,22.407993625949995
16,SD002,S402,T2,1,39.0,26.129154168488203
16,SD002,S403,T2,1,30.0,16.770921449222417
16,SD002,S403,T2,2,24.0,16.770921449222417
16,SD002,S403,T2,3,24.0,16.770921449222417
16,SD002,S403,T2,4,24.0,16.770921449222417
16,SD002,S403,T3,1,90.0,16.770921449222417
16,SD002,S403,T3,2,55.5,16.770921449222417
16,SD002,S403,T3,3,20.75,16.770921449222417
16,SD002,S539,T2,1,14.0,23.860569411192145
16,SD002,S756,T2,1,149.0,17.628105547036988
16,SD002,S756,T2,2,114.0,17.628105547036988
16,SD002,S756,T2,3,31.0,17.628105547036988
16,SD002,S756,T2,4,3.0,17.628105547036988
16,SD002,S756,T3,1,373.0,17.628105547036988
16,SD002,S756,T3,2,98.0,17.628105547036988
16,SD003,JH_H009,T1,1,10.0,0.4313840120055951
16,SD003,JH_H009,T1,2,1.5,0.4313840120055951
16,SD003,JH_H009,T1,3,3.125,0.4313840120055951
16,SD003,JH_H009,T1,4,3.04375,0.4313840120055951
16,SD003,JH_H009,T3,1,30.0,0.4313840120055951
16,SD003,JH_H009,T3,2,25.5,0.4313840120055951
16,SD003,JH_H009,T3,3,23.75,0.4313840120055951
16,SD003,JH_H009,T3,4,23.8375,0.4313840120055951
16,SD003,S572,T2,1,261.0,15.514228917198071
16,SD003,S572,T2,2,108.0,15.514228917198071
16,SD003,S572,T2,3,43.0,15.514228917198071
16,SD003,S572,T2,4,21.0,15.514228917198071
16,SD003,S572,T3,1,405.0,15.514228917198071
16,SD003,S572,T3,2,155.5,15.514228917198071
16,SD003,S572,T3,3,48.25,15.514228917198071
16,SD003,S572,T3,4,12.162500000000001,15.514228917198071
16,SD004,JH_H013,T1,1,33.82490315803379,2.6842115905313224
16,SD004,JH_H013,T1,2,5.073735473705071,2.6842115905313224
16,SD004,JH_H013,T1,3,10.57028223688556,2.6842115905313224
16,SD004,JH_H013,T1,4,10.295454898726536,2.6842115905313224
16,SD004,JH_H014,T1,1,31.897373293584515,0.32354661842920146
16,SD004,JH_H014,T1,2,4.78460599403768,0.32354661842920146
16,SD004,JH_H014,T1,3,9.967929154245159,0.32354661842920146
16,SD004,JH_H014,T1,4,9.70876299623479,0.32354661842920146
16,SD004,JH_H014,T3,1,95.69211988075355,0.32354661842920146
16,SD004,JH_H014,T3,2,81.33830189864052,0.32354661842920146
16,SD004,JH_H014,T3,3,75.75626157226323,0.32354661842920146
16,SD004,JH_H014,T3,4,76.0353635885821,0.32354661842920146
16,SD004,S015,T2,1,83.0,0.4456418776495982
16,SD004,S015,T2,2,66.4,0.4456418776495982
16,SD004,S015,T2,3,66.4,0.4456418776495982
16,SD004,S015,T2,4,66.4,0.4456418776495982
16,SD004,S015,T3,1,249.0,0.4456418776495982
16,SD004,S015,T3,2,153.55,0.4456418776495982
16,SD004,S015,T3,3,153.55,0.4456418776495982
16,SD004,S015,T3,4,153.55,0.4456418776495982
16,SD004,S111,T2,1,808.0,1.2451439966559943
16,SD004,S111,T2,2,646.4,1.2451439966559943
16,SD004,S111,T3,1,2424.0,1.2451439966559943
16,SD004,S477,T2,1,228.0,1.4997932513210326
16,SD004,S478,T2,1,216.0,1.5153792585230599
16,SD004,S486,T2,1,503.0,0.4783285874010517
16,SD004,S486,T2,3,402.4,0.4783285874010517
16,SD004,S486,T2,4,192.2,0.4783285874010517
16,SD004,S486,T3,1,177.30788011924645,0.4783285874010517
16,SD004,S486,T3,2,645.7116981013594,0.4783285874010517
16,SD004,S486,T3,3,486.44373842773683,0.4783285874010517
16,SD004,S486,T3,4,280.41463641141786,0.4783285874010517
16,SD004,S525,T2,1,67.0,1.2640603113896036
16,SD004,S583,T2,1,124.0,1.3098200579051456
16,SD004,S584,T2,1,119.0,0.8702269571511124
16,SD004,S584,T2,2,95.2,0.8702269571511124
16,SD004,S584,T3,1,357.0,0.8702269571511124
16,SD004,S584,T3,2,220.14999999999998,0.8702269571511124
16,SD004,S585,T2,1,173.0,1.0153546860217733
16,SD004,S585,T2,2,138.4,1.0153546860217733
16,SD004,S585,T3,1,519.0,1.0153546860217733
16,SD004,S585,T3,2,320.04999999999995,1.0153546860217733
16,SD004,S586,T2,1,226.0,0.7669305123872737
16,SD004,S586,T2,2,180.8,0.7669305123872737
16,SD004,S586,T2,3,11.200000000000017,0.7669305123872737
16,SD004,S586,T3,1,678.0,0.7669305123872737
16,SD004,S586,T3,2,418.09999999999997,0.7669305123872737
16,SD004,S596,T2,1,157.0,1.2472733119337553
16,SD004,S596,T2,2,96.00000000000009,1.2472733119337553
16,SD004,S596,T3,1,471.0,1.2472733119337553
16,SD004,S603,T2,1,119.0,1.5260024731414439
16,SD004,S604,T2,1,70.0,0.5592533897787788
16,SD004,S604,T2,2,56.0,0.5592533897787788
16,SD004,S604,T2,3,56.0,0.5592533897787788
16,SD004,S604,T2,4,1.799999999999983,0.5592533897787788
16,SD004,S604,T3,1,210.0,0.5592533897787788
16,SD004,S604,T3,2,129.5,0.5592533897787788
16,SD004,S604,T3,3,129.5,0.5592533897787788
16,SD004,S605,T2,1,57.0,0.5200265192024999
16,SD004,S605,T2,2,45.6,0.5200265192024999
16,SD004,S605,T2,3,45.6,0.5200265192024999
16,SD004,S605,T2,4,45.6,0.5200265192024999
16,SD004,S605,T3,1,171.0,0.5200265192024999
16,SD004,S605,T3,2,105.44999999999999,0.5200265192024999
16,SD004,S605,T3,3,105.44999999999999,0.5200265192024999
16,SD004,S606,T2,1,65.0,1.1591849302237676
16,SD004,S606,T2,2,52.0,1.1591849302237676
16,SD004,S606,T3,1,195.0,1.1591849302237676
16,SD004,S606,T3,2,120.25,1.1591849302237676
16,SD004,S617,T2,1,360.0,1.4735578079885367
16,SD004,S689,T2,1,108.0,1.3845465675483215
16,SD004,S690,T2,1,156.0,0.8052102484718188
16,SD004,S690,T2,2,124.8,0.8052102484718188
16,SD004,S690,T3,1,468.0,0.8052102484718188
16,SD004,S690,T3,2,288.6,0.8052102484718188
16,SD004,S727,T2,1,38.0,0.6932412480150679
16,SD004,S727,T2,2,30.4,0.6932412480150679
16,SD004,S727,T2,3,30.4,0.6932412480150679
16,SD004,S727,T3,1,114.0,0.6932412480150679
16,SD004,S727,T3,2,70.30000000000001,0.6932412480150679
16,SD004,S727,T3,3,70.30000000000001,0.6932412480150679
16,SD005,JH_H011,T1,1,10.0,0.534981795654251
16,SD005,JH_H011,T1,2,1.5,0.534981795654251
16,SD005,JH_H011,T1,3,3.125,0.534981795654251
16,SD005,JH_H011,T1,4,3.04375,0.534981795654251
16,SD005,JH_H011,T3,1,30.0,0.534981795654251
16,SD005,JH_H011,T3,2,25.5,0.534981795654251
16,SD005,JH_H011,T3,3,23.75,0.534981795654251
16,SD005,JH_H011,T3,4,16.0,0.534981795654251
16,SD005,S446,T2,1,118.0,13.576545716571008
16,SD005,S446,T2,2,49.0,13.576545716571008
16,SD005,S446,T2,3,19.0,13.576545716571008
16,SD005,S446,T2,4,9.0,13.576545716571008
16,SD005,S446,T3,1,167.0,13.576545716571008
16,SD005,S446,T3,2,56.5,13.576545716571008
16,SD005,S446,T3,3,8.25,13.576545716571008
16,SD006,JH_H003,T1,1,378.0,2.76486819460775
16,SD006,JH_H003,T1,2,56.70000000000002,2.76486819460775
16,SD006,JH_H003,T1,3,118.12500000000003,2.76486819460775
16,SD006,JH_H003,T1,4,115.05374999999998,2.76486819460775
16,SD006,JH_H015,T1,1,50.0,0.645170244514547
16,SD006,JH_H015,T1,2,7.5,0.645170244514547
16,SD006,JH_H015,T1,3,15.625,0.645170244514547
16,SD006,JH_H015,T1,4,15.21875,0.645170244514547
16,SD006,JH_H015,T3,1,150.0,0.645170244514547
16,SD006,JH_H015,T3,2,127.5,0.645170244514547
16,SD006,JH_H015,T3,3,118.75,0.645170244514547
16,SD006,JH_H015,T3,4,119.1875,0.645170244514547
16,SD006,S124,T2,1,200.0,1.430678099892389
16,SD006,S124,T2,2,106.4,1.430678099892389
16,SD006,S124,T3,1,460.0,1.430678099892389
16,SD006,S125,T2,1,207.0,0.9997048238543476
16,SD006,S125,T2,2,165.6,0.9997048238543476
16,SD006,S125,T2,3,165.6,0.9997048238543476
16,SD006,S125,T2,4,120.0,0.9997048238543476
16,SD006,S125,T3,1,621.0,0.9997048238543476
16,SD006,S125,T3,2,382.95000000000005,0.9997048238543476
16,SD006,S125,T3,3,330.25,0.9997048238543476
16,SD006,S125,T3,4,49.8125,0.9997048238543476
16,SD006,S126,T2,1,424.0,1.6205438392608271
16,SD006,S454,T2,1,198.0,1.4331077944721524
16,SD006,S455,T2,1,176.0,1.6287148731300443
16,SD006,S569,T2,1,101.0,1.9059148924773086
16,SD006,S681,T2,1,650.0,1.340423242203861
16,SD006,S681,T2,2,520.0,1.340423242203861
16,SD006,S681,T2,3,122.4,1.340423242203861
16,SD006,S681,T3,1,1950.0,1.340423242203861
16,SD006,S681,T3,2,778.55,1.340423242203861
16,SD006,S682,T2,1,30.0,0.723270339989806
16,SD006,S682,T2,2,24.0,0.723270339989806
16,SD006,S682,T2,3,24.0,0.723270339989806
16,SD006,S682,T2,4,24.0,0.723270339989806
16,SD006,S682,T3,1,90.0,0.723270339989806
16,SD006,S682,T3,2,55.5,0.723270339989806
16,SD006,S682,T3,3,55.5,0.723270339989806
16,SD006,S682,T3,4,55.5,0.723270339989806
16,SD006,S683,T2,1,30.0,0.7391699983760568
16,SD006,S683,T2,2,24.0,0.7391699983760568
16,SD006,S683,T2,3,24.0,0.7391699983760568
16,SD006,S683,T2,4,24.0,0.7391699983760568
16,SD006,S683,T3,1,90.0,0.7391699983760568
16,SD006,S683,T3,2,55.5,0.7391699983760568
16,SD006,S683,T3,3,55.5,0.7391699983760568
16,SD006,S683,T3,4,55.5,0.7391699983760568
16,SD007,JH_H007,T1,1,75.0,4.981102350506281
16,SD007,JH_H007,T1,2,11.249967986475951,4.981102350506281
16,SD007,JH_H007,T1,3,23.437520808790566,4.981102350506281
16,SD007,JH_H007,T1,4,22.828123959560457,4.981102350506281
16,SD007,JH_H007,T2,2,3.201352397752544e-05,4.981102350506281
16,SD007,JH_H007,T3,1,225.0,4.981102350506281
16,SD007,JH_H007,T3,2,191.25,4.981102350506281
16,SD007,JH_H007,T3,3,158.0,4.981102350506281
16,SD007,JH_H007,T3,4,79.0,4.981102350506281
16,SD007,S395,T2,1,272.0,19.48361845865407
16,SD007,S395,T2,2,217.6,19.48361845865407
16,SD007,S395,T2,3,94.0,19.48361845865407
16,SD007,S395,T2,4,47.0,19.48361845865407
16,SD007,S395,T3,1,723.0,19.48361845865407
16,SD007,S395,T3,2,203.75,19.48361845865407
16,SD007,S447,T2,1,131.0,29.56357756604441
16,SD007,S447,T2,2,19.399967986476028,29.56357756604441
16,SD007,S539,T2,1,106.0,32.41914984545585
16,SD007,S565,T2,1,60.0,35.23780307038143
16,SD008,JH_H010,T1,1,15.0,2.2723099352135923
16,SD008,JH_H010,T1,2,2.25,2.2723099352135923
16,SD008,JH_H010,T1,3,4.6875,2.2723099352135923
16,SD008,JH_H010,T1,4,4.565625,2.2723099352135923
16,SD008,JH_H010,T3,1,45.0,2.2723099352135923
16,SD008,JH_H010,T3,2,38.25,2.2723099352135923
16,SD008,JH_H010,T3,3,35.625,2.2723099352135923
16,SD008,JH_H010,T3,4,18.0,2.2723099352135923
16,SD008,S572,T2,1,44.0,18.950429783126417
16,SD008,S729,T2,1,86.0,9.677941861024411
16,SD008,S729,T2,2,54.0,9.677941861024411
16,SD008,S729,T2,3,21.0,9.677941861024411
16,SD008,S729,T2,4,10.0,9.677941861024411
16,SD008,S729,T3,1,172.0,9.677941861024411
16,SD008,S729,T3,2,51.75,9.677941861024411
16,SD008,S729,T3,3,0.375,9.677941861024411
16,SD009,JH_H002,T1,1,546.5819853576819,8.677094127999364
16,SD009,JH_H002,T1,2,81.98729780365233,8.677094127999364
16,SD009,JH_H002,T1,3,170.8068704242756,8.677094127999364
16,SD009,JH_H002,T1,4,166.3658917932445,8.677094127999364
16,SD009,JH_H012,T1,1,52.52371352552291,1.4576943447875488
16,SD009,JH_H012,T1,2,7.878557028828439,1.4576943447875488
16,SD009,JH_H012,T1,3,16.413660476725912,1.4576943447875488
16,SD009,JH_H012,T1,4,15.986905304331035,1.4576943447875488
16,SD009,S074,T2,1,954.0,1.3880390695148377
16,SD009,S112,T2,1,244.0,1.132994689053634
16,SD009,S112,T2,2,195.2,1.132994689053634
16,SD009,S112,T3,1,732.0,1.132994689053634
16,SD009,S112,T3,2,133.76169810135957,1.132994689053634
16,SD009,S462,T2,1,348.0,1.2065720748421453
16,SD009,S462,T2,2,50.40000000000026,1.2065720748421453
16,SD009,S462,T3,1,885.3078801192464,1.2065720748421453
16,SD009,S486,T2,2,402.4,0.43140466453816145
16,SD009,S486,T2,4,210.2,0.43140466453816145
16,SD009,S486,T3,1,1331.6921198807536,0.43140466453816145
16,SD009,S486,T3,2,284.8383018986408,0.43140466453816145
16,SD009,S486,T3,3,444.10626157226335,0.43140466453816145
16,SD009,S486,T3,4,218.39999999999998,0.43140466453816145
16,SD009,S487,T2,1,301.0,1.0348611048750498
16,SD009,S487,T2,2,240.8,1.0348611048750498
16,SD009,S487,T3,1,903.0,1.0348611048750498
16,SD009,S487,T3,2,556.8499999999999,1.0348611048750498
16,SD009,S488,T2,1,467.0,1.4592468756210197
16,SD009,S510,T2,1,249.0,0.6979083852350719
16,SD009,S510,T2,2,199.2,0.6979083852350719
16,SD009,S510,T2,3,174.7999999999999,0.6979083852350719
16,SD009,S510,T3,1,747.0,0.6979083852350719
16,SD009,S510,T3,2,460.6500000000001,0.6979083852350719
16,SD009,S517,T2,1,441.0,0.6471647314214741
16,SD009,S517,T2,2,352.8,0.6471647314214741
16,SD009,S517,T2,3,352.8,0.6471647314214741
16,SD009,S517,T3,1,1323.0,0.6471647314214741
16,SD009,S517,T3,2,815.8499999999999,0.6471647314214741
16,SD009,S517,T3,3,466.2937384277366,0.6471647314214741
16,SD009,S518,T2,1,119.0,0.8341037274881986
16,SD009,S518,T2,2,95.2,0.8341037274881986
16,SD009,S518,T3,1,357.0,0.8341037274881986
16,SD009,S518,T3,2,220.14999999999998,0.8341037274881986
16,SD009,S521,T2,1,141.0,1.2056576074633503
16,SD009,S521,T2,2,112.8,1.2056576074633503
16,SD009,S521,T3,1,423.0,1.2056576074633503
16,SD009,S529,T2,1,208.0,1.209251376816831
16,SD009,S593,T2,1,254.0,1.3091700300275313
16,SD009,S595,T2,1,122.0,0.6828915248353953
16,SD009,S595,T2,2,97.6,0.6828915248353953
16,SD009,S595,T2,3,97.6,0.6828915248353953
16,SD009,S595,T3,1,366.0,0.6828915248353953
16,SD009,S595,T3,2,225.70000000000005,0.6828915248353953
16,SD009,S597,T2,1,156.0,0.8827713039146582
16,SD009,S597,T2,2,124.8,0.8827713039146582
16,SD009,S597,T3,1,468.0,0.8827713039146582
16,SD009,S597,T3,2,288.6,0.8827713039146582
16,SD009,S617,T2,1,386.0,1.397501868913553
16,SD009,S618,T2,1,70.0,1.382503583118036
16,SD009,S677,T2,1,102.0,1.2170290953506455
16,SD009,S684,T2,1,164.0,1.389608157583629
16,SD009,S685,T2,1,129.0,0.42193562792349804
16,SD009,S685,T2,2,103.2,0.42193562792349804
16,SD009,S685,T2,3,103.2,0.42193562792349804
16,SD009,S685,T2,4,103.2,0.42193562792349804
16,SD009,S685,T3,1,387.0,0.42193562792349804
16,SD009,S685,T3,2,238.64999999999998,0.42193562792349804
16,SD009,S685,T3,3,238.64999999999998,0.42193562792349804
16,SD009,S685,T3,4,238.64999999999998,0.42193562792349804
16,SD009,S686,T2,1,127.0,0.20364027207591445
16,SD009,S686,T2,2,101.6,0.20364027207591445
16,SD009,S686,T2,3,101.6,0.20364027207591445
16,SD009,S686,T2,4,101.6,0.20364027207591445
16,SD009,S686,T3,1,381.0,0.20364027207591445
16,SD009,S686,T3,2,234.95000000000005,0.20364027207591445
16,SD009,S686,T3,3,234.95000000000005,0.20364027207591445
16,SD009,S686,T3,4,234.95000000000005,0.20364027207591445
16,SD010,S002,T2,1,80.0,20.393405996838467
16,SD010,S576,T2,1,649.0,1.5750823381651595
16,SD010,S576,T2,2,370.0,1.5750823381651595
16,SD010,S576,T2,3,148.0,1.5750823381651595
16,SD010,S576,T2,4,74.0,1.5750823381651595
16,SD010,S576,T3,1,1482.0,1.5750823381651595
16,SD010,S576,T3,2,617.0,1.5750823381651595
16,SD010,S576,T3,3,247.0,1.5750823381651595
16,SD010,S576,T3,4,123.0,1.5750823381651595
16,SD010,S692,T2,1,160.0,15.830422081506425
16,SD011,JH_H006,T1,1,110.0,1.7150550139812313
16,SD011,JH_H006,T1,2,16.5,1.7150550139812313
16,SD011,JH_H006,T1,3,34.375,1.7150550139812313
16,SD011,JH_H006,T1,4,33.48125000000001,1.7150550139812313
16,SD011,JH_H006,T3,1,330.0,1.7150550139812313
16,SD011,JH_H006,T3,2,280.5,1.7150550139812313
16,SD011,JH_H006,T3,3,156.65,1.7150550139812313
16,SD011,JH_H006,T3,4,49.65081907693687,1.7150550139812313
16,SD011,S086,T2,1,31.0,1.5041363893893474
16,SD011,S086,T2,2,24.8,1.5041363893893474
16,SD011,S086,T2,3,24.8,1.5041363893893474
16,SD011,S086,T2,4,24.8,1.5041363893893474
16,SD011,S086,T3,1,93.0,1.5041363893893474
16,SD011,S086,T3,2,57.349999999999994,1.5041363893893474
16,SD011,S086,T3,3,57.349999999999994,1.5041363893893474
16,SD011,S086,T3,4,57.34918092306313,1.5041363893893474
16,SD011,S802,T2,1,740.0,4.008752756105587
16,SD011,S802,T2,2,296.2,4.008752756105587
16,SD011,S802,T2,3,103.2,4.008752756105587
16,SD011,S802,T2,4,39.2,4.008752756105587
16,SD011,S802,T3,1,862.0,4.008752756105587
16,SD011,S802,T3,2,197.14999999999998,4.008752756105587
17,SD001,JH_H004,T1,1,150.0,1.854989649044953
17,SD001,JH_H004,T1,2,22.5,1.854989649044953
17,SD001,JH_H004,T1,3,46.875,1.854989649044953
17,SD001,JH_H004,T1,4,45.65625,1.854989649044953
17,SD001,JH_H004,T3,1,76.0,1.854989649044953
17,SD001,S008,T2,1,91.0,1.4141658668513217
17,SD001,S008,T2,2,72.8,1.4141658668513217
17,SD001,S008,T3,1,273.0,1.4141658668513217
17,SD001,S008,T3,2,168.35000000000002,1.4141658668513217
17,SD001,S068,T2,1,30.0,1.6186005431732127
17,SD001,S068,T3,1,90.0,1.6186005431732127
17,SD001,S078,T2,1,90.0,0.7613366768678012
17,SD001,S078,T2,2,72.0,0.7613366768678012
17,SD001,S078,T3,1,270.0,0.7613366768678012
17,SD001,S078,T3,2,166.5,0.7613366768678012
17,SD001,S079,T2,1,30.0,0.6130448620883503
17,SD001,S079,T2,2,24.0,0.6130448620883503
17,SD001,S079,T3,1,90.0,0.6130448620883503
17,SD001,S079,T3,2,55.5,0.6130448620883503
17,SD001,S080,T2,1,30.0,0.5856407835426283
17,SD001,S080,T2,2,24.0,0.5856407835426283
17,SD001,S080,T2,3,19.80000000000001,0.5856407835426283
17,SD001,S080,T3,1,90.0,0.5856407835426283
17,SD001,S080,T3,2,55.5,0.5856407835426283
17,SD001,S081,T2,1,30.0,1.2350430337468372
17,SD001,S081,T2,2,24.0,1.2350430337468372
17,SD001,S081,T3,1,90.0,1.2350430337468372
17,SD001,S081,T3,2,55.5,1.2350430337468372
17,SD001,S082,T2,1,95.0,0.30825726628798844
17,SD001,S082,T2,2,76.0,0.30825726628798844
17,SD001,S082,T2,3,76.0,0.30825726628798844
17,SD001,S082,T2,4,76.0,0.30825726628798844
17,SD001,S082,T3,1,285.0,0.30825726628798844
17,SD001,S082,T3,2,175.75,0.30825726628798844
17,SD001,S082,T3,3,175.75,0.30825726628798844
17,SD001,S082,T3,4,175.75,0.30825726628798844
17,SD001,S083,T2,1,47.0,1.4488374118755394
17,SD001,S083,T2,2,37.6,1.4488374118755394
17,SD001,S083,T3,1,141.0,1.4488374118755394
17,SD001,S083,T3,2,66.24999999999989,1.4488374118755394
17,SD001,S541,T2,1,229.0,0.46064951290961775
17,SD001,S541,T2,2,183.2,0.46064951290961775
17,SD001,S541,T2,3,183.2,0.46064951290961775
17,SD001,S541,T2,4,63.0,0.46064951290961775
17,SD001,S541,T3,1,687.0,0.46064951290961775
17,SD001,S541,T3,2,423.6500000000001,0.46064951290961775
17,SD001,S541,T3,3,290.25,0.46064951290961775
17,SD001,S541,T3,4,57.25,0.46064951290961775
17,SD001,S715,T2,1,49.0,1.886108276469824
17,SD001,S721,T2,1,236.0,1.5796056128448186
17,SD001,S721,T2,2,186.39999999999992,1.5796056128448186
17,SD001,S721,T3,1,708.0,1.5796056128448186
17,SD001,S722,T2,1,139.0,1.9678695758040023
17,SD001,S757,T2,1,584.0,1.9022722825061857
17,SD002,JH_H008,T1,1,29.999948921059286,1.0827923580272938
17,SD002,JH_H008,T1,2,4.500033201311467,1.0827923580272938
17,SD002,JH_H008,T1,3,9.37499833993445,1.0827923580272938
17,SD002,JH_H008,T1,4,9.13125008300328,1.0827923580272938
17,SD002,JH_H008,T2,1,5.1078940696669406e-05,1.0827923580272938
17,SD002,JH_H008,T3,1,90.0,1.0827923580272938
17,SD002,JH_H008,T3,2,76.4999642447415,1.0827923580272938
17,SD002,JH_H008,T3,3,71.25000178776293,1.0827923580272938
17,SD002,JH_H008,T3,4,66.0,1.0827923580272938
17,SD002,S071,T2,1,100.0,22.407993625949995
17,SD002,S071,T2,2,55.8,22.407993625949995
17,SD002,S071,T3,1,173.0,22.407993625949995
17,SD002,S402,T2,1,39.0,26.129154168488203
17,SD002,S403,T2,1,30.0,16.770921449222417
17,SD002,S403,T2,2,24.0,16.770921449222417
17,SD002,S403,T2,3,24.0,16.770921449222417
17,SD002,S403,T2,4,24.0,16.770921449222417
17,SD002,S403,T3,1,90.0,16.770921449222417
17,SD002,S403,T3,2,55.5,16.770921449222417
17,SD002,S403,T3,3,55.5,16.770921449222417
17,SD002,S539,T2,1,120.0,23.860569411192145
17,SD002,S550,T2,1,30.0,36.18104152205202
17,SD002,S674,T2,1,11.999948921059303,36.29727816595809
17,SD002,S756,T2,1,149.0,17.628105547036988
17,SD002,S756,T2,2,119.2,17.628105547036988
17,SD002,S756,T2,3,55.0,17.628105547036988
17,SD002,S756,T2,4,15.0,17.628105547036988
17,SD002,S756,T3,1,447.0,17.628105547036988
17,SD002,S756,T3,2,201.0000357552585,17.628105547036988
17,SD002,S756,T3,3,6.249998212237074,17.628105547036988
17,SD003,JH_H009,T1,1,10.0,0.4313840120055951
17,SD003,JH_H009,T1,2,1.5,0.4313840120055951
17,SD003,JH_H009,T1,3,3.125,0.4313840120055951
17,SD003,JH_H009,T1,4,3.04375,0.4313840120055951
17,SD003,JH_H009,T3,1,30.0,0.4313840120055951
17,SD003,JH_H009,T3,2,25.5,0.4313840120055951
17,SD003,JH_H009,T3,3,23.75,0.4313840120055951
17,SD003,JH_H009,T3,4,23.8375,0.4313840120055951
17,SD003,S572,T2,1,377.0,15.514228917198071
17,SD003,S572,T2,2,157.0,15.514228917198071
17,SD003,S572,T2,3,62.0,15.514228917198071
17,SD003,S572,T2,4,31.0,15.514228917198071
17,SD003,S572,T3,1,598.0,15.514228917198071
17,SD003,S572,T3,2,236.5,15.514228917198071
17,SD003,S572,T3,3,80.25,15.514228917198071
17,SD003,S572,T3,4,28.1625,15.514228917198071
17,SD004,JH_H013,T1,1,31.072928734925686,2.6842115905313224
17,SD004,JH_H013,T1,2,4.660939310238856,2.6842115905313224
17,SD004,JH_H013,T1,3,9.710290229664276,2.6842115905313224
17,SD004,JH_H013,T1,4,9.457822683693005,2.6842115905313224
17,SD004,JH_H014,T1,1,28.286381915358916,0.32354661842920146
17,SD004,JH_H014,T1,2,4.242957287303838,0.32354661842920146
17,SD004,JH_H014,T1,3,8.839494348549659,0.32354661842920146
17,SD004,JH_H014,T1,4,8.609667495487374,0.32354661842920146
17,SD004,JH_H014,T3,1,84.85914574607675,0.32354661842920146
17,SD004,JH_H014,T3,2,72.13027388416523,0.32354661842920146
17,SD004,JH_H014,T3,3,67.18015704897742,0.32354661842920146
17,SD004,JH_H014,T3,4,67.42766289073681,0.32354661842920146
17,SD004,S015,T2,1,83.0,0.4456418776495982
17,SD004,S015,T2,2,66.4,0.4456418776495982
17,SD004,S015,T2,3,66.4,0.4456418776495982
17,SD004,S015,T2,4,66.4,0.4456418776495982
17,SD004,S015,T3,1,249.0,0.4456418776495982
17,SD004,S015,T3,2,153.55,0.4456418776495982
17,SD004,S015,T3,3,153.55,0.4456418776495982
17,SD004,S015,T3,4,153.55,0.4456418776495982
17,SD004,S111,T2,1,808.0,1.2451439966559943
17,SD004,S111,T2,2,646.4,1.2451439966559943
17,SD004,S111,T3,1,2424.0,1.2451439966559943
17,SD004,S111,T3,2,1494.8000000000002,1.2451439966559943
17,SD004,S406,T2,1,123.0,2.0654294745129445
17,SD004,S477,T2,1,228.0,1.4997932513210326
17,SD004,S478,T2,1,216.0,1.5153792585230599
17,SD004,S486,T2,1,503.0,0.4783285874010517
17,SD004,S486,T2,2,402.4,0.4783285874010517
17,SD004,S486,T2,3,276.79999999999995,0.4783285874010517
17,SD004,S486,T2,4,243.6,0.4783285874010517
17,SD004,S486,T3,1,1509.0,0.4783285874010517
17,SD004,S486,T3,2,7.6697261158346635,0.4783285874010517
17,SD004,S486,T3,3,906.3500000000001,0.4783285874010517
17,SD004,S486,T3,4,404.1500000000002,0.4783285874010517
17,SD004,S525,T2,1,67.0,1.2640603113896036
17,SD004,S525,T2,2,53.6,1.2640603113896036
17,SD004,S525,T3,1,201.0,1.2640603113896036
17,SD004,S583,T2,1,124.0,1.3098200579051456
17,SD004,S583,T2,2,99.2,1.3098200579051456
17,SD004,S583,T3,1,372.0,1.3098200579051456
17,SD004,S584,T2,1,119.0,0.8702269571511124
17,SD004,S584,T2,2,95.2,0.8702269571511124
17,SD004,S584,T2,3,95.2,0.8702269571511124
17,SD004,S584,T3,1,357.0,0.8702269571511124
17,SD004,S584,T3,2,220.14999999999998,0.8702269571511124
17,SD004,S585,T2,1,173.0,1.0153546860217733
17,SD004,S585,T2,2,138.4,1.0153546860217733
17,SD004,S585,T2,3,9.000000000000114,1.0153546860217733
17,SD004,S585,T3,1,519.0,1.0153546860217733
17,SD004,S585,T3,2,320.04999999999995,1.0153546860217733
17,SD004,S586,T2,1,226.0,0.7669305123872737
17,SD004,S586,T2,2,180.8,0.7669305123872737
17,SD004,S586,T2,3,180.8,0.7669305123872737
17,SD004,S586,T3,1,678.0,0.7669305123872737
17,SD004,S586,T3,2,418.09999999999997,0.7669305123872737
17,SD004,S586,T3,3,43.669842951022474,0.7669305123872737
17,SD004,S587,T2,1,149.0,1.6268730303347014
17,SD004,S588,T2,1,231.0,1.5655639515228366
17,SD004,S589,T2,1,223.0,1.600192254035535
17,SD004,S596,T2,1,157.0,1.2472733119337553
17,SD004,S596,T2,2,125.6,1.2472733119337553
17,SD004,S596,T3,1,471.0,1.2472733119337553
17,SD004,S596,T3,2,290.45000000000005,1.2472733119337553
17,SD004,S602,T2,1,171.0,1.5932312514084654
17,SD004,S603,T2,1,119.0,1.5260024731414439
17,SD004,S604,T2,1,70.0,0.5592533897787788
17,SD004,S604,T2,2,56.0,0.5592533897787788
17,SD004,S604,T2,3,56.0,0.5592533897787788
17,SD004,S604,T2,4,56.0,0.5592533897787788
17,SD004,S604,T3,1,210.0,0.5592533897787788
17,SD004,S604,T3,2,129.5,0.5592533897787788
17,SD004,S604,T3,3,129.5,0.5592533897787788
17,SD004,S604,T3,4,7.422337109262912,0.5592533897787788
17,SD004,S605,T2,1,57.0,0.5200265192024999
17,SD004,S605,T2,2,45.6,0.5200265192024999
17,SD004,S605,T2,3,45.6,0.5200265192024999
17,SD004,S605,T2,4,45.6,0.5200265192024999
17,SD004,S605,T3,1,171.0,0.5200265192024999
17,SD004,S605,T3,2,105.44999999999999,0.5200265192024999
17,SD004,S605,T3,3,105.44999999999999,0.5200265192024999
17,SD004,S605,T3,4,105.44999999999999,0.5200265192024999
17,SD004,S606,T2,1,65.0,1.1591849302237676
17,SD004,S606,T2,2,52.0,1.1591849302237676
17,SD004,S606,T3,1,195.0,1.1591849302237676
17,SD004,S606,T3,2,120.25,1.1591849302237676
17,SD004,S617,T2,1,255.0,1.4735578079885367
17,SD004,S617,T2,2,10.799999999999812,1.4735578079885367
17,SD004,S617,T3,1,512.1408542539233,1.4735578079885367
17,SD004,S625,T2,1,332.0,2.077856378373978
17,SD004,S626,T2,1,161.0,2.1097408109848033
17,SD004,S687,T2,1,147.0,2.159666837934605
17,SD004,S688,T2,1,206.0,2.1534742718795266
17,SD004,S689,T2,1,108.0,1.3845465675483215
17,SD004,S689,T2,2,86.4,1.3845465675483215
17,SD004,S689,T3,1,324.0,1.3845465675483215
17,SD004,S690,T2,1,156.0,0.8052102484718188
17,SD004,S690,T2,2,124.8,0.8052102484718188
17,SD004,S690,T2,3,124.8,0.8052102484718188
17,SD004,S690,T3,1,468.0,0.8052102484718188
17,SD004,S690,T3,2,288.6,0.8052102484718188
17,SD004,S727,T2,1,38.0,0.6932412480150679
17,SD004,S727,T2,2,30.4,0.6932412480150679
17,SD004,S727,T2,3,30.4,0.6932412480150679
17,SD004,S727,T2,4,30.4,0.6932412480150679
17,SD004,S727,T3,1,114.0,0.6932412480150679
17,SD004,S727,T3,2,70.30000000000001,0.6932412480150679
17,SD004,S727,T3,3,70.30000000000001,0.6932412480150679
17,SD005,JH_H011,T1,1,10.0,0.534981795654251
17,SD005,JH_H011,T1,2,1.5,0.534981795654251
17,SD005,JH_H011,T1,3,3.125,0.534981795654251
17,SD005,JH_H011,T1,4,3.04375,0.534981795654251
17,SD005,JH_H011,T3,1,30.0,0.534981795654251
17,SD005,JH_H011,T3,2,25.5,0.534981795654251
17,SD005,JH_H011,T3,3,23.75,0.534981795654251
17,SD005,JH_H011,T3,4,23.0,0.534981795654251
17,SD005,S446,T2,1,159.0,13.576545716571008
17,SD005,S446,T2,2,71.0,13.576545716571008
17,SD005,S446,T2,3,28.0,13.576545716571008
17,SD005,S446,T2,4,14.0,13.576545716571008
17,SD005,S446,T3,1,255.0,13.576545716571008
17,SD005,S446,T3,2,93.5,13.576545716571008
17,SD005,S446,T3,3,23.25,13.576545716571008
17,SD005,S791,T2,1,12.0,14.043439762067017
17,SD006,JH_H003,T1,1,378.0,2.76486819460775
17,SD006,JH_H003,T1,2,56.70000000000002,2.76486819460775
17,SD006,JH_H003,T1,3,118.12500000000003,2.76486819460775
17,SD006,JH_H003,T1,4,115.05374999999998,2.76486819460775
17,SD006,JH_H015,T1,1,50.0,0.645170244514547
17,SD006,JH_H015,T1,2,7.5,0.645170244514547
17,SD006,JH_H015,T1,3,15.625,0.645170244514547
17,SD006,JH_H015,T1,4,15.21875,0.645170244514547
17,SD006,JH_H015,T3,1,150.0,0.645170244514547
17,SD006,JH_H015,T3,2,127.5,0.645170244514547
17,SD006,JH_H015,T3,3,118.75,0.645170244514547
17,SD006,JH_H015,T3,4,119.1875,0.645170244514547
17,SD006,S124,T2,1,200.0,1.430678099892389
17,SD006,S124,T2,2,160.0,1.430678099892389
17,SD006,S124,T3,1,600.0,1.430678099892389
17,SD006,S124,T3,2,200.04999999999995,1.430678099892389
17,SD006,S125,T2,1,207.0,0.9997048238543476
17,SD006,S125,T2,2,165.6,0.9997048238543476
17,SD006,S125,T2,3,165.6,0.9997048238543476
17,SD006,S125,T2,4,165.6,0.9997048238543476
17,SD006,S125,T3,1,621.0,0.9997048238543476
17,SD006,S125,T3,2,382.95000000000005,0.9997048238543476
17,SD006,S125,T3,3,382.95000000000005,0.9997048238543476
17,SD006,S125,T3,4,173.8125,0.9997048238543476
17,SD006,S126,T2,1,424.0,1.6205438392608271
17,SD006,S126,T2,2,162.0,1.6205438392608271
17,SD006,S126,T3,1,763.0,1.6205438392608271
17,SD006,S454,T2,1,198.0,1.4331077944721524
17,SD006,S454,T2,2,158.4,1.4331077944721524
17,SD006,S454,T3,1,594.0,1.4331077944721524
17,SD006,S455,T2,1,176.0,1.6287148731300443
17,SD006,S568,T2,1,339.0,2.276287623416751
17,SD006,S569,T2,1,503.0,1.9059148924773086
17,SD006,S680,T2,1,157.0,2.3645430802121266
17,SD006,S681,T2,1,650.0,1.340423242203861
17,SD006,S681,T2,2,520.0,1.340423242203861
17,SD006,S681,T2,3,271.4,1.340423242203861
17,SD006,S681,T2,4,28.400000000000006,1.340423242203861
17,SD006,S681,T3,1,1950.0,1.340423242203861
17,SD006,S681,T3,2,1202.5,1.340423242203861
17,SD006,S681,T3,3,196.29999999999995,1.340423242203861
17,SD006,S682,T2,1,30.0,0.723270339989806
17,SD006,S682,T2,2,24.0,0.723270339989806
17,SD006,S682,T2,3,24.0,0.723270339989806
17,SD006,S682,T2,4,24.0,0.723270339989806
17,SD006,S682,T3,1,90.0,0.723270339989806
17,SD006,S682,T3,2,55.5,0.723270339989806
17,SD006,S682,T3,3,55.5,0.723270339989806
17,SD006,S682,T3,4,55.5,0.723270339989806
17,SD006,S683,T2,1,30.0,0.7391699983760568
17,SD006,S683,T2,2,24.0,0.7391699983760568
17,SD006,S683,T2,3,24.0,0.7391699983760568
17,SD006,S683,T2,4,24.0,0.7391699983760568
17,SD006,S683,T3,1,90.0,0.7391699983760568
17,SD006,S683,T3,2,55.5,0.7391699983760568
17,SD006,S683,T3,3,55.5,0.7391699983760568
17,SD006,S683,T3,4,55.5,0.7391699983760568
17,SD007,JH_H007,T1,1,75.0,4.981102350506281
17,SD007,JH_H007,T1,2,11.25,4.981102350506281
17,SD007,JH_H007,T1,3,23.4375,4.981102350506281
17,SD007,JH_H007,T1,4,22.828125,4.981102350506281
17,SD007,JH_H007,T3,1,225.0,4.981102350506281
17,SD007,JH_H007,T3,2,191.25,4.981102350506281
17,SD007,JH_H007,T3,3,178.125,4.981102350506281
17,SD007,JH_H007,T3,4,114.0,4.981102350506281
17,SD007,S395,T2,1,272.0,19.48361845865407
17,SD007,S395,T2,2,217.6,19.48361845865407
17,SD007,S395,T2,3,137.0,19.48361845865407
17,SD007,S395,T2,4,68.0,19.48361845865407
17,SD007,S395,T3,1,816.0,19.48361845865407
17,SD007,S395,T3,2,379.75,19.48361845865407
17,SD007,S395,T3,3,49.875,19.48361845865407
17,SD007,S447,T2,1,131.0,29.56357756604441
17,SD007,S447,T2,2,104.8,29.56357756604441
17,SD007,S447,T3,1,330.0,29.56357756604441
17,SD007,S539,T2,2,19.599999999999994,32.41914984545585
17,SD007,S564,T2,1,306.0,35.60543413799625
17,SD007,S565,T2,1,101.0,35.23780307038143
17,SD007,S567,T2,1,12.0,35.64018979823202
17,SD008,JH_H010,T1,1,15.0,2.2723099352135923
17,SD008,JH_H010,T1,2,2.25,2.2723099352135923
17,SD008,JH_H010,T1,3,4.6875,2.2723099352135923
17,SD008,JH_H010,T1,4,4.565625,2.2723099352135923
17,SD008,JH_H010,T3,1,45.0,2.2723099352135923
17,SD008,JH_H010,T3,2,38.25,2.2723099352135923
17,SD008,JH_H010,T3,3,35.625,2.2723099352135923
17,SD008,JH_H010,T3,4,26.0,2.2723099352135923
17,SD008,S572,T2,1,102.0,18.950429783126417
17,SD008,S572,T2,2,9.200000000000003,18.950429783126417
17,SD008,S572,T3,1,11.0,18.950429783126417
17,SD008,S729,T2,1,86.0,9.677941861024411
17,SD008,S729,T2,2,68.8,9.677941861024411
17,SD008,S729,T2,3,31.0,9.677941861024411
17,SD008,S729,T2,4,15.0,9.677941861024411
17,SD008,S729,T3,1,258.0,9.677941861024411
17,SD008,S729,T3,2,92.75,9.677941861024411
17,SD008,S729,T3,3,16.375,9.677941861024411
17,SD009,JH_H002,T1,1,522.7758793497854,8.677094127999364
17,SD009,JH_H002,T1,2,78.41638190246778,8.677094127999364
17,SD009,JH_H002,T1,3,163.367462296808,8.677094127999364
17,SD009,JH_H002,T1,4,159.11990827709096,8.677094127999364
17,SD009,JH_H012,T1,1,49.191854984007485,1.4576943447875488
17,SD009,JH_H012,T1,2,7.378778247601126,1.4576943447875488
17,SD009,JH_H012,T1,3,15.37245468250234,1.4576943447875488
17,SD009,JH_H012,T1,4,14.97277086075728,1.4576943447875488
17,SD009,JH_H012,T3,1,0.00416329157173763,1.4576943447875488
17,SD009,S074,T2,1,954.0,1.3880390695148377
17,SD009,S074,T2,2,591.2000000000005,1.3880390695148377
17,SD009,S074,T3,1,2862.0,1.3880390695148377
17,SD009,S109,T2,1,177.0,1.9519912849642655
17,SD009,S112,T2,1,244.0,1.132994689053634
17,SD009,S112,T2,2,195.2,1.132994689053634
17,SD009,S112,T3,1,732.0,1.132994689053634
17,SD009,S112,T3,2,451.4000000000001,1.132994689053634
17,SD009,S462,T2,1,348.0,1.2065720748421453
17,SD009,S462,T2,2,278.4,1.2065720748421453
17,SD009,S462,T3,1,1044.0,1.2065720748421453
17,SD009,S462,T3,2,324.4697261158349,1.2065720748421453
17,SD009,S469,T2,1,249.0,1.598364302491851
17,SD009,S471,T2,1,469.0,2.0003868347987974
17,SD009,S472,T2,1,92.0,2.0850856737583108
17,SD009,S474,T2,1,130.0,2.1392098877866896
17,SD009,S486,T2,3,125.60000000000002,0.43140466453816145
17,SD009,S486,T2,4,158.79999999999998,0.43140466453816145
17,SD009,S486,T3,2,922.8802738841655,0.43140466453816145
17,SD009,S486,T3,3,24.200000000000045,0.43140466453816145
17,SD009,S486,T3,4,526.4,0.43140466453816145
17,SD009,S487,T2,1,301.0,1.0348611048750498
17,SD009,S487,T2,2,240.8,1.0348611048750498
17,SD009,S487,T3,1,903.0,1.0348611048750498
17,SD009,S487,T3,2,556.8499999999999,1.0348611048750498
17,SD009,S488,T2,1,887.0,1.4592468756210197
17,SD009,S494,T2,1,175.0,2.18548356516901
17,SD009,S510,T2,1,249.0,0.6979083852350719
17,SD009,S510,T2,2,199.2,0.6979083852350719
17,SD009,S510,T2,3,199.2,0.6979083852350719
17,SD009,S510,T3,1,747.0,0.6979083852350719
17,SD009,S510,T3,2,460.6500000000001,0.6979083852350719
17,SD009,S510,T3,3,460.6500000000001,0.6979083852350719
17,SD009,S514,T2,1,80.0,2.224209511471176
17,SD009,S517,T2,1,441.0,0.6471647314214741
17,SD009,S517,T2,2,352.8,0.6471647314214741
17,SD009,S517,T2,3,352.8,0.6471647314214741
17,SD009,S517,T2,4,236.4,0.6471647314214741
17,SD009,S517,T3,1,1323.0,0.6471647314214741
17,SD009,S517,T3,2,815.8499999999999,0.6471647314214741
17,SD009,S517,T3,3,815.8499999999999,0.6471647314214741
17,SD009,S518,T2,1,119.0,0.8341037274881986
17,SD009,S518,T2,2,95.2,0.8341037274881986
17,SD009,S518,T2,3,95.2,0.8341037274881986
17,SD009,S518,T3,1,357.0,0.8341037274881986
17,SD009,S518,T3,2,220.14999999999998,0.8341037274881986
17,SD009,S521,T2,1,141.0,1.2056576074633503
17,SD009,S521,T2,2,112.8,1.2056576074633503
17,SD009,S521,T3,1,423.0,1.2056576074633503
17,SD009,S521,T3,2,260.85,1.2056576074633503
17,SD009,S526,T2,1,39.0,1.5967739600035626
17,SD009,S529,T2,1,208.0,1.209251376816831
17,SD009,S529,T2,2,166.4,1.209251376816831
17,SD009,S529,T3,1,624.0,1.209251376816831
17,SD009,S593,T2,1,254.0,1.3091700300275313
17,SD009,S593,T2,2,203.2,1.3091700300275313
17,SD009,S593,T3,1,762.0,1.3091700300275313
17,SD009,S595,T2,1,122.0,0.6828915248353953
17,SD009,S595,T2,2,97.6,0.6828915248353953
17,SD009,S595,T2,3,97.6,0.6828915248353953
17,SD009,S595,T3,1,366.0,0.6828915248353953
17,SD009,S595,T3,2,225.70000000000005,0.6828915248353953
17,SD009,S595,T3,3,225.70000000000005,0.6828915248353953
17,SD009,S597,T2,1,156.0,0.8827713039146582
17,SD009,S597,T2,2,124.8,0.8827713039146582
17,SD009,S597,T2,3,124.8,0.8827713039146582
17,SD009,S597,T3,1,468.0,0.8827713039146582
17,SD009,S597,T3,2,288.6,0.8827713039146582
17,SD009,S617,T2,1,491.0,1.397501868913553
17,SD009,S618,T2,1,70.0,1.382503583118036
17,SD009,S618,T2,2,56.0,1.382503583118036
17,SD009,S618,T3,1,210.0,1.382503583118036
17,SD009,S652,T2,1,172.0,2.0922070322925164
17,SD009,S675,T2,1,111.0,2.034946139819214
17,SD009,S677,T2,1,102.0,1.2170290953506455
17,SD009,S677,T2,2,81.6,1.2170290953506455
17,SD009,S677,T3,1,306.0,1.2170290953506455
17,SD009,S684,T2,1,164.0,1.389608157583629
17,SD009,S684,T3,1,107.99583670842826,1.389608157583629
17,SD009,S685,T2,1,129.0,0.42193562792349804
17,SD009,S685,T2,2,103.2,0.42193562792349804
17,SD009,S685,T2,3,103.2,0.42193562792349804
17,SD009,S685,T2,4,103.2,0.42193562792349804
17,SD009,S685,T3,1,387.0,0.42193562792349804
17,SD009,S685,T3,2,238.64999999999998,0.42193562792349804
17,SD009,S685,T3,3,238.64999999999998,0.42193562792349804
17,SD009,S685,T3,4,238.64999999999998,0.42193562792349804
17,SD009,S686,T2,1,127.0,0.20364027207591445
17,SD009,S686,T2,2,101.6,0.20364027207591445
17,SD009,S686,T2,3,101.6,0.20364027207591445
17,SD009,S686,T2,4,101.6,0.20364027207591445
17,SD009,S686,T3,1,381.0,0.20364027207591445
17,SD009,S686,T3,2,234.95000000000005,0.20364027207591445
17,SD009,S686,T3,3,234.95000000000005,0.20364027207591445
17,SD009,S686,T3,4,234.95000000000005,0.20364027207591445
17,SD010,S002,T2,1,174.0,20.393405996838467
17,SD010,S033,T2,1,174.0,24.523763643503756
17,SD010,S034,T2,1,129.0,24.583558786131828
17,SD010,S576,T2,1,649.0,1.5750823381651595
17,SD010,S576,T2,2,519.2,1.5750823381651595
17,SD010,S576,T2,3,214.0,1.5750823381651595
17,SD010,S576,T2,4,107.0,1.5750823381651595
17,SD010,S576,T3,1,1947.0,1.5750823381651595
17,SD010,S576,T3,2,893.0,1.5750823381651595
17,SD010,S576,T3,3,357.0,1.5750823381651595
17,SD010,S576,T3,4,178.0,1.5750823381651595
17,SD010,S692,T2,1,160.0,15.830422081506425
17,SD010,S692,T2,2,15.799999999999955,15.830422081506425
17,SD010,S692,T3,1,196.0,15.830422081506425
17,SD011,JH_H006,T1,1,110.0,1.7150550139812313
17,SD011,JH_H006,T1,2,16.5,1.7150550139812313
17,SD011,JH_H006,T1,3,34.375,1.7150550139812313
17,SD011,JH_H006,T1,4,33.48125000000001,1.7150550139812313
17,SD011,JH_H006,T3,1,330.0,1.7150550139812313
17,SD011,JH_H006,T3,2,280.5,1.7150550139812313
17,SD011,JH_H006,T3,3,251.65,1.7150550139812313
17,SD011,JH_H006,T3,4,96.65,1.7150550139812313
17,SD011,S086,T2,1,31.0,1.5041363893893474
17,SD011,S086,T2,2,24.8,1.5041363893893474
17,SD011,S086,T2,3,24.8,1.5041363893893474
17,SD011,S086,T2,4,24.8,1.5041363893893474
17,SD011,S086,T3,1,93.0,1.5041363893893474
17,SD011,S086,T3,2,57.349999999999994,1.5041363893893474
17,SD011,S086,T3,3,57.349999999999994,1.5041363893893474
17,SD011,S086,T3,4,57.349999999999994,1.5041363893893474
17,SD011,S802,T2,1,1083.0,4.008752756105587
17,SD011,S802,T2,2,439.2,4.008752756105587
17,SD011,S802,T2,3,160.2,4.008752756105587
17,SD011,S802,T2,4,67.2,4.008752756105587
17,SD011,S802,T3,1,1434.0,4.008752756105587
17,SD011,S802,T3,2,436.15,4.008752756105587
18,SD001,JH_H004,T1,1,150.0,1.854989649044953
18,SD001,JH_H004,T1,2,22.5,1.854989649044953
18,SD001,JH_H004,T1,3,46.875,1.854989649044953
18,SD001,JH_H004,T1,4,45.65625,1.854989649044953
18,SD001,S008,T2,1,91.0,1.4141658668513217
18,SD001,S008,T2,2,66.80000000000001,1.4141658668513217
18,SD001,S008,T3,1,273.0,1.4141658668513217
18,SD001,S068,T2,1,30.0,1.6186005431732127
18,SD001,S078,T2,1,90.0,0.7613366768678012
18,SD001,S078,T2,2,72.0,0.7613366768678012
18,SD001,S078,T3,1,270.0,0.7613366768678012
18,SD001,S078,T3,2,72.59999999999991,0.7613366768678012
18,SD001,S079,T2,1,30.0,0.6130448620883503
18,SD001,S079,T2,2,24.0,0.6130448620883503
18,SD001,S079,T3,1,90.0,0.6130448620883503
18,SD001,S079,T3,2,55.5,0.6130448620883503
18,SD001,S080,T2,1,30.0,0.5856407835426283
18,SD001,S080,T2,2,24.0,0.5856407835426283
18,SD001,S080,T3,1,90.0,0.5856407835426283
18,SD001,S080,T3,2,55.5,0.5856407835426283
18,SD001,S081,T2,1,30.0,1.2350430337468372
18,SD001,S081,T2,2,24.0,1.2350430337468372
18,SD001,S081,T3,1,90.0,1.2350430337468372
18,SD001,S082,T2,1,95.0,0.30825726628798844
18,SD001,S082,T2,2,76.0,0.30825726628798844
18,SD001,S082,T2,3,76.0,0.30825726628798844
18,SD001,S082,T2,4,76.0,0.30825726628798844
18,SD001,S082,T3,1,285.0,0.30825726628798844
18,SD001,S082,T3,2,175.75,0.30825726628798844
18,SD001,S082,T3,3,175.75,0.30825726628798844
18,SD001,S082,T3,4,156.0,0.30825726628798844
18,SD001,S083,T2,1,47.0,1.4488374118755394
18,SD001,S083,T3,1,95.0,1.4488374118755394
18,SD001,S541,T2,1,229.0,0.46064951290961775
18,SD001,S541,T2,2,183.2,0.46064951290961775
18,SD001,S541,T2,3,111.0,0.46064951290961775
18,SD001,S541,T2,4,17.0,0.46064951290961775
18,SD001,S541,T3,1,687.0,0.46064951290961775
18,SD001,S541,T3,2,423.6500000000001,0.46064951290961775
18,SD001,S541,T3,3,137.25,0.46064951290961775
18,SD001,S715,T2,1,49.0,1.886108276469824
18,SD001,S721,T2,1,236.0,1.5796056128448186
18,SD001,S757,T2,1,171.0,1.9022722825061857
18,SD002,JH_H008,T1,1,30.0,1.0827923580272938
18,SD002,JH_H008,T1,2,4.5,1.0827923580272938
18,SD002,JH_H008,T1,3,9.375,1.0827923580272938
18,SD002,JH_H008,T1,4,9.13125,1.0827923580272938
18,SD002,JH_H008,T3,1,90.0,1.0827923580272938
18,SD002,JH_H008,T3,2,76.5,1.0827923580272938
18,SD002,JH_H008,T3,3,71.25,1.0827923580272938
18,SD002,JH_H008,T3,4,44.0,1.0827923580272938
18,SD002,S071,T2,1,100.0,22.407993625949995
18,SD002,S402,T2,1,39.0,26.129154168488203
18,SD002,S403,T2,1,30.0,16.770921449222417
18,SD002,S403,T2,2,24.0,16.770921449222417
18,SD002,S403,T2,3,24.0,16.770921449222417
18,SD002,S403,T2,4,24.0,16.770921449222417
18,SD002,S403,T3,1,90.0,16.770921449222417
18,SD002,S403,T3,2,55.5,16.770921449222417
18,SD002,S403,T3,3,17.75,16.770921449222417
18,SD002,S539,T2,1,4.0,23.860569411192145
18,SD002,S756,T2,1,149.0,17.628105547036988
18,SD002,S756,T2,2,110.0,17.628105547036988
18,SD002,S756,T2,3,29.0,17.628105547036988
18,SD002,S756,T2,4,2.0,17.628105547036988
18,SD002,S756,T3,1,357.0,17.628105547036988
18,SD002,S756,T3,2,91.0,17.628105547036988
18,SD003,JH_H009,T1,1,10.0,0.4313840120055951
18,SD003,JH_H009,T1,2,1.5,0.4313840120055951
18,SD003,JH_H009,T1,3,3.125,0.4313840120055951
18,SD003,JH_H009,T1,4,3.04375,0.4313840120055951
18,SD003,JH_H009,T3,1,30.0,0.4313840120055951
18,SD003,JH_H009,T3,2,25.5,0.4313840120055951
18,SD003,JH_H009,T3,3,23.75,0.4313840120055951
18,SD003,JH_H009,T3,4,23.8375,0.4313840120055951
18,SD003,S572,T2,1,253.0,15.514228917198071
18,SD003,S572,T2,2,105.0,15.514228917198071
18,SD003,S572,T2,3,42.0,15.514228917198071
18,SD003,S572,T2,4,21.0,15.514228917198071
18,SD003,S572,T3,1,392.0,15.514228917198071
18,SD003,S572,T3,2,149.5,15.514228917198071
18,SD003,S572,T3,3,46.25,15.514228917198071
18,SD003,S572,T3,4,11.162500000000001,15.514228917198071
18,SD004,JH_H013,T1,1,34.007371027392054,2.6842115905313224
18,SD004,JH_H013,T1,2,5.10110565410881,2.6842115905313224
18,SD004,JH_H013,T1,3,10.627303446060015,2.6842115905313224
18,SD004,JH_H013,T1,4,10.350993556462459,2.6842115905313224
18,SD004,JH_H014,T1,1,32.13679772192339,0.32354661842920146
18,SD004,JH_H014,T1,2,4.820519658288507,0.32354661842920146
18,SD004,JH_H014,T1,3,10.042749288101058,0.32354661842920146
18,SD004,JH_H014,T1,4,9.781637806610433,0.32354661842920146
18,SD004,JH_H014,T3,1,96.41039316577017,0.32354661842920146
18,SD004,JH_H014,T3,2,81.94883419090465,0.32354661842920146
18,SD004,JH_H014,T3,3,76.32489458956806,0.32354661842920146
18,SD004,JH_H014,T3,4,76.60609156963488,0.32354661842920146
18,SD004,S015,T2,1,83.0,0.4456418776495982
18,SD004,S015,T2,2,66.4,0.4456418776495982
18,SD004,S015,T2,3,66.4,0.4456418776495982
18,SD004,S015,T2,4,66.4,0.4456418776495982
18,SD004,S015,T3,1,249.0,0.4456418776495982
18,SD004,S015,T3,2,153.55,0.4456418776495982
18,SD004,S015,T3,3,153.55,0.4456418776495982
18,SD004,S015,T3,4,153.55,0.4456418776495982
18,SD004,S111,T2,1,808.0,1.2451439966559943
18,SD004,S111,T2,2,646.4,1.2451439966559943
18,SD004,S111,T3,1,2424.0,1.2451439966559943
18,SD004,S477,T2,1,228.0,1.4997932513210326
18,SD004,S478,T2,1,216.0,1.5153792585230599
18,SD004,S486,T2,1,503.0,0.4783285874010517
18,SD004,S486,T2,3,395.6,0.4783285874010517
18,SD004,S486,T2,4,205.2,0.4783285874010517
18,SD004,S486,T3,2,613.9499999999998,0.4783285874010517
18,SD004,S486,T3,3,455.87510541043196,0.4783285874010517
18,SD004,S486,T3,4,264.8439084303651,0.4783285874010517
18,SD004,S525,T2,1,67.0,1.2640603113896036
18,SD004,S583,T2,1,124.0,1.3098200579051456
18,SD004,S584,T2,1,119.0,0.8702269571511124
18,SD004,S584,T2,2,95.2,0.8702269571511124
18,SD004,S584,T3,1,357.0,0.8702269571511124
18,SD004,S584,T3,2,220.14999999999998,0.8702269571511124
18,SD004,S585,T2,1,173.0,1.0153546860217733
18,SD004,S585,T2,2,138.4,1.0153546860217733
18,SD004,S585,T3,1,519.0,1.0153546860217733
18,SD004,S585,T3,2,320.04999999999995,1.0153546860217733
18,SD004,S586,T2,1,226.0,0.7669305123872737
18,SD004,S586,T2,2,180.8,0.7669305123872737
18,SD004,S586,T3,1,678.0,0.7669305123872737
18,SD004,S586,T3,2,418.09999999999997,0.7669305123872737
18,SD004,S596,T2,1,157.0,1.2472733119337553
18,SD004,S596,T2,2,51.000000000000085,1.2472733119337553
18,SD004,S596,T3,1,466.5896068342298,1.2472733119337553
18,SD004,S603,T2,1,119.0,1.5260024731414439
18,SD004,S604,T2,1,70.0,0.5592533897787788
18,SD004,S604,T2,2,56.0,0.5592533897787788
18,SD004,S604,T2,3,56.0,0.5592533897787788
18,SD004,S604,T3,1,210.0,0.5592533897787788
18,SD004,S604,T3,2,129.5,0.5592533897787788
18,SD004,S604,T3,3,129.5,0.5592533897787788
18,SD004,S605,T2,1,57.0,0.5200265192024999
18,SD004,S605,T2,2,45.6,0.5200265192024999
18,SD004,S605,T2,3,45.6,0.5200265192024999
18,SD004,S605,T2,4,25.400000000000006,0.5200265192024999
18,SD004,S605,T3,1,171.0,0.5200265192024999
18,SD004,S605,T3,2,105.44999999999999,0.5200265192024999
18,SD004,S605,T3,3,105.44999999999999,0.5200265192024999
18,SD004,S606,T2,1,65.0,1.1591849302237676
18,SD004,S606,T2,2,52.0,1.1591849302237676
18,SD004,S606,T3,1,195.0,1.1591849302237676
18,SD004,S606,T3,2,76.40116580909546,1.1591849302237676
18,SD004,S617,T2,1,252.0,1.4735578079885367
18,SD004,S689,T2,1,108.0,1.3845465675483215
18,SD004,S690,T2,1,156.0,0.8052102484718188
18,SD004,S690,T2,2,124.8,0.8052102484718188
18,SD004,S690,T3,1,468.0,0.8052102484718188
18,SD004,S690,T3,2,288.6,0.8052102484718188
18,SD004,S727,T2,1,38.0,0.6932412480150679
18,SD004,S727,T2,2,30.4,0.6932412480150679
18,SD004,S727,T2,3,30.4,0.6932412480150679
18,SD004,S727,T3,1,114.0,0.6932412480150679
18,SD004,S727,T3,2,70.30000000000001,0.6932412480150679
18,SD004,S727,T3,3,70.30000000000001,0.6932412480150679
18,SD005,JH_H011,T1,1,10.0,0.534981795654251
18,SD005,JH_H011,T1,2,1.5,0.534981795654251
18,SD005,JH_H011,T1,3,3.125,0.534981795654251
18,SD005,JH_H011,T1,4,3.04375,0.534981795654251
18,SD005,JH_H011,T3,1,30.0,0.534981795654251
18,SD005,JH_H011,T3,2,25.5,0.534981795654251
18,SD005,JH_H011,T3,3,23.75,0.534981795654251
18,SD005,JH_H011,T3,4,16.0,0.534981795654251
18,SD005,S446,T2,1,115.0,13.576545716571008
18,SD005,S446,T2,2,48.0,13.576545716571008
18,SD005,S446,T2,3,19.0,13.576545716571008
18,SD005,S446,T2,4,9.0,13.576545716571008
18,SD005,S446,T3,1,162.0,13.576545716571008
18,SD005,S446,T3,2,54.5,13.576545716571008
18,SD005,S446,T3,3,8.25,13.576545716571008
18,SD006,JH_H003,T1,1,378.0,2.76486819460775
18,SD006,JH_H003,T1,2,56.70000000000002,2.76486819460775
18,SD006,JH_H003,T1,3,118.12500000000003,2.76486819460775
18,SD006,JH_H003,T1,4,115.05374999999998,2.76486819460775
18,SD006,JH_H015,T1,1,50.0,0.645170244514547
18,SD006,JH_H015,T1,2,7.5,0.645170244514547
18,SD006,JH_H015,T1,3,15.625,0.645170244514547
18,SD006,JH_H015,T1,4,15.21875,0.645170244514547
18,SD006,JH_H015,T3,1,150.0,0.645170244514547
18,SD006,JH_H015,T3,2,127.5,0.645170244514547
18,SD006,JH_H015,T3,3,118.75,0.645170244514547
18,SD006,JH_H015,T3,4,119.1875,0.645170244514547
18,SD006,S124,T2,1,200.0,1.430678099892389
18,SD006,S124,T2,2,81.4,1.430678099892389
18,SD006,S124,T3,1,361.0,1.430678099892389
18,SD006,S125,T2,1,207.0,0.9997048238543476
18,SD006,S125,T2,2,165.6,0.9997048238543476
18,SD006,S125,T2,3,165.6,0.9997048238543476
18,SD006,S125,T2,4,114.0,0.9997048238543476
18,SD006,S125,T3,1,621.0,0.9997048238543476
18,SD006,S125,T3,2,382.95000000000005,0.9997048238543476
18,SD006,S125,T3,3,313.25,0.9997048238543476
18,SD006,S125,T3,4,40.8125,0.9997048238543476
18,SD006,S126,T2,1,424.0,1.6205438392608271
18,SD006,S454,T2,1,198.0,1.4331077944721524
18,SD006,S455,T2,1,176.0,1.6287148731300443
18,SD006,S569,T2,1,42.0,1.9059148924773086
18,SD006,S681,T2,1,650.0,1.340423242203861
18,SD006,S681,T2,2,520.0,1.340423242203861
18,SD006,S681,T2,3,112.4,1.340423242203861
18,SD006,S681,T3,1,1950.0,1.340423242203861
18,SD006,S681,T3,2,737.55,1.340423242203861
18,SD006,S682,T2,1,30.0,0.723270339989806
18,SD006,S682,T2,2,24.0,0.723270339989806
18,SD006,S682,T2,3,24.0,0.723270339989806
18,SD006,S682,T2,4,24.0,0.723270339989806
18,SD006,S682,T3,1,90.0,0.723270339989806
18,SD006,S682,T3,2,55.5,0.723270339989806
18,SD006,S682,T3,3,55.5,0.723270339989806
18,SD006,S682,T3,4,55.5,0.723270339989806
18,SD006,S683,T2,1,30.0,0.7391699983760568
18,SD006,S683,T2,2,24.0,0.7391699983760568
18,SD006,S683,T2,3,24.0,0.7391699983760568
18,SD006,S683,T2,4,24.0,0.7391699983760568
18,SD006,S683,T3,1,90.0,0.7391699983760568
18,SD006,S683,T3,2,55.5,0.7391699983760568
18,SD006,S683,T3,3,55.5,0.7391699983760568
18,SD006,S683,T3,4,55.5,0.7391699983760568
18,SD007,JH_H007,T1,1,75.0,4.981102350506281
18,SD007,JH_H007,T1,2,11.249969119935486,4.981102350506281
18,SD007,JH_H007,T1,3,23.437520072041934,4.981102350506281
18,SD007,JH_H007,T1,4,22.828123996397892,4.981102350506281
18,SD007,JH_H007,T2,2,3.088006450013836e-05,4.981102350506281
18,SD007,JH_H007,T3,1,225.0,4.981102350506281
18,SD007,JH_H007,T3,2,191.25,4.981102350506281
18,SD007,JH_H007,T3,3,153.0,4.981102350506281
18,SD007,JH_H007,T3,4,76.0,4.981102350506281
18,SD007,S395,T2,1,272.0,19.48361845865407
18,SD007,S395,T2,2,217.6,19.48361845865407
18,SD007,S395,T2,3,92.0,19.48361845865407
18,SD007,S395,T2,4,45.0,19.48361845865407
18,SD007,S395,T3,1,696.0,19.48361845865407
18,SD007,S395,T3,2,191.75,19.48361845865407
18,SD007,S447,T2,1,131.0,29.56357756604441
18,SD007,S447,T2,2,12.399969119935506,29.56357756604441
18,SD007,S539,T2,1,116.0,32.41914984545585
18,SD007,S565,T2,1,33.0,35.23780307038143
18,SD008,JH_H010,T1,1,15.0,2.2723099352135923
18,SD008,JH_H010,T1,2,2.25,2.2723099352135923
18,SD008,JH_H010,T1,3,4.6875,2.2723099352135923
18,SD008,JH_H010,T1,4,4.565625,2.2723099352135923
18,SD008,JH_H010,T3,1,45.0,2.2723099352135923
18,SD008,JH_H010,T3,2,38.25,2.2723099352135923
18,SD008,JH_H010,T3,3,35.0,2.2723099352135923
18,SD008,JH_H010,T3,4,17.0,2.2723099352135923
18,SD008,S572,T2,1,40.0,18.950429783126417
18,SD008,S729,T2,1,86.0,9.677941861024411
18,SD008,S729,T2,2,52.0,9.677941861024411
18,SD008,S729,T2,3,21.0,9.677941861024411
18,SD008,S729,T2,4,10.0,9.677941861024411
18,SD008,S729,T3,1,166.0,9.677941861024411
18,SD008,S729,T3,2,49.75,9.677941861024411
18,SD009,JH_H002,T1,1,548.1604336908141,8.677094127999364
18,SD009,JH_H002,T1,2,82.22406505362216,8.677094127999364
18,SD009,JH_H002,T1,3,171.30013552837937,8.677094127999364
18,SD009,JH_H002,T1,4,166.8463320046416,8.677094127999364
18,SD009,JH_H012,T1,1,52.744630233166866,1.4576943447875488
18,SD009,JH_H012,T1,2,7.91169453497503,1.4576943447875488
18,SD009,JH_H012,T1,3,16.482696947864646,1.4576943447875488
18,SD009,JH_H012,T1,4,16.054146827220166,1.4576943447875488
18,SD009,S074,T2,1,954.0,1.3880390695148377
18,SD009,S112,T2,1,244.0,1.132994689053634
18,SD009,S112,T2,2,195.2,1.132994689053634
18,SD009,S112,T3,1,732.0,1.132994689053634
18,SD009,S462,T2,1,348.0,1.2065720748421453
18,SD009,S462,T3,1,463.0,1.2065720748421453
18,SD009,S486,T2,2,402.4,0.43140466453816145
18,SD009,S486,T2,3,6.7999999999999545,0.43140466453816145
18,SD009,S486,T2,4,197.2,0.43140466453816145
18,SD009,S486,T3,1,1509.0,0.43140466453816145
18,SD009,S486,T3,2,316.60000000000036,0.43140466453816145
18,SD009,S486,T3,3,474.6748945895682,0.43140466453816145
18,SD009,S486,T3,4,197.39999999999998,0.43140466453816145
18,SD009,S487,T2,1,301.0,1.0348611048750498
18,SD009,S487,T2,2,240.8,1.0348611048750498
18,SD009,S487,T3,1,903.0,1.0348611048750498
18,SD009,S487,T3,2,556.8499999999999,1.0348611048750498
18,SD009,S488,T2,1,212.0,1.4592468756210197
18,SD009,S510,T2,1,249.0,0.6979083852350719
18,SD009,S510,T2,2,199.2,0.6979083852350719
18,SD009,S510,T2,3,142.99999999999994,0.6979083852350719
18,SD009,S510,T3,1,747.0,0.6979083852350719
18,SD009,S510,T3,2,460.6500000000001,0.6979083852350719
18,SD009,S517,T2,1,441.0,0.6471647314214741
18,SD009,S517,T2,2,352.8,0.6471647314214741
18,SD009,S517,T2,3,352.8,0.6471647314214741
18,SD009,S517,T3,1,1323.0,0.6471647314214741
18,SD009,S517,T3,2,815.8499999999999,0.6471647314214741
18,SD009,S517,T3,3,394.72510541043175,0.6471647314214741
18,SD009,S518,T2,1,119.0,0.8341037274881986
18,SD009,S518,T2,2,95.2,0.8341037274881986
18,SD009,S518,T3,1,357.0,0.8341037274881986
18,SD009,S518,T3,2,220.14999999999998,0.8341037274881986
18,SD009,S521,T2,1,141.0,1.2056576074633503
18,SD009,S521,T2,2,101.20000000000022,1.2056576074633503
18,SD009,S521,T3,1,423.0,1.2056576074633503
18,SD009,S529,T2,1,208.0,1.209251376816831
18,SD009,S593,T2,1,254.0,1.3091700300275313
18,SD009,S595,T2,1,122.0,0.6828915248353953
18,SD009,S595,T2,2,97.6,0.6828915248353953
18,SD009,S595,T2,3,97.6,0.6828915248353953
18,SD009,S595,T3,1,366.0,0.6828915248353953
18,SD009,S595,T3,2,225.70000000000005,0.6828915248353953
18,SD009,S597,T2,1,156.0,0.8827713039146582
18,SD009,S597,T2,2,124.8,0.8827713039146582
18,SD009,S597,T3,1,468.0,0.8827713039146582
18,SD009,S597,T3,2,288.6,0.8827713039146582
18,SD009,S617,T2,1,494.0,1.397501868913553
18,SD009,S618,T2,1,70.0,1.382503583118036
18,SD009,S677,T2,1,102.0,1.2170290953506455
18,SD009,S684,T2,1,164.0,1.389608157583629
18,SD009,S685,T2,1,129.0,0.42193562792349804
18,SD009,S685,T2,2,103.2,0.42193562792349804
18,SD009,S685,T2,3,103.2,0.42193562792349804
18,SD009,S685,T2,4,103.2,0.42193562792349804
18,SD009,S685,T3,1,387.0,0.42193562792349804
18,SD009,S685,T3,2,238.64999999999998,0.42193562792349804
18,SD009,S685,T3,3,238.64999999999998,0.42193562792349804
18,SD009,S685,T3,4,238.64999999999998,0.42193562792349804
18,SD009,S686,T2,1,127.0,0.20364027207591445
18,SD009,S686,T2,2,101.6,0.20364027207591445
18,SD009,S686,T2,3,101.6,0.20364027207591445
18,SD009,S686,T2,4,101.6,0.20364027207591445
18,SD009,S686,T3,1,381.0,0.20364027207591445
18,SD009,S686,T3,2,234.95000000000005,0.20364027207591445
18,SD009,S686,T3,3,234.95000000000005,0.20364027207591445
18,SD009,S686,T3,4,234.95000000000005,0.20364027207591445
18,SD010,S002,T2,1,54.0,20.393405996838467
18,SD010,S576,T2,1,649.0,1.5750823381651595
18,SD010,S576,T2,2,359.0,1.5750823381651595
18,SD010,S576,T2,3,143.0,1.5750823381651595
18,SD010,S576,T2,4,71.0,1.5750823381651595
18,SD010,S576,T3,1,1439.0,1.5750823381651595
18,SD010,S576,T3,2,599.0,1.5750823381651595
18,SD010,S576,T3,3,239.0,1.5750823381651595
18,SD010,S576,T3,4,119.0,1.5750823381651595
18,SD010,S692,T2,1,160.0,15.830422081506425
18,SD011,JH_H006,T1,1,110.0,1.7150550139812313
18,SD011,JH_H006,T1,2,16.5,1.7150550139812313
18,SD011,JH_H006,T1,3,34.375,1.7150550139812313
18,SD011,JH_H006,T1,4,33.48125000000001,1.7150550139812313
18,SD011,JH_H006,T3,1,330.0,1.7150550139812313
18,SD011,JH_H006,T3,2,280.5,1.7150550139812313
18,SD011,JH_H006,T3,3,149.65,1.7150550139812313
18,SD011,JH_H006,T3,4,45.650788920445486,1.7150550139812313
18,SD011,S086,T2,1,31.0,1.5041363893893474
18,SD011,S086,T2,2,24.8,1.5041363893893474
18,SD011,S086,T2,3,24.8,1.5041363893893474
18,SD011,S086,T2,4,24.8,1.5041363893893474
18,SD011,S086,T3,1,93.0,1.5041363893893474
18,SD011,S086,T3,2,57.349999999999994,1.5041363893893474
18,SD011,S086,T3,3,57.349999999999994,1.5041363893893474
18,SD011,S086,T3,4,57.349211079554514,1.5041363893893474
18,SD011,S802,T2,1,717.0,4.008752756105587
18,SD011,S802,T2,2,286.2,4.008752756105587
18,SD011,S802,T2,3,99.2,4.008752756105587
18,SD011,S802,T2,4,37.2,4.008752756105587
18,SD011,S802,T3,1,824.0,4.008752756105587
18,SD011,S802,T3,2,181.14999999999998,4.008752756105587
19,SD001,JH_H004,T1,1,150.0,1.854989649044953
19,SD001,JH_H004,T1,2,22.5,1.854989649044953
19,SD001,JH_H004,T1,3,46.875,1.854989649044953
19,SD001,JH_H004,T1,4,45.65625,1.854989649044953
19,SD001,JH_H004,T3,1,450.0,1.854989649044953
19,SD001,S008,T2,1,91.0,1.4141658668513217
19,SD001,S008,T2,2,72.8,1.4141658668513217
19,SD001,S008,T3,1,273.0,1.4141658668513217
19,SD001,S008,T3,2,168.35000000000002,1.4141658668513217
19,SD001,S068,T2,1,30.0,1.6186005431732127
19,SD001,S068,T2,2,24.0,1.6186005431732127
19,SD001,S068,T3,1,90.0,1.6186005431732127
19,SD001,S078,T2,1,90.0,0.7613366768678012
19,SD001,S078,T2,2,72.0,0.7613366768678012
19,SD001,S078,T2,3,18.80000000000001,0.7613366768678012
19,SD001,S078,T3,1,270.0,0.7613366768678012
19,SD001,S078,T3,2,166.5,0.7613366768678012
19,SD001,S079,T2,1,30.0,0.6130448620883503
19,SD001,S079,T2,2,24.0,0.6130448620883503
19,SD001,S079,T2,3,24.0,0.6130448620883503
19,SD001,S079,T3,1,90.0,0.6130448620883503
19,SD001,S079,T3,2,55.5,0.6130448620883503
19,SD001,S080,T2,1,30.0,0.5856407835426283
19,SD001,S080,T2,2,24.0,0.5856407835426283
19,SD001,S080,T2,3,24.0,0.5856407835426283
19,SD001,S080,T3,1,90.0,0.5856407835426283
19,SD001,S080,T3,2,55.5,0.5856407835426283
19,SD001,S081,T2,1,30.0,1.2350430337468372
19,SD001,S081,T2,2,24.0,1.2350430337468372
19,SD001,S081,T3,1,90.0,1.2350430337468372
19,SD001,S081,T3,2,55.5,1.2350430337468372
19,SD001,S082,T2,1,95.0,0.30825726628798844
19,SD001,S082,T2,2,76.0,0.30825726628798844
19,SD001,S082,T2,3,76.0,0.30825726628798844
19,SD001,S082,T2,4,76.0,0.30825726628798844
19,SD001,S082,T3,1,285.0,0.30825726628798844
19,SD001,S082,T3,2,175.75,0.30825726628798844
19,SD001,S082,T3,3,175.75,0.30825726628798844
19,SD001,S082,T3,4,175.75,0.30825726628798844
19,SD001,S083,T2,1,47.0,1.4488374118755394
19,SD001,S083,T2,2,37.6,1.4488374118755394
19,SD001,S083,T3,1,141.0,1.4488374118755394
19,SD001,S083,T3,2,86.94999999999999,1.4488374118755394
19,SD001,S541,T2,1,229.0,0.46064951290961775
19,SD001,S541,T2,2,183.2,0.46064951290961775
19,SD001,S541,T2,3,183.2,0.46064951290961775
19,SD001,S541,T2,4,86.0,0.46064951290961775
19,SD001,S541,T3,1,687.0,0.46064951290961775
19,SD001,S541,T3,2,423.6500000000001,0.46064951290961775
19,SD001,S541,T3,3,367.25,0.46064951290961775
19,SD001,S541,T3,4,95.25,0.46064951290961775
19,SD001,S715,T2,1,49.0,1.886108276469824
19,SD001,S715,T2,2,39.2,1.886108276469824
19,SD001,S715,T3,1,89.0,1.886108276469824
19,SD001,S721,T2,1,236.0,1.5796056128448186
19,SD001,S721,T2,2,188.8,1.5796056128448186
19,SD001,S721,T3,1,708.0,1.5796056128448186
19,SD001,S721,T3,2,171.29999999999984,1.5796056128448186
19,SD001,S722,T2,1,416.0,1.9678695758040023
19,SD001,S757,T2,1,584.0,1.9022722825061857
19,SD001,S757,T2,2,49.39999999999999,1.9022722825061857
19,SD002,JH_H008,T1,1,29.999939429568997,1.0827923580272938
19,SD002,JH_H008,T1,2,4.500039370780172,1.0827923580272938
19,SD002,JH_H008,T1,3,9.374998031461018,1.0827923580272938
19,SD002,JH_H008,T1,4,9.131250098426946,1.0827923580272938
19,SD002,JH_H008,T2,1,6.057043102813964e-05,1.0827923580272938
19,SD002,JH_H008,T3,1,90.0,1.0827923580272938
19,SD002,JH_H008,T3,2,76.49995760069828,1.0827923580272938
19,SD002,JH_H008,T3,3,71.25000211996509,1.0827923580272938
19,SD002,JH_H008,T3,4,71.51249989400175,1.0827923580272938
19,SD002,S071,T2,1,100.0,22.407993625949995
19,SD002,S071,T2,2,80.0,22.407993625949995
19,SD002,S071,T3,1,300.0,22.407993625949995
19,SD002,S402,T2,1,39.0,26.129154168488203
19,SD002,S403,T2,1,30.0,16.770921449222417
19,SD002,S403,T2,2,24.0,16.770921449222417
19,SD002,S403,T2,3,24.0,16.770921449222417
19,SD002,S403,T2,4,24.0,16.770921449222417
19,SD002,S403,T3,1,90.0,16.770921449222417
19,SD002,S403,T3,2,55.5,16.770921449222417
19,SD002,S403,T3,3,55.5,16.770921449222417
19,SD002,S403,T3,4,5.487500105998251,16.770921449222417
19,SD002,S539,T2,1,120.0,23.860569411192145
19,SD002,S539,T2,2,9.799999999999997,23.860569411192145
19,SD002,S539,T3,1,5.0,23.860569411192145
19,SD002,S550,T2,1,30.0,36.18104152205202
19,SD002,S674,T2,1,90.99993942956897,36.29727816595809
19,SD002,S756,T2,1,149.0,17.628105547036988
19,SD002,S756,T2,2,119.2,17.628105547036988
19,SD002,S756,T2,3,69.0,17.628105547036988
19,SD002,S756,T2,4,22.0,17.628105547036988
19,SD002,S756,T3,1,447.0,17.628105547036988
19,SD002,S756,T3,2,256.0000423993017,17.628105547036988
19,SD002,S756,T3,3,28.24999788003491,17.628105547036988
19,SD003,JH_H009,T1,1,10.0,0.4313840120055951
19,SD003,JH_H009,T1,2,1.5,0.4313840120055951
19,SD003,JH_H009,T1,3,3.125,0.4313840120055951
19,SD003,JH_H009,T1,4,3.04375,0.4313840120055951
19,SD003,JH_H009,T3,1,30.0,0.4313840120055951
19,SD003,JH_H009,T3,2,25.5,0.4313840120055951
19,SD003,JH_H009,T3,3,23.75,0.4313840120055951
19,SD003,JH_H009,T3,4,23.8375,0.4313840120055951
19,SD003,S572,T2,1,439.0,15.514228917198071
19,SD003,S572,T2,2,183.0,15.514228917198071
19,SD003,S572,T2,3,73.0,15.514228917198071
19,SD003,S572,T2,4,36.0,15.514228917198071
19,SD003,S572,T3,1,702.0,15.514228917198071
19,SD003,S572,T3,2,279.5,15.514228917198071
19,SD003,S572,T3,3,98.25,15.514228917198071
19,SD003,S572,T3,4,37.1625,15.514228917198071
19,SD004,JH_H013,T1,1,29.597284783678994,2.6842115905313224
19,SD004,JH_H013,T1,2,4.43959271755185,2.6842115905313224
19,SD004,JH_H013,T1,3,9.249151494899683,2.6842115905313224
19,SD004,JH_H013,T1,4,9.008673556032296,2.6842115905313224
19,SD004,JH_H014,T1,1,26.350122064780628,0.32354661842920146
19,SD004,JH_H014,T1,2,3.9525183097170924,0.32354661842920146
19,SD004,JH_H014,T1,3,8.234413145243948,0.32354661842920146
19,SD004,JH_H014,T1,4,8.020318403467604,0.32354661842920146
19,SD004,JH_H014,T3,1,79.05036619434188,0.32354661842920146
19,SD004,JH_H014,T3,2,67.1928112651906,0.32354661842920146
19,SD004,JH_H014,T3,3,62.58153990385399,0.32354661842920146
19,SD004,JH_H014,T3,4,62.81210347192082,0.32354661842920146
19,SD004,S015,T2,1,83.0,0.4456418776495982
19,SD004,S015,T2,2,66.4,0.4456418776495982
19,SD004,S015,T2,3,66.4,0.4456418776495982
19,SD004,S015,T2,4,66.4,0.4456418776495982
19,SD004,S015,T3,1,249.0,0.4456418776495982
19,SD004,S015,T3,2,153.55,0.4456418776495982
19,SD004,S015,T3,3,153.55,0.4456418776495982
19,SD004,S015,T3,4,153.55,0.4456418776495982
19,SD004,S111,T2,1,808.0,1.2451439966559943
19,SD004,S111,T2,2,646.4,1.2451439966559943
19,SD004,S111,T3,1,2424.0,1.2451439966559943
19,SD004,S111,T3,2,1494.8000000000002,1.2451439966559943
19,SD004,S406,T2,1,123.0,2.0654294745129445
19,SD004,S477,T2,1,228.0,1.4997932513210326
19,SD004,S477,T3,1,684.0,1.4997932513210326
19,SD004,S478,T2,1,216.0,1.5153792585230599
19,SD004,S478,T3,1,648.0,1.5153792585230599
19,SD004,S486,T2,1,503.0,0.4783285874010517
19,SD004,S486,T2,2,402.4,0.4783285874010517
19,SD004,S486,T2,3,294.4000000000001,0.4783285874010517
19,SD004,S486,T2,4,317.6,0.4783285874010517
19,SD004,S486,T3,1,1509.0,0.4783285874010517
19,SD004,S486,T3,2,269.2571887348092,0.4783285874010517
19,SD004,S486,T3,3,575.3500000000001,0.4783285874010517
19,SD004,S486,T3,4,338.3878965280792,0.4783285874010517
19,SD004,S497,T2,1,183.0,2.523708638376318
19,SD004,S525,T2,1,67.0,1.2640603113896036
19,SD004,S525,T2,2,53.6,1.2640603113896036
19,SD004,S525,T3,1,201.0,1.2640603113896036
19,SD004,S525,T3,2,123.94999999999999,1.2640603113896036
19,SD004,S551,T2,1,204.0,2.3434883503746464
19,SD004,S583,T2,1,124.0,1.3098200579051456
19,SD004,S583,T2,2,99.2,1.3098200579051456
19,SD004,S583,T3,1,372.0,1.3098200579051456
19,SD004,S583,T3,2,229.39999999999998,1.3098200579051456
19,SD004,S584,T2,1,119.0,0.8702269571511124
19,SD004,S584,T2,2,95.2,0.8702269571511124
19,SD004,S584,T2,3,95.2,0.8702269571511124
19,SD004,S584,T3,1,357.0,0.8702269571511124
19,SD004,S584,T3,2,220.14999999999998,0.8702269571511124
19,SD004,S585,T2,1,173.0,1.0153546860217733
19,SD004,S585,T2,2,138.4,1.0153546860217733
19,SD004,S585,T2,3,138.4,1.0153546860217733
19,SD004,S585,T3,1,519.0,1.0153546860217733
19,SD004,S585,T3,2,320.04999999999995,1.0153546860217733
19,SD004,S586,T2,1,226.0,0.7669305123872737
19,SD004,S586,T2,2,180.8,0.7669305123872737
19,SD004,S586,T2,3,180.8,0.7669305123872737
19,SD004,S586,T3,1,678.0,0.7669305123872737
19,SD004,S586,T3,2,418.09999999999997,0.7669305123872737
19,SD004,S586,T3,3,418.09999999999997,0.7669305123872737
19,SD004,S587,T2,1,149.0,1.6268730303347014
19,SD004,S588,T2,1,231.0,1.5655639515228366
19,SD004,S589,T2,1,223.0,1.600192254035535
19,SD004,S596,T2,1,157.0,1.2472733119337553
19,SD004,S596,T2,2,125.6,1.2472733119337553
19,SD004,S596,T3,1,471.0,1.2472733119337553
19,SD004,S596,T3,2,290.45000000000005,1.2472733119337553
19,SD004,S602,T2,1,171.0,1.5932312514084654
19,SD004,S603,T2,1,119.0,1.5260024731414439
19,SD004,S603,T3,1,10.90405843125945,1.5260024731414439
19,SD004,S604,T2,1,70.0,0.5592533897787788
19,SD004,S604,T2,2,56.0,0.5592533897787788
19,SD004,S604,T2,3,56.0,0.5592533897787788
19,SD004,S604,T2,4,56.0,0.5592533897787788
19,SD004,S604,T3,1,210.0,0.5592533897787788
19,SD004,S604,T3,2,129.5,0.5592533897787788
19,SD004,S604,T3,3,129.5,0.5592533897787788
19,SD004,S604,T3,4,129.5,0.5592533897787788
19,SD004,S605,T2,1,57.0,0.5200265192024999
19,SD004,S605,T2,2,45.6,0.5200265192024999
19,SD004,S605,T2,3,45.6,0.5200265192024999
19,SD004,S605,T2,4,45.6,0.5200265192024999
19,SD004,S605,T3,1,171.0,0.5200265192024999
19,SD004,S605,T3,2,105.44999999999999,0.5200265192024999
19,SD004,S605,T3,3,105.44999999999999,0.5200265192024999
19,SD004,S605,T3,4,105.44999999999999,0.5200265192024999
19,SD004,S606,T2,1,65.0,1.1591849302237676
19,SD004,S606,T2,2,52.0,1.1591849302237676
19,SD004,S606,T3,1,195.0,1.1591849302237676
19,SD004,S606,T3,2,120.25,1.1591849302237676
19,SD004,S617,T2,1,746.0,1.4735578079885367
19,SD004,S617,T2,2,376.79999999999995,1.4735578079885367
19,SD004,S617,T3,1,639.0455753743986,1.4735578079885367
19,SD004,S625,T2,1,332.0,2.077856378373978
19,SD004,S626,T2,1,161.0,2.1097408109848033
19,SD004,S687,T2,1,147.0,2.159666837934605
19,SD004,S688,T2,1,206.0,2.1534742718795266
19,SD004,S689,T2,1,108.0,1.3845465675483215
19,SD004,S689,T2,2,86.4,1.3845465675483215
19,SD004,S689,T3,1,324.0,1.3845465675483215
19,SD004,S690,T2,1,156.0,0.8052102484718188
19,SD004,S690,T2,2,124.8,0.8052102484718188
19,SD004,S690,T2,3,124.8,0.8052102484718188
19,SD004,S690,T3,1,468.0,0.8052102484718188
19,SD004,S690,T3,2,288.6,0.8052102484718188
19,SD004,S690,T3,3,205.16846009614596,0.8052102484718188
19,SD004,S727,T2,1,38.0,0.6932412480150679
19,SD004,S727,T2,2,30.4,0.6932412480150679
19,SD004,S727,T2,3,30.4,0.6932412480150679
19,SD004,S727,T2,4,30.4,0.6932412480150679
19,SD004,S727,T3,1,114.0,0.6932412480150679
19,SD004,S727,T3,2,70.30000000000001,0.6932412480150679
19,SD004,S727,T3,3,70.30000000000001,0.6932412480150679
19,SD004,S727,T3,4,70.30000000000001,0.6932412480150679
19,SD005,JH_H011,T1,1,10.0,0.534981795654251
19,SD005,JH_H011,T1,2,1.5,0.534981795654251
19,SD005,JH_H011,T1,3,3.125,0.534981795654251
19,SD005,JH_H011,T1,4,3.04375,0.534981795654251
19,SD005,JH_H011,T3,1,30.0,0.534981795654251
19,SD005,JH_H011,T3,2,25.5,0.534981795654251
19,SD005,JH_H011,T3,3,23.75,0.534981795654251
19,SD005,JH_H011,T3,4,23.8375,0.534981795654251
19,SD005,S446,T2,1,86.0,13.576545716571008
19,SD005,S446,T2,2,83.0,13.576545716571008
19,SD005,S446,T2,3,33.0,13.576545716571008
19,SD005,S446,T2,4,16.0,13.576545716571008
19,SD005,S446,T3,1,303.0,13.576545716571008
19,SD005,S446,T3,2,112.5,13.576545716571008
19,SD005,S446,T3,3,31.25,13.576545716571008
19,SD005,S446,T3,4,3.1625000000000014,13.576545716571008
19,SD005,S791,T2,1,113.0,14.043439762067017
19,SD006,JH_H003,T1,1,378.0,2.76486819460775
19,SD006,JH_H003,T1,2,56.70000000000002,2.76486819460775
19,SD006,JH_H003,T1,3,118.12500000000003,2.76486819460775
19,SD006,JH_H003,T1,4,115.05374999999998,2.76486819460775
19,SD006,JH_H015,T1,1,50.0,0.645170244514547
19,SD006,JH_H015,T1,2,7.5,0.645170244514547
19,SD006,JH_H015,T1,3,15.625,0.645170244514547
19,SD006,JH_H015,T1,4,15.21875,0.645170244514547
19,SD006,JH_H015,T3,1,150.0,0.645170244514547
19,SD006,JH_H015,T3,2,127.5,0.645170244514547
19,SD006,JH_H015,T3,3,118.75,0.645170244514547
19,SD006,JH_H015,T3,4,119.1875,0.645170244514547
19,SD006,S124,T2,1,200.0,1.430678099892389
19,SD006,S124,T2,2,160.0,1.430678099892389
19,SD006,S124,T3,1,600.0,1.430678099892389
19,SD006,S124,T3,2,370.0,1.430678099892389
19,SD006,S125,T2,1,207.0,0.9997048238543476
19,SD006,S125,T2,2,165.6,0.9997048238543476
19,SD006,S125,T2,3,165.6,0.9997048238543476
19,SD006,S125,T2,4,165.6,0.9997048238543476
19,SD006,S125,T3,1,621.0,0.9997048238543476
19,SD006,S125,T3,2,382.95000000000005,0.9997048238543476
19,SD006,S125,T3,3,382.95000000000005,0.9997048238543476
19,SD006,S125,T3,4,240.8125,0.9997048238543476
19,SD006,S126,T2,1,424.0,1.6205438392608271
19,SD006,S126,T2,2,339.2,1.6205438392608271
19,SD006,S126,T3,1,1272.0,1.6205438392608271
19,SD006,S446,T2,1,73.0,2.8704414725548366
19,SD006,S454,T2,1,198.0,1.4331077944721524
19,SD006,S454,T2,2,158.4,1.4331077944721524
19,SD006,S454,T3,1,594.0,1.4331077944721524
19,SD006,S454,T3,2,164.04999999999995,1.4331077944721524
19,SD006,S455,T2,1,176.0,1.6287148731300443
19,SD006,S455,T2,2,23.80000000000004,1.6287148731300443
19,SD006,S455,T3,1,294.0,1.6287148731300443
19,SD006,S568,T2,1,339.0,2.276287623416751
19,SD006,S569,T2,1,503.0,1.9059148924773086
19,SD006,S680,T2,1,226.0,2.3645430802121266
19,SD006,S681,T2,1,650.0,1.340423242203861
19,SD006,S681,T2,2,520.0,1.340423242203861
19,SD006,S681,T2,3,352.4,1.340423242203861
19,SD006,S681,T2,4,68.4,1.340423242203861
19,SD006,S681,T3,1,1950.0,1.340423242203861
19,SD006,S681,T3,2,1202.5,1.340423242203861
19,SD006,S681,T3,3,330.29999999999995,1.340423242203861
19,SD006,S682,T2,1,30.0,0.723270339989806
19,SD006,S682,T2,2,24.0,0.723270339989806
19,SD006,S682,T2,3,24.0,0.723270339989806
19,SD006,S682,T2,4,24.0,0.723270339989806
19,SD006,S682,T3,1,90.0,0.723270339989806
19,SD006,S682,T3,2,55.5,0.723270339989806
19,SD006,S682,T3,3,55.5,0.723270339989806
19,SD006,S682,T3,4,55.5,0.723270339989806
19,SD006,S683,T2,1,30.0,0.7391699983760568
19,SD006,S683,T2,2,24.0,0.7391699983760568
19,SD006,S683,T2,3,24.0,0.7391699983760568
19,SD006,S683,T2,4,24.0,0.7391699983760568
19,SD006,S683,T3,1,90.0,0.7391699983760568
19,SD006,S683,T3,2,55.5,0.7391699983760568
19,SD006,S683,T3,3,55.5,0.7391699983760568
19,SD006,S683,T3,4,55.5,0.7391699983760568
19,SD006,S765,T2,1,337.0,2.4701455823530116
19,SD006,S784,T2,1,3.0,3.47889124960614
19,SD007,JH_H007,T1,1,75.0,4.981102350506281
19,SD007,JH_H007,T1,2,11.25,4.981102350506281
19,SD007,JH_H007,T1,3,23.4375,4.981102350506281
19,SD007,JH_H007,T1,4,22.828125,4.981102350506281
19,SD007,JH_H007,T3,1,225.0,4.981102350506281
19,SD007,JH_H007,T3,2,191.25,4.981102350506281
19,SD007,JH_H007,T3,3,178.125,4.981102350506281
19,SD007,JH_H007,T3,4,133.0,4.981102350506281
19,SD007,S395,T2,1,272.0,19.48361845865407
19,SD007,S395,T2,2,217.6,19.48361845865407
19,SD007,S395,T2,3,159.0,19.48361845865407
19,SD007,S395,T2,4,79.0,19.48361845865407
19,SD007,S395,T3,1,816.0,19.48361845865407
19,SD007,S395,T3,2,474.75,19.48361845865407
19,SD007,S395,T3,3,87.875,19.48361845865407
19,SD007,S447,T2,1,131.0,29.56357756604441
19,SD007,S447,T2,2,104.8,29.56357756604441
19,SD007,S447,T3,1,393.0,29.56357756604441
19,SD007,S539,T2,2,76.6,32.41914984545585
19,SD007,S539,T3,1,164.0,32.41914984545585
19,SD007,S564,T2,1,306.0,35.60543413799625
19,SD007,S565,T2,1,101.0,35.23780307038143
19,SD007,S567,T2,1,148.0,35.64018979823202
19,SD008,JH_H010,T1,1,15.0,2.2723099352135923
19,SD008,JH_H010,T1,2,2.25,2.2723099352135923
19,SD008,JH_H010,T1,3,4.6875,2.2723099352135923
19,SD008,JH_H010,T1,4,4.565625,2.2723099352135923
19,SD008,JH_H010,T3,1,45.0,2.2723099352135923
19,SD008,JH_H010,T3,2,38.25,2.2723099352135923
19,SD008,JH_H010,T3,3,35.625,2.2723099352135923
19,SD008,JH_H010,T3,4,30.0,2.2723099352135923
19,SD008,S005,T2,1,36.0,18.979770018401247
19,SD008,S572,T2,1,97.0,18.950429783126417
19,SD008,S572,T2,2,22.200000000000003,18.950429783126417
19,SD008,S572,T3,1,63.0,18.950429783126417
19,SD008,S729,T2,1,86.0,9.677941861024411
19,SD008,S729,T2,2,68.8,9.677941861024411
19,SD008,S729,T2,3,36.0,9.677941861024411
19,SD008,S729,T2,4,18.0,9.677941861024411
19,SD008,S729,T3,1,258.0,9.677941861024411
19,SD008,S729,T3,2,113.75,9.677941861024411
19,SD008,S729,T3,3,25.375,9.677941861024411
19,SD009,JH_H002,T1,1,510.0107402415467,8.677094127999364
19,SD009,JH_H002,T1,2,76.50161103623202,8.677094127999364
19,SD009,JH_H002,T1,3,159.37835632548334,8.677094127999364
19,SD009,JH_H002,T1,4,155.23451906102082,8.677094127999364
19,SD009,JH_H012,T1,1,47.40526973746148,1.4576943447875488
19,SD009,JH_H012,T1,2,7.110790460619224,1.4576943447875488
19,SD009,JH_H012,T1,3,14.81414679295671,1.4576943447875488
19,SD009,JH_H012,T1,4,14.428978976339842,1.4576943447875488
19,SD009,JH_H012,T3,1,0.04557537439859516,1.4576943447875488
19,SD009,S074,T2,1,954.0,1.3880390695148377
19,SD009,S074,T2,2,763.2,1.3880390695148377
19,SD009,S074,T3,1,2862.0,1.3880390695148377
19,SD009,S109,T2,1,177.0,1.9519912849642655
19,SD009,S112,T2,1,244.0,1.132994689053634
19,SD009,S112,T2,2,195.2,1.132994689053634
19,SD009,S112,T3,1,732.0,1.132994689053634
19,SD009,S112,T3,2,451.4000000000001,1.132994689053634
19,SD009,S462,T2,1,348.0,1.2065720748421453
19,SD009,S462,T2,2,278.4,1.2065720748421453
19,SD009,S462,T3,1,1044.0,1.2065720748421453
19,SD009,S462,T3,2,643.8,1.2065720748421453
19,SD009,S469,T2,1,249.0,1.598364302491851
19,SD009,S471,T2,1,469.0,2.0003868347987974
19,SD009,S472,T2,1,92.0,2.0850856737583108
19,SD009,S474,T2,1,130.0,2.1392098877866896
19,SD009,S475,T2,1,411.0,2.2821384274382996
19,SD009,S476,T2,1,442.0,2.397830934450181
19,SD009,S486,T2,3,107.99999999999989,0.43140466453816145
19,SD009,S486,T2,4,84.79999999999995,0.43140466453816145
19,SD009,S486,T3,2,661.292811265191,0.43140466453816145
19,SD009,S486,T3,3,355.20000000000005,0.43140466453816145
19,SD009,S486,T3,4,592.162103471921,0.43140466453816145
19,SD009,S487,T2,1,301.0,1.0348611048750498
19,SD009,S487,T2,2,240.8,1.0348611048750498
19,SD009,S487,T2,3,215.60000000000008,1.0348611048750498
19,SD009,S487,T3,1,903.0,1.0348611048750498
19,SD009,S487,T3,2,556.8499999999999,1.0348611048750498
19,SD009,S488,T2,1,887.0,1.4592468756210197
19,SD009,S493,T2,1,181.0,2.3046196915783854
19,SD009,S494,T2,1,175.0,2.18548356516901
19,SD009,S495,T2,1,202.0,2.31038553355108
19,SD009,S510,T2,1,249.0,0.6979083852350719
19,SD009,S510,T2,2,199.2,0.6979083852350719
19,SD009,S510,T2,3,199.2,0.6979083852350719
19,SD009,S510,T3,1,747.0,0.6979083852350719
19,SD009,S510,T3,2,460.6500000000001,0.6979083852350719
19,SD009,S510,T3,3,460.6500000000001,0.6979083852350719
19,SD009,S513,T2,1,109.0,2.4123062661242822
19,SD009,S514,T2,1,200.0,2.224209511471176
19,SD009,S515,T2,1,79.0,2.325791786803242
19,SD009,S517,T2,1,441.0,0.6471647314214741
19,SD009,S517,T2,2,352.8,0.6471647314214741
19,SD009,S517,T2,3,352.8,0.6471647314214741
19,SD009,S517,T2,4,352.8,0.6471647314214741
19,SD009,S517,T3,1,1323.0,0.6471647314214741
19,SD009,S517,T3,2,815.8499999999999,0.6471647314214741
19,SD009,S517,T3,3,815.8499999999999,0.6471647314214741
19,SD009,S517,T3,4,99.23789652807898,0.6471647314214741
19,SD009,S518,T2,1,119.0,0.8341037274881986
19,SD009,S518,T2,2,95.2,0.8341037274881986
19,SD009,S518,T2,3,95.2,0.8341037274881986
19,SD009,S518,T3,1,357.0,0.8341037274881986
19,SD009,S518,T3,2,220.14999999999998,0.8341037274881986
19,SD009,S521,T2,1,141.0,1.2056576074633503
19,SD009,S521,T2,2,112.8,1.2056576074633503
19,SD009,S521,T3,1,423.0,1.2056576074633503
19,SD009,S521,T3,2,260.85,1.2056576074633503
19,SD009,S526,T2,1,39.0,1.5967739600035626
19,SD009,S529,T2,1,208.0,1.209251376816831
19,SD009,S529,T2,2,166.4,1.209251376816831
19,SD009,S529,T3,1,624.0,1.209251376816831
19,SD009,S529,T3,2,384.79999999999995,1.209251376816831
19,SD009,S592,T2,1,137.0,2.3835580344241905
19,SD009,S593,T2,1,254.0,1.3091700300275313
19,SD009,S593,T2,2,203.2,1.3091700300275313
19,SD009,S593,T3,1,762.0,1.3091700300275313
19,SD009,S593,T3,2,194.75718873480946,1.3091700300275313
19,SD009,S595,T2,1,122.0,0.6828915248353953
19,SD009,S595,T2,2,97.6,0.6828915248353953
19,SD009,S595,T2,3,97.6,0.6828915248353953
19,SD009,S595,T2,4,56.60000000000002,0.6828915248353953
19,SD009,S595,T3,1,366.0,0.6828915248353953
19,SD009,S595,T3,2,225.70000000000005,0.6828915248353953
19,SD009,S595,T3,3,225.70000000000005,0.6828915248353953
19,SD009,S597,T2,1,156.0,0.8827713039146582
19,SD009,S597,T2,2,124.8,0.8827713039146582
19,SD009,S597,T2,3,124.8,0.8827713039146582
19,SD009,S597,T3,1,468.0,0.8827713039146582
19,SD009,S597,T3,2,288.6,0.8827713039146582
19,SD009,S617,T2,2,192.80000000000064,1.397501868913553
19,SD009,S617,T3,1,1598.9544246256014,1.397501868913553
19,SD009,S618,T2,1,70.0,1.382503583118036
19,SD009,S618,T2,2,56.0,1.382503583118036
19,SD009,S618,T3,1,210.0,1.382503583118036
19,SD009,S652,T2,1,172.0,2.0922070322925164
19,SD009,S675,T2,1,111.0,2.034946139819214
19,SD009,S677,T2,1,102.0,1.2170290953506455
19,SD009,S677,T2,2,81.6,1.2170290953506455
19,SD009,S677,T3,1,306.0,1.2170290953506455
19,SD009,S677,T3,2,188.70000000000005,1.2170290953506455
19,SD009,S684,T2,1,164.0,1.389608157583629
19,SD009,S684,T2,2,131.2,1.389608157583629
19,SD009,S684,T3,1,492.0,1.389608157583629
19,SD009,S685,T2,1,129.0,0.42193562792349804
19,SD009,S685,T2,2,103.2,0.42193562792349804
19,SD009,S685,T2,3,103.2,0.42193562792349804
19,SD009,S685,T2,4,103.2,0.42193562792349804
19,SD009,S685,T3,1,387.0,0.42193562792349804
19,SD009,S685,T3,2,238.64999999999998,0.42193562792349804
19,SD009,S685,T3,3,238.64999999999998,0.42193562792349804
19,SD009,S685,T3,4,238.64999999999998,0.42193562792349804
19,SD009,S686,T2,1,127.0,0.20364027207591445
19,SD009,S686,T2,2,101.6,0.20364027207591445
19,SD009,S686,T2,3,101.6,0.20364027207591445
19,SD009,S686,T2,4,101.6,0.20364027207591445
19,SD009,S686,T3,1,381.0,0.20364027207591445
19,SD009,S686,T3,2,234.95000000000005,0.20364027207591445
19,SD009,S686,T3,3,234.95000000000005,0.20364027207591445
19,SD009,S686,T3,4,234.95000000000005,0.20364027207591445
19,SD010,S002,T2,1,174.0,20.393405996838467
19,SD010,S002,T3,1,70.0,20.393405996838467
19,SD010,S033,T2,1,174.0,24.523763643503756
19,SD010,S034,T2,1,174.0,24.583558786131828
19,SD010,S035,T2,1,167.0,24.738798078264217
19,SD010,S576,T2,1,649.0,1.5750823381651595
19,SD010,S576,T2,2,519.2,1.5750823381651595
19,SD010,S576,T2,3,249.0,1.5750823381651595
19,SD010,S576,T2,4,124.0,1.5750823381651595
19,SD010,S576,T3,1,1947.0,1.5750823381651595
19,SD010,S576,T3,2,1040.0,1.5750823381651595
19,SD010,S576,T3,3,416.0,1.5750823381651595
19,SD010,S576,T3,4,208.0,1.5750823381651595
19,SD010,S692,T2,1,160.0,15.830422081506425
19,SD010,S692,T2,2,104.79999999999995,15.830422081506425
19,SD010,S692,T3,1,480.0,15.830422081506425
19,SD011,JH_H006,T1,1,110.0,1.7150550139812313
19,SD011,JH_H006,T1,2,16.5,1.7150550139812313
19,SD011,JH_H006,T1,3,34.375,1.7150550139812313
19,SD011,JH_H006,T1,4,33.48125000000001,1.7150550139812313
19,SD011,JH_H006,T3,1,330.0,1.7150550139812313
19,SD011,JH_H006,T3,2,280.5,1.7150550139812313
19,SD011,JH_H006,T3,3,261.25,1.7150550139812313
19,SD011,JH_H006,T3,4,122.65,1.7150550139812313
19,SD011,S086,T2,1,31.0,1.5041363893893474
19,SD011,S086,T2,2,24.8,1.5041363893893474
19,SD011,S086,T2,3,24.8,1.5041363893893474
19,SD011,S086,T2,4,24.8,1.5041363893893474
19,SD011,S086,T3,1,93.0,1.5041363893893474
19,SD011,S086,T3,2,57.349999999999994,1.5041363893893474
19,SD011,S086,T3,3,57.349999999999994,1.5041363893893474
19,SD011,S086,T3,4,57.349999999999994,1.5041363893893474
19,SD011,S802,T2,1,1267.0,4.008752756105587
19,SD011,S802,T2,2,515.2,4.008752756105587
19,SD011,S802,T2,3,191.2,4.008752756105587
19,SD011,S802,T2,4,83.2,4.008752756105587
19,SD011,S802,T3,1,1741.0,4.008752756105587
19,SD011,S802,T3,2,563.15,4.008752756105587
19,SD011,S802,T3,3,41.39999999999998,4.008752756105587
20,SD001,JH_H004,T1,1,150.0,1.854989649044953
20,SD001,JH_H004,T1,2,22.5,1.854989649044953
20,SD001,JH_H004,T1,3,46.875,1.854989649044953
20,SD001,JH_H004,T1,4,45.65625,1.854989649044953
20,SD001,S008,T2,1,91.0,1.4141658668513217
20,SD001,S008,T2,2,72.8,1.4141658668513217
20,SD001,S008,T3,1,273.0,1.4141658668513217
20,SD001,S008,T3,2,96.59999999999991,1.4141658668513217
20,SD001,S068,T2,1,30.0,1.6186005431732127
20,SD001,S078,T2,1,90.0,0.7613366768678012
20,SD001,S078,T2,2,72.0,0.7613366768678012
20,SD001,S078,T3,1,270.0,0.7613366768678012
20,SD001,S078,T3,2,166.5,0.7613366768678012
20,SD001,S079,T2,1,30.0,0.6130448620883503
20,SD001,S079,T2,2,24.0,0.6130448620883503
20,SD001,S079,T3,1,90.0,0.6130448620883503
20,SD001,S079,T3,2,55.5,0.6130448620883503
20,SD001,S080,T2,1,30.0,0.5856407835426283
20,SD001,S080,T2,2,24.0,0.5856407835426283
20,SD001,S080,T3,1,90.0,0.5856407835426283
20,SD001,S080,T3,2,55.5,0.5856407835426283
20,SD001,S081,T2,1,30.0,1.2350430337468372
20,SD001,S081,T2,2,24.0,1.2350430337468372
20,SD001,S081,T3,1,90.0,1.2350430337468372
20,SD001,S081,T3,2,55.5,1.2350430337468372
20,SD001,S082,T2,1,95.0,0.30825726628798844
20,SD001,S082,T2,2,76.0,0.30825726628798844
20,SD001,S082,T2,3,76.0,0.30825726628798844
20,SD001,S082,T2,4,76.0,0.30825726628798844
20,SD001,S082,T3,1,285.0,0.30825726628798844
20,SD001,S082,T3,2,175.75,0.30825726628798844
20,SD001,S082,T3,3,175.75,0.30825726628798844
20,SD001,S082,T3,4,175.75,0.30825726628798844
20,SD001,S083,T2,1,47.0,1.4488374118755394
20,SD001,S083,T2,2,37.6,1.4488374118755394
20,SD001,S083,T3,1,141.0,1.4488374118755394
20,SD001,S541,T2,1,229.0,0.46064951290961775
20,SD001,S541,T2,2,183.2,0.46064951290961775
20,SD001,S541,T2,3,170.0,0.46064951290961775
20,SD001,S541,T2,4,47.0,0.46064951290961775
20,SD001,S541,T3,1,687.0,0.46064951290961775
20,SD001,S541,T3,2,423.6500000000001,0.46064951290961775
20,SD001,S541,T3,3,235.25,0.46064951290961775
20,SD001,S541,T3,4,29.25,0.46064951290961775
20,SD001,S715,T2,1,49.0,1.886108276469824
20,SD001,S721,T2,1,236.0,1.5796056128448186
20,SD001,S721,T2,2,103.39999999999999,1.5796056128448186
20,SD001,S721,T3,1,544.0,1.5796056128448186
20,SD001,S757,T2,1,525.0,1.9022722825061857
20,SD002,JH_H008,T1,1,30.0,1.0827923580272938
20,SD002,JH_H008,T1,2,4.5,1.0827923580272938
20,SD002,JH_H008,T1,3,9.375,1.0827923580272938
20,SD002,JH_H008,T1,4,9.13125,1.0827923580272938
20,SD002,JH_H008,T3,1,90.0,1.0827923580272938
20,SD002,JH_H008,T3,2,76.5,1.0827923580272938
20,SD002,JH_H008,T3,3,71.25,1.0827923580272938
20,SD002,JH_H008,T3,4,58.0,1.0827923580272938
20,SD002,S071,T2,1,100.0,22.407993625949995
20,SD002,S071,T2,2,32.8,22.407993625949995
20,SD002,S071,T3,1,78.0,22.407993625949995
20,SD002,S402,T2,1,39.0,26.129154168488203
20,SD002,S403,T2,1,30.0,16.770921449222417
20,SD002,S403,T2,2,24.0,16.770921449222417
20,SD002,S403,T2,3,24.0,16.770921449222417
20,SD002,S403,T2,4,24.0,16.770921449222417
20,SD002,S403,T3,1,90.0,16.770921449222417
20,SD002,S403,T3,2,55.5,16.770921449222417
20,SD002,S403,T3,3,45.75,16.770921449222417
20,SD002,S539,T2,1,105.0,23.860569411192145
20,SD002,S756,T2,1,149.0,17.628105547036988
20,SD002,S756,T2,2,119.2,17.628105547036988
20,SD002,S756,T2,3,46.0,17.628105547036988
20,SD002,S756,T2,4,11.0,17.628105547036988
20,SD002,S756,T3,1,447.0,17.628105547036988
20,SD002,S756,T3,2,162.0,17.628105547036988
20,SD003,JH_H009,T1,1,10.0,0.4313840120055951
20,SD003,JH_H009,T1,2,1.5,0.4313840120055951
20,SD003,JH_H009,T1,3,3.125,0.4313840120055951
20,SD003,JH_H009,T1,4,3.04375,0.4313840120055951
20,SD003,JH_H009,T3,1,30.0,0.4313840120055951
20,SD003,JH_H009,T3,2,25.5,0.4313840120055951
20,SD003,JH_H009,T3,3,23.75,0.4313840120055951
20,SD003,JH_H009,T3,4,23.8375,0.4313840120055951
20,SD003,S572,T2,1,332.0,15.514228917198071
20,SD003,S572,T2,2,138.0,15.514228917198071
20,SD003,S572,T2,3,55.0,15.514228917198071
20,SD003,S572,T2,4,27.0,15.514228917198071
20,SD003,S572,T3,1,524.0,15.514228917198071
20,SD003,S572,T3,2,205.5,15.514228917198071
20,SD003,S572,T3,3,68.25,15.514228917198071
20,SD003,S572,T3,4,22.1625,15.514228917198071
20,SD004,JH_H013,T1,1,32.12711756428106,2.6842115905313224
20,SD004,JH_H013,T1,2,4.819067634642156,2.6842115905313224
20,SD004,JH_H013,T1,3,10.039724238837833,2.6842115905313224
20,SD004,JH_H013,T1,4,9.778691408628049,2.6842115905313224
20,SD004,JH_H014,T1,1,29.669631244226117,0.32354661842920146
20,SD004,JH_H014,T1,2,4.450444686633919,0.32354661842920146
20,SD004,JH_H014,T1,3,9.27175976382066,0.32354661842920146
20,SD004,JH_H014,T1,4,9.030694009961326,0.32354661842920146
20,SD004,JH_H014,T3,1,89.00889373267835,0.32354661842920146
20,SD004,JH_H014,T3,2,75.6575596727766,0.32354661842920146
20,SD004,JH_H014,T3,3,70.46537420503702,0.32354661842920146
20,SD004,JH_H014,T3,4,70.72498347842401,0.32354661842920146
20,SD004,S015,T2,1,83.0,0.4456418776495982
20,SD004,S015,T2,2,66.4,0.4456418776495982
20,SD004,S015,T2,3,66.4,0.4456418776495982
20,SD004,S015,T2,4,66.4,0.4456418776495982
20,SD004,S015,T3,1,249.0,0.4456418776495982
20,SD004,S015,T3,2,153.55,0.4456418776495982
20,SD004,S015,T3,3,153.55,0.4456418776495982
20,SD004,S015,T3,4,153.55,0.4456418776495982
20,SD004,S111,T2,1,808.0,1.2451439966559943
20,SD004,S111,T2,2,646.4,1.2451439966559943
20,SD004,S111,T3,1,2424.0,1.2451439966559943
20,SD004,S111,T3,2,1340.0424403272239,1.2451439966559943
20,SD004,S406,T2,1,123.0,2.0654294745129445
20,SD004,S477,T2,1,228.0,1.4997932513210326
20,SD004,S478,T2,1,216.0,1.5153792585230599
20,SD004,S486,T2,1,503.0,0.4783285874010517
20,SD004,S486,T2,2,152.1999999999999,0.4783285874010517
20,SD004,S486,T2,3,198.80000000000007,0.4783285874010517
20,SD004,S486,T2,4,191.6,0.4783285874010517
20,SD004,S486,T3,1,970.9911062673217,0.4783285874010517
20,SD004,S486,T3,2,13.349999999999909,0.4783285874010517
20,SD004,S486,T3,3,772.734625794963,0.4783285874010517
20,SD004,S486,T3,4,426.725016521576,0.4783285874010517
20,SD004,S525,T2,1,67.0,1.2640603113896036
20,SD004,S525,T2,2,53.6,1.2640603113896036
20,SD004,S525,T3,1,201.0,1.2640603113896036
20,SD004,S583,T2,1,124.0,1.3098200579051456
20,SD004,S583,T2,2,99.2,1.3098200579051456
20,SD004,S583,T3,1,372.0,1.3098200579051456
20,SD004,S584,T2,1,119.0,0.8702269571511124
20,SD004,S584,T2,2,95.2,0.8702269571511124
20,SD004,S584,T2,3,78.19999999999993,0.8702269571511124
20,SD004,S584,T3,1,357.0,0.8702269571511124
20,SD004,S584,T3,2,220.14999999999998,0.8702269571511124
20,SD004,S585,T2,1,173.0,1.0153546860217733
20,SD004,S585,T2,2,138.4,1.0153546860217733
20,SD004,S585,T3,1,519.0,1.0153546860217733
20,SD004,S585,T3,2,320.04999999999995,1.0153546860217733
20,SD004,S586,T2,1,226.0,0.7669305123872737
20,SD004,S586,T2,2,180.8,0.7669305123872737
20,SD004,S586,T2,3,180.8,0.7669305123872737
20,SD004,S586,T3,1,678.0,0.7669305123872737
20,SD004,S586,T3,2,418.09999999999997,0.7669305123872737
20,SD004,S587,T2,1,149.0,1.6268730303347014
20,SD004,S588,T2,1,231.0,1.5655639515228366
20,SD004,S589,T2,1,223.0,1.600192254035535
20,SD004,S596,T2,1,157.0,1.2472733119337553
20,SD004,S596,T2,2,125.6,1.2472733119337553
20,SD004,S596,T3,1,471.0,1.2472733119337553
20,SD004,S602,T2,1,171.0,1.5932312514084654
20,SD004,S603,T2,1,119.0,1.5260024731414439
20,SD004,S604,T2,1,70.0,0.5592533897787788
20,SD004,S604,T2,2,56.0,0.5592533897787788
20,SD004,S604,T2,3,56.0,0.5592533897787788
20,SD004,S604,T2,4,56.0,0.5592533897787788
20,SD004,S604,T3,1,210.0,0.5592533897787788
20,SD004,S604,T3,2,129.5,0.5592533897787788
20,SD004,S604,T3,3,129.5,0.5592533897787788
20,SD004,S605,T2,1,57.0,0.5200265192024999
20,SD004,S605,T2,2,45.6,0.5200265192024999
20,SD004,S605,T2,3,45.6,0.5200265192024999
20,SD004,S605,T2,4,45.6,0.5200265192024999
20,SD004,S605,T3,1,171.0,0.5200265192024999
20,SD004,S605,T3,2,105.44999999999999,0.5200265192024999
20,SD004,S605,T3,3,105.44999999999999,0.5200265192024999
20,SD004,S606,T2,1,65.0,1.1591849302237676
20,SD004,S606,T2,2,52.0,1.1591849302237676
20,SD004,S606,T3,1,195.0,1.1591849302237676
20,SD004,S606,T3,2,120.25,1.1591849302237676
20,SD004,S617,T2,1,345.0,1.4735578079885367
20,SD004,S625,T2,1,129.0,2.077856378373978
20,SD004,S689,T2,1,108.0,1.3845465675483215
20,SD004,S689,T2,2,86.4,1.3845465675483215
20,SD004,S689,T3,1,324.0,1.3845465675483215
20,SD004,S690,T2,1,156.0,0.8052102484718188
20,SD004,S690,T2,2,124.8,0.8052102484718188
20,SD004,S690,T2,3,124.8,0.8052102484718188
20,SD004,S690,T3,1,468.0,0.8052102484718188
20,SD004,S690,T3,2,288.6,0.8052102484718188
20,SD004,S727,T2,1,38.0,0.6932412480150679
20,SD004,S727,T2,2,30.4,0.6932412480150679
20,SD004,S727,T2,3,30.4,0.6932412480150679
20,SD004,S727,T2,4,30.4,0.6932412480150679
20,SD004,S727,T3,1,114.0,0.6932412480150679
20,SD004,S727,T3,2,70.30000000000001,0.6932412480150679
20,SD004,S727,T3,3,70.30000000000001,0.6932412480150679
20,SD005,JH_H011,T1,1,10.0,0.534981795654251
20,SD005,JH_H011,T1,2,1.5,0.534981795654251
20,SD005,JH_H011,T1,3,3.125,0.534981795654251
20,SD005,JH_H011,T1,4,3.04375,0.534981795654251
20,SD005,JH_H011,T3,1,30.0,0.534981795654251
20,SD005,JH_H011,T3,2,25.5,0.534981795654251
20,SD005,JH_H011,T3,3,23.75,0.534981795654251
20,SD005,JH_H011,T3,4,21.0,0.534981795654251
20,SD005,S446,T2,1,151.0,13.576545716571008
20,SD005,S446,T2,2,63.0,13.576545716571008
20,SD005,S446,T2,3,25.0,13.576545716571008
20,SD005,S446,T2,4,12.0,13.576545716571008
20,SD005,S446,T3,1,222.0,13.576545716571008
20,SD005,S446,T3,2,79.5,13.576545716571008
20,SD005,S446,T3,3,18.25,13.576545716571008
20,SD006,JH_H003,T1,1,378.0,2.76486819460775
20,SD006,JH_H003,T1,2,56.70000000000002,2.76486819460775
20,SD006,JH_H003,T1,3,118.12500000000003,2.76486819460775
20,SD006,JH_H003,T1,4,115.05374999999998,2.76486819460775
20,SD006,JH_H015,T1,1,50.0,0.645170244514547
20,SD006,JH_H015,T1,2,7.5,0.645170244514547
20,SD006,JH_H015,T1,3,15.625,0.645170244514547
20,SD006,JH_H015,T1,4,15.21875,0.645170244514547
20,SD006,JH_H015,T3,1,150.0,0.645170244514547
20,SD006,JH_H015,T3,2,127.5,0.645170244514547
20,SD006,JH_H015,T3,3,118.75,0.645170244514547
20,SD006,JH_H015,T3,4,119.1875,0.645170244514547
20,SD006,S124,T2,1,200.0,1.430678099892389
20,SD006,S124,T2,2,160.0,1.430678099892389
20,SD006,S124,T3,1,600.0,1.430678099892389
20,SD006,S125,T2,1,207.0,0.9997048238543476
20,SD006,S125,T2,2,165.6,0.9997048238543476
20,SD006,S125,T2,3,165.6,0.9997048238543476
20,SD006,S125,T2,4,165.6,0.9997048238543476
20,SD006,S125,T3,1,621.0,0.9997048238543476
20,SD006,S125,T3,2,382.95000000000005,0.9997048238543476
20,SD006,S125,T3,3,382.95000000000005,0.9997048238543476
20,SD006,S125,T3,4,126.8125,0.9997048238543476
20,SD006,S126,T2,1,424.0,1.6205438392608271
20,SD006,S126,T2,2,19.00000000000003,1.6205438392608271
20,SD006,S126,T3,1,189.0,1.6205438392608271
20,SD006,S454,T2,1,198.0,1.4331077944721524
20,SD006,S454,T2,2,158.4,1.4331077944721524
20,SD006,S454,T3,1,594.0,1.4331077944721524
20,SD006,S455,T2,1,176.0,1.6287148731300443
20,SD006,S568,T2,1,152.0,2.276287623416751
20,SD006,S569,T2,1,503.0,1.9059148924773086
20,SD006,S681,T2,1,650.0,1.340423242203861
20,SD006,S681,T2,2,520.0,1.340423242203861
20,SD006,S681,T2,3,214.4,1.340423242203861
20,SD006,S681,T2,4,0.4000000000000057,1.340423242203861
20,SD006,S681,T3,1,1950.0,1.340423242203861
20,SD006,S681,T3,2,1163.55,1.340423242203861
20,SD006,S681,T3,3,101.29999999999995,1.340423242203861
20,SD006,S682,T2,1,30.0,0.723270339989806
20,SD006,S682,T2,2,24.0,0.723270339989806
20,SD006,S682,T2,3,24.0,0.723270339989806
20,SD006,S682,T2,4,24.0,0.723270339989806
20,SD006,S682,T3,1,90.0,0.723270339989806
20,SD006,S682,T3,2,55.5,0.723270339989806
20,SD006,S682,T3,3,55.5,0.723270339989806
20,SD006,S682,T3,4,55.5,0.723270339989806
20,SD006,S683,T2,1,30.0,0.7391699983760568
20,SD006,S683,T2,2,24.0,0.7391699983760568
20,SD006,S683,T2,3,24.0,0.7391699983760568
20,SD006,S683,T2,4,24.0,0.7391699983760568
20,SD006,S683,T3,1,90.0,0.7391699983760568
20,SD006,S683,T3,2,55.5,0.7391699983760568
20,SD006,S683,T3,3,55.5,0.7391699983760568
20,SD006,S683,T3,4,55.5,0.7391699983760568
20,SD007,JH_H007,T1,1,74.99995568679515,4.981102350506281
20,SD007,JH_H007,T1,2,11.25002880358312,4.981102350506281
20,SD007,JH_H007,T1,3,23.437498559820824,4.981102350506281
20,SD007,JH_H007,T1,4,22.82812507200896,4.981102350506281
20,SD007,JH_H007,T2,1,4.431320489572954e-05,4.981102350506281
20,SD007,JH_H007,T3,1,225.0,4.981102350506281
20,SD007,JH_H007,T3,2,191.24996898075656,4.981102350506281
20,SD007,JH_H007,T3,3,178.12500155096217,4.981102350506281
20,SD007,JH_H007,T3,4,100.0,4.981102350506281
20,SD007,S395,T2,1,272.0,19.48361845865407
20,SD007,S395,T2,2,217.6,19.48361845865407
20,SD007,S395,T2,3,120.0,19.48361845865407
20,SD007,S395,T2,4,60.0,19.48361845865407
20,SD007,S395,T3,1,816.0,19.48361845865407
20,SD007,S395,T3,2,312.75003101924347,19.48361845865407
20,SD007,S395,T3,3,22.874998449037832,19.48361845865407
20,SD007,S447,T2,1,131.0,29.56357756604441
20,SD007,S447,T2,2,84.4,29.56357756604441
20,SD007,S447,T3,1,168.0,29.56357756604441
20,SD007,S539,T2,1,15.0,32.41914984545585
20,SD007,S564,T2,1,205.9999556867951,35.60543413799625
20,SD007,S565,T2,1,101.0,35.23780307038143
20,SD008,JH_H010,T1,1,15.0,2.2723099352135923
20,SD008,JH_H010,T1,2,2.25,2.2723099352135923
20,SD008,JH_H010,T1,3,4.6875,2.2723099352135923
20,SD008,JH_H010,T1,4,4.565625,2.2723099352135923
20,SD008,JH_H010,T3,1,45.0,2.2723099352135923
20,SD008,JH_H010,T3,2,38.25,2.2723099352135923
20,SD008,JH_H010,T3,3,35.625,2.2723099352135923
20,SD008,JH_H010,T3,4,23.0,2.2723099352135923
20,SD008,S572,T2,1,80.0,18.950429783126417
20,SD008,S572,T2,2,0.20000000000000284,18.950429783126417
20,SD008,S729,T2,1,86.0,9.677941861024411
20,SD008,S729,T2,2,68.8,9.677941861024411
20,SD008,S729,T2,3,27.0,9.677941861024411
20,SD008,S729,T2,4,13.0,9.677941861024411
20,SD008,S729,T3,1,232.0,9.677941861024411
20,SD008,S729,T3,2,76.75,9.677941861024411
20,SD008,S729,T3,3,10.375,9.677941861024411
20,SD009,JH_H002,T1,1,531.8951977610483,8.677094127999364
20,SD009,JH_H002,T1,2,79.78427966415728,8.677094127999364
20,SD009,JH_H002,T1,3,166.21724930032758,8.677094127999364
20,SD009,JH_H002,T1,4,161.89560081851909,8.677094127999364
20,SD009,JH_H012,T1,1,50.46817791272529,1.4576943447875488
20,SD009,JH_H012,T1,2,7.570226686908796,1.4576943447875488
20,SD009,JH_H012,T1,3,15.771305597726649,1.4576943447875488
20,SD009,JH_H012,T1,4,15.361251652185764,1.4576943447875488
20,SD009,JH_H012,T3,1,0.003406217217581518,1.4576943447875488
20,SD009,S074,T2,1,954.0,1.3880390695148377
20,SD009,S074,T3,1,1014.9877000501041,1.3880390695148377
20,SD009,S109,T2,1,177.0,1.9519912849642655
20,SD009,S112,T2,1,244.0,1.132994689053634
20,SD009,S112,T2,2,195.2,1.132994689053634
20,SD009,S112,T3,1,732.0,1.132994689053634
20,SD009,S112,T3,2,451.4000000000001,1.132994689053634
20,SD009,S462,T2,1,348.0,1.2065720748421453
20,SD009,S462,T2,2,278.4,1.2065720748421453
20,SD009,S462,T3,1,1044.0,1.2065720748421453
20,SD009,S469,T2,1,249.0,1.598364302491851
20,SD009,S471,T2,1,469.0,2.0003868347987974
20,SD009,S486,T2,2,250.20000000000007,0.43140466453816145
20,SD009,S486,T2,3,203.5999999999999,0.43140466453816145
20,SD009,S486,T2,4,210.79999999999998,0.43140466453816145
20,SD009,S486,T3,1,538.0088937326783,0.43140466453816145
20,SD009,S486,T3,2,917.2000000000003,0.43140466453816145
20,SD009,S486,T3,3,157.8153742050372,0.43140466453816145
20,SD009,S486,T3,4,408.4,0.43140466453816145
20,SD009,S487,T2,1,301.0,1.0348611048750498
20,SD009,S487,T2,2,240.8,1.0348611048750498
20,SD009,S487,T3,1,903.0,1.0348611048750498
20,SD009,S487,T3,2,556.8499999999999,1.0348611048750498
20,SD009,S488,T2,1,887.0,1.4592468756210197
20,SD009,S510,T2,1,249.0,0.6979083852350719
20,SD009,S510,T2,2,199.2,0.6979083852350719
20,SD009,S510,T2,3,199.2,0.6979083852350719
20,SD009,S510,T3,1,747.0,0.6979083852350719
20,SD009,S510,T3,2,460.6500000000001,0.6979083852350719
20,SD009,S510,T3,3,91.03462579496295,0.6979083852350719
20,SD009,S517,T2,1,441.0,0.6471647314214741
20,SD009,S517,T2,2,352.8,0.6471647314214741
20,SD009,S517,T2,3,352.8,0.6471647314214741
20,SD009,S517,T2,4,113.4,0.6471647314214741
20,SD009,S517,T3,1,1323.0,0.6471647314214741
20,SD009,S517,T3,2,815.8499999999999,0.6471647314214741
20,SD009,S517,T3,3,815.8499999999999,0.6471647314214741
20,SD009,S518,T2,1,119.0,0.8341037274881986
20,SD009,S518,T2,2,95.2,0.8341037274881986
20,SD009,S518,T3,1,357.0,0.8341037274881986
20,SD009,S518,T3,2,220.14999999999998,0.8341037274881986
20,SD009,S521,T2,1,141.0,1.2056576074633503
20,SD009,S521,T2,2,112.8,1.2056576074633503
20,SD009,S521,T3,1,423.0,1.2056576074633503
20,SD009,S526,T2,1,39.0,1.5967739600035626
20,SD009,S529,T2,1,208.0,1.209251376816831
20,SD009,S529,T2,2,166.4,1.209251376816831
20,SD009,S529,T3,1,624.0,1.209251376816831
20,SD009,S593,T2,1,254.0,1.3091700300275313
20,SD009,S593,T2,2,203.2,1.3091700300275313
20,SD009,S593,T3,1,762.0,1.3091700300275313
20,SD009,S595,T2,1,122.0,0.6828915248353953
20,SD009,S595,T2,2,97.6,0.6828915248353953
20,SD009,S595,T2,3,97.6,0.6828915248353953
20,SD009,S595,T3,1,366.0,0.6828915248353953
20,SD009,S595,T3,2,225.70000000000005,0.6828915248353953
20,SD009,S595,T3,3,225.70000000000005,0.6828915248353953
20,SD009,S597,T2,1,156.0,0.8827713039146582
20,SD009,S597,T2,2,124.8,0.8827713039146582
20,SD009,S597,T3,1,468.0,0.8827713039146582
20,SD009,S597,T3,2,288.6,0.8827713039146582
20,SD009,S617,T2,1,401.0,1.397501868913553
20,SD009,S618,T2,1,70.0,1.382503583118036
20,SD009,S618,T2,2,43.00000000000014,1.382503583118036
20,SD009,S618,T3,1,210.0,1.382503583118036
20,SD009,S677,T2,1,102.0,1.2170290953506455
20,SD009,S677,T2,2,81.6,1.2170290953506455
20,SD009,S677,T3,1,306.0,1.2170290953506455
20,SD009,S684,T2,1,164.0,1.389608157583629
20,SD009,S685,T2,1,129.0,0.42193562792349804
20,SD009,S685,T2,2,103.2,0.42193562792349804
20,SD009,S685,T2,3,103.2,0.42193562792349804
20,SD009,S685,T2,4,103.2,0.42193562792349804
20,SD009,S685,T3,1,387.0,0.42193562792349804
20,SD009,S685,T3,2,238.64999999999998,0.42193562792349804
20,SD009,S685,T3,3,238.64999999999998,0.42193562792349804
20,SD009,S685,T3,4,238.64999999999998,0.42193562792349804
20,SD009,S686,T2,1,127.0,0.20364027207591445
20,SD009,S686,T2,2,101.6,0.20364027207591445
20,SD009,S686,T2,3,101.6,0.20364027207591445
20,SD009,S686,T2,4,101.6,0.20364027207591445
20,SD009,S686,T3,1,381.0,0.20364027207591445
20,SD009,S686,T3,2,234.95000000000005,0.20364027207591445
20,SD009,S686,T3,3,234.95000000000005,0.20364027207591445
20,SD009,S686,T3,4,234.95000000000005,0.20364027207591445
20,SD010,S002,T2,1,174.0,20.393405996838467
20,SD010,S033,T2,1,151.0,24.523763643503756
20,SD010,S576,T2,1,649.0,1.5750823381651595
20,SD010,S576,T2,2,472.0,1.5750823381651595
20,SD010,S576,T2,3,189.0,1.5750823381651595
20,SD010,S576,T2,4,94.0,1.5750823381651595
20,SD010,S576,T3,1,1890.0,1.5750823381651595
20,SD010,S576,T3,2,787.0,1.5750823381651595
20,SD010,S576,T3,3,315.0,1.5750823381651595
20,SD010,S576,T3,4,157.0,1.5750823381651595
20,SD010,S692,T2,1,160.0,15.830422081506425
20,SD011,JH_H006,T1,1,110.0,1.7150550139812313
20,SD011,JH_H006,T1,2,16.5,1.7150550139812313
20,SD011,JH_H006,T1,3,34.375,1.7150550139812313
20,SD011,JH_H006,T1,4,33.48125000000001,1.7150550139812313
20,SD011,JH_H006,T3,1,330.0,1.7150550139812313
20,SD011,JH_H006,T3,2,280.5,1.7150550139812313
20,SD011,JH_H006,T3,3,215.65,1.7150550139812313
20,SD011,JH_H006,T3,4,78.65,1.7150550139812313
20,SD011,S086,T2,1,31.0,1.5041363893893474
20,SD011,S086,T2,2,24.8,1.5041363893893474
20,SD011,S086,T2,3,24.8,1.5041363893893474
20,SD011,S086,T2,4,24.8,1.5041363893893474
20,SD011,S086,T3,1,93.0,1.5041363893893474
20,SD011,S086,T3,2,57.349999999999994,1.5041363893893474
20,SD011,S086,T3,3,57.349999999999994,1.5041363893893474
20,SD011,S086,T3,4,57.349999999999994,1.5041363893893474
20,SD011,S802,T2,1,951.0,4.008752756105587
20,SD011,S802,T2,2,384.2,4.008752756105587
20,SD011,S802,T2,3,138.2,4.008752756105587
20,SD011,S802,T2,4,56.2,4.008752756105587
20,SD011,S802,T3,1,1215.0,4.008752756105587
20,SD011,S802,T3,2,344.15,4.008752756105587
