scenario_id,facility_id,staff_type,period,extra_staff
1,JH_H002,doctor,1,11.061343813168918
1,JH_H003,doctor,1,19.5
1,JH_H004,doctor,1,7.5
1,JH_H006,doctor,1,5.5
1,JH_H007,doctor,1,3.75
1,JH_H008,doctor,1,1.4999999999999982
1,JH_H009,doctor,1,0.5
1,JH_H010,doctor,1,0.75
1,JH_H011,doctor,1,0.5
1,JH_H012,doctor,1,0.34938072778526674
1,JH_H015,doctor,1,2.5
1,S002,doctor,1,43.5
1,S008,doctor,1,22.75
1,S008,doctor,2,18.2
1,S015,doctor,1,20.75
1,S015,doctor,2,16.6
1,S015,doctor,3,16.6
1,S015,doctor,4,16.6
1,S033,doctor,1,43.5
1,S034,doctor,1,26.0
1,S068,doctor,1,7.5
1,S071,doctor,1,25.0
1,S071,doctor,2,13.2
1,S074,doctor,1,238.5
1,S074,doctor,2,125.75000000000014
1,S078,doctor,1,22.5
1,S078,doctor,2,18.0
1,S079,doctor,1,7.5
1,S079,doctor,2,6.0
1,S080,doctor,1,7.5
1,S080,doctor,2,6.0
1,S080,doctor,3,3.700000000000003
1,S081,doctor,1,7.5
1,S081,doctor,2,6.0
1,S082,doctor,1,23.75
1,S082,doctor,2,19.0
1,S082,doctor,3,19.0
1,S082,doctor,4,19.0
1,S083,doctor,1,11.75
1,S083,doctor,2,9.4
1,S086,doctor,1,7.75
1,S086,doctor,2,6.2
1,S086,doctor,3,6.2
1,S086,doctor,4,6.2
1,S109,doctor,1,44.25
1,S111,doctor,1,202.0
1,S111,doctor,2,161.6
1,S112,doctor,1,61.0
1,S112,doctor,2,48.8
1,S124,doctor,1,50.0
1,S124,doctor,2,40.0
1,S125,doctor,1,51.75
1,S125,doctor,2,41.4
1,S125,doctor,3,41.4
1,S125,doctor,4,41.4
1,S126,doctor,1,106.0
1,S126,doctor,2,34.75
1,S395,doctor,1,68.0
1,S395,doctor,2,54.4
1,S395,doctor,3,33.5
1,S395,doctor,4,16.75
1,S402,doctor,1,9.75
1,S403,doctor,1,7.5
1,S403,doctor,2,6.0
1,S403,doctor,3,6.0
1,S403,doctor,4,6.0
1,S406,doctor,1,30.75
1,S446,doctor,1,39.75
1,S446,doctor,2,17.25
1,S446,doctor,3,6.75
1,S446,doctor,4,3.25
1,S447,doctor,1,32.75
1,S447,doctor,2,26.2
1,S454,doctor,1,49.5
1,S454,doctor,2,39.6
1,S455,doctor,1,44.0
1,S462,doctor,1,87.0
1,S462,doctor,2,69.6
1,S469,doctor,1,62.25
1,S471,doctor,1,117.25
1,S472,doctor,1,23.0
1,S474,doctor,1,32.5
1,S477,doctor,1,57.0
1,S478,doctor,1,54.0
1,S486,doctor,1,125.75
1,S486,doctor,2,100.6
1,S486,doctor,3,100.6
1,S486,doctor,4,100.6
1,S487,doctor,1,75.25
1,S487,doctor,2,60.2
1,S488,doctor,1,221.75
1,S494,doctor,1,4.25
1,S510,doctor,1,62.25
1,S510,doctor,2,49.8
1,S510,doctor,3,49.8
1,S517,doctor,1,110.25
1,S517,doctor,2,88.2
1,S517,doctor,3,88.2
1,S517,doctor,4,54.1
1,S518,doctor,1,29.75
1,S518,doctor,2,23.8
1,S518,doctor,3,23.8
1,S521,doctor,1,35.25
1,S521,doctor,2,28.2
1,S525,doctor,1,16.75
1,S525,doctor,2,13.4
1,S526,doctor,1,9.75
1,S529,doctor,1,52.0
1,S529,doctor,2,41.6
1,S539,doctor,1,30.0
1,S539,doctor,2,3.3999999999999986
1,S541,doctor,1,57.25
1,S541,doctor,2,45.8
1,S541,doctor,3,45.8
1,S541,doctor,4,15.25
1,S550,doctor,1,7.5
1,S564,doctor,1,75.75
1,S565,doctor,1,25.25
1,S568,doctor,1,84.75
1,S569,doctor,1,125.75
1,S572,doctor,1,116.75
1,S572,doctor,2,40.55
1,S572,doctor,3,15.25
1,S572,doctor,4,7.5
1,S576,doctor,1,162.25
1,S576,doctor,2,129.8
1,S576,doctor,3,52.5
1,S576,doctor,4,26.25
1,S583,doctor,1,31.0
1,S583,doctor,2,24.8
1,S584,doctor,1,29.75
1,S584,doctor,2,23.8
1,S584,doctor,3,23.8
1,S585,doctor,1,43.25
1,S585,doctor,2,34.6
1,S586,doctor,1,56.5
1,S586,doctor,2,45.2
1,S586,doctor,3,45.2
1,S587,doctor,1,37.25
1,S588,doctor,1,57.75
1,S589,doctor,1,55.75
1,S593,doctor,1,63.5
1,S593,doctor,2,50.8
1,S595,doctor,1,30.5
1,S595,doctor,2,24.4
1,S595,doctor,3,24.4
1,S596,doctor,1,39.25
1,S596,doctor,2,31.4
1,S597,doctor,1,39.0
1,S597,doctor,2,31.2
1,S597,doctor,3,23.450000000000017
1,S602,doctor,1,42.75
1,S603,doctor,1,29.75
1,S604,doctor,1,17.5
1,S604,doctor,2,14.0
1,S604,doctor,3,14.0
1,S604,doctor,4,14.0
1,S605,doctor,1,14.25
1,S605,doctor,2,11.4
1,S605,doctor,3,11.4
1,S605,doctor,4,11.4
1,S606,doctor,1,16.25
1,S606,doctor,2,13.0
1,S617,doctor,1,186.5
1,S618,doctor,1,17.5
1,S618,doctor,2,14.0
1,S625,doctor,1,83.0
1,S626,doctor,1,40.25
1,S652,doctor,1,43.0
1,S674,doctor,1,0.74998750240451
1,S675,doctor,1,27.75
1,S677,doctor,1,25.5
1,S677,doctor,2,20.4
1,S680,doctor,1,25.5
1,S681,doctor,1,162.5
1,S681,doctor,2,130.0
1,S681,doctor,3,65.6
1,S681,doctor,4,6.100000000000001
1,S682,doctor,1,7.5
1,S682,doctor,2,6.0
1,S682,doctor,3,6.0
1,S682,doctor,4,6.0
1,S683,doctor,1,7.5
1,S683,doctor,2,6.0
1,S683,doctor,3,6.0
1,S683,doctor,4,6.0
1,S684,doctor,1,41.0
1,S685,doctor,1,32.25
1,S685,doctor,2,25.8
1,S685,doctor,3,25.8
1,S685,doctor,4,25.8
1,S686,doctor,1,31.75
1,S686,doctor,2,25.4
1,S686,doctor,3,25.4
1,S686,doctor,4,25.4
1,S687,doctor,1,36.75
1,S688,doctor,1,51.5
1,S689,doctor,1,27.0
1,S689,doctor,2,21.6
1,S690,doctor,1,39.0
1,S690,doctor,2,31.2
1,S690,doctor,3,31.2
1,S692,doctor,1,40.0
1,S692,doctor,2,1.4499999999999886
1,S715,doctor,1,12.25
1,S721,doctor,1,59.0
1,S721,doctor,2,43.099999999999994
1,S722,doctor,1,26.75
1,S727,doctor,1,9.5
1,S727,doctor,2,7.6
1,S727,doctor,3,7.6
1,S727,doctor,4,7.6
1,S729,doctor,1,21.5
1,S729,doctor,2,17.2
1,S729,doctor,3,7.5
1,S729,doctor,4,3.75
1,S756,doctor,1,37.25
1,S756,doctor,2,29.8
1,S756,doctor,3,13.5
1,S756,doctor,4,3.75
1,S757,doctor,1,146.0
1,S791,doctor,1,2.25
1,S802,doctor,1,265.5
1,S802,doctor,2,107.55
1,S802,doctor,3,39.3
1,S802,doctor,4,16.3
1,JH_H007,nurse,1,0.5
1,JH_H010,nurse,1,0.5
1,S002,nurse,1,21.75
1,S008,nurse,1,45.5
1,S008,nurse,2,30.143750000000004
1,S015,nurse,1,41.5
1,S015,nurse,2,27.493750000000002
1,S015,nurse,3,27.493750000000002
1,S015,nurse,4,27.493750000000002
1,S033,nurse,1,21.75
1,S034,nurse,1,13.0
1,S068,nurse,1,15.0
1,S071,nurse,1,32.25
1,S071,nurse,2,6.6
1,S074,nurse,1,461.8745052776523
1,S074,nurse,2,62.87500000000007
1,S078,nurse,1,45.0
1,S078,nurse,2,29.8125
1,S079,nurse,1,15.0
1,S079,nurse,2,9.9375
1,S080,nurse,1,15.0
1,S080,nurse,2,9.9375
1,S080,nurse,3,1.8500000000000014
1,S081,nurse,1,15.0
1,S081,nurse,2,9.9375
1,S082,nurse,1,47.5
1,S082,nurse,2,31.46875
1,S082,nurse,3,31.46875
1,S082,nurse,4,31.46875
1,S083,nurse,1,23.5
1,S083,nurse,2,10.106249999999985
1,S086,nurse,1,15.5
1,S086,nurse,2,10.268749999999999
1,S086,nurse,3,10.268749999999999
1,S086,nurse,4,10.268749999999999
1,S109,nurse,1,22.125
1,S111,nurse,1,404.0
1,S111,nurse,2,267.65000000000003
1,S112,nurse,1,122.0
1,S112,nurse,2,80.82500000000002
1,S124,nurse,1,100.0
1,S124,nurse,2,40.131249999999994
1,S125,nurse,1,103.5
1,S125,nurse,2,68.56875000000001
1,S125,nurse,3,68.56875000000001
1,S125,nurse,4,41.5515625
1,S126,nurse,1,136.75
1,S126,nurse,2,17.375
1,S395,nurse,1,136.0
1,S395,nurse,2,73.29375
1,S395,nurse,3,22.484375
1,S395,nurse,4,8.375
1,S402,nurse,1,4.875
1,S403,nurse,1,15.0
1,S403,nurse,2,9.9375
1,S403,nurse,3,9.9375
1,S403,nurse,4,3.0
1,S406,nurse,1,15.375
1,S446,nurse,1,51.125
1,S446,nurse,2,19.9375
1,S446,nurse,3,6.15625
1,S446,nurse,4,1.625
1,S447,nurse,1,54.375
1,S447,nurse,2,13.1
1,S454,nurse,1,99.0
1,S454,nurse,2,19.8
1,S455,nurse,1,22.0
1,S462,nurse,1,174.0
1,S462,nurse,2,62.52500000000002
1,S469,nurse,1,31.125
1,S471,nurse,1,58.625
1,S472,nurse,1,11.5
1,S474,nurse,1,16.25
1,S477,nurse,1,28.5
1,S478,nurse,1,27.0
1,S486,nurse,1,251.5
1,S486,nurse,2,166.61875000000003
1,S486,nurse,3,166.61875000000003
1,S486,nurse,4,166.61875
1,S487,nurse,1,150.5
1,S487,nurse,2,99.70624999999998
1,S488,nurse,1,110.875
1,S494,nurse,1,2.125
1,S510,nurse,1,124.5
1,S510,nurse,2,82.48125000000002
1,S510,nurse,3,79.62380748000035
1,S517,nurse,1,220.5
1,S517,nurse,2,146.08124999999998
1,S517,nurse,3,146.08124999999998
1,S517,nurse,4,27.05
1,S518,nurse,1,59.5
1,S518,nurse,2,39.418749999999996
1,S518,nurse,3,11.9
1,S521,nurse,1,70.5
1,S521,nurse,2,46.706250000000004
1,S525,nurse,1,33.5
1,S525,nurse,2,6.7
1,S526,nurse,1,4.875
1,S529,nurse,1,104.0
1,S529,nurse,2,20.8
1,S539,nurse,1,15.0
1,S539,nurse,2,1.6999999999999993
1,S541,nurse,1,114.5
1,S541,nurse,2,75.85625000000002
1,S541,nurse,3,58.05625
1,S541,nurse,4,14.15625
1,S550,nurse,1,3.75
1,S564,nurse,1,37.875
1,S565,nurse,1,12.625
1,S568,nurse,1,42.375
1,S569,nurse,1,62.875
1,S572,nurse,1,132.25
1,S572,nurse,2,49.2125
1,S572,nurse,3,17.40625
1,S572,nurse,4,7.1453125
1,S576,nurse,1,324.5
1,S576,nurse,2,174.4
1,S576,nurse,3,70.0
1,S576,nurse,4,35.0
1,S583,nurse,1,62.0
1,S583,nurse,2,12.4
1,S584,nurse,1,59.5
1,S584,nurse,2,39.418749999999996
1,S584,nurse,3,11.9
1,S585,nurse,1,86.5
1,S585,nurse,2,57.30624999999999
1,S586,nurse,1,113.0
1,S586,nurse,2,74.8625
1,S586,nurse,3,22.6
1,S587,nurse,1,18.625
1,S588,nurse,1,28.875
1,S589,nurse,1,27.875
1,S593,nurse,1,127.0
1,S593,nurse,2,25.4
1,S595,nurse,1,61.0
1,S595,nurse,2,40.41250000000001
1,S595,nurse,3,40.41250000000001
1,S596,nurse,1,78.5
1,S596,nurse,2,44.14391697852666
1,S597,nurse,1,78.0
1,S597,nurse,2,51.675000000000004
1,S597,nurse,3,11.725000000000009
1,S602,nurse,1,21.375
1,S603,nurse,1,14.875
1,S604,nurse,1,35.0
1,S604,nurse,2,23.1875
1,S604,nurse,3,23.1875
1,S604,nurse,4,7.0
1,S605,nurse,1,28.5
1,S605,nurse,2,18.881249999999998
1,S605,nurse,3,18.881249999999998
1,S605,nurse,4,15.61762545492665
1,S606,nurse,1,32.5
1,S606,nurse,2,21.53125
1,S617,nurse,1,136.05901997473728
1,S618,nurse,1,35.0
1,S618,nurse,2,7.0
1,S625,nurse,1,41.5
1,S626,nurse,1,20.125
1,S652,nurse,1,21.5
1,S674,nurse,1,0.374993751202255
1,S675,nurse,1,13.875
1,S677,nurse,1,51.0
1,S677,nurse,2,10.2
1,S680,nurse,1,12.75
1,S681,nurse,1,325.0
1,S681,nurse,2,215.3125
1,S681,nurse,3,55.46249999999999
1,S681,nurse,4,3.0500000000000007
1,S682,nurse,1,15.0
1,S682,nurse,2,9.9375
1,S682,nurse,3,9.9375
1,S682,nurse,4,9.9375
1,S683,nurse,1,15.0
1,S683,nurse,2,9.9375
1,S683,nurse,3,9.9375
1,S683,nurse,4,9.9375
1,S684,nurse,1,20.5
1,S685,nurse,1,64.5
1,S685,nurse,2,42.731249999999996
1,S685,nurse,3,42.731249999999996
1,S685,nurse,4,42.731249999999996
1,S686,nurse,1,63.5
1,S686,nurse,2,42.06875000000001
1,S686,nurse,3,42.06875000000001
1,S686,nurse,4,42.06875000000001
1,S687,nurse,1,18.375
1,S688,nurse,1,25.75
1,S689,nurse,1,54.0
1,S689,nurse,2,10.8
1,S690,nurse,1,78.0
1,S690,nurse,2,51.675000000000004
1,S690,nurse,3,15.6
1,S692,nurse,1,39.375
1,S692,nurse,2,0.7249999999999943
1,S715,nurse,1,6.125
1,S721,nurse,1,118.0
1,S721,nurse,2,21.549999999999997
1,S722,nurse,1,13.375
1,S727,nurse,1,19.0
1,S727,nurse,2,12.587500000000002
1,S727,nurse,3,12.587500000000002
1,S727,nurse,4,3.8
1,S729,nurse,1,43.0
1,S729,nurse,2,19.81875
1,S729,nurse,3,5.671875
1,S729,nurse,4,1.875
1,S756,nurse,1,74.5
1,S756,nurse,2,39.27500437415842
1,S756,nurse,3,7.156249781292079
1,S756,nurse,4,1.875
1,S757,nurse,1,73.0
1,S791,nurse,1,1.125
1,S802,nurse,1,307.625
1,S802,nurse,2,106.41874999999999
1,S802,nurse,3,19.65
1,S802,nurse,4,8.15
2,JH_H002,doctor,1,17.351303801582503
2,JH_H003,doctor,1,19.5
2,JH_H004,doctor,1,7.5
2,JH_H006,doctor,1,5.5
2,JH_H007,doctor,1,3.75
2,JH_H008,doctor,1,1.5
2,JH_H009,doctor,1,0.5
2,JH_H010,doctor,1,0.75
2,JH_H011,doctor,1,0.5
2,JH_H012,doctor,1,1.2297118876244557
2,JH_H013,doctor,1,0.5378167932141569
2,JH_H014,doctor,1,0.08140260724998605
2,JH_H015,doctor,1,2.5
2,S002,doctor,1,8.25
2,S008,doctor,1,22.75
2,S008,doctor,2,13.700000000000003
2,S015,doctor,1,20.75
2,S015,doctor,2,16.6
2,S015,doctor,3,16.6
2,S015,doctor,4,16.6
2,S068,doctor,1,7.5
2,S071,doctor,1,25.0
2,S074,doctor,1,238.5
2,S078,doctor,1,22.5
2,S078,doctor,2,18.0
2,S079,doctor,1,7.5
2,S079,doctor,2,6.0
2,S080,doctor,1,7.5
2,S080,doctor,2,6.0
2,S081,doctor,1,7.5
2,S081,doctor,2,6.0
2,S082,doctor,1,23.75
2,S082,doctor,2,19.0
2,S082,doctor,3,19.0
2,S082,doctor,4,19.0
2,S083,doctor,1,11.75
2,S086,doctor,1,7.75
2,S086,doctor,2,6.2
2,S086,doctor,3,6.2
2,S086,doctor,4,6.2
2,S111,doctor,1,202.0
2,S111,doctor,2,161.6
2,S112,doctor,1,61.0
2,S112,doctor,2,48.8
2,S124,doctor,1,50.0
2,S124,doctor,2,15.350000000000001
2,S125,doctor,1,51.75
2,S125,doctor,2,41.4
2,S125,doctor,3,41.4
2,S125,doctor,4,27.75
2,S126,doctor,1,106.0
2,S395,doctor,1,68.0
2,S395,doctor,2,54.4
2,S395,doctor,3,22.25
2,S395,doctor,4,11.0
2,S402,doctor,1,8.75
2,S403,doctor,1,7.5
2,S403,doctor,2,6.0
2,S403,doctor,3,6.0
2,S403,doctor,4,6.0
2,S446,doctor,1,28.0
2,S446,doctor,2,11.5
2,S446,doctor,3,4.5
2,S446,doctor,4,2.25
2,S447,doctor,1,32.75
2,S447,doctor,2,1.5999925020259766
2,S454,doctor,1,49.5
2,S455,doctor,1,42.75
2,S462,doctor,1,87.0
2,S477,doctor,1,57.0
2,S478,doctor,1,54.0
2,S486,doctor,1,125.75
2,S486,doctor,2,100.6
2,S486,doctor,3,100.6
2,S486,doctor,4,100.6
2,S487,doctor,1,75.25
2,S487,doctor,2,60.2
2,S488,doctor,1,2.5
2,S510,doctor,1,62.25
2,S510,doctor,2,49.8
2,S510,doctor,3,27.499999999999986
2,S517,doctor,1,110.25
2,S517,doctor,2,88.2
2,S517,doctor,3,88.2
2,S518,doctor,1,29.75
2,S518,doctor,2,23.8
2,S521,doctor,1,35.25
2,S521,doctor,2,13.300000000000054
2,S525,doctor,1,16.75
2,S529,doctor,1,52.0
2,S539,doctor,1,30.0
2,S541,doctor,1,57.25
2,S541,doctor,2,45.8
2,S541,doctor,3,26.75
2,S541,doctor,4,3.75
2,S565,doctor,1,4.0
2,S572,doctor,1,70.75
2,S572,doctor,2,25.5
2,S572,doctor,3,10.25
2,S572,doctor,4,5.0
2,S576,doctor,1,162.25
2,S576,doctor,2,87.75
2,S576,doctor,3,35.0
2,S576,doctor,4,17.5
2,S583,doctor,1,31.0
2,S584,doctor,1,29.75
2,S584,doctor,2,23.8
2,S585,doctor,1,43.25
2,S585,doctor,2,34.6
2,S586,doctor,1,56.5
2,S586,doctor,2,45.2
2,S593,doctor,1,63.5
2,S595,doctor,1,30.5
2,S595,doctor,2,24.4
2,S595,doctor,3,24.4
2,S596,doctor,1,39.25
2,S596,doctor,2,3.7500000000000213
2,S597,doctor,1,39.0
2,S597,doctor,2,31.2
2,S603,doctor,1,29.75
2,S604,doctor,1,17.5
2,S604,doctor,2,14.0
2,S604,doctor,3,14.0
2,S605,doctor,1,14.25
2,S605,doctor,2,11.4
2,S605,doctor,3,11.4
2,S605,doctor,4,2.3500000000000014
2,S606,doctor,1,16.25
2,S606,doctor,2,13.0
2,S617,doctor,1,186.5
2,S618,doctor,1,17.5
2,S677,doctor,1,25.5
2,S681,doctor,1,162.5
2,S681,doctor,2,130.0
2,S681,doctor,3,26.1
2,S682,doctor,1,7.5
2,S682,doctor,2,6.0
2,S682,doctor,3,6.0
2,S682,doctor,4,6.0
2,S683,doctor,1,7.5
2,S683,doctor,2,6.0
2,S683,doctor,3,6.0
2,S683,doctor,4,6.0
2,S684,doctor,1,41.0
2,S685,doctor,1,32.25
2,S685,doctor,2,25.8
2,S685,doctor,3,25.8
2,S685,doctor,4,25.8
2,S686,doctor,1,31.75
2,S686,doctor,2,25.4
2,S686,doctor,3,25.4
2,S686,doctor,4,25.4
2,S689,doctor,1,27.0
2,S690,doctor,1,39.0
2,S690,doctor,2,31.2
2,S692,doctor,1,40.0
2,S715,doctor,1,12.25
2,S721,doctor,1,59.0
2,S727,doctor,1,9.5
2,S727,doctor,2,7.6
2,S727,doctor,3,7.6
2,S729,doctor,1,21.5
2,S729,doctor,2,12.75
2,S729,doctor,3,5.0
2,S729,doctor,4,2.5
2,S756,doctor,1,37.25
2,S756,doctor,2,26.75
2,S756,doctor,3,7.0
2,S756,doctor,4,0.5
2,S757,doctor,1,36.0
2,S802,doctor,1,174.75
2,S802,doctor,2,69.8
2,S802,doctor,3,24.05
2,S802,doctor,4,8.8
2,JH_H007,nurse,1,0.5
2,JH_H010,nurse,1,0.5
2,S002,nurse,1,4.125
2,S008,nurse,1,45.5
2,S008,nurse,2,6.850000000000001
2,S015,nurse,1,41.5
2,S015,nurse,2,27.493750000000002
2,S015,nurse,3,27.493750000000002
2,S015,nurse,4,27.493750000000002
2,S068,nurse,1,3.75
2,S071,nurse,1,12.5
2,S074,nurse,1,119.25
2,S078,nurse,1,45.0
2,S078,nurse,2,15.699999999999989
2,S079,nurse,1,15.0
2,S079,nurse,2,9.9375
2,S080,nurse,1,15.0
2,S080,nurse,2,9.9375
2,S081,nurse,1,15.0
2,S081,nurse,2,3.0
2,S082,nurse,1,47.5
2,S082,nurse,2,31.46875
2,S082,nurse,3,31.46875
2,S082,nurse,4,28.5
2,S083,nurse,1,12.125
2,S086,nurse,1,15.5
2,S086,nurse,2,10.268749999999999
2,S086,nurse,3,10.268749999999999
2,S086,nurse,4,10.26865442199258
2,S111,nurse,1,404.0
2,S111,nurse,2,80.8
2,S112,nurse,1,122.0
2,S112,nurse,2,24.4
2,S124,nurse,1,60.25
2,S124,nurse,2,7.675000000000001
2,S125,nurse,1,103.5
2,S125,nurse,2,68.56875000000001
2,S125,nurse,3,58.23125
2,S125,nurse,4,18.2265625
2,S126,nurse,1,53.0
2,S395,nurse,1,118.25
2,S395,nurse,2,50.04375
2,S395,nurse,3,11.125
2,S395,nurse,4,5.5
2,S402,nurse,1,4.375
2,S403,nurse,1,15.0
2,S403,nurse,2,9.9375
2,S403,nurse,3,4.96875
2,S403,nurse,4,3.0
2,S446,nurse,1,33.625
2,S446,nurse,2,12.3125
2,S446,nurse,3,3.15625
2,S446,nurse,4,1.125
2,S447,nurse,1,16.375
2,S447,nurse,2,0.7999962510129883
2,S454,nurse,1,24.75
2,S455,nurse,1,21.375
2,S462,nurse,1,77.125
2,S477,nurse,1,28.5
2,S478,nurse,1,27.0
2,S486,nurse,1,251.5
2,S486,nurse,2,166.61875000000003
2,S486,nurse,3,166.61875000000003
2,S486,nurse,4,104.52422826748392
2,S487,nurse,1,150.5
2,S487,nurse,2,91.69621167575627
2,S488,nurse,1,1.25
2,S510,nurse,1,124.5
2,S510,nurse,2,82.48125000000002
2,S510,nurse,3,13.749999999999993
2,S517,nurse,1,220.5
2,S517,nurse,2,146.08124999999998
2,S517,nurse,3,86.25958440389061
2,S518,nurse,1,59.5
2,S518,nurse,2,39.418749999999996
2,S521,nurse,1,70.5
2,S521,nurse,2,6.650000000000027
2,S525,nurse,1,8.375
2,S529,nurse,1,26.0
2,S539,nurse,1,15.0
2,S541,nurse,1,114.5
2,S541,nurse,2,75.85625000000002
2,S541,nurse,3,29.53125
2,S541,nurse,4,1.875
2,S565,nurse,1,2.0
2,S572,nurse,1,83.0
2,S572,nurse,2,30.9375
2,S572,nurse,3,10.65625
2,S572,nurse,4,3.7703125
2,S576,nurse,1,256.625
2,S576,nurse,2,117.0
2,S576,nurse,3,46.75
2,S576,nurse,4,23.375
2,S583,nurse,1,15.5
2,S584,nurse,1,59.5
2,S584,nurse,2,39.418749999999996
2,S585,nurse,1,86.5
2,S585,nurse,2,57.30624999999999
2,S586,nurse,1,113.0
2,S586,nurse,2,74.8625
2,S593,nurse,1,31.75
2,S595,nurse,1,61.0
2,S595,nurse,2,40.41250000000001
2,S595,nurse,3,12.2
2,S596,nurse,1,60.002896089125024
2,S596,nurse,2,1.8750000000000107
2,S597,nurse,1,78.0
2,S597,nurse,2,51.675000000000004
2,S603,nurse,1,14.875
2,S604,nurse,1,35.0
2,S604,nurse,2,23.1875
2,S604,nurse,3,23.1875
2,S605,nurse,1,28.5
2,S605,nurse,2,18.881249999999998
2,S605,nurse,3,18.881249999999998
2,S605,nurse,4,1.1750000000000007
2,S606,nurse,1,32.5
2,S606,nurse,2,6.5
2,S617,nurse,1,93.25
2,S618,nurse,1,8.75
2,S677,nurse,1,12.75
2,S681,nurse,1,325.0
2,S681,nurse,2,153.06875
2,S681,nurse,3,13.05
2,S682,nurse,1,15.0
2,S682,nurse,2,9.9375
2,S682,nurse,3,9.9375
2,S682,nurse,4,9.9375
2,S683,nurse,1,15.0
2,S683,nurse,2,9.9375
2,S683,nurse,3,9.9375
2,S683,nurse,4,9.9375
2,S684,nurse,1,20.5
2,S685,nurse,1,64.5
2,S685,nurse,2,42.731249999999996
2,S685,nurse,3,42.731249999999996
2,S685,nurse,4,42.731249999999996
2,S686,nurse,1,63.5
2,S686,nurse,2,42.06875000000001
2,S686,nurse,3,42.06875000000001
2,S686,nurse,4,42.06875000000001
2,S689,nurse,1,13.5
2,S690,nurse,1,78.0
2,S690,nurse,2,51.675000000000004
2,S692,nurse,1,20.0
2,S715,nurse,1,6.125
2,S721,nurse,1,29.5
2,S727,nurse,1,19.0
2,S727,nurse,2,12.587500000000002
2,S727,nurse,3,12.587500000000002
2,S729,nurse,1,30.875
2,S729,nurse,2,12.21875
2,S729,nurse,3,2.5
2,S729,nurse,4,1.25
2,S756,nurse,1,61.625
2,S756,nurse,2,24.125
2,S756,nurse,3,3.5
2,S756,nurse,4,0.25
2,S757,nurse,1,18.0
2,S802,nurse,1,186.625
2,S802,nurse,2,56.043749999999996
2,S802,nurse,3,12.025
2,S802,nurse,4,4.4
3,JH_H002,doctor,1,8.351152110896948
3,JH_H003,doctor,1,19.5
3,JH_H004,doctor,1,7.5
3,JH_H006,doctor,1,5.5
3,JH_H007,doctor,1,3.75
3,JH_H008,doctor,1,1.5000000000000036
3,JH_H009,doctor,1,0.5
3,JH_H010,doctor,1,0.75
3,JH_H011,doctor,1,0.5
3,JH_H015,doctor,1,2.5
3,S002,doctor,1,43.5
3,S005,doctor,1,3.0
3,S008,doctor,1,22.75
3,S008,doctor,2,18.2
3,S015,doctor,1,20.75
3,S015,doctor,2,16.6
3,S015,doctor,3,16.6
3,S015,doctor,4,16.6
3,S033,doctor,1,43.5
3,S034,doctor,1,43.5
3,S035,doctor,1,27.5
3,S068,doctor,1,7.5
3,S068,doctor,2,6.0
3,S071,doctor,1,25.0
3,S071,doctor,2,20.0
3,S074,doctor,1,238.5
3,S074,doctor,2,190.8
3,S078,doctor,1,22.5
3,S078,doctor,2,18.0
3,S078,doctor,3,1.4500000000000028
3,S079,doctor,1,7.5
3,S079,doctor,2,6.0
3,S079,doctor,3,6.0
3,S080,doctor,1,7.5
3,S080,doctor,2,6.0
3,S080,doctor,3,6.0
3,S081,doctor,1,7.5
3,S081,doctor,2,6.0
3,S082,doctor,1,23.75
3,S082,doctor,2,19.0
3,S082,doctor,3,19.0
3,S082,doctor,4,19.0
3,S083,doctor,1,11.75
3,S083,doctor,2,9.4
3,S086,doctor,1,7.75
3,S086,doctor,2,6.2
3,S086,doctor,3,6.2
3,S086,doctor,4,6.2
3,S109,doctor,1,44.25
3,S111,doctor,1,202.0
3,S111,doctor,2,161.6
3,S112,doctor,1,61.0
3,S112,doctor,2,48.8
3,S124,doctor,1,50.0
3,S124,doctor,2,40.0
3,S125,doctor,1,51.75
3,S125,doctor,2,41.4
3,S125,doctor,3,41.4
3,S125,doctor,4,41.4
3,S126,doctor,1,106.0
3,S126,doctor,2,77.25
3,S395,doctor,1,68.0
3,S395,doctor,2,54.4
3,S395,doctor,3,38.25
3,S395,doctor,4,19.0
3,S402,doctor,1,9.75
3,S403,doctor,1,7.5
3,S403,doctor,2,6.0
3,S403,doctor,3,6.0
3,S403,doctor,4,6.0
3,S406,doctor,1,30.75
3,S446,doctor,1,39.75
3,S446,doctor,2,20.0
3,S446,doctor,3,7.75
3,S446,doctor,4,3.75
3,S447,doctor,1,32.75
3,S447,doctor,2,26.2
3,S454,doctor,1,49.5
3,S454,doctor,2,39.6
3,S455,doctor,1,44.0
3,S462,doctor,1,87.0
3,S462,doctor,2,69.6
3,S469,doctor,1,62.25
3,S471,doctor,1,117.25
3,S472,doctor,1,23.0
3,S474,doctor,1,32.5
3,S475,doctor,1,102.75
3,S476,doctor,1,46.25
3,S477,doctor,1,57.0
3,S478,doctor,1,54.0
3,S486,doctor,1,125.75
3,S486,doctor,2,100.6
3,S486,doctor,3,100.6
3,S486,doctor,4,100.6
3,S487,doctor,1,75.25
3,S487,doctor,2,60.2
3,S487,doctor,3,30.90000000000004
3,S488,doctor,1,221.75
3,S493,doctor,1,45.25
3,S494,doctor,1,43.75
3,S495,doctor,1,50.5
3,S510,doctor,1,62.25
3,S510,doctor,2,49.8
3,S510,doctor,3,49.8
3,S514,doctor,1,50.0
3,S515,doctor,1,19.75
3,S517,doctor,1,110.25
3,S517,doctor,2,88.2
3,S517,doctor,3,88.2
3,S517,doctor,4,88.2
3,S518,doctor,1,29.75
3,S518,doctor,2,23.8
3,S518,doctor,3,23.8
3,S521,doctor,1,35.25
3,S521,doctor,2,28.2
3,S525,doctor,1,16.75
3,S525,doctor,2,13.4
3,S526,doctor,1,9.75
3,S529,doctor,1,52.0
3,S529,doctor,2,41.6
3,S539,doctor,1,30.0
3,S539,doctor,2,15.599999999999998
3,S541,doctor,1,57.25
3,S541,doctor,2,45.8
3,S541,doctor,3,45.8
3,S541,doctor,4,20.0
3,S550,doctor,1,7.5
3,S551,doctor,1,51.0
3,S564,doctor,1,76.5
3,S565,doctor,1,25.25
3,S567,doctor,1,28.0
3,S568,doctor,1,84.75
3,S569,doctor,1,125.75
3,S572,doctor,1,134.0
3,S572,doctor,2,48.55
3,S572,doctor,3,17.5
3,S572,doctor,4,8.75
3,S576,doctor,1,162.25
3,S576,doctor,2,129.8
3,S576,doctor,3,60.0
3,S576,doctor,4,30.0
3,S583,doctor,1,31.0
3,S583,doctor,2,24.8
3,S584,doctor,1,29.75
3,S584,doctor,2,23.8
3,S584,doctor,3,23.8
3,S585,doctor,1,43.25
3,S585,doctor,2,34.6
3,S585,doctor,3,34.6
3,S586,doctor,1,56.5
3,S586,doctor,2,45.2
3,S586,doctor,3,45.2
3,S587,doctor,1,37.25
3,S588,doctor,1,57.75
3,S589,doctor,1,55.75
3,S592,doctor,1,34.25
3,S593,doctor,1,63.5
3,S593,doctor,2,50.8
3,S595,doctor,1,30.5
3,S595,doctor,2,24.4
3,S595,doctor,3,24.4
3,S595,doctor,4,2.4000000000000057
3,S596,doctor,1,39.25
3,S596,doctor,2,31.4
3,S597,doctor,1,39.0
3,S597,doctor,2,31.2
3,S597,doctor,3,31.2
3,S602,doctor,1,42.75
3,S603,doctor,1,29.75
3,S604,doctor,1,17.5
3,S604,doctor,2,14.0
3,S604,doctor,3,14.0
3,S604,doctor,4,14.0
3,S605,doctor,1,14.25
3,S605,doctor,2,11.4
3,S605,doctor,3,11.4
3,S605,doctor,4,11.4
3,S606,doctor,1,16.25
3,S606,doctor,2,13.0
3,S617,doctor,1,186.5
3,S617,doctor,2,85.15000000000012
3,S618,doctor,1,17.5
3,S618,doctor,2,14.0
3,S625,doctor,1,83.0
3,S626,doctor,1,40.25
3,S652,doctor,1,43.0
3,S674,doctor,1,17.499985488008118
3,S675,doctor,1,27.75
3,S677,doctor,1,25.5
3,S677,doctor,2,20.4
3,S680,doctor,1,56.5
3,S681,doctor,1,162.5
3,S681,doctor,2,130.0
3,S681,doctor,3,82.6
3,S681,doctor,4,14.600000000000001
3,S682,doctor,1,7.5
3,S682,doctor,2,6.0
3,S682,doctor,3,6.0
3,S682,doctor,4,6.0
3,S683,doctor,1,7.5
3,S683,doctor,2,6.0
3,S683,doctor,3,6.0
3,S683,doctor,4,6.0
3,S684,doctor,1,41.0
3,S684,doctor,2,32.8
3,S685,doctor,1,32.25
3,S685,doctor,2,25.8
3,S685,doctor,3,25.8
3,S685,doctor,4,25.8
3,S686,doctor,1,31.75
3,S686,doctor,2,25.4
3,S686,doctor,3,25.4
3,S686,doctor,4,25.4
3,S687,doctor,1,36.75
3,S688,doctor,1,51.5
3,S689,doctor,1,27.0
3,S689,doctor,2,21.6
3,S690,doctor,1,39.0
3,S690,doctor,2,31.2
3,S690,doctor,3,31.2
3,S692,doctor,1,40.0
3,S692,doctor,2,20.19999999999999
3,S715,doctor,1,12.25
3,S715,doctor,2,9.8
3,S721,doctor,1,59.0
3,S721,doctor,2,47.2
3,S722,doctor,1,85.75
3,S727,doctor,1,9.5
3,S727,doctor,2,7.6
3,S727,doctor,3,7.6
3,S727,doctor,4,7.6
3,S729,doctor,1,21.5
3,S729,doctor,2,17.2
3,S729,doctor,3,8.75
3,S729,doctor,4,4.25
3,S756,doctor,1,37.25
3,S756,doctor,2,29.8
3,S756,doctor,3,16.25
3,S756,doctor,4,5.0
3,S757,doctor,1,146.0
3,S757,doctor,2,4.849999999999998
3,S765,doctor,1,71.25
3,S791,doctor,1,8.25
3,S802,doctor,1,304.5
3,S802,doctor,2,123.8
3,S802,doctor,3,45.8
3,S802,doctor,4,19.8
3,JH_H007,nurse,1,0.5
3,JH_H010,nurse,1,0.5
3,S002,nurse,1,21.75
3,S005,nurse,1,1.5
3,S008,nurse,1,45.5
3,S008,nurse,2,30.143750000000004
3,S015,nurse,1,41.5
3,S015,nurse,2,27.493750000000002
3,S015,nurse,3,27.493750000000002
3,S015,nurse,4,27.493750000000002
3,S033,nurse,1,21.75
3,S034,nurse,1,21.75
3,S035,nurse,1,13.75
3,S068,nurse,1,15.0
3,S068,nurse,2,3.0
3,S071,nurse,1,46.25
3,S071,nurse,2,10.0
3,S074,nurse,1,477.0
3,S074,nurse,2,95.4
3,S078,nurse,1,45.0
3,S078,nurse,2,29.8125
3,S078,nurse,3,0.7250000000000014
3,S079,nurse,1,15.0
3,S079,nurse,2,9.9375
3,S079,nurse,3,3.0
3,S080,nurse,1,15.0
3,S080,nurse,2,9.9375
3,S080,nurse,3,3.0
3,S081,nurse,1,15.0
3,S081,nurse,2,9.9375
3,S082,nurse,1,47.5
3,S082,nurse,2,31.46875
3,S082,nurse,3,31.46875
3,S082,nurse,4,31.46875
3,S083,nurse,1,23.5
3,S083,nurse,2,15.568749999999998
3,S086,nurse,1,15.5
3,S086,nurse,2,10.268749999999999
3,S086,nurse,3,10.268749999999999
3,S086,nurse,4,10.268749999999999
3,S109,nurse,1,22.125
3,S111,nurse,1,404.0
3,S111,nurse,2,267.65000000000003
3,S112,nurse,1,122.0
3,S112,nurse,2,80.82500000000002
3,S124,nurse,1,100.0
3,S124,nurse,2,66.25
3,S125,nurse,1,103.5
3,S125,nurse,2,68.56875000000001
3,S125,nurse,3,68.56875000000001
3,S125,nurse,4,48.5515625
3,S126,nurse,1,212.0
3,S126,nurse,2,38.625
3,S395,nurse,1,136.0
3,S395,nurse,2,83.29375
3,S395,nurse,3,28.859375
3,S395,nurse,4,9.5
3,S402,nurse,1,4.875
3,S403,nurse,1,15.0
3,S403,nurse,2,9.9375
3,S403,nurse,3,9.9375
3,S403,nurse,4,3.3109375126979934
3,S406,nurse,1,15.375
3,S446,nurse,1,56.125
3,S446,nurse,2,23.4375
3,S446,nurse,3,7.53125
3,S446,nurse,4,2.1453125
3,S447,nurse,1,65.5
3,S447,nurse,2,13.1
3,S454,nurse,1,99.0
3,S454,nurse,2,29.181249999999995
3,S455,nurse,1,32.0
3,S462,nurse,1,174.0
3,S462,nurse,2,115.27499999999999
3,S469,nurse,1,31.125
3,S471,nurse,1,58.625
3,S472,nurse,1,11.5
3,S474,nurse,1,16.25
3,S475,nurse,1,51.375
3,S476,nurse,1,23.125
3,S477,nurse,1,81.67442696556012
3,S478,nurse,1,27.0
3,S486,nurse,1,251.5
3,S486,nurse,2,166.61875000000003
3,S486,nurse,3,166.61875
3,S486,nurse,4,166.61875000000003
3,S487,nurse,1,150.5
3,S487,nurse,2,99.70624999999998
3,S487,nurse,3,15.45000000000002
3,S488,nurse,1,110.875
3,S493,nurse,1,22.625
3,S494,nurse,1,21.875
3,S495,nurse,1,25.25
3,S510,nurse,1,124.5
3,S510,nurse,2,82.48125000000002
3,S510,nurse,3,82.48125000000002
3,S514,nurse,1,25.0
3,S515,nurse,1,9.875
3,S517,nurse,1,220.5
3,S517,nurse,2,146.08124999999998
3,S517,nurse,3,146.08124999999998
3,S517,nurse,4,46.72634468801338
3,S518,nurse,1,59.5
3,S518,nurse,2,39.418749999999996
3,S518,nurse,3,11.9
3,S521,nurse,1,70.5
3,S521,nurse,2,46.706250000000004
3,S525,nurse,1,33.5
3,S525,nurse,2,22.193749999999998
3,S526,nurse,1,4.875
3,S529,nurse,1,104.0
3,S529,nurse,2,68.89999999999999
3,S539,nurse,1,28.0
3,S539,nurse,2,7.799999999999999
3,S541,nurse,1,114.5
3,S541,nurse,2,75.85625000000002
3,S541,nurse,3,66.30625
3,S541,nurse,4,20.65625
3,S550,nurse,1,3.75
3,S551,nurse,1,25.5
3,S564,nurse,1,38.25
3,S565,nurse,1,12.625
3,S567,nurse,1,14.0
3,S568,nurse,1,42.375
3,S569,nurse,1,62.875
3,S572,nurse,1,157.5
3,S572,nurse,2,57.7125
3,S572,nurse,3,20.40625
3,S572,nurse,4,8.6453125
3,S576,nurse,1,324.5
3,S576,nurse,2,190.025
3,S576,nurse,3,80.0
3,S576,nurse,4,40.0
3,S583,nurse,1,62.0
3,S583,nurse,2,17.630558161272894
3,S584,nurse,1,59.5
3,S584,nurse,2,39.418749999999996
3,S584,nurse,3,11.9
3,S585,nurse,1,86.5
3,S585,nurse,2,57.30624999999999
3,S585,nurse,3,17.3
3,S586,nurse,1,113.0
3,S586,nurse,2,74.8625
3,S586,nurse,3,74.8625
3,S587,nurse,1,18.625
3,S588,nurse,1,28.875
3,S589,nurse,1,27.875
3,S592,nurse,1,17.125
3,S593,nurse,1,127.0
3,S593,nurse,2,25.4
3,S595,nurse,1,61.0
3,S595,nurse,2,40.41250000000001
3,S595,nurse,3,40.41250000000001
3,S595,nurse,4,1.2000000000000028
3,S596,nurse,1,78.5
3,S596,nurse,2,52.00625000000001
3,S597,nurse,1,78.0
3,S597,nurse,2,51.675000000000004
3,S597,nurse,3,15.6
3,S602,nurse,1,21.375
3,S603,nurse,1,14.875
3,S604,nurse,1,35.0
3,S604,nurse,2,23.1875
3,S604,nurse,3,23.1875
3,S604,nurse,4,23.1875
3,S605,nurse,1,28.5
3,S605,nurse,2,18.881249999999998
3,S605,nurse,3,18.881249999999998
3,S605,nurse,4,18.881249999999998
3,S606,nurse,1,32.5
3,S606,nurse,2,21.53125
3,S617,nurse,1,373.0
3,S617,nurse,2,42.57500000000006
3,S618,nurse,1,35.0
3,S618,nurse,2,7.0
3,S625,nurse,1,41.5
3,S626,nurse,1,20.125
3,S652,nurse,1,21.5
3,S674,nurse,1,8.749992744004059
3,S675,nurse,1,13.875
3,S677,nurse,1,51.0
3,S677,nurse,2,33.78750000000001
3,S680,nurse,1,28.25
3,S681,nurse,1,325.0
3,S681,nurse,2,215.3125
3,S681,nurse,3,78.08749999999999
3,S681,nurse,4,7.300000000000001
3,S682,nurse,1,15.0
3,S682,nurse,2,9.9375
3,S682,nurse,3,9.9375
3,S682,nurse,4,9.9375
3,S683,nurse,1,15.0
3,S683,nurse,2,9.9375
3,S683,nurse,3,9.9375
3,S683,nurse,4,9.9375
3,S684,nurse,1,82.0
3,S684,nurse,2,16.4
3,S685,nurse,1,64.5
3,S685,nurse,2,42.731249999999996
3,S685,nurse,3,42.731249999999996
3,S685,nurse,4,42.731249999999996
3,S686,nurse,1,63.5
3,S686,nurse,2,42.06875000000001
3,S686,nurse,3,42.06875000000001
3,S686,nurse,4,42.06875000000001
3,S687,nurse,1,18.375
3,S688,nurse,1,25.75
3,S689,nurse,1,54.0
3,S689,nurse,2,10.8
3,S690,nurse,1,78.0
3,S690,nurse,2,51.675000000000004
3,S690,nurse,3,21.968228189420792
3,S692,nurse,1,77.0
3,S692,nurse,2,10.099999999999994
3,S715,nurse,1,6.125
3,S715,nurse,2,4.9
3,S721,nurse,1,118.0
3,S721,nurse,2,38.63749999999998
3,S722,nurse,1,42.875
3,S727,nurse,1,19.0
3,S727,nurse,2,12.587500000000002
3,S727,nurse,3,12.587500000000002
3,S727,nurse,4,12.587500000000002
3,S729,nurse,1,43.0
3,S729,nurse,2,22.06875
3,S729,nurse,3,7.171875
3,S729,nurse,4,2.125
3,S756,nurse,1,74.5
3,S756,nurse,2,45.02500507919716
3,S756,nurse,3,10.906249746040142
3,S756,nurse,4,2.5
3,S757,nurse,1,73.0
3,S757,nurse,2,2.424999999999999
3,S765,nurse,1,35.625
3,S791,nurse,1,4.125
3,S802,nurse,1,359.625
3,S802,nurse,2,128.04375
3,S802,nurse,3,26.449999999999996
3,S802,nurse,4,9.9
4,JH_H002,doctor,1,7.078792011476054
4,JH_H003,doctor,1,19.5
4,JH_H004,doctor,1,7.5
4,JH_H006,doctor,1,5.5
4,JH_H007,doctor,1,3.75
4,JH_H008,doctor,1,1.5000000000000036
4,JH_H009,doctor,1,0.5
4,JH_H010,doctor,1,0.75
4,JH_H011,doctor,1,0.5
4,JH_H015,doctor,1,2.5
4,S002,doctor,1,43.5
4,S005,doctor,1,12.0
4,S008,doctor,1,22.75
4,S008,doctor,2,18.2
4,S015,doctor,1,20.75
4,S015,doctor,2,16.6
4,S015,doctor,3,16.6
4,S015,doctor,4,16.6
4,S033,doctor,1,43.5
4,S034,doctor,1,43.5
4,S035,doctor,1,43.5
4,S064,doctor,1,5.25
4,S068,doctor,1,7.5
4,S068,doctor,2,6.0
4,S071,doctor,1,25.0
4,S071,doctor,2,20.0
4,S074,doctor,1,238.5
4,S074,doctor,2,190.8
4,S078,doctor,1,22.5
4,S078,doctor,2,18.0
4,S078,doctor,3,6.200000000000003
4,S079,doctor,1,7.5
4,S079,doctor,2,6.0
4,S079,doctor,3,6.0
4,S080,doctor,1,7.5
4,S080,doctor,2,6.0
4,S080,doctor,3,6.0
4,S081,doctor,1,7.5
4,S081,doctor,2,6.0
4,S082,doctor,1,23.75
4,S082,doctor,2,19.0
4,S082,doctor,3,19.0
4,S082,doctor,4,19.0
4,S083,doctor,1,11.75
4,S083,doctor,2,9.4
4,S086,doctor,1,7.75
4,S086,doctor,2,6.2
4,S086,doctor,3,6.2
4,S086,doctor,4,6.2
4,S109,doctor,1,44.25
4,S111,doctor,1,202.0
4,S111,doctor,2,161.6
4,S112,doctor,1,61.0
4,S112,doctor,2,48.8
4,S122,doctor,1,2.75
4,S124,doctor,1,50.0
4,S124,doctor,2,40.0
4,S125,doctor,1,51.75
4,S125,doctor,2,41.4
4,S125,doctor,3,41.4
4,S125,doctor,4,41.4
4,S126,doctor,1,106.0
4,S126,doctor,2,84.8
4,S395,doctor,1,68.0
4,S395,doctor,2,54.4
4,S395,doctor,3,40.5
4,S395,doctor,4,20.25
4,S402,doctor,1,9.75
4,S402,doctor,2,0.5999999999999979
4,S403,doctor,1,7.5
4,S403,doctor,2,6.0
4,S403,doctor,3,6.0
4,S403,doctor,4,6.0
4,S406,doctor,1,30.75
4,S446,doctor,1,39.75
4,S446,doctor,2,21.0
4,S446,doctor,3,8.25
4,S446,doctor,4,4.0
4,S447,doctor,1,32.75
4,S447,doctor,2,26.2
4,S454,doctor,1,49.5
4,S454,doctor,2,39.6
4,S455,doctor,1,44.0
4,S455,doctor,2,12.45000000000001
4,S462,doctor,1,87.0
4,S462,doctor,2,69.6
4,S469,doctor,1,62.25
4,S471,doctor,1,117.25
4,S472,doctor,1,23.0
4,S474,doctor,1,32.5
4,S475,doctor,1,102.75
4,S476,doctor,1,110.5
4,S477,doctor,1,57.0
4,S477,doctor,2,21.95000000000016
4,S478,doctor,1,54.0
4,S479,doctor,1,28.5
4,S486,doctor,1,125.75
4,S486,doctor,2,100.6
4,S486,doctor,3,100.6
4,S486,doctor,4,100.6
4,S487,doctor,1,75.25
4,S487,doctor,2,60.2
4,S487,doctor,3,60.2
4,S488,doctor,1,221.75
4,S493,doctor,1,45.25
4,S494,doctor,1,43.75
4,S495,doctor,1,50.5
4,S497,doctor,1,75.0
4,S510,doctor,1,62.25
4,S510,doctor,2,49.8
4,S510,doctor,3,49.8
4,S513,doctor,1,38.25
4,S514,doctor,1,50.0
4,S515,doctor,1,19.75
4,S517,doctor,1,110.25
4,S517,doctor,2,88.2
4,S517,doctor,3,88.2
4,S517,doctor,4,88.2
4,S518,doctor,1,29.75
4,S518,doctor,2,23.8
4,S518,doctor,3,23.8
4,S521,doctor,1,35.25
4,S521,doctor,2,28.2
4,S525,doctor,1,16.75
4,S525,doctor,2,13.4
4,S526,doctor,1,9.75
4,S529,doctor,1,52.0
4,S529,doctor,2,41.6
4,S539,doctor,1,30.0
4,S539,doctor,2,24.0
4,S541,doctor,1,57.25
4,S541,doctor,2,45.8
4,S541,doctor,3,45.8
4,S541,doctor,4,22.5
4,S550,doctor,1,7.5
4,S551,doctor,1,51.0
4,S564,doctor,1,76.5
4,S565,doctor,1,25.25
4,S567,doctor,1,41.5
4,S568,doctor,1,84.75
4,S569,doctor,1,125.75
4,S572,doctor,1,134.0
4,S572,doctor,2,52.55
4,S572,doctor,3,18.5
4,S572,doctor,4,9.25
4,S576,doctor,1,162.25
4,S576,doctor,2,129.8
4,S576,doctor,3,63.5
4,S576,doctor,4,31.75
4,S583,doctor,1,31.0
4,S583,doctor,2,24.8
4,S584,doctor,1,29.75
4,S584,doctor,2,23.8
4,S584,doctor,3,23.8
4,S585,doctor,1,43.25
4,S585,doctor,2,34.6
4,S585,doctor,3,34.6
4,S586,doctor,1,56.5
4,S586,doctor,2,45.2
4,S586,doctor,3,45.2
4,S587,doctor,1,37.25
4,S588,doctor,1,57.75
4,S589,doctor,1,55.75
4,S592,doctor,1,34.25
4,S593,doctor,1,63.5
4,S593,doctor,2,50.8
4,S595,doctor,1,30.5
4,S595,doctor,2,24.4
4,S595,doctor,3,24.4
4,S595,doctor,4,19.650000000000006
4,S596,doctor,1,39.25
4,S596,doctor,2,31.4
4,S597,doctor,1,39.0
4,S597,doctor,2,31.2
4,S597,doctor,3,31.2
4,S602,doctor,1,42.75
4,S603,doctor,1,29.75
4,S604,doctor,1,17.5
4,S604,doctor,2,14.0
4,S604,doctor,3,14.0
4,S604,doctor,4,14.0
4,S605,doctor,1,14.25
4,S605,doctor,2,11.4
4,S605,doctor,3,11.4
4,S605,doctor,4,11.4
4,S606,doctor,1,16.25
4,S606,doctor,2,13.0
4,S606,doctor,3,4.950000000000017
4,S617,doctor,1,186.5
4,S617,doctor,2,149.2
4,S618,doctor,1,17.5
4,S618,doctor,2,14.0
4,S625,doctor,1,83.0
4,S626,doctor,1,40.25
4,S652,doctor,1,43.0
4,S674,doctor,1,25.249984546444917
4,S675,doctor,1,27.75
4,S677,doctor,1,25.5
4,S677,doctor,2,20.4
4,S680,doctor,1,56.5
4,S681,doctor,1,162.5
4,S681,doctor,2,130.0
4,S681,doctor,3,90.6
4,S681,doctor,4,18.6
4,S682,doctor,1,7.5
4,S682,doctor,2,6.0
4,S682,doctor,3,6.0
4,S682,doctor,4,6.0
4,S683,doctor,1,7.5
4,S683,doctor,2,6.0
4,S683,doctor,3,6.0
4,S683,doctor,4,6.0
4,S684,doctor,1,41.0
4,S684,doctor,2,32.8
4,S685,doctor,1,32.25
4,S685,doctor,2,25.8
4,S685,doctor,3,25.8
4,S685,doctor,4,25.8
4,S686,doctor,1,31.75
4,S686,doctor,2,25.4
4,S686,doctor,3,25.4
4,S686,doctor,4,25.4
4,S687,doctor,1,36.75
4,S688,doctor,1,51.5
4,S689,doctor,1,27.0
4,S689,doctor,2,21.6
4,S690,doctor,1,39.0
4,S690,doctor,2,31.2
4,S690,doctor,3,31.2
4,S692,doctor,1,40.0
4,S692,doctor,2,29.19999999999999
4,S715,doctor,1,12.25
4,S715,doctor,2,9.8
4,S721,doctor,1,59.0
4,S721,doctor,2,47.2
4,S722,doctor,1,113.25
4,S727,doctor,1,9.5
4,S727,doctor,2,7.6
4,S727,doctor,3,7.6
4,S727,doctor,4,7.6
4,S729,doctor,1,21.5
4,S729,doctor,2,17.2
4,S729,doctor,3,9.25
4,S729,doctor,4,4.5
4,S756,doctor,1,37.25
4,S756,doctor,2,29.8
4,S756,doctor,3,17.5
4,S756,doctor,4,5.75
4,S757,doctor,1,146.0
4,S757,doctor,2,16.349999999999998
4,S765,doctor,1,84.25
4,S784,doctor,1,15.0
4,S791,doctor,1,28.25
4,S802,doctor,1,323.0
4,S802,doctor,2,131.55
4,S802,doctor,3,48.8
4,S802,doctor,4,21.3
4,JH_H007,nurse,1,0.5
4,JH_H010,nurse,1,0.5
4,S002,nurse,1,36.375
4,S005,nurse,1,6.0
4,S008,nurse,1,45.5
4,S008,nurse,2,30.143750000000004
4,S015,nurse,1,41.5
4,S015,nurse,2,27.493750000000002
4,S015,nurse,3,27.493750000000002
4,S015,nurse,4,27.493750000000002
4,S033,nurse,1,21.75
4,S034,nurse,1,21.75
4,S035,nurse,1,21.75
4,S064,nurse,1,2.625
4,S068,nurse,1,15.0
4,S068,nurse,2,3.0
4,S071,nurse,1,50.0
4,S071,nurse,2,10.0
4,S074,nurse,1,477.0
4,S074,nurse,2,95.4
4,S078,nurse,1,45.0
4,S078,nurse,2,29.8125
4,S078,nurse,3,3.1000000000000014
4,S079,nurse,1,15.0
4,S079,nurse,2,9.9375
4,S079,nurse,3,3.0
4,S080,nurse,1,15.0
4,S080,nurse,2,9.9375
4,S080,nurse,3,3.0
4,S081,nurse,1,15.0
4,S081,nurse,2,9.9375
4,S082,nurse,1,47.5
4,S082,nurse,2,31.46875
4,S082,nurse,3,31.46875
4,S082,nurse,4,31.46875
4,S083,nurse,1,23.5
4,S083,nurse,2,15.568749999999998
4,S086,nurse,1,15.5
4,S086,nurse,2,10.268749999999999
4,S086,nurse,3,10.268749999999999
4,S086,nurse,4,10.268749999999999
4,S109,nurse,1,22.125
4,S111,nurse,1,404.0
4,S111,nurse,2,267.65000000000003
4,S112,nurse,1,122.0
4,S112,nurse,2,80.82500000000002
4,S122,nurse,1,1.375
4,S124,nurse,1,100.0
4,S124,nurse,2,66.25
4,S125,nurse,1,103.5
4,S125,nurse,2,68.56875000000001
4,S125,nurse,3,68.56875000000001
4,S125,nurse,4,51.9265625
4,S126,nurse,1,212.0
4,S126,nurse,2,42.4
4,S395,nurse,1,136.0
4,S395,nurse,2,88.04375
4,S395,nurse,3,31.859375
4,S395,nurse,4,10.125
4,S402,nurse,1,4.875
4,S402,nurse,2,0.29999999999999893
4,S403,nurse,1,15.0
4,S403,nurse,2,9.9375
4,S403,nurse,3,9.9375
4,S403,nurse,4,3.9359375135218606
4,S406,nurse,1,15.375
4,S446,nurse,1,58.5
4,S446,nurse,2,24.9375
4,S446,nurse,3,8.15625
4,S446,nurse,4,2.5203125
4,S447,nurse,1,65.5
4,S447,nurse,2,13.1
4,S454,nurse,1,99.0
4,S454,nurse,2,45.93124999999999
4,S455,nurse,1,72.0
4,S455,nurse,2,6.225000000000005
4,S462,nurse,1,174.0
4,S462,nurse,2,115.27499999999999
4,S469,nurse,1,31.125
4,S471,nurse,1,58.625
4,S472,nurse,1,11.5
4,S474,nurse,1,16.25
4,S475,nurse,1,51.375
4,S476,nurse,1,55.25
4,S477,nurse,1,114.0
4,S477,nurse,2,10.97500000000008
4,S478,nurse,1,108.0
4,S479,nurse,1,14.25
4,S486,nurse,1,251.5
4,S486,nurse,2,166.61875000000003
4,S486,nurse,3,166.61875
4,S486,nurse,4,166.61875000000003
4,S487,nurse,1,150.5
4,S487,nurse,2,99.70624999999998
4,S487,nurse,3,30.1
4,S488,nurse,1,110.875
4,S493,nurse,1,22.625
4,S494,nurse,1,21.875
4,S495,nurse,1,25.25
4,S497,nurse,1,37.5
4,S510,nurse,1,124.5
4,S510,nurse,2,82.48125000000002
4,S510,nurse,3,82.48125000000002
4,S513,nurse,1,19.125
4,S514,nurse,1,25.0
4,S515,nurse,1,9.875
4,S517,nurse,1,220.5
4,S517,nurse,2,146.08124999999998
4,S517,nurse,3,146.08124999999998
4,S517,nurse,4,61.33137170108437
4,S518,nurse,1,59.5
4,S518,nurse,2,39.418749999999996
4,S518,nurse,3,11.9
4,S521,nurse,1,70.5
4,S521,nurse,2,46.706250000000004
4,S525,nurse,1,33.5
4,S525,nurse,2,22.193749999999998
4,S526,nurse,1,4.875
4,S529,nurse,1,104.0
4,S529,nurse,2,68.89999999999999
4,S539,nurse,1,42.0
4,S539,nurse,2,12.0
4,S541,nurse,1,114.5
4,S541,nurse,2,75.85625000000002
4,S541,nurse,3,70.18125
4,S541,nurse,4,23.90625
4,S550,nurse,1,3.75
4,S551,nurse,1,25.5
4,S564,nurse,1,38.25
4,S565,nurse,1,12.625
4,S567,nurse,1,20.75
4,S568,nurse,1,42.375
4,S569,nurse,1,62.875
4,S572,nurse,1,165.25
4,S572,nurse,2,61.9625
4,S572,nurse,3,21.78125
4,S572,nurse,4,9.3953125
4,S576,nurse,1,324.5
4,S576,nurse,2,197.4
4,S576,nurse,3,84.75
4,S576,nurse,4,42.375
4,S583,nurse,1,62.0
4,S583,nurse,2,41.074999999999996
4,S584,nurse,1,59.5
4,S584,nurse,2,39.418749999999996
4,S584,nurse,3,11.9
4,S585,nurse,1,86.5
4,S585,nurse,2,57.30624999999999
4,S585,nurse,3,17.3
4,S586,nurse,1,113.0
4,S586,nurse,2,74.8625
4,S586,nurse,3,74.8625
4,S587,nurse,1,18.625
4,S588,nurse,1,28.875
4,S589,nurse,1,27.875
4,S592,nurse,1,17.125
4,S593,nurse,1,127.0
4,S593,nurse,2,73.70162796025807
4,S595,nurse,1,61.0
4,S595,nurse,2,40.41250000000001
4,S595,nurse,3,40.41250000000001
4,S595,nurse,4,9.825000000000003
4,S596,nurse,1,78.5
4,S596,nurse,2,52.00625000000001
4,S597,nurse,1,78.0
4,S597,nurse,2,51.675000000000004
4,S597,nurse,3,15.6
4,S602,nurse,1,21.375
4,S603,nurse,1,59.49414846643703
4,S604,nurse,1,35.0
4,S604,nurse,2,23.1875
4,S604,nurse,3,23.1875
4,S604,nurse,4,23.1875
4,S605,nurse,1,28.5
4,S605,nurse,2,18.881249999999998
4,S605,nurse,3,18.881249999999998
4,S605,nurse,4,18.881249999999998
4,S606,nurse,1,32.5
4,S606,nurse,2,21.53125
4,S606,nurse,3,2.4750000000000085
4,S617,nurse,1,373.0
4,S617,nurse,2,74.6
4,S618,nurse,1,35.0
4,S618,nurse,2,7.0
4,S625,nurse,1,41.5
4,S626,nurse,1,20.125
4,S652,nurse,1,21.5
4,S674,nurse,1,12.624992273222459
4,S675,nurse,1,13.875
4,S677,nurse,1,51.0
4,S677,nurse,2,33.78750000000001
4,S680,nurse,1,28.25
4,S681,nurse,1,325.0
4,S681,nurse,2,215.3125
4,S681,nurse,3,88.83749999999999
4,S681,nurse,4,9.3
4,S682,nurse,1,15.0
4,S682,nurse,2,9.9375
4,S682,nurse,3,9.9375
4,S682,nurse,4,9.9375
4,S683,nurse,1,15.0
4,S683,nurse,2,9.9375
4,S683,nurse,3,9.9375
4,S683,nurse,4,9.9375
4,S684,nurse,1,82.0
4,S684,nurse,2,16.4
4,S685,nurse,1,64.5
4,S685,nurse,2,42.731249999999996
4,S685,nurse,3,42.731249999999996
4,S685,nurse,4,42.731249999999996
4,S686,nurse,1,63.5
4,S686,nurse,2,42.06875000000001
4,S686,nurse,3,42.06875000000001
4,S686,nurse,4,42.06875000000001
4,S687,nurse,1,18.375
4,S688,nurse,1,25.75
4,S689,nurse,1,54.0
4,S689,nurse,2,10.8
4,S690,nurse,1,78.0
4,S690,nurse,2,51.675000000000004
4,S690,nurse,3,50.6974108453384
4,S692,nurse,1,80.0
4,S692,nurse,2,14.599999999999994
4,S715,nurse,1,24.5
4,S715,nurse,2,4.9
4,S721,nurse,1,118.0
4,S721,nurse,2,48.26249999999998
4,S722,nurse,1,56.625
4,S727,nurse,1,19.0
4,S727,nurse,2,12.587500000000002
4,S727,nurse,3,12.587500000000002
4,S727,nurse,4,12.587500000000002
4,S729,nurse,1,43.0
4,S729,nurse,2,23.19375
4,S729,nurse,3,7.921875
4,S729,nurse,4,2.25
4,S756,nurse,1,74.5
4,S756,nurse,2,47.77500540874428
4,S756,nurse,3,12.656249729562786
4,S756,nurse,4,2.875
4,S757,nurse,1,73.375
4,S757,nurse,2,8.174999999999999
4,S765,nurse,1,42.125
4,S784,nurse,1,7.5
4,S791,nurse,1,14.125
4,S802,nurse,1,384.25
4,S802,nurse,2,138.29375
4,S802,nurse,3,30.449999999999996
4,S802,nurse,4,10.65
5,JH_H001,doctor,1,45.1644310658412
5,JH_H002,doctor,1,20.37575516983398
5,JH_H003,doctor,1,19.5
5,JH_H004,doctor,1,7.5
5,JH_H006,doctor,1,5.5
5,JH_H007,doctor,1,3.7500000000000107
5,JH_H008,doctor,1,1.5
5,JH_H009,doctor,1,0.5
5,JH_H010,doctor,1,0.75
5,JH_H011,doctor,1,0.5
5,JH_H012,doctor,1,1.653008504104454
5,JH_H013,doctor,1,0.8874419190789915
5,JH_H014,doctor,1,0.5401617092634012
5,JH_H015,doctor,1,2.5
5,S008,doctor,1,22.75
5,S015,doctor,1,20.75
5,S015,doctor,2,16.6
5,S015,doctor,3,16.6
5,S015,doctor,4,16.6
5,S071,doctor,1,15.0
5,S074,doctor,1,118.75
5,S078,doctor,1,22.5
5,S078,doctor,2,10.200000000000003
5,S079,doctor,1,7.5
5,S079,doctor,2,6.0
5,S080,doctor,1,7.5
5,S080,doctor,2,6.0
5,S081,doctor,1,7.5
5,S082,doctor,1,23.75
5,S082,doctor,2,19.0
5,S082,doctor,3,19.0
5,S082,doctor,4,17.25
5,S083,doctor,1,11.75
5,S086,doctor,1,7.75
5,S086,doctor,2,6.2
5,S086,doctor,3,6.2
5,S086,doctor,4,6.2
5,S111,doctor,1,202.0
5,S112,doctor,1,61.0
5,S112,doctor,2,23.200000000000017
5,S124,doctor,1,50.0
5,S125,doctor,1,51.75
5,S125,doctor,2,41.4
5,S125,doctor,3,41.4
5,S125,doctor,4,18.0
5,S126,doctor,1,34.5
5,S395,doctor,1,68.0
5,S395,doctor,2,42.75
5,S395,doctor,3,17.0
5,S395,doctor,4,8.5
5,S403,doctor,1,7.5
5,S403,doctor,2,6.0
5,S403,doctor,3,6.0
5,S403,doctor,4,4.75
5,S446,doctor,1,21.25
5,S446,doctor,2,8.75
5,S446,doctor,3,3.5
5,S446,doctor,4,1.5
5,S447,doctor,1,32.75
5,S454,doctor,1,49.5
5,S462,doctor,1,87.0
5,S486,doctor,1,125.75
5,S486,doctor,2,100.6
5,S486,doctor,3,100.6
5,S486,doctor,4,61.95
5,S487,doctor,1,75.25
5,S487,doctor,2,60.2
5,S510,doctor,1,62.25
5,S510,doctor,2,49.8
5,S517,doctor,1,110.25
5,S517,doctor,2,88.2
5,S517,doctor,3,58.35
5,S518,doctor,1,29.75
5,S518,doctor,2,23.8
5,S521,doctor,1,35.25
5,S525,doctor,1,16.75
5,S529,doctor,1,52.0
5,S539,doctor,1,1.7499953900155738
5,S541,doctor,1,57.25
5,S541,doctor,2,45.8
5,S541,doctor,3,15.75
5,S572,doctor,1,48.75
5,S572,doctor,2,19.5
5,S572,doctor,3,7.75
5,S572,doctor,4,3.75
5,S576,doctor,1,160.25
5,S576,doctor,2,66.75
5,S576,doctor,3,26.5
5,S576,doctor,4,13.25
5,S583,doctor,1,31.0
5,S584,doctor,1,29.75
5,S584,doctor,2,23.8
5,S585,doctor,1,43.25
5,S585,doctor,2,34.6
5,S586,doctor,1,56.5
5,S586,doctor,2,45.2
5,S593,doctor,1,63.5
5,S595,doctor,1,30.5
5,S595,doctor,2,24.4
5,S596,doctor,1,39.25
5,S597,doctor,1,39.0
5,S597,doctor,2,31.2
5,S604,doctor,1,17.5
5,S604,doctor,2,14.0
5,S604,doctor,3,14.0
5,S605,doctor,1,14.25
5,S605,doctor,2,11.4
5,S605,doctor,3,11.4
5,S606,doctor,1,16.25
5,S606,doctor,2,13.0
5,S618,doctor,1,17.5
5,S677,doctor,1,25.5
5,S681,doctor,1,162.5
5,S681,doctor,2,97.85
5,S681,doctor,3,7.100000000000001
5,S682,doctor,1,7.5
5,S682,doctor,2,6.0
5,S682,doctor,3,6.0
5,S682,doctor,4,6.0
5,S683,doctor,1,7.5
5,S683,doctor,2,6.0
5,S683,doctor,3,6.0
5,S683,doctor,4,6.0
5,S685,doctor,1,32.25
5,S685,doctor,2,25.8
5,S685,doctor,3,25.8
5,S685,doctor,4,25.8
5,S686,doctor,1,31.75
5,S686,doctor,2,25.4
5,S686,doctor,3,25.4
5,S686,doctor,4,25.4
5,S689,doctor,1,27.0
5,S690,doctor,1,39.0
5,S690,doctor,2,31.2
5,S721,doctor,1,48.75
5,S727,doctor,1,9.5
5,S727,doctor,2,7.6
5,S727,doctor,3,7.6
5,S729,doctor,1,21.5
5,S729,doctor,2,9.75
5,S729,doctor,3,3.75
5,S729,doctor,4,1.75
5,S756,doctor,1,37.25
5,S756,doctor,2,18.75
5,S756,doctor,3,3.75
5,S802,doctor,1,131.0
5,S802,doctor,2,51.55
5,S802,doctor,3,16.8
5,S802,doctor,4,5.3
5,JH_H007,nurse,1,0.5000000000000071
5,JH_H010,nurse,1,0.5
5,S008,nurse,1,11.375
5,S015,nurse,1,41.5
5,S015,nurse,2,27.493750000000002
5,S015,nurse,3,27.493750000000002
5,S015,nurse,4,27.493750000000002
5,S071,nurse,1,7.5
5,S074,nurse,1,59.375
5,S078,nurse,1,41.75
5,S078,nurse,2,5.100000000000001
5,S079,nurse,1,15.0
5,S079,nurse,2,3.0
5,S080,nurse,1,15.0
5,S080,nurse,2,3.0
5,S081,nurse,1,3.75
5,S082,nurse,1,47.5
5,S082,nurse,2,31.46875
5,S082,nurse,3,31.46875
5,S082,nurse,4,23.125
5,S083,nurse,1,5.875
5,S086,nurse,1,15.5
5,S086,nurse,2,10.268749999999999
5,S086,nurse,3,10.268749999999999
5,S086,nurse,4,10.268671017741113
5,S111,nurse,1,121.56475743610491
5,S112,nurse,1,122.0
5,S112,nurse,2,11.600000000000009
5,S124,nurse,1,25.0
5,S125,nurse,1,103.5
5,S125,nurse,2,68.56875000000001
5,S125,nurse,3,42.35625
5,S125,nurse,4,9.0
5,S126,nurse,1,17.25
5,S395,nurse,1,91.375
5,S395,nurse,2,33.09375161349455
5,S395,nurse,3,8.5
5,S395,nurse,4,4.25
5,S403,nurse,1,15.0
5,S403,nurse,2,9.9375
5,S403,nurse,3,3.0
5,S403,nurse,4,2.375
5,S446,nurse,1,24.625
5,S446,nurse,2,8.5625
5,S446,nurse,3,1.75
5,S446,nurse,4,0.75
5,S447,nurse,1,16.375
5,S454,nurse,1,24.75
5,S462,nurse,1,43.5
5,S486,nurse,1,251.5
5,S486,nurse,2,166.61875000000003
5,S486,nurse,3,166.61875000000003
5,S486,nurse,4,50.65244476277167
5,S487,nurse,1,150.5
5,S487,nurse,2,30.1
5,S510,nurse,1,124.5
5,S510,nurse,2,82.48125000000002
5,S517,nurse,1,220.5
5,S517,nurse,2,146.08124999999998
5,S517,nurse,3,29.175
5,S518,nurse,1,59.5
5,S518,nurse,2,11.9
5,S521,nurse,1,17.625
5,S525,nurse,1,8.375
5,S529,nurse,1,26.0
5,S539,nurse,1,0.8749976950077869
5,S541,nurse,1,114.5
5,S541,nurse,2,73.55625
5,S541,nurse,3,14.90625
5,S572,nurse,1,59.75
5,S572,nurse,2,22.8125
5,S572,nurse,3,7.40625
5,S572,nurse,4,2.1453125
5,S576,nurse,1,213.625
5,S576,nurse,2,89.0
5,S576,nurse,3,35.5
5,S576,nurse,4,17.75
5,S583,nurse,1,15.5
5,S584,nurse,1,59.5
5,S584,nurse,2,33.65504382068914
5,S585,nurse,1,86.5
5,S585,nurse,2,17.3
5,S586,nurse,1,113.0
5,S586,nurse,2,74.8625
5,S593,nurse,1,31.75
5,S595,nurse,1,61.0
5,S595,nurse,2,40.41250000000001
5,S596,nurse,1,19.625
5,S597,nurse,1,78.0
5,S597,nurse,2,15.6
5,S604,nurse,1,35.0
5,S604,nurse,2,23.1875
5,S604,nurse,3,7.0
5,S605,nurse,1,28.5
5,S605,nurse,2,18.881249999999998
5,S605,nurse,3,17.471057970249692
5,S606,nurse,1,32.5
5,S606,nurse,2,6.5
5,S618,nurse,1,8.75
5,S677,nurse,1,12.75
5,S681,nurse,1,265.125
5,S681,nurse,2,97.36874999999999
5,S681,nurse,3,3.5500000000000007
5,S682,nurse,1,15.0
5,S682,nurse,2,9.9375
5,S682,nurse,3,9.9375
5,S682,nurse,4,9.9375
5,S683,nurse,1,15.0
5,S683,nurse,2,9.9375
5,S683,nurse,3,9.9375
5,S683,nurse,4,6.2890625
5,S685,nurse,1,64.5
5,S685,nurse,2,42.731249999999996
5,S685,nurse,3,42.731249999999996
5,S685,nurse,4,42.731249999999996
5,S686,nurse,1,63.5
5,S686,nurse,2,42.06875000000001
5,S686,nurse,3,42.06875000000001
5,S686,nurse,4,42.06875000000001
5,S689,nurse,1,13.5
5,S690,nurse,1,78.0
5,S690,nurse,2,51.675000000000004
5,S721,nurse,1,24.375
5,S727,nurse,1,19.0
5,S727,nurse,2,12.587500000000002
5,S727,nurse,3,3.8
5,S729,nurse,1,24.625
5,S729,nurse,2,8.21875
5,S729,nurse,3,1.875
5,S729,nurse,4,0.875
5,S756,nurse,1,46.0
5,S756,nurse,2,13.625
5,S756,nurse,3,1.875
5,S802,nurse,1,128.375
5,S802,nurse,2,31.668749999999996
5,S802,nurse,3,8.4
5,S802,nurse,4,2.65
6,JH_H002,doctor,1,18.307020900612315
6,JH_H003,doctor,1,19.5
6,JH_H004,doctor,1,7.5
6,JH_H006,doctor,1,5.5
6,JH_H007,doctor,1,3.7500000000000178
6,JH_H008,doctor,1,1.5
6,JH_H009,doctor,1,0.5
6,JH_H010,doctor,1,0.75
6,JH_H011,doctor,1,0.5
6,JH_H012,doctor,1,1.3634722841638407
6,JH_H013,doctor,1,0.6482972309381907
6,JH_H014,doctor,1,0.22636903743704728
6,JH_H015,doctor,1,2.5
6,S008,doctor,1,22.75
6,S008,doctor,2,4.950000000000003
6,S015,doctor,1,20.75
6,S015,doctor,2,16.6
6,S015,doctor,3,16.6
6,S015,doctor,4,16.6
6,S068,doctor,1,7.5
6,S071,doctor,1,25.0
6,S074,doctor,1,238.5
6,S078,doctor,1,22.5
6,S078,doctor,2,18.0
6,S079,doctor,1,7.5
6,S079,doctor,2,6.0
6,S080,doctor,1,7.5
6,S080,doctor,2,6.0
6,S081,doctor,1,7.5
6,S081,doctor,2,6.0
6,S082,doctor,1,23.75
6,S082,doctor,2,19.0
6,S082,doctor,3,19.0
6,S082,doctor,4,19.0
6,S083,doctor,1,11.75
6,S086,doctor,1,7.75
6,S086,doctor,2,6.2
6,S086,doctor,3,6.2
6,S086,doctor,4,6.2
6,S111,doctor,1,202.0
6,S111,doctor,2,113.90000000000006
6,S112,doctor,1,61.0
6,S112,doctor,2,48.8
6,S124,doctor,1,50.0
6,S124,doctor,2,0.3500000000000014
6,S125,doctor,1,51.75
6,S125,doctor,2,41.4
6,S125,doctor,3,41.4
6,S125,doctor,4,24.75
6,S126,doctor,1,106.0
6,S395,doctor,1,68.0
6,S395,doctor,2,51.75
6,S395,doctor,3,20.75
6,S395,doctor,4,10.25
6,S403,doctor,1,7.5
6,S403,doctor,2,6.0
6,S403,doctor,3,6.0
6,S403,doctor,4,6.0
6,S446,doctor,1,25.75
6,S446,doctor,2,10.75
6,S446,doctor,3,4.25
6,S446,doctor,4,2.0
6,S447,doctor,1,32.75
6,S454,doctor,1,49.5
6,S455,doctor,1,6.5
6,S462,doctor,1,87.0
6,S486,doctor,1,125.75
6,S486,doctor,2,100.6
6,S486,doctor,3,100.6
6,S486,doctor,4,89.94999999999999
6,S487,doctor,1,75.25
6,S487,doctor,2,60.2
6,S510,doctor,1,62.25
6,S510,doctor,2,49.8
6,S510,doctor,3,1.4999999999999858
6,S517,doctor,1,110.25
6,S517,doctor,2,88.2
6,S517,doctor,3,88.2
6,S518,doctor,1,29.75
6,S518,doctor,2,23.8
6,S521,doctor,1,35.25
6,S525,doctor,1,16.75
6,S529,doctor,1,52.0
6,S539,doctor,1,26.49999288284503
6,S541,doctor,1,57.25
6,S541,doctor,2,45.8
6,S541,doctor,3,23.25
6,S541,doctor,4,2.0
6,S572,doctor,1,64.0
6,S572,doctor,2,23.75
6,S572,doctor,3,9.5
6,S572,doctor,4,4.5
6,S576,doctor,1,162.25
6,S576,doctor,2,81.0
6,S576,doctor,3,32.25
6,S576,doctor,4,16.0
6,S583,doctor,1,31.0
6,S584,doctor,1,29.75
6,S584,doctor,2,23.8
6,S585,doctor,1,43.25
6,S585,doctor,2,34.6
6,S586,doctor,1,56.5
6,S586,doctor,2,45.2
6,S593,doctor,1,63.5
6,S595,doctor,1,30.5
6,S595,doctor,2,24.4
6,S595,doctor,3,24.4
6,S596,doctor,1,39.25
6,S597,doctor,1,39.0
6,S597,doctor,2,31.2
6,S604,doctor,1,17.5
6,S604,doctor,2,14.0
6,S604,doctor,3,14.0
6,S605,doctor,1,14.25
6,S605,doctor,2,11.4
6,S605,doctor,3,11.4
6,S606,doctor,1,16.25
6,S606,doctor,2,13.0
6,S617,doctor,1,174.5
6,S618,doctor,1,17.5
6,S677,doctor,1,25.5
6,S681,doctor,1,162.5
6,S681,doctor,2,130.0
6,S681,doctor,3,20.1
6,S682,doctor,1,7.5
6,S682,doctor,2,6.0
6,S682,doctor,3,6.0
6,S682,doctor,4,6.0
6,S683,doctor,1,7.5
6,S683,doctor,2,6.0
6,S683,doctor,3,6.0
6,S683,doctor,4,6.0
6,S684,doctor,1,41.0
6,S685,doctor,1,32.25
6,S685,doctor,2,25.8
6,S685,doctor,3,25.8
6,S685,doctor,4,25.8
6,S686,doctor,1,31.75
6,S686,doctor,2,25.4
6,S686,doctor,3,25.4
6,S686,doctor,4,25.4
6,S689,doctor,1,27.0
6,S690,doctor,1,39.0
6,S690,doctor,2,31.2
6,S692,doctor,1,32.25
6,S715,doctor,1,12.25
6,S721,doctor,1,59.0
6,S727,doctor,1,9.5
6,S727,doctor,2,7.6
6,S727,doctor,3,7.6
6,S729,doctor,1,21.5
6,S729,doctor,2,11.75
6,S729,doctor,3,4.5
6,S729,doctor,4,2.25
6,S756,doctor,1,37.25
6,S756,doctor,2,24.25
6,S756,doctor,3,6.0
6,S757,doctor,1,15.0
6,S802,doctor,1,161.0
6,S802,doctor,2,64.05
6,S802,doctor,3,21.8
6,S802,doctor,4,7.8
6,JH_H007,nurse,1,0.5000000000000071
6,JH_H010,nurse,1,0.5
6,S008,nurse,1,34.375
6,S008,nurse,2,2.4750000000000014
6,S015,nurse,1,41.5
6,S015,nurse,2,27.493750000000002
6,S015,nurse,3,27.493750000000002
6,S015,nurse,4,27.493750000000002
6,S068,nurse,1,3.75
6,S071,nurse,1,12.5
6,S074,nurse,1,119.25
6,S078,nurse,1,45.0
6,S078,nurse,2,9.0
6,S079,nurse,1,15.0
6,S079,nurse,2,9.387499999999989
6,S080,nurse,1,15.0
6,S080,nurse,2,9.9375
6,S081,nurse,1,15.0
6,S081,nurse,2,3.0
6,S082,nurse,1,47.5
6,S082,nurse,2,31.46875
6,S082,nurse,3,31.46875
6,S082,nurse,4,27.125
6,S083,nurse,1,5.875
6,S086,nurse,1,15.5
6,S086,nurse,2,10.268749999999999
6,S086,nurse,3,10.268749999999999
6,S086,nurse,4,10.268663381360865
6,S111,nurse,1,389.2854464438444
6,S111,nurse,2,56.95000000000003
6,S112,nurse,1,122.0
6,S112,nurse,2,24.4
6,S124,nurse,1,30.25
6,S124,nurse,2,0.1750000000000007
6,S125,nurse,1,103.5
6,S125,nurse,2,68.56875000000001
6,S125,nurse,3,53.23125
6,S125,nurse,4,14.2265625
6,S126,nurse,1,53.0
6,S395,nurse,1,109.75
6,S395,nurse,2,45.21875249100424
6,S395,nurse,3,10.375
6,S395,nurse,4,5.125
6,S403,nurse,1,15.0
6,S403,nurse,2,9.9375
6,S403,nurse,3,4.09375
6,S403,nurse,4,3.0
6,S446,nurse,1,30.75
6,S446,nurse,2,11.1875
6,S446,nurse,3,2.65625
6,S446,nurse,4,1.0
6,S447,nurse,1,16.375
6,S454,nurse,1,24.75
6,S455,nurse,1,3.25
6,S462,nurse,1,43.5
6,S486,nurse,1,251.5
6,S486,nurse,2,166.61875
6,S486,nurse,3,166.61875000000003
6,S486,nurse,4,88.27644640350472
6,S487,nurse,1,150.5
6,S487,nurse,2,37.63637947726777
6,S510,nurse,1,124.5
6,S510,nurse,2,82.48125000000002
6,S510,nurse,3,0.7499999999999929
6,S517,nurse,1,220.5
6,S517,nurse,2,146.08124999999998
6,S517,nurse,3,64.58743676804349
6,S518,nurse,1,59.5
6,S518,nurse,2,39.418749999999996
6,S521,nurse,1,29.75
6,S525,nurse,1,8.375
6,S529,nurse,1,26.0
6,S539,nurse,1,13.249996441422516
6,S541,nurse,1,114.5
6,S541,nurse,2,75.85625000000002
6,S541,nurse,3,24.90625
6,S541,nurse,4,1.0
6,S572,nurse,1,75.875
6,S572,nurse,2,28.4375
6,S572,nurse,3,9.65625
6,S572,nurse,4,3.1453125
6,S576,nurse,1,243.375
6,S576,nurse,2,108.125
6,S576,nurse,3,43.125
6,S576,nurse,4,21.5
6,S583,nurse,1,15.5
6,S584,nurse,1,59.5
6,S584,nurse,2,39.418749999999996
6,S585,nurse,1,86.5
6,S585,nurse,2,57.30624999999999
6,S586,nurse,1,113.0
6,S586,nurse,2,74.8625
6,S593,nurse,1,31.75
6,S595,nurse,1,61.0
6,S595,nurse,2,40.41250000000001
6,S595,nurse,3,12.2
6,S596,nurse,1,19.625
6,S597,nurse,1,78.0
6,S597,nurse,2,51.675000000000004
6,S604,nurse,1,35.0
6,S604,nurse,2,23.1875
6,S604,nurse,3,23.1875
6,S605,nurse,1,28.5
6,S605,nurse,2,18.881249999999998
6,S605,nurse,3,18.881249999999998
6,S606,nurse,1,32.5
6,S606,nurse,2,6.5
6,S617,nurse,1,87.25
6,S618,nurse,1,8.75
6,S677,nurse,1,12.75
6,S681,nurse,1,325.0
6,S681,nurse,2,140.56875
6,S681,nurse,3,10.05
6,S682,nurse,1,15.0
6,S682,nurse,2,9.9375
6,S682,nurse,3,9.9375
6,S682,nurse,4,9.9375
6,S683,nurse,1,15.0
6,S683,nurse,2,9.9375
6,S683,nurse,3,9.9375
6,S683,nurse,4,9.9375
6,S684,nurse,1,20.5
6,S685,nurse,1,64.5
6,S685,nurse,2,42.731249999999996
6,S685,nurse,3,42.731249999999996
6,S685,nurse,4,42.731249999999996
6,S686,nurse,1,63.5
6,S686,nurse,2,42.06875000000001
6,S686,nurse,3,42.06875000000001
6,S686,nurse,4,42.06875000000001
6,S689,nurse,1,13.5
6,S690,nurse,1,78.0
6,S690,nurse,2,51.675000000000004
6,S692,nurse,1,16.125
6,S715,nurse,1,6.125
6,S721,nurse,1,29.5
6,S727,nurse,1,19.0
6,S727,nurse,2,12.587500000000002
6,S727,nurse,3,12.587500000000002
6,S729,nurse,1,28.875
6,S729,nurse,2,10.96875
6,S729,nurse,3,2.25
6,S729,nurse,4,1.125
6,S756,nurse,1,56.625
6,S756,nurse,2,20.875
6,S756,nurse,3,3.0
6,S757,nurse,1,7.5
6,S802,nurse,1,168.25
6,S802,nurse,2,48.293749999999996
6,S802,nurse,3,10.9
6,S802,nurse,4,3.9
7,JH_H002,doctor,1,12.039872827280675
7,JH_H003,doctor,1,19.5
7,JH_H004,doctor,1,7.5
7,JH_H006,doctor,1,5.5
7,JH_H007,doctor,1,3.75
7,JH_H008,doctor,1,1.5000000000000044
7,JH_H009,doctor,1,0.5
7,JH_H010,doctor,1,0.75
7,JH_H011,doctor,1,0.5
7,JH_H012,doctor,1,0.48633383774401295
7,JH_H015,doctor,1,2.5
7,S002,doctor,1,43.5
7,S008,doctor,1,22.75
7,S008,doctor,2,18.2
7,S015,doctor,1,20.75
7,S015,doctor,2,16.6
7,S015,doctor,3,16.6
7,S015,doctor,4,16.6
7,S033,doctor,1,43.5
7,S034,doctor,1,9.75
7,S068,doctor,1,7.5
7,S071,doctor,1,25.0
7,S071,doctor,2,10.7
7,S074,doctor,1,238.5
7,S074,doctor,2,59.75000000000004
7,S078,doctor,1,22.5
7,S078,doctor,2,18.0
7,S079,doctor,1,7.5
7,S079,doctor,2,6.0
7,S080,doctor,1,7.5
7,S080,doctor,2,6.0
7,S080,doctor,3,0.20000000000000284
7,S081,doctor,1,7.5
7,S081,doctor,2,6.0
7,S082,doctor,1,23.75
7,S082,doctor,2,19.0
7,S082,doctor,3,19.0
7,S082,doctor,4,19.0
7,S083,doctor,1,11.75
7,S083,doctor,2,9.4
7,S086,doctor,1,7.75
7,S086,doctor,2,6.2
7,S086,doctor,3,6.2
7,S086,doctor,4,6.2
7,S109,doctor,1,44.25
7,S111,doctor,1,202.0
7,S111,doctor,2,161.6
7,S112,doctor,1,61.0
7,S112,doctor,2,48.8
7,S124,doctor,1,50.0
7,S124,doctor,2,40.0
7,S125,doctor,1,51.75
7,S125,doctor,2,41.4
7,S125,doctor,3,41.4
7,S125,doctor,4,41.4
7,S126,doctor,1,106.0
7,S126,doctor,2,19.250000000000007
7,S395,doctor,1,68.0
7,S395,doctor,2,54.4
7,S395,doctor,3,31.75
7,S395,doctor,4,15.75
7,S402,doctor,1,9.75
7,S403,doctor,1,7.5
7,S403,doctor,2,6.0
7,S403,doctor,3,6.0
7,S403,doctor,4,6.0
7,S406,doctor,1,30.75
7,S446,doctor,1,39.75
7,S446,doctor,2,16.5
7,S446,doctor,3,6.5
7,S446,doctor,4,3.25
7,S447,doctor,1,32.75
7,S447,doctor,2,25.1
7,S454,doctor,1,49.5
7,S454,doctor,2,39.6
7,S455,doctor,1,44.0
7,S462,doctor,1,87.0
7,S462,doctor,2,69.6
7,S469,doctor,1,62.25
7,S471,doctor,1,117.25
7,S477,doctor,1,57.0
7,S478,doctor,1,54.0
7,S486,doctor,1,125.75
7,S486,doctor,2,100.6
7,S486,doctor,3,100.6
7,S486,doctor,4,100.6
7,S487,doctor,1,75.25
7,S487,doctor,2,60.2
7,S488,doctor,1,221.75
7,S510,doctor,1,62.25
7,S510,doctor,2,49.8
7,S510,doctor,3,49.8
7,S517,doctor,1,110.25
7,S517,doctor,2,88.2
7,S517,doctor,3,88.2
7,S517,doctor,4,40.85
7,S518,doctor,1,29.75
7,S518,doctor,2,23.8
7,S518,doctor,3,20.999999999999993
7,S521,doctor,1,35.25
7,S521,doctor,2,28.2
7,S525,doctor,1,16.75
7,S525,doctor,2,13.4
7,S526,doctor,1,9.75
7,S529,doctor,1,52.0
7,S529,doctor,2,41.6
7,S539,doctor,1,30.0
7,S541,doctor,1,57.25
7,S541,doctor,2,45.8
7,S541,doctor,3,45.8
7,S541,doctor,4,13.5
7,S550,doctor,1,1.9999882279072478
7,S564,doctor,1,65.25
7,S565,doctor,1,25.25
7,S568,doctor,1,73.25
7,S569,doctor,1,125.75
7,S572,doctor,1,110.0
7,S572,doctor,2,37.3
7,S572,doctor,3,14.5
7,S572,doctor,4,7.25
7,S576,doctor,1,162.25
7,S576,doctor,2,124.5
7,S576,doctor,3,49.75
7,S576,doctor,4,24.75
7,S583,doctor,1,31.0
7,S583,doctor,2,24.8
7,S584,doctor,1,29.75
7,S584,doctor,2,23.8
7,S584,doctor,3,23.8
7,S585,doctor,1,43.25
7,S585,doctor,2,34.6
7,S586,doctor,1,56.5
7,S586,doctor,2,45.2
7,S586,doctor,3,45.2
7,S587,doctor,1,37.25
7,S588,doctor,1,57.75
7,S589,doctor,1,55.75
7,S593,doctor,1,63.5
7,S593,doctor,2,50.8
7,S595,doctor,1,30.5
7,S595,doctor,2,24.4
7,S595,doctor,3,24.4
7,S596,doctor,1,39.25
7,S596,doctor,2,31.4
7,S597,doctor,1,39.0
7,S597,doctor,2,31.2
7,S602,doctor,1,42.75
7,S603,doctor,1,29.75
7,S604,doctor,1,17.5
7,S604,doctor,2,14.0
7,S604,doctor,3,14.0
7,S604,doctor,4,14.0
7,S605,doctor,1,14.25
7,S605,doctor,2,11.4
7,S605,doctor,3,11.4
7,S605,doctor,4,11.4
7,S606,doctor,1,16.25
7,S606,doctor,2,13.0
7,S617,doctor,1,186.5
7,S618,doctor,1,17.5
7,S618,doctor,2,14.0
7,S625,doctor,1,83.0
7,S626,doctor,1,40.25
7,S675,doctor,1,27.75
7,S677,doctor,1,25.5
7,S677,doctor,2,20.4
7,S681,doctor,1,162.5
7,S681,doctor,2,130.0
7,S681,doctor,3,59.35
7,S681,doctor,4,2.8500000000000014
7,S682,doctor,1,7.5
7,S682,doctor,2,6.0
7,S682,doctor,3,6.0
7,S682,doctor,4,6.0
7,S683,doctor,1,7.5
7,S683,doctor,2,6.0
7,S683,doctor,3,6.0
7,S683,doctor,4,6.0
7,S684,doctor,1,41.0
7,S685,doctor,1,32.25
7,S685,doctor,2,25.8
7,S685,doctor,3,25.8
7,S685,doctor,4,25.8
7,S686,doctor,1,31.75
7,S686,doctor,2,25.4
7,S686,doctor,3,25.4
7,S686,doctor,4,25.4
7,S688,doctor,1,32.25
7,S689,doctor,1,27.0
7,S689,doctor,2,21.6
7,S690,doctor,1,39.0
7,S690,doctor,2,31.2
7,S690,doctor,3,31.2
7,S692,doctor,1,40.0
7,S715,doctor,1,12.25
7,S721,doctor,1,59.0
7,S721,doctor,2,34.349999999999994
7,S722,doctor,1,5.5
7,S727,doctor,1,9.5
7,S727,doctor,2,7.6
7,S727,doctor,3,7.6
7,S727,doctor,4,7.6
7,S729,doctor,1,21.5
7,S729,doctor,2,17.2
7,S729,doctor,3,7.25
7,S729,doctor,4,3.5
7,S756,doctor,1,37.25
7,S756,doctor,2,29.8
7,S756,doctor,3,12.5
7,S756,doctor,4,3.25
7,S757,doctor,1,146.0
7,S802,doctor,1,251.25
7,S802,doctor,2,101.8
7,S802,doctor,3,36.8
7,S802,doctor,4,15.3
7,JH_H007,nurse,1,0.5
7,JH_H010,nurse,1,0.5
7,S002,nurse,1,21.75
7,S008,nurse,1,45.5
7,S008,nurse,2,28.17499999999999
7,S015,nurse,1,41.5
7,S015,nurse,2,27.493750000000002
7,S015,nurse,3,27.493750000000002
7,S015,nurse,4,27.493750000000002
7,S033,nurse,1,21.75
7,S034,nurse,1,4.875
7,S068,nurse,1,3.75
7,S071,nurse,1,27.125
7,S071,nurse,2,5.35
7,S074,nurse,1,372.3359217657146
7,S074,nurse,2,29.87500000000002
7,S078,nurse,1,45.0
7,S078,nurse,2,29.8125
7,S079,nurse,1,15.0
7,S079,nurse,2,9.9375
7,S080,nurse,1,15.0
7,S080,nurse,2,9.9375
7,S080,nurse,3,0.10000000000000142
7,S081,nurse,1,15.0
7,S081,nurse,2,9.9375
7,S082,nurse,1,47.5
7,S082,nurse,2,31.46875
7,S082,nurse,3,31.46875
7,S082,nurse,4,31.46875
7,S083,nurse,1,23.5
7,S083,nurse,2,4.7
7,S086,nurse,1,15.5
7,S086,nurse,2,10.268749999999999
7,S086,nurse,3,10.268749999999999
7,S086,nurse,4,10.268749999999999
7,S109,nurse,1,22.125
7,S111,nurse,1,404.0
7,S111,nurse,2,267.65000000000003
7,S112,nurse,1,122.0
7,S112,nurse,2,80.82500000000002
7,S124,nurse,1,100.0
7,S124,nurse,2,27.381249999999994
7,S125,nurse,1,103.5
7,S125,nurse,2,68.56875000000001
7,S125,nurse,3,68.56875000000001
7,S125,nurse,4,38.9265625
7,S126,nurse,1,106.0
7,S126,nurse,2,9.625000000000004
7,S395,nurse,1,136.0
7,S395,nurse,2,69.66875
7,S395,nurse,3,20.109375
7,S395,nurse,4,7.875
7,S402,nurse,1,4.875
7,S403,nurse,1,15.0
7,S403,nurse,2,9.9375
7,S403,nurse,3,9.593749793988376
7,S403,nurse,4,3.0
7,S406,nurse,1,15.375
7,S446,nurse,1,49.25
7,S446,nurse,2,18.8125
7,S446,nurse,3,5.78125
7,S446,nurse,4,1.625
7,S447,nurse,1,45.75
7,S447,nurse,2,12.55
7,S454,nurse,1,99.0
7,S454,nurse,2,19.8
7,S455,nurse,1,22.0
7,S462,nurse,1,174.0
7,S462,nurse,2,34.8
7,S469,nurse,1,31.125
7,S471,nurse,1,58.625
7,S477,nurse,1,28.5
7,S478,nurse,1,27.0
7,S486,nurse,1,251.5
7,S486,nurse,2,166.61875000000003
7,S486,nurse,3,166.61875
7,S486,nurse,4,165.2344694780559
7,S487,nurse,1,150.5
7,S487,nurse,2,99.70624999999998
7,S488,nurse,1,110.875
7,S510,nurse,1,124.5
7,S510,nurse,2,82.48125000000002
7,S510,nurse,3,57.447550869589
7,S517,nurse,1,220.5
7,S517,nurse,2,146.08124999999998
7,S517,nurse,3,146.08124999999998
7,S517,nurse,4,20.425
7,S518,nurse,1,59.5
7,S518,nurse,2,39.418749999999996
7,S518,nurse,3,10.499999999999996
7,S521,nurse,1,70.5
7,S521,nurse,2,42.68125000000001
7,S525,nurse,1,33.5
7,S525,nurse,2,6.7
7,S526,nurse,1,4.875
7,S529,nurse,1,104.0
7,S529,nurse,2,20.8
7,S539,nurse,1,15.0
7,S541,nurse,1,114.5
7,S541,nurse,2,75.85625000000002
7,S541,nurse,3,55.18125
7,S541,nurse,4,11.90625
7,S550,nurse,1,0.9999941139536239
7,S564,nurse,1,32.625
7,S565,nurse,1,12.625
7,S568,nurse,1,36.625
7,S569,nurse,1,62.875
7,S572,nurse,1,124.375
7,S572,nurse,2,45.8375
7,S572,nurse,3,16.40625
7,S572,nurse,4,6.6453125
7,S576,nurse,1,324.5
7,S576,nurse,2,166.0
7,S576,nurse,3,66.375
7,S576,nurse,4,33.125
7,S583,nurse,1,62.0
7,S583,nurse,2,12.4
7,S584,nurse,1,59.5
7,S584,nurse,2,39.418749999999996
7,S584,nurse,3,11.9
7,S585,nurse,1,86.5
7,S585,nurse,2,57.30624999999999
7,S586,nurse,1,113.0
7,S586,nurse,2,74.8625
7,S586,nurse,3,22.6
7,S587,nurse,1,18.625
7,S588,nurse,1,28.875
7,S589,nurse,1,27.875
7,S593,nurse,1,127.0
7,S593,nurse,2,25.4
7,S595,nurse,1,61.0
7,S595,nurse,2,40.41250000000001
7,S595,nurse,3,40.41250000000001
7,S596,nurse,1,78.5
7,S596,nurse,2,20.579673038927154
7,S597,nurse,1,78.0
7,S597,nurse,2,51.675000000000004
7,S602,nurse,1,21.375
7,S603,nurse,1,14.875
7,S604,nurse,1,35.0
7,S604,nurse,2,23.1875
7,S604,nurse,3,23.1875
7,S604,nurse,4,7.0
7,S605,nurse,1,28.5
7,S605,nurse,2,18.881249999999998
7,S605,nurse,3,18.881249999999998
7,S605,nurse,4,5.7
7,S606,nurse,1,32.5
7,S606,nurse,2,21.53125
7,S617,nurse,1,93.25
7,S618,nurse,1,35.0
7,S618,nurse,2,7.0
7,S625,nurse,1,41.5
7,S626,nurse,1,20.125
7,S675,nurse,1,13.875
7,S677,nurse,1,51.0
7,S677,nurse,2,10.2
7,S681,nurse,1,325.0
7,S681,nurse,2,215.3125
7,S681,nurse,3,47.21249999999999
7,S681,nurse,4,1.4250000000000007
7,S682,nurse,1,15.0
7,S682,nurse,2,9.9375
7,S682,nurse,3,9.9375
7,S682,nurse,4,9.9375
7,S683,nurse,1,15.0
7,S683,nurse,2,9.9375
7,S683,nurse,3,9.9375
7,S683,nurse,4,9.9375
7,S684,nurse,1,20.5
7,S685,nurse,1,64.5
7,S685,nurse,2,42.731249999999996
7,S685,nurse,3,42.731249999999996
7,S685,nurse,4,42.731249999999996
7,S686,nurse,1,63.5
7,S686,nurse,2,42.06875000000001
7,S686,nurse,3,42.06875000000001
7,S686,nurse,4,42.06875000000001
7,S688,nurse,1,16.125
7,S689,nurse,1,54.0
7,S689,nurse,2,10.8
7,S690,nurse,1,78.0
7,S690,nurse,2,51.675000000000004
7,S690,nurse,3,15.6
7,S692,nurse,1,25.75
7,S715,nurse,1,6.125
7,S721,nurse,1,114.375
7,S721,nurse,2,17.174999999999997
7,S722,nurse,1,2.75
7,S727,nurse,1,19.0
7,S727,nurse,2,12.587500000000002
7,S727,nurse,3,12.587500000000002
7,S727,nurse,4,3.8
7,S729,nurse,1,41.625
7,S729,nurse,2,18.94375
7,S729,nurse,3,5.171875
7,S729,nurse,4,1.75
7,S756,nurse,1,74.5
7,S756,nurse,2,37.15000412023246
7,S756,nurse,3,6.25
7,S756,nurse,4,1.625
7,S757,nurse,1,73.0
7,S802,nurse,1,288.75
7,S802,nurse,2,98.66874999999999
7,S802,nurse,3,18.4
7,S802,nurse,4,7.65
8,JH_H002,doctor,1,14.280888126822646
8,JH_H003,doctor,1,19.5
8,JH_H004,doctor,1,7.5
8,JH_H006,doctor,1,5.5
8,JH_H007,doctor,1,3.7500000000000107
8,JH_H008,doctor,1,1.5
8,JH_H009,doctor,1,0.5
8,JH_H010,doctor,1,0.75
8,JH_H011,doctor,1,0.5
8,JH_H012,doctor,1,0.7999821918666452
8,JH_H013,doctor,1,0.18287821558845785
8,JH_H015,doctor,1,2.5
8,S002,doctor,1,43.5
8,S008,doctor,1,22.75
8,S008,doctor,2,18.2
8,S015,doctor,1,20.75
8,S015,doctor,2,16.6
8,S015,doctor,3,16.6
8,S015,doctor,4,16.6
8,S033,doctor,1,16.0
8,S068,doctor,1,7.5
8,S071,doctor,1,25.0
8,S071,doctor,2,4.699999999999999
8,S074,doctor,1,238.5
8,S078,doctor,1,22.5
8,S078,doctor,2,18.0
8,S079,doctor,1,7.5
8,S079,doctor,2,6.0
8,S080,doctor,1,7.5
8,S080,doctor,2,6.0
8,S081,doctor,1,7.5
8,S081,doctor,2,6.0
8,S082,doctor,1,23.75
8,S082,doctor,2,19.0
8,S082,doctor,3,19.0
8,S082,doctor,4,19.0
8,S083,doctor,1,11.75
8,S083,doctor,2,9.4
8,S086,doctor,1,7.75
8,S086,doctor,2,6.2
8,S086,doctor,3,6.2
8,S086,doctor,4,6.2
8,S109,doctor,1,12.5
8,S111,doctor,1,202.0
8,S111,doctor,2,161.6
8,S112,doctor,1,61.0
8,S112,doctor,2,48.8
8,S124,doctor,1,50.0
8,S124,doctor,2,40.0
8,S125,doctor,1,51.75
8,S125,doctor,2,41.4
8,S125,doctor,3,41.4
8,S125,doctor,4,37.25
8,S126,doctor,1,106.0
8,S395,doctor,1,68.0
8,S395,doctor,2,54.4
8,S395,doctor,3,27.75
8,S395,doctor,4,13.75
8,S402,doctor,1,9.75
8,S403,doctor,1,7.5
8,S403,doctor,2,6.0
8,S403,doctor,3,6.0
8,S403,doctor,4,6.0
8,S446,doctor,1,34.75
8,S446,doctor,2,14.5
8,S446,doctor,3,5.75
8,S446,doctor,4,2.75
8,S447,doctor,1,32.75
8,S447,doctor,2,15.350000000000001
8,S454,doctor,1,49.5
8,S454,doctor,2,23.6
8,S455,doctor,1,44.0
8,S462,doctor,1,87.0
8,S462,doctor,2,69.6
8,S469,doctor,1,62.25
8,S477,doctor,1,57.0
8,S478,doctor,1,54.0
8,S486,doctor,1,125.75
8,S486,doctor,2,100.6
8,S486,doctor,3,100.6
8,S486,doctor,4,100.6
8,S487,doctor,1,75.25
8,S487,doctor,2,60.2
8,S488,doctor,1,221.75
8,S510,doctor,1,62.25
8,S510,doctor,2,49.8
8,S510,doctor,3,49.8
8,S517,doctor,1,110.25
8,S517,doctor,2,88.2
8,S517,doctor,3,88.2
8,S517,doctor,4,10.600000000000001
8,S518,doctor,1,29.75
8,S518,doctor,2,23.8
8,S521,doctor,1,35.25
8,S521,doctor,2,28.2
8,S525,doctor,1,16.75
8,S525,doctor,2,13.4
8,S526,doctor,1,9.75
8,S529,doctor,1,52.0
8,S529,doctor,2,41.6
8,S539,doctor,1,30.0
8,S541,doctor,1,57.25
8,S541,doctor,2,45.8
8,S541,doctor,3,38.0
8,S541,doctor,4,9.5
8,S564,doctor,1,29.249989891818974
8,S565,doctor,1,25.25
8,S569,doctor,1,114.5
8,S572,doctor,1,93.25
8,S572,doctor,2,31.75
8,S572,doctor,3,12.75
8,S572,doctor,4,6.25
8,S576,doctor,1,162.25
8,S576,doctor,2,109.0
8,S576,doctor,3,43.5
8,S576,doctor,4,21.75
8,S583,doctor,1,31.0
8,S583,doctor,2,19.700000000000138
8,S584,doctor,1,29.75
8,S584,doctor,2,23.8
8,S585,doctor,1,43.25
8,S585,doctor,2,34.6
8,S586,doctor,1,56.5
8,S586,doctor,2,45.2
8,S586,doctor,3,45.2
8,S587,doctor,1,37.25
8,S588,doctor,1,57.75
8,S589,doctor,1,55.75
8,S593,doctor,1,63.5
8,S595,doctor,1,30.5
8,S595,doctor,2,24.4
8,S595,doctor,3,24.4
8,S596,doctor,1,39.25
8,S596,doctor,2,31.4
8,S597,doctor,1,39.0
8,S597,doctor,2,31.2
8,S602,doctor,1,42.75
8,S603,doctor,1,29.75
8,S604,doctor,1,17.5
8,S604,doctor,2,14.0
8,S604,doctor,3,14.0
8,S604,doctor,4,14.0
8,S605,doctor,1,14.25
8,S605,doctor,2,11.4
8,S605,doctor,3,11.4
8,S605,doctor,4,11.4
8,S606,doctor,1,16.25
8,S606,doctor,2,13.0
8,S617,doctor,1,186.5
8,S618,doctor,1,17.5
8,S677,doctor,1,25.5
8,S677,doctor,2,20.4
8,S681,doctor,1,162.5
8,S681,doctor,2,130.0
8,S681,doctor,3,45.35
8,S682,doctor,1,7.5
8,S682,doctor,2,6.0
8,S682,doctor,3,6.0
8,S682,doctor,4,6.0
8,S683,doctor,1,7.5
8,S683,doctor,2,6.0
8,S683,doctor,3,6.0
8,S683,doctor,4,6.0
8,S684,doctor,1,41.0
8,S685,doctor,1,32.25
8,S685,doctor,2,25.8
8,S685,doctor,3,25.8
8,S685,doctor,4,25.8
8,S686,doctor,1,31.75
8,S686,doctor,2,25.4
8,S686,doctor,3,25.4
8,S686,doctor,4,25.4
8,S689,doctor,1,27.0
8,S690,doctor,1,39.0
8,S690,doctor,2,31.2
8,S690,doctor,3,15.499999999999972
8,S692,doctor,1,40.0
8,S715,doctor,1,12.25
8,S721,doctor,1,59.0
8,S721,doctor,2,14.099999999999998
8,S727,doctor,1,9.5
8,S727,doctor,2,7.6
8,S727,doctor,3,7.6
8,S727,doctor,4,7.6
8,S729,doctor,1,21.5
8,S729,doctor,2,15.75
8,S729,doctor,3,6.25
8,S729,doctor,4,3.0
8,S756,doctor,1,37.25
8,S756,doctor,2,29.8
8,S756,doctor,3,10.25
8,S756,doctor,4,2.0
8,S757,doctor,1,102.75
8,S802,doctor,1,219.0
8,S802,doctor,2,88.3
8,S802,doctor,3,31.55
8,S802,doctor,4,12.55
8,JH_H007,nurse,1,0.5000000000000071
8,JH_H010,nurse,1,0.5
8,S002,nurse,1,21.75
8,S008,nurse,1,45.5
8,S008,nurse,2,11.299999999999988
8,S015,nurse,1,41.5
8,S015,nurse,2,27.493750000000002
8,S015,nurse,3,27.493750000000002
8,S015,nurse,4,27.493750000000002
8,S033,nurse,1,8.0
8,S068,nurse,1,3.75
8,S071,nurse,1,15.5
8,S071,nurse,2,2.3499999999999996
8,S074,nurse,1,119.25
8,S078,nurse,1,45.0
8,S078,nurse,2,29.8125
8,S079,nurse,1,15.0
8,S079,nurse,2,9.9375
8,S080,nurse,1,15.0
8,S080,nurse,2,9.9375
8,S081,nurse,1,15.0
8,S081,nurse,2,9.9375
8,S082,nurse,1,47.5
8,S082,nurse,2,31.46875
8,S082,nurse,3,31.46875
8,S082,nurse,4,31.46875
8,S083,nurse,1,23.5
8,S083,nurse,2,4.7
8,S086,nurse,1,15.5
8,S086,nurse,2,10.268749999999999
8,S086,nurse,3,10.268749999999999
8,S086,nurse,4,10.268749999999999
8,S109,nurse,1,6.25
8,S111,nurse,1,404.0
8,S111,nurse,2,174.55251885992777
8,S112,nurse,1,122.0
8,S112,nurse,2,80.82500000000002
8,S124,nurse,1,100.0
8,S124,nurse,2,20.0
8,S125,nurse,1,103.5
8,S125,nurse,2,68.56875000000001
8,S125,nurse,3,68.56875000000001
8,S125,nurse,4,30.9765625
8,S126,nurse,1,53.0
8,S395,nurse,1,136.0
8,S395,nurse,2,61.41875353786337
8,S395,nurse,3,14.859374823106833
8,S395,nurse,4,6.875
8,S402,nurse,1,4.875
8,S403,nurse,1,15.0
8,S403,nurse,2,9.9375
8,S403,nurse,3,7.59375
8,S403,nurse,4,3.0
8,S446,nurse,1,42.625
8,S446,nurse,2,16.1875
8,S446,nurse,3,4.65625
8,S446,nurse,4,1.375
8,S447,nurse,1,25.75
8,S447,nurse,2,7.675000000000001
8,S454,nurse,1,81.5
8,S454,nurse,2,11.8
8,S455,nurse,1,22.0
8,S462,nurse,1,174.0
8,S462,nurse,2,34.8
8,S469,nurse,1,31.125
8,S477,nurse,1,28.5
8,S478,nurse,1,27.0
8,S486,nurse,1,251.5
8,S486,nurse,2,166.61875000000003
8,S486,nurse,3,166.61875000000003
8,S486,nurse,4,139.704321551903
8,S487,nurse,1,150.5
8,S487,nurse,2,99.70624999999998
8,S488,nurse,1,110.875
8,S510,nurse,1,124.5
8,S510,nurse,2,82.48125000000002
8,S510,nurse,3,24.9
8,S517,nurse,1,220.5
8,S517,nurse,2,146.08124999999998
8,S517,nurse,3,146.08124999999998
8,S517,nurse,4,5.300000000000001
8,S518,nurse,1,59.5
8,S518,nurse,2,39.418749999999996
8,S521,nurse,1,70.5
8,S521,nurse,2,14.1
8,S525,nurse,1,33.5
8,S525,nurse,2,6.7
8,S526,nurse,1,4.875
8,S529,nurse,1,104.0
8,S529,nurse,2,20.8
8,S539,nurse,1,15.0
8,S541,nurse,1,114.5
8,S541,nurse,2,75.85625000000002
8,S541,nurse,3,44.53125
8,S541,nurse,4,6.53125
8,S564,nurse,1,14.624994945909487
8,S565,nurse,1,12.625
8,S569,nurse,1,57.25
8,S572,nurse,1,106.75
8,S572,nurse,2,39.3125
8,S572,nurse,3,14.03125
8,S572,nurse,4,5.3953125
8,S576,nurse,1,299.25
8,S576,nurse,2,145.375
8,S576,nurse,3,58.0
8,S576,nurse,4,29.0
8,S583,nurse,1,62.0
8,S583,nurse,2,9.850000000000069
8,S584,nurse,1,59.5
8,S584,nurse,2,39.418749999999996
8,S585,nurse,1,86.5
8,S585,nurse,2,57.30624999999999
8,S586,nurse,1,113.0
8,S586,nurse,2,74.8625
8,S586,nurse,3,22.6
8,S587,nurse,1,18.625
8,S588,nurse,1,28.875
8,S589,nurse,1,27.875
8,S593,nurse,1,127.0
8,S595,nurse,1,61.0
8,S595,nurse,2,40.41250000000001
8,S595,nurse,3,22.056390114638585
8,S596,nurse,1,78.5
8,S596,nurse,2,15.7
8,S597,nurse,1,78.0
8,S597,nurse,2,51.675000000000004
8,S602,nurse,1,21.375
8,S603,nurse,1,14.875
8,S604,nurse,1,35.0
8,S604,nurse,2,23.1875
8,S604,nurse,3,23.1875
8,S604,nurse,4,7.0
8,S605,nurse,1,28.5
8,S605,nurse,2,18.881249999999998
8,S605,nurse,3,18.881249999999998
8,S605,nurse,4,5.7
8,S606,nurse,1,32.5
8,S606,nurse,2,21.53125
8,S617,nurse,1,93.25
8,S618,nurse,1,8.75
8,S677,nurse,1,51.0
8,S677,nurse,2,10.2
8,S681,nurse,1,325.0
8,S681,nurse,2,193.31875
8,S681,nurse,3,28.462499999999995
8,S682,nurse,1,15.0
8,S682,nurse,2,9.9375
8,S682,nurse,3,9.9375
8,S682,nurse,4,9.9375
8,S683,nurse,1,15.0
8,S683,nurse,2,9.9375
8,S683,nurse,3,9.9375
8,S683,nurse,4,9.9375
8,S684,nurse,1,20.5
8,S685,nurse,1,64.5
8,S685,nurse,2,42.731249999999996
8,S685,nurse,3,42.731249999999996
8,S685,nurse,4,42.731249999999996
8,S686,nurse,1,63.5
8,S686,nurse,2,42.06875000000001
8,S686,nurse,3,42.06875000000001
8,S686,nurse,4,42.06875000000001
8,S689,nurse,1,30.20127104628891
8,S690,nurse,1,78.0
8,S690,nurse,2,51.675000000000004
8,S690,nurse,3,7.749999999999986
8,S692,nurse,1,20.0
8,S715,nurse,1,6.125
8,S721,nurse,1,73.75
8,S721,nurse,2,7.049999999999999
8,S727,nurse,1,19.0
8,S727,nurse,2,12.587500000000002
8,S727,nurse,3,12.587500000000002
8,S727,nurse,4,3.8
8,S729,nurse,1,37.0
8,S729,nurse,2,16.34375
8,S729,nurse,3,3.921875
8,S729,nurse,4,1.5
8,S756,nurse,1,74.5
8,S756,nurse,2,32.275
8,S756,nurse,3,5.125
8,S756,nurse,4,1.0
8,S757,nurse,1,51.375
8,S802,nurse,1,245.625
8,S802,nurse,2,80.66874999999999
8,S802,nurse,3,15.775
8,S802,nurse,4,6.275
9,JH_H002,doctor,1,12.803220791664302
9,JH_H003,doctor,1,19.5
9,JH_H004,doctor,1,7.5
9,JH_H006,doctor,1,5.5
9,JH_H007,doctor,1,3.750000000000014
9,JH_H008,doctor,1,1.5
9,JH_H009,doctor,1,0.5
9,JH_H010,doctor,1,0.75
9,JH_H011,doctor,1,0.5
9,JH_H012,doctor,1,0.5931706061947786
9,JH_H013,doctor,1,0.012060581202170795
9,JH_H015,doctor,1,2.5
9,S002,doctor,1,43.5
9,S008,doctor,1,22.75
9,S008,doctor,2,18.2
9,S015,doctor,1,20.75
9,S015,doctor,2,16.6
9,S015,doctor,3,16.6
9,S015,doctor,4,16.6
9,S033,doctor,1,40.5
9,S068,doctor,1,7.5
9,S071,doctor,1,25.0
9,S071,doctor,2,8.7
9,S074,doctor,1,238.5
9,S074,doctor,2,8.250000000000036
9,S078,doctor,1,22.5
9,S078,doctor,2,18.0
9,S079,doctor,1,7.5
9,S079,doctor,2,6.0
9,S080,doctor,1,7.5
9,S080,doctor,2,6.0
9,S081,doctor,1,7.5
9,S081,doctor,2,6.0
9,S082,doctor,1,23.75
9,S082,doctor,2,19.0
9,S082,doctor,3,19.0
9,S082,doctor,4,19.0
9,S083,doctor,1,11.75
9,S083,doctor,2,9.4
9,S086,doctor,1,7.75
9,S086,doctor,2,6.2
9,S086,doctor,3,6.2
9,S086,doctor,4,6.2
9,S109,doctor,1,44.25
9,S111,doctor,1,202.0
9,S111,doctor,2,161.6
9,S112,doctor,1,61.0
9,S112,doctor,2,48.8
9,S124,doctor,1,50.0
9,S124,doctor,2,40.0
9,S125,doctor,1,51.75
9,S125,doctor,2,41.4
9,S125,doctor,3,41.4
9,S125,doctor,4,41.4
9,S126,doctor,1,106.0
9,S126,doctor,2,7.250000000000007
9,S395,doctor,1,68.0
9,S395,doctor,2,54.4
9,S395,doctor,3,30.5
9,S395,doctor,4,15.0
9,S402,doctor,1,9.75
9,S403,doctor,1,7.5
9,S403,doctor,2,6.0
9,S403,doctor,3,6.0
9,S403,doctor,4,6.0
9,S406,doctor,1,30.75
9,S446,doctor,1,38.0
9,S446,doctor,2,15.75
9,S446,doctor,3,6.25
9,S446,doctor,4,3.0
9,S447,doctor,1,32.75
9,S447,doctor,2,21.85
9,S454,doctor,1,49.5
9,S454,doctor,2,39.6
9,S455,doctor,1,44.0
9,S462,doctor,1,87.0
9,S462,doctor,2,69.6
9,S469,doctor,1,62.25
9,S471,doctor,1,117.25
9,S477,doctor,1,57.0
9,S478,doctor,1,54.0
9,S486,doctor,1,125.75
9,S486,doctor,2,100.6
9,S486,doctor,3,100.6
9,S486,doctor,4,100.6
9,S487,doctor,1,75.25
9,S487,doctor,2,60.2
9,S488,doctor,1,221.75
9,S510,doctor,1,62.25
9,S510,doctor,2,49.8
9,S510,doctor,3,49.8
9,S517,doctor,1,110.25
9,S517,doctor,2,88.2
9,S517,doctor,3,88.2
9,S517,doctor,4,30.6
9,S518,doctor,1,29.75
9,S518,doctor,2,23.8
9,S518,doctor,3,0.4999999999999929
9,S521,doctor,1,35.25
9,S521,doctor,2,28.2
9,S525,doctor,1,16.75
9,S525,doctor,2,13.4
9,S526,doctor,1,9.75
9,S529,doctor,1,52.0
9,S529,doctor,2,41.6
9,S539,doctor,1,30.0
9,S541,doctor,1,57.25
9,S541,doctor,2,45.8
9,S541,doctor,3,43.25
9,S541,doctor,4,12.0
9,S564,doctor,1,54.24998879610891
9,S565,doctor,1,25.25
9,S568,doctor,1,44.5
9,S569,doctor,1,125.75
9,S572,doctor,1,104.25
9,S572,doctor,2,34.8
9,S572,doctor,3,13.75
9,S572,doctor,4,6.75
9,S576,doctor,1,162.25
9,S576,doctor,2,119.25
9,S576,doctor,3,47.5
9,S576,doctor,4,23.75
9,S583,doctor,1,31.0
9,S583,doctor,2,24.8
9,S584,doctor,1,29.75
9,S584,doctor,2,23.8
9,S584,doctor,3,23.8
9,S585,doctor,1,43.25
9,S585,doctor,2,34.6
9,S586,doctor,1,56.5
9,S586,doctor,2,45.2
9,S586,doctor,3,45.2
9,S587,doctor,1,37.25
9,S588,doctor,1,57.75
9,S589,doctor,1,55.75
9,S593,doctor,1,63.5
9,S593,doctor,2,50.8
9,S595,doctor,1,30.5
9,S595,doctor,2,24.4
9,S595,doctor,3,24.4
9,S596,doctor,1,39.25
9,S596,doctor,2,31.4
9,S597,doctor,1,39.0
9,S597,doctor,2,31.2
9,S602,doctor,1,42.75
9,S603,doctor,1,29.75
9,S604,doctor,1,17.5
9,S604,doctor,2,14.0
9,S604,doctor,3,14.0
9,S604,doctor,4,14.0
9,S605,doctor,1,14.25
9,S605,doctor,2,11.4
9,S605,doctor,3,11.4
9,S605,doctor,4,11.4
9,S606,doctor,1,16.25
9,S606,doctor,2,13.0
9,S617,doctor,1,186.5
9,S618,doctor,1,17.5
9,S618,doctor,2,14.0
9,S625,doctor,1,59.75
9,S677,doctor,1,25.5
9,S677,doctor,2,20.4
9,S681,doctor,1,162.5
9,S681,doctor,2,130.0
9,S681,doctor,3,54.6
9,S681,doctor,4,0.6000000000000014
9,S682,doctor,1,7.5
9,S682,doctor,2,6.0
9,S682,doctor,3,6.0
9,S682,doctor,4,6.0
9,S683,doctor,1,7.5
9,S683,doctor,2,6.0
9,S683,doctor,3,6.0
9,S683,doctor,4,6.0
9,S684,doctor,1,41.0
9,S685,doctor,1,32.25
9,S685,doctor,2,25.8
9,S685,doctor,3,25.8
9,S685,doctor,4,25.8
9,S686,doctor,1,31.75
9,S686,doctor,2,25.4
9,S686,doctor,3,25.4
9,S686,doctor,4,25.4
9,S689,doctor,1,27.0
9,S689,doctor,2,21.6
9,S690,doctor,1,39.0
9,S690,doctor,2,31.2
9,S690,doctor,3,31.2
9,S692,doctor,1,40.0
9,S715,doctor,1,12.25
9,S721,doctor,1,59.0
9,S721,doctor,2,27.349999999999998
9,S727,doctor,1,9.5
9,S727,doctor,2,7.6
9,S727,doctor,3,7.6
9,S727,doctor,4,7.6
9,S729,doctor,1,21.5
9,S729,doctor,2,17.2
9,S729,doctor,3,6.75
9,S729,doctor,4,3.25
9,S756,doctor,1,37.25
9,S756,doctor,2,29.8
9,S756,doctor,3,11.75
9,S756,doctor,4,2.75
9,S757,doctor,1,134.75
9,S802,doctor,1,240.25
9,S802,doctor,2,97.05
9,S802,doctor,3,35.05
9,S802,doctor,4,14.3
9,JH_H007,nurse,1,0.5000000000000071
9,JH_H010,nurse,1,0.5
9,S002,nurse,1,21.75
9,S008,nurse,1,45.5
9,S008,nurse,2,22.42499999999999
9,S015,nurse,1,41.5
9,S015,nurse,2,27.493750000000002
9,S015,nurse,3,27.493750000000002
9,S015,nurse,4,27.493750000000002
9,S033,nurse,1,20.25
9,S068,nurse,1,3.75
9,S071,nurse,1,23.125
9,S071,nurse,2,4.35
9,S074,nurse,1,269.1622679537296
9,S074,nurse,2,4.125000000000018
9,S078,nurse,1,45.0
9,S078,nurse,2,29.8125
9,S079,nurse,1,15.0
9,S079,nurse,2,9.9375
9,S080,nurse,1,15.0
9,S080,nurse,2,9.9375
9,S081,nurse,1,15.0
9,S081,nurse,2,9.9375
9,S082,nurse,1,47.5
9,S082,nurse,2,31.46875
9,S082,nurse,3,31.46875
9,S082,nurse,4,31.46875
9,S083,nurse,1,23.5
9,S083,nurse,2,4.7
9,S086,nurse,1,15.5
9,S086,nurse,2,10.268749999999999
9,S086,nurse,3,10.268749999999999
9,S086,nurse,4,10.268749999999999
9,S109,nurse,1,22.125
9,S111,nurse,1,404.0
9,S111,nurse,2,254.1320443289125
9,S112,nurse,1,122.0
9,S112,nurse,2,80.82500000000002
9,S124,nurse,1,100.0
9,S124,nurse,2,20.0
9,S125,nurse,1,103.5
9,S125,nurse,2,68.56875000000001
9,S125,nurse,3,68.56875000000001
9,S125,nurse,4,36.9265625
9,S126,nurse,1,82.0
9,S126,nurse,2,3.6250000000000036
9,S395,nurse,1,136.0
9,S395,nurse,2,66.91875392136188
9,S395,nurse,3,18.359374803931907
9,S395,nurse,4,7.5
9,S402,nurse,1,4.875
9,S403,nurse,1,15.0
9,S403,nurse,2,9.9375
9,S403,nurse,3,8.84375
9,S403,nurse,4,3.0
9,S406,nurse,1,15.375
9,S446,nurse,1,47.0
9,S446,nurse,2,17.9375
9,S446,nurse,3,5.40625
9,S446,nurse,4,1.5
9,S447,nurse,1,38.875
9,S447,nurse,2,10.925
9,S454,nurse,1,99.0
9,S454,nurse,2,19.8
9,S455,nurse,1,22.0
9,S462,nurse,1,174.0
9,S462,nurse,2,34.8
9,S469,nurse,1,31.125
9,S471,nurse,1,58.625
9,S477,nurse,1,28.5
9,S478,nurse,1,27.0
9,S486,nurse,1,251.5
9,S486,nurse,2,166.61875000000003
9,S486,nurse,3,166.61875
9,S486,nurse,4,156.59646558099803
9,S487,nurse,1,150.5
9,S487,nurse,2,99.70624999999998
9,S488,nurse,1,110.875
9,S510,nurse,1,124.5
9,S510,nurse,2,82.48125000000002
9,S510,nurse,3,40.18505354163414
9,S517,nurse,1,220.5
9,S517,nurse,2,146.08124999999998
9,S517,nurse,3,146.08124999999998
9,S517,nurse,4,15.3
9,S518,nurse,1,59.5
9,S518,nurse,2,39.418749999999996
9,S518,nurse,3,0.24999999999999645
9,S521,nurse,1,70.5
9,S521,nurse,2,18.056250000000013
9,S525,nurse,1,33.5
9,S525,nurse,2,6.7
9,S526,nurse,1,4.875
9,S529,nurse,1,104.0
9,S529,nurse,2,20.8
9,S539,nurse,1,15.0
9,S541,nurse,1,114.5
9,S541,nurse,2,75.85625000000002
9,S541,nurse,3,51.53125
9,S541,nurse,4,9.90625
9,S564,nurse,1,27.124994398054454
9,S565,nurse,1,12.625
9,S568,nurse,1,22.25
9,S569,nurse,1,62.875
9,S572,nurse,1,118.375
9,S572,nurse,2,43.3375
9,S572,nurse,3,15.53125
9,S572,nurse,4,6.1453125
9,S576,nurse,1,319.75
9,S576,nurse,2,159.0
9,S576,nurse,3,63.5
9,S576,nurse,4,31.75
9,S583,nurse,1,62.0
9,S583,nurse,2,12.4
9,S584,nurse,1,59.5
9,S584,nurse,2,39.418749999999996
9,S584,nurse,3,11.9
9,S585,nurse,1,86.5
9,S585,nurse,2,57.30624999999999
9,S586,nurse,1,113.0
9,S586,nurse,2,74.8625
9,S586,nurse,3,22.6
9,S587,nurse,1,18.625
9,S588,nurse,1,28.875
9,S589,nurse,1,27.875
9,S593,nurse,1,127.0
9,S593,nurse,2,25.4
9,S595,nurse,1,61.0
9,S595,nurse,2,40.41250000000001
9,S595,nurse,3,40.41250000000001
9,S596,nurse,1,78.5
9,S596,nurse,2,15.7
9,S597,nurse,1,78.0
9,S597,nurse,2,51.675000000000004
9,S602,nurse,1,21.375
9,S603,nurse,1,14.875
9,S604,nurse,1,35.0
9,S604,nurse,2,23.1875
9,S604,nurse,3,23.1875
9,S604,nurse,4,7.0
9,S605,nurse,1,28.5
9,S605,nurse,2,18.881249999999998
9,S605,nurse,3,18.881249999999998
9,S605,nurse,4,5.7
9,S606,nurse,1,32.5
9,S606,nurse,2,21.53125
9,S617,nurse,1,93.25
9,S618,nurse,1,35.0
9,S618,nurse,2,7.0
9,S625,nurse,1,29.875
9,S677,nurse,1,51.0
9,S677,nurse,2,10.2
9,S681,nurse,1,325.0
9,S681,nurse,2,212.69375
9,S681,nurse,3,40.83749999999999
9,S681,nurse,4,0.3000000000000007
9,S682,nurse,1,15.0
9,S682,nurse,2,9.9375
9,S682,nurse,3,9.9375
9,S682,nurse,4,9.9375
9,S683,nurse,1,15.0
9,S683,nurse,2,9.9375
9,S683,nurse,3,9.9375
9,S683,nurse,4,9.9375
9,S684,nurse,1,20.5
9,S685,nurse,1,64.5
9,S685,nurse,2,42.731249999999996
9,S685,nurse,3,42.731249999999996
9,S685,nurse,4,42.731249999999996
9,S686,nurse,1,63.5
9,S686,nurse,2,42.06875000000001
9,S686,nurse,3,42.06875000000001
9,S686,nurse,4,42.06875000000001
9,S689,nurse,1,54.0
9,S689,nurse,2,10.8
9,S690,nurse,1,78.0
9,S690,nurse,2,51.675000000000004
9,S690,nurse,3,15.6
9,S692,nurse,1,20.0
9,S715,nurse,1,6.125
9,S721,nurse,1,100.5
9,S721,nurse,2,13.674999999999999
9,S727,nurse,1,19.0
9,S727,nurse,2,12.587500000000002
9,S727,nurse,3,12.587500000000002
9,S727,nurse,4,3.8
9,S729,nurse,1,40.0
9,S729,nurse,2,18.31875
9,S729,nurse,3,4.671875
9,S729,nurse,4,1.625
9,S756,nurse,1,74.5
9,S756,nurse,2,35.525
9,S756,nurse,3,5.875
9,S756,nurse,4,1.375
9,S757,nurse,1,67.375
9,S802,nurse,1,274.0
9,S802,nurse,2,92.41874999999999
9,S802,nurse,3,17.525
9,S802,nurse,4,7.15
10,JH_H002,doctor,1,16.620301089926983
10,JH_H003,doctor,1,19.5
10,JH_H004,doctor,1,7.5
10,JH_H006,doctor,1,5.5
10,JH_H007,doctor,1,3.75
10,JH_H008,doctor,1,1.5
10,JH_H009,doctor,1,0.5
10,JH_H010,doctor,1,0.75
10,JH_H011,doctor,1,0.5
10,JH_H012,doctor,1,1.1274021008877053
10,JH_H013,doctor,1,0.45331323076545615
10,JH_H015,doctor,1,2.5
10,S002,doctor,1,20.5
10,S008,doctor,1,22.75
10,S008,doctor,2,18.2
10,S015,doctor,1,20.75
10,S015,doctor,2,16.6
10,S015,doctor,3,16.6
10,S015,doctor,4,16.6
10,S068,doctor,1,7.5
10,S071,doctor,1,25.0
10,S074,doctor,1,238.5
10,S078,doctor,1,22.5
10,S078,doctor,2,18.0
10,S079,doctor,1,7.5
10,S079,doctor,2,6.0
10,S080,doctor,1,7.5
10,S080,doctor,2,6.0
10,S081,doctor,1,7.5
10,S081,doctor,2,6.0
10,S082,doctor,1,23.75
10,S082,doctor,2,19.0
10,S082,doctor,3,19.0
10,S082,doctor,4,19.0
10,S083,doctor,1,11.75
10,S083,doctor,2,2.2500000000000036
10,S086,doctor,1,7.75
10,S086,doctor,2,6.2
10,S086,doctor,3,6.2
10,S086,doctor,4,6.2
10,S111,doctor,1,202.0
10,S111,doctor,2,161.6
10,S112,doctor,1,61.0
10,S112,doctor,2,48.8
10,S124,doctor,1,50.0
10,S124,doctor,2,26.85
10,S125,doctor,1,51.75
10,S125,doctor,2,41.4
10,S125,doctor,3,41.4
10,S125,doctor,4,30.0
10,S126,doctor,1,106.0
10,S395,doctor,1,68.0
10,S395,doctor,2,54.4
10,S395,doctor,3,23.5
10,S395,doctor,4,11.75
10,S402,doctor,1,9.75
10,S403,doctor,1,7.5
10,S403,doctor,2,6.0
10,S403,doctor,3,6.0
10,S403,doctor,4,6.0
10,S446,doctor,1,29.5
10,S446,doctor,2,12.25
10,S446,doctor,3,4.75
10,S446,doctor,4,2.25
10,S447,doctor,1,32.75
10,S447,doctor,2,4.849991979873433
10,S454,doctor,1,49.5
10,S455,doctor,1,44.0
10,S462,doctor,1,87.0
10,S462,doctor,2,13.350000000000065
10,S477,doctor,1,57.0
10,S478,doctor,1,54.0
10,S486,doctor,1,125.75
10,S486,doctor,2,100.6
10,S486,doctor,3,100.6
10,S486,doctor,4,100.6
10,S487,doctor,1,75.25
10,S487,doctor,2,60.2
10,S488,doctor,1,120.75
10,S510,doctor,1,62.25
10,S510,doctor,2,49.8
10,S510,doctor,3,43.949999999999974
10,S517,doctor,1,110.25
10,S517,doctor,2,88.2
10,S517,doctor,3,88.2
10,S518,doctor,1,29.75
10,S518,doctor,2,23.8
10,S521,doctor,1,35.25
10,S521,doctor,2,28.2
10,S525,doctor,1,16.75
10,S529,doctor,1,52.0
10,S539,doctor,1,30.0
10,S541,doctor,1,57.25
10,S541,doctor,2,45.8
10,S541,doctor,3,29.5
10,S541,doctor,4,5.0
10,S565,doctor,1,15.25
10,S569,doctor,1,26.25
10,S572,doctor,1,76.25
10,S572,doctor,2,27.0
10,S572,doctor,3,10.75
10,S572,doctor,4,5.25
10,S576,doctor,1,162.25
10,S576,doctor,2,92.75
10,S576,doctor,3,37.0
10,S576,doctor,4,18.5
10,S583,doctor,1,31.0
10,S584,doctor,1,29.75
10,S584,doctor,2,23.8
10,S585,doctor,1,43.25
10,S585,doctor,2,34.6
10,S586,doctor,1,56.5
10,S586,doctor,2,45.2
10,S586,doctor,3,3.0500000000000043
10,S593,doctor,1,63.5
10,S595,doctor,1,30.5
10,S595,doctor,2,24.4
10,S595,doctor,3,24.4
10,S596,doctor,1,39.25
10,S596,doctor,2,24.75000000000002
10,S597,doctor,1,39.0
10,S597,doctor,2,31.2
10,S603,doctor,1,29.75
10,S604,doctor,1,17.5
10,S604,doctor,2,14.0
10,S604,doctor,3,14.0
10,S604,doctor,4,0.44999999999999574
10,S605,doctor,1,14.25
10,S605,doctor,2,11.4
10,S605,doctor,3,11.4
10,S605,doctor,4,11.4
10,S606,doctor,1,16.25
10,S606,doctor,2,13.0
10,S617,doctor,1,186.5
10,S618,doctor,1,17.5
10,S677,doctor,1,25.5
10,S681,doctor,1,162.5
10,S681,doctor,2,130.0
10,S681,doctor,3,30.6
10,S682,doctor,1,7.5
10,S682,doctor,2,6.0
10,S682,doctor,3,6.0
10,S682,doctor,4,6.0
10,S683,doctor,1,7.5
10,S683,doctor,2,6.0
10,S683,doctor,3,6.0
10,S683,doctor,4,6.0
10,S684,doctor,1,41.0
10,S685,doctor,1,32.25
10,S685,doctor,2,25.8
10,S685,doctor,3,25.8
10,S685,doctor,4,25.8
10,S686,doctor,1,31.75
10,S686,doctor,2,25.4
10,S686,doctor,3,25.4
10,S686,doctor,4,25.4
10,S689,doctor,1,27.0
10,S690,doctor,1,39.0
10,S690,doctor,2,31.2
10,S692,doctor,1,40.0
10,S715,doctor,1,12.25
10,S721,doctor,1,59.0
10,S727,doctor,1,9.5
10,S727,doctor,2,7.6
10,S727,doctor,3,7.6
10,S729,doctor,1,21.5
10,S729,doctor,2,13.5
10,S729,doctor,3,5.25
10,S729,doctor,4,2.5
10,S756,doctor,1,37.25
10,S756,doctor,2,28.5
10,S756,doctor,3,7.75
10,S756,doctor,4,0.75
10,S757,doctor,1,51.75
10,S802,doctor,1,185.25
10,S802,doctor,2,74.05
10,S802,doctor,3,25.8
10,S802,doctor,4,9.8
10,JH_H007,nurse,1,0.5
10,JH_H010,nurse,1,0.5
10,S002,nurse,1,10.25
10,S008,nurse,1,45.5
10,S008,nurse,2,9.1
10,S015,nurse,1,41.5
10,S015,nurse,2,27.493750000000002
10,S015,nurse,3,27.493750000000002
10,S015,nurse,4,27.493750000000002
10,S068,nurse,1,3.75
10,S071,nurse,1,12.5
10,S074,nurse,1,119.25
10,S078,nurse,1,45.0
10,S078,nurse,2,21.19999999999999
10,S079,nurse,1,15.0
10,S079,nurse,2,9.9375
10,S080,nurse,1,15.0
10,S080,nurse,2,9.9375
10,S081,nurse,1,15.0
10,S081,nurse,2,3.0
10,S082,nurse,1,47.5
10,S082,nurse,2,31.46875
10,S082,nurse,3,31.46875
10,S082,nurse,4,29.625
10,S083,nurse,1,23.5
10,S083,nurse,2,1.1250000000000018
10,S086,nurse,1,15.5
10,S086,nurse,2,10.268749999999999
10,S086,nurse,3,10.268749999999999
10,S086,nurse,4,10.268647415344583
10,S111,nurse,1,404.0
10,S111,nurse,2,80.8
10,S112,nurse,1,122.0
10,S112,nurse,2,42.500084931956785
10,S124,nurse,1,83.25
10,S124,nurse,2,13.425
10,S125,nurse,1,103.5
10,S125,nurse,2,68.56875000000001
10,S125,nurse,3,62.10625
10,S125,nurse,4,21.2265625
10,S126,nurse,1,53.0
10,S395,nurse,1,124.625
10,S395,nurse,2,52.79375
10,S395,nurse,3,11.75
10,S395,nurse,4,5.875
10,S402,nurse,1,4.875
10,S403,nurse,1,15.0
10,S403,nurse,2,9.9375
10,S403,nurse,3,5.59375
10,S403,nurse,4,3.0
10,S446,nurse,1,35.75
10,S446,nurse,2,13.1875
10,S446,nurse,3,3.53125
10,S446,nurse,4,1.125
10,S447,nurse,1,16.375
10,S447,nurse,2,2.4249959899367166
10,S454,nurse,1,24.75
10,S455,nurse,1,22.0
10,S462,nurse,1,157.41921756700796
10,S462,nurse,2,6.675000000000033
10,S477,nurse,1,28.5
10,S478,nurse,1,27.0
10,S486,nurse,1,251.5
10,S486,nurse,2,166.61875000000003
10,S486,nurse,3,166.61875000000003
10,S486,nurse,4,112.90638454178507
10,S487,nurse,1,150.5
10,S487,nurse,2,99.70624999999998
10,S488,nurse,1,60.375
10,S510,nurse,1,124.5
10,S510,nurse,2,82.48125000000002
10,S510,nurse,3,21.974999999999987
10,S517,nurse,1,220.5
10,S517,nurse,2,146.08124999999998
10,S517,nurse,3,102.8912555738813
10,S518,nurse,1,59.5
10,S518,nurse,2,39.418749999999996
10,S521,nurse,1,70.5
10,S521,nurse,2,14.1
10,S525,nurse,1,8.375
10,S529,nurse,1,26.0
10,S539,nurse,1,15.0
10,S541,nurse,1,114.5
10,S541,nurse,2,75.85625000000002
10,S541,nurse,3,33.15625
10,S541,nurse,4,2.5
10,S565,nurse,1,7.625
10,S569,nurse,1,13.125
10,S572,nurse,1,88.75
10,S572,nurse,2,32.9375
10,S572,nurse,3,11.40625
10,S572,nurse,4,4.1453125
10,S576,nurse,1,266.75
10,S576,nurse,2,123.75
10,S576,nurse,3,49.375
10,S576,nurse,4,24.625
10,S583,nurse,1,15.5
10,S584,nurse,1,59.5
10,S584,nurse,2,39.418749999999996
10,S585,nurse,1,86.5
10,S585,nurse,2,57.30624999999999
10,S586,nurse,1,113.0
10,S586,nurse,2,74.8625
10,S586,nurse,3,1.5250000000000021
10,S593,nurse,1,31.75
10,S595,nurse,1,61.0
10,S595,nurse,2,40.41250000000001
10,S595,nurse,3,12.2
10,S596,nurse,1,78.5
10,S596,nurse,2,12.37500000000001
10,S597,nurse,1,78.0
10,S597,nurse,2,51.675000000000004
10,S603,nurse,1,14.875
10,S604,nurse,1,35.0
10,S604,nurse,2,23.1875
10,S604,nurse,3,23.1875
10,S604,nurse,4,0.22499999999999787
10,S605,nurse,1,28.5
10,S605,nurse,2,18.881249999999998
10,S605,nurse,3,18.881249999999998
10,S605,nurse,4,5.7
10,S606,nurse,1,32.5
10,S606,nurse,2,21.53125
10,S617,nurse,1,93.25
10,S618,nurse,1,8.75
10,S677,nurse,1,12.75
10,S681,nurse,1,325.0
10,S681,nurse,2,162.69375
10,S681,nurse,3,15.3
10,S682,nurse,1,15.0
10,S682,nurse,2,9.9375
10,S682,nurse,3,9.9375
10,S682,nurse,4,9.9375
10,S683,nurse,1,15.0
10,S683,nurse,2,9.9375
10,S683,nurse,3,9.9375
10,S683,nurse,4,9.9375
10,S684,nurse,1,20.5
10,S685,nurse,1,64.5
10,S685,nurse,2,42.731249999999996
10,S685,nurse,3,42.731249999999996
10,S685,nurse,4,42.731249999999996
10,S686,nurse,1,63.5
10,S686,nurse,2,42.06875000000001
10,S686,nurse,3,42.06875000000001
10,S686,nurse,4,42.06875000000001
10,S689,nurse,1,13.5
10,S690,nurse,1,78.0
10,S690,nurse,2,51.675000000000004
10,S692,nurse,1,20.0
10,S715,nurse,1,6.125
10,S721,nurse,1,31.375
10,S727,nurse,1,19.0
10,S727,nurse,2,12.587500000000002
10,S727,nurse,3,12.587500000000002
10,S729,nurse,1,32.25
10,S729,nurse,2,13.21875
10,S729,nurse,3,2.671875
10,S729,nurse,4,1.25
10,S756,nurse,1,65.375
10,S756,nurse,2,26.625
10,S756,nurse,3,3.875
10,S756,nurse,4,0.375
10,S757,nurse,1,25.875
10,S802,nurse,1,200.625
10,S802,nurse,2,61.793749999999996
10,S802,nurse,3,12.9
10,S802,nurse,4,4.9
11,JH_H002,doctor,1,7.496216009841049
11,JH_H003,doctor,1,19.5
11,JH_H004,doctor,1,7.5
11,JH_H006,doctor,1,5.5
11,JH_H007,doctor,1,3.75
11,JH_H008,doctor,1,1.500000000000008
11,JH_H009,doctor,1,0.5
11,JH_H010,doctor,1,0.75
11,JH_H011,doctor,1,0.5
11,JH_H015,doctor,1,2.5
11,S002,doctor,1,43.5
11,S005,doctor,1,9.0
11,S008,doctor,1,22.75
11,S008,doctor,2,18.2
11,S015,doctor,1,20.75
11,S015,doctor,2,16.6
11,S015,doctor,3,16.6
11,S015,doctor,4,16.6
11,S033,doctor,1,43.5
11,S034,doctor,1,43.5
11,S035,doctor,1,41.75
11,S068,doctor,1,7.5
11,S068,doctor,2,6.0
11,S071,doctor,1,25.0
11,S071,doctor,2,20.0
11,S074,doctor,1,238.5
11,S074,doctor,2,190.8
11,S078,doctor,1,22.5
11,S078,doctor,2,18.0
11,S078,doctor,3,4.700000000000003
11,S079,doctor,1,7.5
11,S079,doctor,2,6.0
11,S079,doctor,3,6.0
11,S080,doctor,1,7.5
11,S080,doctor,2,6.0
11,S080,doctor,3,6.0
11,S081,doctor,1,7.5
11,S081,doctor,2,6.0
11,S082,doctor,1,23.75
11,S082,doctor,2,19.0
11,S082,doctor,3,19.0
11,S082,doctor,4,19.0
11,S083,doctor,1,11.75
11,S083,doctor,2,9.4
11,S086,doctor,1,7.75
11,S086,doctor,2,6.2
11,S086,doctor,3,6.2
11,S086,doctor,4,6.2
11,S109,doctor,1,44.25
11,S111,doctor,1,202.0
11,S111,doctor,2,161.6
11,S112,doctor,1,61.0
11,S112,doctor,2,48.8
11,S124,doctor,1,50.0
11,S124,doctor,2,40.0
11,S125,doctor,1,51.75
11,S125,doctor,2,41.4
11,S125,doctor,3,41.4
11,S125,doctor,4,41.4
11,S126,doctor,1,106.0
11,S126,doctor,2,84.8
11,S395,doctor,1,68.0
11,S395,doctor,2,54.4
11,S395,doctor,3,39.75
11,S395,doctor,4,19.75
11,S402,doctor,1,9.75
11,S403,doctor,1,7.5
11,S403,doctor,2,6.0
11,S403,doctor,3,6.0
11,S403,doctor,4,6.0
11,S406,doctor,1,30.75
11,S446,doctor,1,39.75
11,S446,doctor,2,20.75
11,S446,doctor,3,8.25
11,S446,doctor,4,4.0
11,S447,doctor,1,32.75
11,S447,doctor,2,26.2
11,S454,doctor,1,49.5
11,S454,doctor,2,39.6
11,S455,doctor,1,44.0
11,S455,doctor,2,5.95000000000001
11,S462,doctor,1,87.0
11,S462,doctor,2,69.6
11,S469,doctor,1,62.25
11,S471,doctor,1,117.25
11,S472,doctor,1,23.0
11,S474,doctor,1,32.5
11,S475,doctor,1,102.75
11,S476,doctor,1,110.5
11,S477,doctor,1,57.0
11,S478,doctor,1,54.0
11,S486,doctor,1,125.75
11,S486,doctor,2,100.6
11,S486,doctor,3,100.6
11,S486,doctor,4,100.6
11,S487,doctor,1,75.25
11,S487,doctor,2,60.2
11,S487,doctor,3,53.90000000000002
11,S488,doctor,1,221.75
11,S493,doctor,1,45.25
11,S494,doctor,1,43.75
11,S495,doctor,1,50.5
11,S497,doctor,1,46.25
11,S510,doctor,1,62.25
11,S510,doctor,2,49.8
11,S510,doctor,3,49.8
11,S513,doctor,1,28.0
11,S514,doctor,1,50.0
11,S515,doctor,1,19.75
11,S517,doctor,1,110.25
11,S517,doctor,2,88.2
11,S517,doctor,3,88.2
11,S517,doctor,4,88.2
11,S518,doctor,1,29.75
11,S518,doctor,2,23.8
11,S518,doctor,3,23.8
11,S521,doctor,1,35.25
11,S521,doctor,2,28.2
11,S525,doctor,1,16.75
11,S525,doctor,2,13.4
11,S526,doctor,1,9.75
11,S529,doctor,1,52.0
11,S529,doctor,2,41.6
11,S539,doctor,1,30.0
11,S539,doctor,2,21.599999999999998
11,S541,doctor,1,57.25
11,S541,doctor,2,45.8
11,S541,doctor,3,45.8
11,S541,doctor,4,21.75
11,S550,doctor,1,7.5
11,S551,doctor,1,51.0
11,S564,doctor,1,76.5
11,S565,doctor,1,25.25
11,S567,doctor,1,37.25
11,S568,doctor,1,84.75
11,S569,doctor,1,125.75
11,S572,doctor,1,134.0
11,S572,doctor,2,51.3
11,S572,doctor,3,18.25
11,S572,doctor,4,9.0
11,S576,doctor,1,162.25
11,S576,doctor,2,129.8
11,S576,doctor,3,62.25
11,S576,doctor,4,31.0
11,S583,doctor,1,31.0
11,S583,doctor,2,24.8
11,S584,doctor,1,29.75
11,S584,doctor,2,23.8
11,S584,doctor,3,23.8
11,S585,doctor,1,43.25
11,S585,doctor,2,34.6
11,S585,doctor,3,34.6
11,S586,doctor,1,56.5
11,S586,doctor,2,45.2
11,S586,doctor,3,45.2
11,S587,doctor,1,37.25
11,S588,doctor,1,57.75
11,S589,doctor,1,55.75
11,S592,doctor,1,34.25
11,S593,doctor,1,63.5
11,S593,doctor,2,50.8
11,S595,doctor,1,30.5
11,S595,doctor,2,24.4
11,S595,doctor,3,24.4
11,S595,doctor,4,14.150000000000006
11,S596,doctor,1,39.25
11,S596,doctor,2,31.4
11,S597,doctor,1,39.0
11,S597,doctor,2,31.2
11,S597,doctor,3,31.2
11,S602,doctor,1,42.75
11,S603,doctor,1,29.75
11,S604,doctor,1,17.5
11,S604,doctor,2,14.0
11,S604,doctor,3,14.0
11,S604,doctor,4,14.0
11,S605,doctor,1,14.25
11,S605,doctor,2,11.4
11,S605,doctor,3,11.4
11,S605,doctor,4,11.4
11,S606,doctor,1,16.25
11,S606,doctor,2,13.0
11,S617,doctor,1,186.5
11,S617,doctor,2,142.90000000000015
11,S618,doctor,1,17.5
11,S618,doctor,2,14.0
11,S625,doctor,1,83.0
11,S626,doctor,1,40.25
11,S652,doctor,1,43.0
11,S674,doctor,1,22.749984852439574
11,S675,doctor,1,27.75
11,S677,doctor,1,25.5
11,S677,doctor,2,20.4
11,S680,doctor,1,56.5
11,S681,doctor,1,162.5
11,S681,doctor,2,130.0
11,S681,doctor,3,88.1
11,S681,doctor,4,17.1
11,S682,doctor,1,7.5
11,S682,doctor,2,6.0
11,S682,doctor,3,6.0
11,S682,doctor,4,6.0
11,S683,doctor,1,7.5
11,S683,doctor,2,6.0
11,S683,doctor,3,6.0
11,S683,doctor,4,6.0
11,S684,doctor,1,41.0
11,S684,doctor,2,32.8
11,S685,doctor,1,32.25
11,S685,doctor,2,25.8
11,S685,doctor,3,25.8
11,S685,doctor,4,25.8
11,S686,doctor,1,31.75
11,S686,doctor,2,25.4
11,S686,doctor,3,25.4
11,S686,doctor,4,25.4
11,S687,doctor,1,36.75
11,S688,doctor,1,51.5
11,S689,doctor,1,27.0
11,S689,doctor,2,21.6
11,S690,doctor,1,39.0
11,S690,doctor,2,31.2
11,S690,doctor,3,31.2
11,S692,doctor,1,40.0
11,S692,doctor,2,26.19999999999999
11,S715,doctor,1,12.25
11,S715,doctor,2,9.8
11,S721,doctor,1,59.0
11,S721,doctor,2,47.2
11,S722,doctor,1,104.25
11,S727,doctor,1,9.5
11,S727,doctor,2,7.6
11,S727,doctor,3,7.6
11,S727,doctor,4,7.6
11,S729,doctor,1,21.5
11,S729,doctor,2,17.2
11,S729,doctor,3,9.0
11,S729,doctor,4,4.5
11,S756,doctor,1,37.25
11,S756,doctor,2,29.8
11,S756,doctor,3,17.25
11,S756,doctor,4,5.5
11,S757,doctor,1,146.0
11,S757,doctor,2,12.599999999999998
11,S765,doctor,1,84.25
11,S784,doctor,1,1.0
11,S791,doctor,1,28.25
11,S802,doctor,1,317.0
11,S802,doctor,2,129.05
11,S802,doctor,3,47.8
11,S802,doctor,4,20.8
11,JH_H007,nurse,1,0.5
11,JH_H010,nurse,1,0.5
11,S002,nurse,1,30.625
11,S005,nurse,1,4.5
11,S008,nurse,1,45.5
11,S008,nurse,2,30.143750000000004
11,S015,nurse,1,41.5
11,S015,nurse,2,27.493750000000002
11,S015,nurse,3,27.493750000000002
11,S015,nurse,4,27.493750000000002
11,S033,nurse,1,21.75
11,S034,nurse,1,21.75
11,S035,nurse,1,20.875
11,S068,nurse,1,15.0
11,S068,nurse,2,3.0
11,S071,nurse,1,50.0
11,S071,nurse,2,10.0
11,S074,nurse,1,477.0
11,S074,nurse,2,95.4
11,S078,nurse,1,45.0
11,S078,nurse,2,29.8125
11,S078,nurse,3,2.3500000000000014
11,S079,nurse,1,15.0
11,S079,nurse,2,9.9375
11,S079,nurse,3,3.0
11,S080,nurse,1,15.0
11,S080,nurse,2,9.9375
11,S080,nurse,3,3.0
11,S081,nurse,1,15.0
11,S081,nurse,2,9.9375
11,S082,nurse,1,47.5
11,S082,nurse,2,31.46875
11,S082,nurse,3,31.46875
11,S082,nurse,4,31.46875
11,S083,nurse,1,23.5
11,S083,nurse,2,15.568749999999998
11,S086,nurse,1,15.5
11,S086,nurse,2,10.268749999999999
11,S086,nurse,3,10.268749999999999
11,S086,nurse,4,10.268749999999999
11,S109,nurse,1,22.125
11,S111,nurse,1,404.0
11,S111,nurse,2,267.65000000000003
11,S112,nurse,1,122.0
11,S112,nurse,2,80.82500000000002
11,S124,nurse,1,100.0
11,S124,nurse,2,66.25
11,S125,nurse,1,103.5
11,S125,nurse,2,68.56875000000001
11,S125,nurse,3,68.56875000000001
11,S125,nurse,4,50.8015625
11,S126,nurse,1,212.0
11,S126,nurse,2,42.4
11,S395,nurse,1,136.0
11,S395,nurse,2,86.54375
11,S395,nurse,3,30.859375
11,S395,nurse,4,9.875
11,S402,nurse,1,4.875
11,S403,nurse,1,15.0
11,S403,nurse,2,9.9375
11,S403,nurse,3,9.9375
11,S403,nurse,4,3.6859375132541157
11,S406,nurse,1,15.375
11,S446,nurse,1,57.75
11,S446,nurse,2,24.4375
11,S446,nurse,3,8.03125
11,S446,nurse,4,2.3953125
11,S447,nurse,1,65.5
11,S447,nurse,2,13.1
11,S454,nurse,1,99.0
11,S454,nurse,2,40.43124999999999
11,S455,nurse,1,58.875
11,S455,nurse,2,2.975000000000005
11,S462,nurse,1,174.0
11,S462,nurse,2,115.27499999999999
11,S469,nurse,1,31.125
11,S471,nurse,1,58.625
11,S472,nurse,1,11.5
11,S474,nurse,1,16.25
11,S475,nurse,1,51.375
11,S476,nurse,1,55.25
11,S477,nurse,1,114.0
11,S478,nurse,1,108.0
11,S486,nurse,1,251.5
11,S486,nurse,2,166.61875000000003
11,S486,nurse,3,166.61875000000003
11,S486,nurse,4,166.61875000000003
11,S487,nurse,1,150.5
11,S487,nurse,2,99.70624999999998
11,S487,nurse,3,26.95000000000001
11,S488,nurse,1,110.875
11,S493,nurse,1,22.625
11,S494,nurse,1,21.875
11,S495,nurse,1,25.25
11,S497,nurse,1,23.125
11,S510,nurse,1,124.5
11,S510,nurse,2,82.48125000000002
11,S510,nurse,3,82.48125000000002
11,S513,nurse,1,14.0
11,S514,nurse,1,25.0
11,S515,nurse,1,9.875
11,S517,nurse,1,220.5
11,S517,nurse,2,146.08124999999998
11,S517,nurse,3,146.08124999999998
11,S517,nurse,4,56.5059065905612
11,S518,nurse,1,59.5
11,S518,nurse,2,39.418749999999996
11,S518,nurse,3,11.9
11,S521,nurse,1,70.5
11,S521,nurse,2,46.706250000000004
11,S525,nurse,1,33.5
11,S525,nurse,2,22.193749999999998
11,S526,nurse,1,4.875
11,S529,nurse,1,104.0
11,S529,nurse,2,68.89999999999999
11,S539,nurse,1,36.25
11,S539,nurse,2,10.799999999999999
11,S541,nurse,1,114.5
11,S541,nurse,2,75.85625000000002
11,S541,nurse,3,68.93125
11,S541,nurse,4,22.90625
11,S550,nurse,1,3.75
11,S551,nurse,1,25.5
11,S564,nurse,1,38.25
11,S565,nurse,1,12.625
11,S567,nurse,1,18.625
11,S568,nurse,1,42.375
11,S569,nurse,1,62.875
11,S572,nurse,1,162.625
11,S572,nurse,2,60.5875
11,S572,nurse,3,21.40625
11,S572,nurse,4,9.1453125
11,S576,nurse,1,324.5
11,S576,nurse,2,194.9
11,S576,nurse,3,83.125
11,S576,nurse,4,41.5
11,S583,nurse,1,62.0
11,S583,nurse,2,41.074999999999996
11,S584,nurse,1,59.5
11,S584,nurse,2,39.418749999999996
11,S584,nurse,3,11.9
11,S585,nurse,1,86.5
11,S585,nurse,2,57.30624999999999
11,S585,nurse,3,17.3
11,S586,nurse,1,113.0
11,S586,nurse,2,74.8625
11,S586,nurse,3,74.8625
11,S587,nurse,1,18.625
11,S588,nurse,1,28.875
11,S589,nurse,1,27.875
11,S592,nurse,1,17.125
11,S593,nurse,1,127.0
11,S593,nurse,2,50.120899682614
11,S595,nurse,1,61.0
11,S595,nurse,2,40.41250000000001
11,S595,nurse,3,40.41250000000001
11,S595,nurse,4,7.075000000000003
11,S596,nurse,1,78.5
11,S596,nurse,2,52.00625000000001
11,S597,nurse,1,78.0
11,S597,nurse,2,51.675000000000004
11,S597,nurse,3,15.6
11,S602,nurse,1,21.375
11,S603,nurse,1,17.11447676253193
11,S604,nurse,1,35.0
11,S604,nurse,2,23.1875
11,S604,nurse,3,23.1875
11,S604,nurse,4,23.1875
11,S605,nurse,1,28.5
11,S605,nurse,2,18.881249999999998
11,S605,nurse,3,18.881249999999998
11,S605,nurse,4,18.881249999999998
11,S606,nurse,1,32.5
11,S606,nurse,2,21.53125
11,S617,nurse,1,373.0
11,S617,nurse,2,71.45000000000007
11,S618,nurse,1,35.0
11,S618,nurse,2,7.0
11,S625,nurse,1,41.5
11,S626,nurse,1,20.125
11,S652,nurse,1,21.5
11,S674,nurse,1,11.374992426219787
11,S675,nurse,1,13.875
11,S677,nurse,1,51.0
11,S677,nurse,2,33.78750000000001
11,S680,nurse,1,28.25
11,S681,nurse,1,325.0
11,S681,nurse,2,215.3125
11,S681,nurse,3,85.33749999999999
11,S681,nurse,4,8.55
11,S682,nurse,1,15.0
11,S682,nurse,2,9.9375
11,S682,nurse,3,9.9375
11,S682,nurse,4,9.9375
11,S683,nurse,1,15.0
11,S683,nurse,2,9.9375
11,S683,nurse,3,9.9375
11,S683,nurse,4,9.9375
11,S684,nurse,1,82.0
11,S684,nurse,2,16.4
11,S685,nurse,1,64.5
11,S685,nurse,2,42.731249999999996
11,S685,nurse,3,42.731249999999996
11,S685,nurse,4,42.731249999999996
11,S686,nurse,1,63.5
11,S686,nurse,2,42.06875000000001
11,S686,nurse,3,42.06875000000001
11,S686,nurse,4,42.06875000000001
11,S687,nurse,1,18.375
11,S688,nurse,1,25.75
11,S689,nurse,1,54.0
11,S689,nurse,2,10.8
11,S690,nurse,1,78.0
11,S690,nurse,2,51.675000000000004
11,S690,nurse,3,41.37222274361108
11,S692,nurse,1,80.0
11,S692,nurse,2,13.099999999999994
11,S715,nurse,1,17.375
11,S715,nurse,2,4.9
11,S721,nurse,1,118.0
11,S721,nurse,2,45.13749999999998
11,S722,nurse,1,52.125
11,S727,nurse,1,19.0
11,S727,nurse,2,12.587500000000002
11,S727,nurse,3,12.587500000000002
11,S727,nurse,4,12.587500000000002
11,S729,nurse,1,43.0
11,S729,nurse,2,22.81875
11,S729,nurse,3,7.671875
11,S729,nurse,4,2.25
11,S756,nurse,1,74.5
11,S756,nurse,2,46.90000530164615
11,S756,nurse,3,12.156249734917692
11,S756,nurse,4,2.75
11,S757,nurse,1,73.0
11,S757,nurse,2,6.299999999999999
11,S765,nurse,1,42.125
11,S784,nurse,1,0.5
11,S791,nurse,1,14.125
11,S802,nurse,1,376.25
11,S802,nurse,2,135.04375
11,S802,nurse,3,29.074999999999996
11,S802,nurse,4,10.4
12,JH_H002,doctor,1,8.172061553686518
12,JH_H003,doctor,1,19.5
12,JH_H004,doctor,1,7.5
12,JH_H006,doctor,1,5.5
12,JH_H007,doctor,1,3.75
12,JH_H008,doctor,1,1.5000000000000107
12,JH_H009,doctor,1,0.5
12,JH_H010,doctor,1,0.75
12,JH_H011,doctor,1,0.5
12,JH_H015,doctor,1,2.5
12,S002,doctor,1,43.5
12,S005,doctor,1,4.25
12,S008,doctor,1,22.75
12,S008,doctor,2,18.2
12,S015,doctor,1,20.75
12,S015,doctor,2,16.6
12,S015,doctor,3,16.6
12,S015,doctor,4,16.6
12,S033,doctor,1,43.5
12,S034,doctor,1,43.5
12,S035,doctor,1,30.5
12,S068,doctor,1,7.5
12,S068,doctor,2,6.0
12,S071,doctor,1,25.0
12,S071,doctor,2,20.0
12,S074,doctor,1,238.5
12,S074,doctor,2,190.8
12,S078,doctor,1,22.5
12,S078,doctor,2,18.0
12,S078,doctor,3,2.200000000000003
12,S079,doctor,1,7.5
12,S079,doctor,2,6.0
12,S079,doctor,3,6.0
12,S080,doctor,1,7.5
12,S080,doctor,2,6.0
12,S080,doctor,3,6.0
12,S081,doctor,1,7.5
12,S081,doctor,2,6.0
12,S082,doctor,1,23.75
12,S082,doctor,2,19.0
12,S082,doctor,3,19.0
12,S082,doctor,4,19.0
12,S083,doctor,1,11.75
12,S083,doctor,2,9.4
12,S086,doctor,1,7.75
12,S086,doctor,2,6.2
12,S086,doctor,3,6.2
12,S086,doctor,4,6.2
12,S109,doctor,1,44.25
12,S111,doctor,1,202.0
12,S111,doctor,2,161.6
12,S112,doctor,1,61.0
12,S112,doctor,2,48.8
12,S124,doctor,1,50.0
12,S124,doctor,2,40.0
12,S125,doctor,1,51.75
12,S125,doctor,2,41.4
12,S125,doctor,3,41.4
12,S125,doctor,4,41.4
12,S126,doctor,1,106.0
12,S126,doctor,2,80.25
12,S395,doctor,1,68.0
12,S395,doctor,2,54.4
12,S395,doctor,3,38.75
12,S395,doctor,4,19.25
12,S402,doctor,1,9.75
12,S403,doctor,1,7.5
12,S403,doctor,2,6.0
12,S403,doctor,3,6.0
12,S403,doctor,4,6.0
12,S406,doctor,1,30.75
12,S446,doctor,1,39.75
12,S446,doctor,2,20.0
12,S446,doctor,3,8.0
12,S446,doctor,4,3.75
12,S447,doctor,1,32.75
12,S447,doctor,2,26.2
12,S454,doctor,1,49.5
12,S454,doctor,2,39.6
12,S455,doctor,1,44.0
12,S462,doctor,1,87.0
12,S462,doctor,2,69.6
12,S469,doctor,1,62.25
12,S471,doctor,1,117.25
12,S472,doctor,1,23.0
12,S474,doctor,1,32.5
12,S475,doctor,1,102.75
12,S476,doctor,1,75.25
12,S477,doctor,1,57.0
12,S478,doctor,1,54.0
12,S486,doctor,1,125.75
12,S486,doctor,2,100.6
12,S486,doctor,3,100.6
12,S486,doctor,4,100.6
12,S487,doctor,1,75.25
12,S487,doctor,2,60.2
12,S487,doctor,3,35.650000000000034
12,S488,doctor,1,221.75
12,S493,doctor,1,45.25
12,S494,doctor,1,43.75
12,S495,doctor,1,50.5
12,S510,doctor,1,62.25
12,S510,doctor,2,49.8
12,S510,doctor,3,49.8
12,S514,doctor,1,50.0
12,S515,doctor,1,19.75
12,S517,doctor,1,110.25
12,S517,doctor,2,88.2
12,S517,doctor,3,88.2
12,S517,doctor,4,88.2
12,S518,doctor,1,29.75
12,S518,doctor,2,23.8
12,S518,doctor,3,23.8
12,S521,doctor,1,35.25
12,S521,doctor,2,28.2
12,S525,doctor,1,16.75
12,S525,doctor,2,13.4
12,S526,doctor,1,9.75
12,S529,doctor,1,52.0
12,S529,doctor,2,41.6
12,S539,doctor,1,30.0
12,S539,doctor,2,16.849999999999998
12,S541,doctor,1,57.25
12,S541,doctor,2,45.8
12,S541,doctor,3,45.8
12,S541,doctor,4,20.5
12,S550,doctor,1,7.5
12,S551,doctor,1,51.0
12,S564,doctor,1,76.5
12,S565,doctor,1,25.25
12,S567,doctor,1,30.0
12,S568,doctor,1,84.75
12,S569,doctor,1,125.75
12,S572,doctor,1,134.0
12,S572,doctor,2,49.05
12,S572,doctor,3,17.5
12,S572,doctor,4,8.75
12,S576,doctor,1,162.25
12,S576,doctor,2,129.8
12,S576,doctor,3,60.5
12,S576,doctor,4,30.0
12,S583,doctor,1,31.0
12,S583,doctor,2,24.8
12,S584,doctor,1,29.75
12,S584,doctor,2,23.8
12,S584,doctor,3,23.8
12,S585,doctor,1,43.25
12,S585,doctor,2,34.6
12,S585,doctor,3,34.6
12,S586,doctor,1,56.5
12,S586,doctor,2,45.2
12,S586,doctor,3,45.2
12,S587,doctor,1,37.25
12,S588,doctor,1,57.75
12,S589,doctor,1,55.75
12,S592,doctor,1,34.25
12,S593,doctor,1,63.5
12,S593,doctor,2,50.8
12,S595,doctor,1,30.5
12,S595,doctor,2,24.4
12,S595,doctor,3,24.4
12,S595,doctor,4,4.900000000000006
12,S596,doctor,1,39.25
12,S596,doctor,2,31.4
12,S597,doctor,1,39.0
12,S597,doctor,2,31.2
12,S597,doctor,3,31.2
12,S602,doctor,1,42.75
12,S603,doctor,1,29.75
12,S604,doctor,1,17.5
12,S604,doctor,2,14.0
12,S604,doctor,3,14.0
12,S604,doctor,4,14.0
12,S605,doctor,1,14.25
12,S605,doctor,2,11.4
12,S605,doctor,3,11.4
12,S605,doctor,4,11.4
12,S606,doctor,1,16.25
12,S606,doctor,2,13.0
12,S617,doctor,1,186.5
12,S617,doctor,2,97.15000000000012
12,S618,doctor,1,17.5
12,S618,doctor,2,14.0
12,S625,doctor,1,83.0
12,S626,doctor,1,40.25
12,S652,doctor,1,43.0
12,S674,doctor,1,18.49998535563738
12,S675,doctor,1,27.75
12,S677,doctor,1,25.5
12,S677,doctor,2,20.4
12,S680,doctor,1,56.5
12,S681,doctor,1,162.5
12,S681,doctor,2,130.0
12,S681,doctor,3,83.85
12,S681,doctor,4,15.100000000000001
12,S682,doctor,1,7.5
12,S682,doctor,2,6.0
12,S682,doctor,3,6.0
12,S682,doctor,4,6.0
12,S683,doctor,1,7.5
12,S683,doctor,2,6.0
12,S683,doctor,3,6.0
12,S683,doctor,4,6.0
12,S684,doctor,1,41.0
12,S684,doctor,2,32.8
12,S685,doctor,1,32.25
12,S685,doctor,2,25.8
12,S685,doctor,3,25.8
12,S685,doctor,4,25.8
12,S686,doctor,1,31.75
12,S686,doctor,2,25.4
12,S686,doctor,3,25.4
12,S686,doctor,4,25.4
12,S687,doctor,1,36.75
12,S688,doctor,1,51.5
12,S689,doctor,1,27.0
12,S689,doctor,2,21.6
12,S690,doctor,1,39.0
12,S690,doctor,2,31.2
12,S690,doctor,3,31.2
12,S692,doctor,1,40.0
12,S692,doctor,2,21.44999999999999
12,S715,doctor,1,12.25
12,S715,doctor,2,9.8
12,S721,doctor,1,59.0
12,S721,doctor,2,47.2
12,S722,doctor,1,89.5
12,S727,doctor,1,9.5
12,S727,doctor,2,7.6
12,S727,doctor,3,7.6
12,S727,doctor,4,7.6
12,S729,doctor,1,21.5
12,S729,doctor,2,17.2
12,S729,doctor,3,8.75
12,S729,doctor,4,4.25
12,S756,doctor,1,37.25
12,S756,doctor,2,29.8
12,S756,doctor,3,16.5
12,S756,doctor,4,5.25
12,S757,doctor,1,146.0
12,S757,doctor,2,6.349999999999998
12,S765,doctor,1,78.0
12,S791,doctor,1,8.5
12,S802,doctor,1,307.25
12,S802,doctor,2,125.05
12,S802,doctor,3,46.3
12,S802,doctor,4,20.05
12,JH_H007,nurse,1,0.5
12,JH_H010,nurse,1,0.5
12,S002,nurse,1,21.75
12,S005,nurse,1,2.125
12,S008,nurse,1,45.5
12,S008,nurse,2,30.143750000000004
12,S015,nurse,1,41.5
12,S015,nurse,2,27.493750000000002
12,S015,nurse,3,27.493750000000002
12,S015,nurse,4,27.493750000000002
12,S033,nurse,1,21.75
12,S034,nurse,1,21.75
12,S035,nurse,1,15.25
12,S068,nurse,1,15.0
12,S068,nurse,2,3.0
12,S071,nurse,1,47.125
12,S071,nurse,2,10.0
12,S074,nurse,1,477.0
12,S074,nurse,2,95.4
12,S078,nurse,1,45.0
12,S078,nurse,2,29.8125
12,S078,nurse,3,1.1000000000000014
12,S079,nurse,1,15.0
12,S079,nurse,2,9.9375
12,S079,nurse,3,3.0
12,S080,nurse,1,15.0
12,S080,nurse,2,9.9375
12,S080,nurse,3,3.0
12,S081,nurse,1,15.0
12,S081,nurse,2,9.9375
12,S082,nurse,1,47.5
12,S082,nurse,2,31.46875
12,S082,nurse,3,31.46875
12,S082,nurse,4,31.46875
12,S083,nurse,1,23.5
12,S083,nurse,2,15.568749999999998
12,S086,nurse,1,15.5
12,S086,nurse,2,10.268749999999999
12,S086,nurse,3,10.268749999999999
12,S086,nurse,4,10.268749999999999
12,S109,nurse,1,22.125
12,S111,nurse,1,404.0
12,S111,nurse,2,267.65000000000003
12,S112,nurse,1,122.0
12,S112,nurse,2,80.82500000000002
12,S124,nurse,1,100.0
12,S124,nurse,2,66.25
12,S125,nurse,1,103.5
12,S125,nurse,2,68.56875000000001
12,S125,nurse,3,68.56875000000001
12,S125,nurse,4,49.0515625
12,S126,nurse,1,212.0
12,S126,nurse,2,40.125
12,S395,nurse,1,136.0
12,S395,nurse,2,84.04375
12,S395,nurse,3,29.359375
12,S395,nurse,4,9.625
12,S402,nurse,1,4.875
12,S403,nurse,1,15.0
12,S403,nurse,2,9.9375
12,S403,nurse,3,9.9375
12,S403,nurse,4,3.435937512813817
12,S406,nurse,1,15.375
12,S446,nurse,1,56.5
12,S446,nurse,2,23.5625
12,S446,nurse,3,7.65625
12,S446,nurse,4,2.1453125
12,S447,nurse,1,65.5
12,S447,nurse,2,13.1
12,S454,nurse,1,99.0
12,S454,nurse,2,31.556249999999995
12,S455,nurse,1,37.625
12,S462,nurse,1,174.0
12,S462,nurse,2,115.27499999999999
12,S469,nurse,1,31.125
12,S471,nurse,1,58.625
12,S472,nurse,1,11.5
12,S474,nurse,1,16.25
12,S475,nurse,1,51.375
12,S476,nurse,1,37.625
12,S477,nurse,1,105.84015993188858
12,S478,nurse,1,27.0
12,S486,nurse,1,251.5
12,S486,nurse,2,166.61875000000003
12,S486,nurse,3,166.61875000000003
12,S486,nurse,4,166.61875000000003
12,S487,nurse,1,150.5
12,S487,nurse,2,99.70624999999998
12,S487,nurse,3,17.825000000000017
12,S488,nurse,1,110.875
12,S493,nurse,1,22.625
12,S494,nurse,1,21.875
12,S495,nurse,1,25.25
12,S510,nurse,1,124.5
12,S510,nurse,2,82.48125000000002
12,S510,nurse,3,82.48125000000002
12,S514,nurse,1,25.0
12,S515,nurse,1,9.875
12,S517,nurse,1,220.5
12,S517,nurse,2,146.08124999999998
12,S517,nurse,3,146.08124999999998
12,S517,nurse,4,48.7587220519083
12,S518,nurse,1,59.5
12,S518,nurse,2,39.418749999999996
12,S518,nurse,3,11.9
12,S521,nurse,1,70.5
12,S521,nurse,2,46.706250000000004
12,S525,nurse,1,33.5
12,S525,nurse,2,22.193749999999998
12,S526,nurse,1,4.875
12,S529,nurse,1,104.0
12,S529,nurse,2,68.89999999999999
12,S539,nurse,1,29.625
12,S539,nurse,2,8.424999999999999
12,S541,nurse,1,114.5
12,S541,nurse,2,75.85625000000002
12,S541,nurse,3,66.80625
12,S541,nurse,4,21.15625
12,S550,nurse,1,3.75
12,S551,nurse,1,25.5
12,S564,nurse,1,38.25
12,S565,nurse,1,12.625
12,S567,nurse,1,15.0
12,S568,nurse,1,42.375
12,S569,nurse,1,62.875
12,S572,nurse,1,158.5
12,S572,nurse,2,58.3375
12,S572,nurse,3,20.53125
12,S572,nurse,4,8.7703125
12,S576,nurse,1,324.5
12,S576,nurse,2,191.025
12,S576,nurse,3,80.625
12,S576,nurse,4,40.125
12,S583,nurse,1,62.0
12,S583,nurse,2,27.66519362133878
12,S584,nurse,1,59.5
12,S584,nurse,2,39.418749999999996
12,S584,nurse,3,11.9
12,S585,nurse,1,86.5
12,S585,nurse,2,57.30624999999999
12,S585,nurse,3,17.3
12,S586,nurse,1,113.0
12,S586,nurse,2,74.8625
12,S586,nurse,3,74.8625
12,S587,nurse,1,18.625
12,S588,nurse,1,28.875
12,S589,nurse,1,27.875
12,S592,nurse,1,17.125
12,S593,nurse,1,127.0
12,S593,nurse,2,25.4
12,S595,nurse,1,61.0
12,S595,nurse,2,40.41250000000001
12,S595,nurse,3,40.41250000000001
12,S595,nurse,4,2.450000000000003
12,S596,nurse,1,78.5
12,S596,nurse,2,52.00625000000001
12,S597,nurse,1,78.0
12,S597,nurse,2,51.675000000000004
12,S597,nurse,3,15.6
12,S602,nurse,1,21.375
12,S603,nurse,1,14.875
12,S604,nurse,1,35.0
12,S604,nurse,2,23.1875
12,S604,nurse,3,23.1875
12,S604,nurse,4,23.1875
12,S605,nurse,1,28.5
12,S605,nurse,2,18.881249999999998
12,S605,nurse,3,18.881249999999998
12,S605,nurse,4,18.881249999999998
12,S606,nurse,1,32.5
12,S606,nurse,2,21.53125
12,S617,nurse,1,373.0
12,S617,nurse,2,48.57500000000006
12,S618,nurse,1,35.0
12,S618,nurse,2,7.0
12,S625,nurse,1,41.5
12,S626,nurse,1,20.125
12,S652,nurse,1,21.5
12,S674,nurse,1,9.24999267781869
12,S675,nurse,1,13.875
12,S677,nurse,1,51.0
12,S677,nurse,2,33.78750000000001
12,S680,nurse,1,28.25
12,S681,nurse,1,325.0
12,S681,nurse,2,215.3125
12,S681,nurse,3,79.71249999999999
12,S681,nurse,4,7.550000000000001
12,S682,nurse,1,15.0
12,S682,nurse,2,9.9375
12,S682,nurse,3,9.9375
12,S682,nurse,4,9.9375
12,S683,nurse,1,15.0
12,S683,nurse,2,9.9375
12,S683,nurse,3,9.9375
12,S683,nurse,4,9.9375
12,S684,nurse,1,82.0
12,S684,nurse,2,16.4
12,S685,nurse,1,64.5
12,S685,nurse,2,42.731249999999996
12,S685,nurse,3,42.731249999999996
12,S685,nurse,4,42.731249999999996
12,S686,nurse,1,63.5
12,S686,nurse,2,42.06875000000001
12,S686,nurse,3,42.06875000000001
12,S686,nurse,4,42.06875000000001
12,S687,nurse,1,18.375
12,S688,nurse,1,25.75
12,S689,nurse,1,54.0
12,S689,nurse,2,10.8
12,S690,nurse,1,78.0
12,S690,nurse,2,51.675000000000004
12,S690,nurse,3,26.000486706148827
12,S692,nurse,1,79.5
12,S692,nurse,2,10.724999999999994
12,S715,nurse,1,6.125
12,S715,nurse,2,4.9
12,S721,nurse,1,118.0
12,S721,nurse,2,40.01249999999998
12,S722,nurse,1,44.75
12,S727,nurse,1,19.0
12,S727,nurse,2,12.587500000000002
12,S727,nurse,3,12.587500000000002
12,S727,nurse,4,12.587500000000002
12,S729,nurse,1,43.0
12,S729,nurse,2,22.31875
12,S729,nurse,3,7.296875
12,S729,nurse,4,2.125
12,S756,nurse,1,74.5
12,S756,nurse,2,45.52500512552692
12,S756,nurse,3,11.156249743723654
12,S756,nurse,4,2.625
12,S757,nurse,1,73.0
12,S757,nurse,2,3.174999999999999
12,S765,nurse,1,39.0
12,S791,nurse,1,4.25
12,S802,nurse,1,363.25
12,S802,nurse,2,129.66875
12,S802,nurse,3,27.074999999999996
12,S802,nurse,4,10.025
13,JH_H002,doctor,1,12.371156310485532
13,JH_H003,doctor,1,19.5
13,JH_H004,doctor,1,7.5
13,JH_H006,doctor,1,5.5
13,JH_H007,doctor,1,3.750000000000014
13,JH_H008,doctor,1,1.5
13,JH_H009,doctor,1,0.5
13,JH_H010,doctor,1,0.75
13,JH_H011,doctor,1,0.5
13,JH_H012,doctor,1,0.532699660983349
13,JH_H015,doctor,1,2.5
13,S002,doctor,1,43.5
13,S008,doctor,1,22.75
13,S008,doctor,2,18.2
13,S015,doctor,1,20.75
13,S015,doctor,2,16.6
13,S015,doctor,3,16.6
13,S015,doctor,4,16.6
13,S033,doctor,1,43.5
13,S034,doctor,1,4.25
13,S068,doctor,1,7.5
13,S071,doctor,1,25.0
13,S071,doctor,2,9.7
13,S074,doctor,1,238.5
13,S074,doctor,2,37.500000000000036
13,S078,doctor,1,22.5
13,S078,doctor,2,18.0
13,S079,doctor,1,7.5
13,S079,doctor,2,6.0
13,S080,doctor,1,7.5
13,S080,doctor,2,6.0
13,S081,doctor,1,7.5
13,S081,doctor,2,6.0
13,S082,doctor,1,23.75
13,S082,doctor,2,19.0
13,S082,doctor,3,19.0
13,S082,doctor,4,19.0
13,S083,doctor,1,11.75
13,S083,doctor,2,9.4
13,S086,doctor,1,7.75
13,S086,doctor,2,6.2
13,S086,doctor,3,6.2
13,S086,doctor,4,6.2
13,S109,doctor,1,44.25
13,S111,doctor,1,202.0
13,S111,doctor,2,161.6
13,S112,doctor,1,61.0
13,S112,doctor,2,48.8
13,S124,doctor,1,50.0
13,S124,doctor,2,40.0
13,S125,doctor,1,51.75
13,S125,doctor,2,41.4
13,S125,doctor,3,41.4
13,S125,doctor,4,41.4
13,S126,doctor,1,106.0
13,S126,doctor,2,14.250000000000007
13,S395,doctor,1,68.0
13,S395,doctor,2,54.4
13,S395,doctor,3,31.25
13,S395,doctor,4,15.5
13,S402,doctor,1,9.75
13,S403,doctor,1,7.5
13,S403,doctor,2,6.0
13,S403,doctor,3,6.0
13,S403,doctor,4,6.0
13,S406,doctor,1,30.75
13,S446,doctor,1,39.0
13,S446,doctor,2,16.25
13,S446,doctor,3,6.5
13,S446,doctor,4,3.0
13,S447,doctor,1,32.75
13,S447,doctor,2,23.85
13,S454,doctor,1,49.5
13,S454,doctor,2,39.6
13,S455,doctor,1,44.0
13,S462,doctor,1,87.0
13,S462,doctor,2,69.6
13,S469,doctor,1,62.25
13,S471,doctor,1,117.25
13,S477,doctor,1,57.0
13,S478,doctor,1,54.0
13,S486,doctor,1,125.75
13,S486,doctor,2,100.6
13,S486,doctor,3,100.6
13,S486,doctor,4,100.6
13,S487,doctor,1,75.25
13,S487,doctor,2,60.2
13,S488,doctor,1,221.75
13,S510,doctor,1,62.25
13,S510,doctor,2,49.8
13,S510,doctor,3,49.8
13,S517,doctor,1,110.25
13,S517,doctor,2,88.2
13,S517,doctor,3,88.2
13,S517,doctor,4,36.35
13,S518,doctor,1,29.75
13,S518,doctor,2,23.8
13,S518,doctor,3,11.749999999999993
13,S521,doctor,1,35.25
13,S521,doctor,2,28.2
13,S525,doctor,1,16.75
13,S525,doctor,2,13.4
13,S526,doctor,1,9.75
13,S529,doctor,1,52.0
13,S529,doctor,2,41.6
13,S539,doctor,1,30.0
13,S541,doctor,1,57.25
13,S541,doctor,2,45.8
13,S541,doctor,3,44.75
13,S541,doctor,4,12.75
13,S564,doctor,1,61.749988474344605
13,S565,doctor,1,25.25
13,S568,doctor,1,60.75
13,S569,doctor,1,125.75
13,S572,doctor,1,107.5
13,S572,doctor,2,36.3
13,S572,doctor,3,14.25
13,S572,doctor,4,7.0
13,S576,doctor,1,162.25
13,S576,doctor,2,122.25
13,S576,doctor,3,48.75
13,S576,doctor,4,24.25
13,S583,doctor,1,31.0
13,S583,doctor,2,24.8
13,S584,doctor,1,29.75
13,S584,doctor,2,23.8
13,S584,doctor,3,23.8
13,S585,doctor,1,43.25
13,S585,doctor,2,34.6
13,S586,doctor,1,56.5
13,S586,doctor,2,45.2
13,S586,doctor,3,45.2
13,S587,doctor,1,37.25
13,S588,doctor,1,57.75
13,S589,doctor,1,55.75
13,S593,doctor,1,63.5
13,S593,doctor,2,50.8
13,S595,doctor,1,30.5
13,S595,doctor,2,24.4
13,S595,doctor,3,24.4
13,S596,doctor,1,39.25
13,S596,doctor,2,31.4
13,S597,doctor,1,39.0
13,S597,doctor,2,31.2
13,S602,doctor,1,42.75
13,S603,doctor,1,29.75
13,S604,doctor,1,17.5
13,S604,doctor,2,14.0
13,S604,doctor,3,14.0
13,S604,doctor,4,14.0
13,S605,doctor,1,14.25
13,S605,doctor,2,11.4
13,S605,doctor,3,11.4
13,S605,doctor,4,11.4
13,S606,doctor,1,16.25
13,S606,doctor,2,13.0
13,S617,doctor,1,186.5
13,S618,doctor,1,17.5
13,S618,doctor,2,14.0
13,S625,doctor,1,83.0
13,S626,doctor,1,40.25
13,S675,doctor,1,6.75
13,S677,doctor,1,25.5
13,S677,doctor,2,20.4
13,S681,doctor,1,162.5
13,S681,doctor,2,130.0
13,S681,doctor,3,57.35
13,S681,doctor,4,1.8500000000000014
13,S682,doctor,1,7.5
13,S682,doctor,2,6.0
13,S682,doctor,3,6.0
13,S682,doctor,4,6.0
13,S683,doctor,1,7.5
13,S683,doctor,2,6.0
13,S683,doctor,3,6.0
13,S683,doctor,4,6.0
13,S684,doctor,1,41.0
13,S685,doctor,1,32.25
13,S685,doctor,2,25.8
13,S685,doctor,3,25.8
13,S685,doctor,4,25.8
13,S686,doctor,1,31.75
13,S686,doctor,2,25.4
13,S686,doctor,3,25.4
13,S686,doctor,4,25.4
13,S689,doctor,1,27.0
13,S689,doctor,2,21.6
13,S690,doctor,1,39.0
13,S690,doctor,2,31.2
13,S690,doctor,3,31.2
13,S692,doctor,1,40.0
13,S715,doctor,1,12.25
13,S721,doctor,1,59.0
13,S721,doctor,2,31.349999999999998
13,S727,doctor,1,9.5
13,S727,doctor,2,7.6
13,S727,doctor,3,7.6
13,S727,doctor,4,7.6
13,S729,doctor,1,21.5
13,S729,doctor,2,17.2
13,S729,doctor,3,7.0
13,S729,doctor,4,3.5
13,S756,doctor,1,37.25
13,S756,doctor,2,29.8
13,S756,doctor,3,12.0
13,S756,doctor,4,3.0
13,S757,doctor,1,144.25
13,S802,doctor,1,246.5
13,S802,doctor,2,99.55
13,S802,doctor,3,36.05
13,S802,doctor,4,14.8
13,JH_H007,nurse,1,0.5000000000000071
13,JH_H010,nurse,1,0.5
13,S002,nurse,1,21.75
13,S008,nurse,1,45.5
13,S008,nurse,2,25.67499999999999
13,S015,nurse,1,41.5
13,S015,nurse,2,27.493750000000002
13,S015,nurse,3,27.493750000000002
13,S015,nurse,4,27.493750000000002
13,S033,nurse,1,21.75
13,S034,nurse,1,2.125
13,S068,nurse,1,3.75
13,S071,nurse,1,25.375
13,S071,nurse,2,4.85
13,S074,nurse,1,327.63555861380553
13,S074,nurse,2,18.750000000000018
13,S078,nurse,1,45.0
13,S078,nurse,2,29.8125
13,S079,nurse,1,15.0
13,S079,nurse,2,9.9375
13,S080,nurse,1,15.0
13,S080,nurse,2,9.9375
13,S081,nurse,1,15.0
13,S081,nurse,2,9.9375
13,S082,nurse,1,47.5
13,S082,nurse,2,31.46875
13,S082,nurse,3,31.46875
13,S082,nurse,4,31.46875
13,S083,nurse,1,23.5
13,S083,nurse,2,4.7
13,S086,nurse,1,15.5
13,S086,nurse,2,10.268749999999999
13,S086,nurse,3,10.268749999999999
13,S086,nurse,4,10.268749999999999
13,S109,nurse,1,22.125
13,S111,nurse,1,404.0
13,S111,nurse,2,264.4656040224935
13,S112,nurse,1,122.0
13,S112,nurse,2,80.82500000000002
13,S124,nurse,1,100.0
13,S124,nurse,2,23.006249999999994
13,S125,nurse,1,103.5
13,S125,nurse,2,68.56875000000001
13,S125,nurse,3,68.56875000000001
13,S125,nurse,4,38.0515625
13,S126,nurse,1,95.625
13,S126,nurse,2,7.1250000000000036
13,S395,nurse,1,136.0
13,S395,nurse,2,68.54375403397938
13,S395,nurse,3,19.35937479830103
13,S395,nurse,4,7.75
13,S402,nurse,1,4.875
13,S403,nurse,1,15.0
13,S403,nurse,2,9.9375
13,S403,nurse,3,9.21875
13,S403,nurse,4,3.0
13,S406,nurse,1,15.375
13,S446,nurse,1,48.375
13,S446,nurse,2,18.4375
13,S446,nurse,3,5.65625
13,S446,nurse,4,1.5
13,S447,nurse,1,42.75
13,S447,nurse,2,11.925
13,S454,nurse,1,99.0
13,S454,nurse,2,19.8
13,S455,nurse,1,22.0
13,S462,nurse,1,174.0
13,S462,nurse,2,34.8
13,S469,nurse,1,31.125
13,S471,nurse,1,58.625
13,S477,nurse,1,28.5
13,S478,nurse,1,27.0
13,S486,nurse,1,251.5
13,S486,nurse,2,166.61875000000003
13,S486,nurse,3,166.61875
13,S486,nurse,4,161.54957751024264
13,S487,nurse,1,150.5
13,S487,nurse,2,99.70624999999998
13,S488,nurse,1,110.875
13,S510,nurse,1,124.5
13,S510,nurse,2,82.48125000000002
13,S510,nurse,3,49.88787874643999
13,S517,nurse,1,220.5
13,S517,nurse,2,146.08124999999998
13,S517,nurse,3,146.08124999999998
13,S517,nurse,4,18.175
13,S518,nurse,1,59.5
13,S518,nurse,2,39.418749999999996
13,S518,nurse,3,5.8749999999999964
13,S521,nurse,1,70.5
13,S521,nurse,2,32.05625000000001
13,S525,nurse,1,33.5
13,S525,nurse,2,6.7
13,S526,nurse,1,4.875
13,S529,nurse,1,104.0
13,S529,nurse,2,20.8
13,S539,nurse,1,15.0
13,S541,nurse,1,114.5
13,S541,nurse,2,75.85625000000002
13,S541,nurse,3,53.65625
13,S541,nurse,4,11.03125
13,S564,nurse,1,30.874994237172302
13,S565,nurse,1,12.625
13,S568,nurse,1,30.375
13,S569,nurse,1,62.875
13,S572,nurse,1,121.75
13,S572,nurse,2,44.8375
13,S572,nurse,3,16.03125
13,S572,nurse,4,6.3953125
13,S576,nurse,1,324.5
13,S576,nurse,2,163.0
13,S576,nurse,3,65.125
13,S576,nurse,4,32.5
13,S583,nurse,1,62.0
13,S583,nurse,2,12.4
13,S584,nurse,1,59.5
13,S584,nurse,2,39.418749999999996
13,S584,nurse,3,11.9
13,S585,nurse,1,86.5
13,S585,nurse,2,57.30624999999999
13,S586,nurse,1,113.0
13,S586,nurse,2,74.8625
13,S586,nurse,3,22.6
13,S587,nurse,1,18.625
13,S588,nurse,1,28.875
13,S589,nurse,1,27.875
13,S593,nurse,1,127.0
13,S593,nurse,2,25.4
13,S595,nurse,1,61.0
13,S595,nurse,2,40.41250000000001
13,S595,nurse,3,40.41250000000001
13,S596,nurse,1,78.5
13,S596,nurse,2,15.7
13,S597,nurse,1,78.0
13,S597,nurse,2,51.675000000000004
13,S602,nurse,1,21.375
13,S603,nurse,1,14.875
13,S604,nurse,1,35.0
13,S604,nurse,2,23.1875
13,S604,nurse,3,23.1875
13,S604,nurse,4,7.0
13,S605,nurse,1,28.5
13,S605,nurse,2,18.881249999999998
13,S605,nurse,3,18.881249999999998
13,S605,nurse,4,5.7
13,S606,nurse,1,32.5
13,S606,nurse,2,21.53125
13,S617,nurse,1,93.25
13,S618,nurse,1,35.0
13,S618,nurse,2,7.0
13,S625,nurse,1,41.5
13,S626,nurse,1,20.125
13,S675,nurse,1,3.375
13,S677,nurse,1,51.0
13,S677,nurse,2,10.2
13,S681,nurse,1,325.0
13,S681,nurse,2,215.3125
13,S681,nurse,3,44.46249999999999
13,S681,nurse,4,0.9250000000000007
13,S682,nurse,1,15.0
13,S682,nurse,2,9.9375
13,S682,nurse,3,9.9375
13,S682,nurse,4,9.9375
13,S683,nurse,1,15.0
13,S683,nurse,2,9.9375
13,S683,nurse,3,9.9375
13,S683,nurse,4,9.9375
13,S684,nurse,1,20.5
13,S685,nurse,1,64.5
13,S685,nurse,2,42.731249999999996
13,S685,nurse,3,42.731249999999996
13,S685,nurse,4,42.731249999999996
13,S686,nurse,1,63.5
13,S686,nurse,2,42.06875000000001
13,S686,nurse,3,42.06875000000001
13,S686,nurse,4,42.06875000000001
13,S689,nurse,1,54.0
13,S689,nurse,2,10.8
13,S690,nurse,1,78.0
13,S690,nurse,2,51.675000000000004
13,S690,nurse,3,15.6
13,S692,nurse,1,21.25
13,S715,nurse,1,6.125
13,S721,nurse,1,108.375
13,S721,nurse,2,15.674999999999999
13,S727,nurse,1,19.0
13,S727,nurse,2,12.587500000000002
13,S727,nurse,3,12.587500000000002
13,S727,nurse,4,3.8
13,S729,nurse,1,41.0
13,S729,nurse,2,18.69375
13,S729,nurse,3,4.921875
13,S729,nurse,4,1.75
13,S756,nurse,1,74.5
13,S756,nurse,2,36.4
13,S756,nurse,3,6.0
13,S756,nurse,4,1.5
13,S757,nurse,1,72.125
13,S802,nurse,1,282.375
13,S802,nurse,2,95.79374999999999
13,S802,nurse,3,18.025
13,S802,nurse,4,7.4
14,JH_H002,doctor,1,5.758424747479751
14,JH_H003,doctor,1,19.5
14,JH_H004,doctor,1,7.5
14,JH_H006,doctor,1,5.5
14,JH_H007,doctor,1,3.75
14,JH_H008,doctor,1,1.4999999999999956
14,JH_H009,doctor,1,0.5
14,JH_H010,doctor,1,0.75
14,JH_H011,doctor,1,0.5
14,JH_H015,doctor,1,2.5
14,S002,doctor,1,43.5
14,S002,doctor,2,6.199999999999989
14,S005,doctor,1,21.75
14,S008,doctor,1,22.75
14,S008,doctor,2,18.2
14,S015,doctor,1,20.75
14,S015,doctor,2,16.6
14,S015,doctor,3,16.6
14,S015,doctor,4,16.6
14,S033,doctor,1,43.5
14,S034,doctor,1,43.5
14,S035,doctor,1,43.5
14,S064,doctor,1,7.499428379289771
14,S068,doctor,1,7.5
14,S068,doctor,2,6.0
14,S071,doctor,1,25.0
14,S071,doctor,2,20.0
14,S074,doctor,1,238.5
14,S074,doctor,2,190.8
14,S078,doctor,1,22.5
14,S078,doctor,2,18.0
14,S078,doctor,3,10.950000000000003
14,S079,doctor,1,7.5
14,S079,doctor,2,6.0
14,S079,doctor,3,6.0
14,S080,doctor,1,7.5
14,S080,doctor,2,6.0
14,S080,doctor,3,6.0
14,S081,doctor,1,7.5
14,S081,doctor,2,6.0
14,S082,doctor,1,23.75
14,S082,doctor,2,19.0
14,S082,doctor,3,19.0
14,S082,doctor,4,19.0
14,S083,doctor,1,11.75
14,S083,doctor,2,9.4
14,S086,doctor,1,7.75
14,S086,doctor,2,6.2
14,S086,doctor,3,6.2
14,S086,doctor,4,6.2
14,S109,doctor,1,44.25
14,S111,doctor,1,202.0
14,S111,doctor,2,161.6
14,S112,doctor,1,61.0
14,S112,doctor,2,48.8
14,S112,doctor,3,27.700000000000017
14,S122,doctor,1,55.5
14,S124,doctor,1,50.0
14,S124,doctor,2,40.0
14,S125,doctor,1,51.75
14,S125,doctor,2,41.4
14,S125,doctor,3,41.4
14,S125,doctor,4,41.4
14,S126,doctor,1,106.0
14,S126,doctor,2,84.8
14,S395,doctor,1,68.0
14,S395,doctor,2,54.4
14,S395,doctor,3,43.0
14,S395,doctor,4,21.5
14,S402,doctor,1,9.75
14,S402,doctor,2,6.950000000000003
14,S403,doctor,1,7.5
14,S403,doctor,2,6.0
14,S403,doctor,3,6.0
14,S403,doctor,4,6.0
14,S406,doctor,1,30.75
14,S446,doctor,1,39.75
14,S446,doctor,2,22.25
14,S446,doctor,3,8.75
14,S446,doctor,4,4.25
14,S447,doctor,1,32.75
14,S447,doctor,2,26.2
14,S454,doctor,1,49.5
14,S454,doctor,2,39.6
14,S455,doctor,1,44.0
14,S455,doctor,2,33.20000000000002
14,S462,doctor,1,87.0
14,S462,doctor,2,69.6
14,S469,doctor,1,62.25
14,S471,doctor,1,117.25
14,S472,doctor,1,23.0
14,S474,doctor,1,32.5
14,S475,doctor,1,102.75
14,S476,doctor,1,110.5
14,S477,doctor,1,57.0
14,S477,doctor,2,45.6
14,S478,doctor,1,54.0
14,S478,doctor,2,43.2
14,S479,doctor,1,51.5
14,S486,doctor,1,125.75
14,S486,doctor,2,100.6
14,S486,doctor,3,100.6
14,S486,doctor,4,100.6
14,S487,doctor,1,75.25
14,S487,doctor,2,60.2
14,S487,doctor,3,60.2
14,S488,doctor,1,221.75
14,S493,doctor,1,45.25
14,S494,doctor,1,43.75
14,S495,doctor,1,50.5
14,S497,doctor,1,265.75
14,S510,doctor,1,62.25
14,S510,doctor,2,49.8
14,S510,doctor,3,49.8
14,S510,doctor,4,12.999999999999986
14,S513,doctor,1,38.25
14,S514,doctor,1,50.0
14,S515,doctor,1,19.75
14,S517,doctor,1,110.25
14,S517,doctor,2,88.2
14,S517,doctor,3,88.2
14,S517,doctor,4,88.2
14,S518,doctor,1,29.75
14,S518,doctor,2,23.8
14,S518,doctor,3,23.8
14,S521,doctor,1,35.25
14,S521,doctor,2,28.2
14,S525,doctor,1,16.75
14,S525,doctor,2,13.4
14,S526,doctor,1,9.75
14,S529,doctor,1,52.0
14,S529,doctor,2,41.6
14,S539,doctor,1,30.0
14,S539,doctor,2,24.0
14,S541,doctor,1,57.25
14,S541,doctor,2,45.8
14,S541,doctor,3,45.8
14,S541,doctor,4,24.75
14,S550,doctor,1,7.5
14,S551,doctor,1,51.0
14,S564,doctor,1,76.5
14,S565,doctor,1,25.25
14,S565,doctor,2,2.8999999999999986
14,S567,doctor,1,55.75
14,S568,doctor,1,84.75
14,S569,doctor,1,125.75
14,S572,doctor,1,134.0
14,S572,doctor,2,56.55
14,S572,doctor,3,19.5
14,S572,doctor,4,9.75
14,S576,doctor,1,162.25
14,S576,doctor,2,129.8
14,S576,doctor,3,67.25
14,S576,doctor,4,33.5
14,S583,doctor,1,31.0
14,S583,doctor,2,24.8
14,S584,doctor,1,29.75
14,S584,doctor,2,23.8
14,S584,doctor,3,23.8
14,S585,doctor,1,43.25
14,S585,doctor,2,34.6
14,S585,doctor,3,34.6
14,S586,doctor,1,56.5
14,S586,doctor,2,45.2
14,S586,doctor,3,45.2
14,S587,doctor,1,37.25
14,S588,doctor,1,57.75
14,S589,doctor,1,55.75
14,S592,doctor,1,34.25
14,S593,doctor,1,63.5
14,S593,doctor,2,50.8
14,S595,doctor,1,30.5
14,S595,doctor,2,24.4
14,S595,doctor,3,24.4
14,S595,doctor,4,24.4
14,S596,doctor,1,39.25
14,S596,doctor,2,31.4
14,S597,doctor,1,39.0
14,S597,doctor,2,31.2
14,S597,doctor,3,31.2
14,S602,doctor,1,42.75
14,S603,doctor,1,29.75
14,S603,doctor,2,22.14999999999994
14,S604,doctor,1,17.5
14,S604,doctor,2,14.0
14,S604,doctor,3,14.0
14,S604,doctor,4,14.0
14,S605,doctor,1,14.25
14,S605,doctor,2,11.4
14,S605,doctor,3,11.4
14,S605,doctor,4,11.4
14,S606,doctor,1,16.25
14,S606,doctor,2,13.0
14,S606,doctor,3,13.0
14,S617,doctor,1,186.5
14,S617,doctor,2,149.2
14,S618,doctor,1,17.5
14,S618,doctor,2,14.0
14,S625,doctor,1,83.0
14,S626,doctor,1,40.25
14,S652,doctor,1,43.0
14,S674,doctor,1,33.49998356761186
14,S675,doctor,1,27.75
14,S677,doctor,1,25.5
14,S677,doctor,2,20.4
14,S680,doctor,1,56.5
14,S681,doctor,1,162.5
14,S681,doctor,2,130.0
14,S681,doctor,3,98.85
14,S681,doctor,4,22.6
14,S682,doctor,1,7.5
14,S682,doctor,2,6.0
14,S682,doctor,3,6.0
14,S682,doctor,4,6.0
14,S683,doctor,1,7.5
14,S683,doctor,2,6.0
14,S683,doctor,3,6.0
14,S683,doctor,4,6.0
14,S684,doctor,1,41.0
14,S684,doctor,2,32.8
14,S685,doctor,1,32.25
14,S685,doctor,2,25.8
14,S685,doctor,3,25.8
14,S685,doctor,4,25.8
14,S686,doctor,1,31.75
14,S686,doctor,2,25.4
14,S686,doctor,3,25.4
14,S686,doctor,4,25.4
14,S687,doctor,1,36.75
14,S688,doctor,1,51.5
14,S689,doctor,1,27.0
14,S689,doctor,2,21.6
14,S690,doctor,1,39.0
14,S690,doctor,2,31.2
14,S690,doctor,3,31.2
14,S692,doctor,1,40.0
14,S692,doctor,2,32.0
14,S715,doctor,1,12.25
14,S715,doctor,2,9.8
14,S721,doctor,1,59.0
14,S721,doctor,2,47.2
14,S722,doctor,1,142.0
14,S727,doctor,1,9.5
14,S727,doctor,2,7.6
14,S727,doctor,3,7.6
14,S727,doctor,4,7.6
14,S729,doctor,1,21.5
14,S729,doctor,2,17.2
14,S729,doctor,3,9.75
14,S729,doctor,4,4.75
14,S756,doctor,1,37.25
14,S756,doctor,2,29.8
14,S756,doctor,3,19.0
14,S756,doctor,4,6.5
14,S757,doctor,1,146.0
14,S757,doctor,2,28.349999999999998
14,S765,doctor,1,84.25
14,S784,doctor,1,15.0
14,S791,doctor,1,28.25
14,S802,doctor,1,342.0
14,S802,doctor,2,139.3
14,S802,doctor,3,52.05
14,S802,doctor,4,22.8
14,JH_H007,nurse,1,0.5
14,JH_H010,nurse,1,0.5
14,S002,nurse,1,54.75
14,S002,nurse,2,3.0999999999999943
14,S005,nurse,1,10.875
14,S008,nurse,1,45.5
14,S008,nurse,2,30.143750000000004
14,S015,nurse,1,41.5
14,S015,nurse,2,27.493750000000002
14,S015,nurse,3,27.493750000000002
14,S015,nurse,4,27.493750000000002
14,S033,nurse,1,21.75
14,S034,nurse,1,21.75
14,S035,nurse,1,21.75
14,S064,nurse,1,3.7497141896448856
14,S068,nurse,1,15.0
14,S068,nurse,2,3.0
14,S071,nurse,1,50.0
14,S071,nurse,2,11.293755751335855
14,S074,nurse,1,477.0
14,S074,nurse,2,118.30698216964115
14,S078,nurse,1,45.0
14,S078,nurse,2,29.8125
14,S078,nurse,3,5.475000000000001
14,S079,nurse,1,15.0
14,S079,nurse,2,9.9375
14,S079,nurse,3,3.0
14,S080,nurse,1,15.0
14,S080,nurse,2,9.9375
14,S080,nurse,3,3.0
14,S081,nurse,1,15.0
14,S081,nurse,2,9.9375
14,S082,nurse,1,47.5
14,S082,nurse,2,31.46875
14,S082,nurse,3,31.46875
14,S082,nurse,4,31.46875
14,S083,nurse,1,23.5
14,S083,nurse,2,15.568749999999998
14,S086,nurse,1,15.5
14,S086,nurse,2,10.268749999999999
14,S086,nurse,3,10.268749999999999
14,S086,nurse,4,10.268749999999999
14,S109,nurse,1,22.125
14,S111,nurse,1,404.0
14,S111,nurse,2,267.65000000000003
14,S112,nurse,1,122.0
14,S112,nurse,2,80.82500000000002
14,S112,nurse,3,13.850000000000009
14,S122,nurse,1,27.75
14,S124,nurse,1,100.0
14,S124,nurse,2,66.25
14,S125,nurse,1,103.5
14,S125,nurse,2,68.56875000000001
14,S125,nurse,3,68.56875000000001
14,S125,nurse,4,55.4265625
14,S126,nurse,1,212.0
14,S126,nurse,2,42.4
14,S395,nurse,1,136.0
14,S395,nurse,2,90.10000000000001
14,S395,nurse,3,35.109375
14,S395,nurse,4,10.75
14,S402,nurse,1,5.5
14,S402,nurse,2,3.4750000000000014
14,S403,nurse,1,15.0
14,S403,nurse,2,9.9375
14,S403,nurse,3,9.9375
14,S403,nurse,4,4.43593751437834
14,S406,nurse,1,15.375
14,S446,nurse,1,60.875
14,S446,nurse,2,26.5625
14,S446,nurse,3,8.78125
14,S446,nurse,4,2.7703125
14,S447,nurse,1,65.5
14,S447,nurse,2,15.918749999999994
14,S454,nurse,1,99.0
14,S454,nurse,2,63.18124999999999
14,S455,nurse,1,88.0
14,S455,nurse,2,16.60000000000001
14,S462,nurse,1,174.0
14,S462,nurse,2,115.27499999999999
14,S469,nurse,1,31.125
14,S471,nurse,1,58.625
14,S472,nurse,1,11.5
14,S474,nurse,1,16.25
14,S475,nurse,1,51.375
14,S476,nurse,1,55.25
14,S477,nurse,1,114.0
14,S477,nurse,2,22.8
14,S478,nurse,1,108.0
14,S478,nurse,2,21.6
14,S479,nurse,1,25.75
14,S486,nurse,1,251.5
14,S486,nurse,2,166.61875000000003
14,S486,nurse,3,166.61875000000003
14,S486,nurse,4,166.61875000000003
14,S487,nurse,1,150.5
14,S487,nurse,2,99.70624999999998
14,S487,nurse,3,30.1
14,S488,nurse,1,285.9797762750781
14,S493,nurse,1,22.625
14,S494,nurse,1,21.875
14,S495,nurse,1,25.25
14,S497,nurse,1,132.875
14,S510,nurse,1,124.5
14,S510,nurse,2,82.48125000000002
14,S510,nurse,3,82.48125000000002
14,S510,nurse,4,6.499999999999993
14,S513,nurse,1,19.125
14,S514,nurse,1,25.0
14,S515,nurse,1,9.875
14,S517,nurse,1,220.5
14,S517,nurse,2,146.08124999999998
14,S517,nurse,3,146.08124999999998
14,S517,nurse,4,76.32007781740478
14,S518,nurse,1,59.5
14,S518,nurse,2,39.418749999999996
14,S518,nurse,3,13.391490746234433
14,S521,nurse,1,70.5
14,S521,nurse,2,46.706250000000004
14,S525,nurse,1,33.5
14,S525,nurse,2,22.193749999999998
14,S526,nurse,1,4.875
14,S529,nurse,1,104.0
14,S529,nurse,2,68.89999999999999
14,S539,nurse,1,60.0
14,S539,nurse,2,12.0
14,S541,nurse,1,114.5
14,S541,nurse,2,75.85625000000002
14,S541,nurse,3,74.18125
14,S541,nurse,4,27.03125
14,S550,nurse,1,3.75
14,S551,nurse,1,25.5
14,S564,nurse,1,38.25
14,S565,nurse,1,12.625
14,S565,nurse,2,1.4499999999999993
14,S567,nurse,1,27.875
14,S568,nurse,1,42.375
14,S569,nurse,1,88.375
14,S572,nurse,1,173.25
14,S572,nurse,2,66.0875
14,S572,nurse,3,23.15625
14,S572,nurse,4,10.0203125
14,S576,nurse,1,324.5
14,S576,nurse,2,205.025
14,S576,nurse,3,89.625
14,S576,nurse,4,44.75
14,S583,nurse,1,62.0
14,S583,nurse,2,41.074999999999996
14,S584,nurse,1,59.5
14,S584,nurse,2,39.418749999999996
14,S584,nurse,3,39.418749999999996
14,S585,nurse,1,86.5
14,S585,nurse,2,57.30624999999999
14,S585,nurse,3,17.3
14,S586,nurse,1,113.0
14,S586,nurse,2,74.8625
14,S586,nurse,3,74.8625
14,S587,nurse,1,18.625
14,S588,nurse,1,28.875
14,S589,nurse,1,27.875
14,S592,nurse,1,17.125
14,S593,nurse,1,127.0
14,S593,nurse,2,84.13750000000002
14,S595,nurse,1,61.0
14,S595,nurse,2,40.41250000000001
14,S595,nurse,3,40.41250000000001
14,S595,nurse,4,12.2
14,S596,nurse,1,78.5
14,S596,nurse,2,52.00625000000001
14,S597,nurse,1,78.0
14,S597,nurse,2,51.675000000000004
14,S597,nurse,3,15.6
14,S602,nurse,1,21.375
14,S603,nurse,1,59.5
14,S603,nurse,2,11.07499999999997
14,S604,nurse,1,35.0
14,S604,nurse,2,23.1875
14,S604,nurse,3,23.1875
14,S604,nurse,4,23.1875
14,S605,nurse,1,28.5
14,S605,nurse,2,18.881249999999998
14,S605,nurse,3,18.881249999999998
14,S605,nurse,4,18.881249999999998
14,S606,nurse,1,32.5
14,S606,nurse,2,21.53125
14,S606,nurse,3,6.5
14,S617,nurse,1,373.0
14,S617,nurse,2,74.6
14,S618,nurse,1,35.0
14,S618,nurse,2,23.1875
14,S625,nurse,1,41.5
14,S626,nurse,1,20.125
14,S652,nurse,1,21.5
14,S674,nurse,1,16.74999178380593
14,S675,nurse,1,13.875
14,S677,nurse,1,51.0
14,S677,nurse,2,33.78750000000001
14,S680,nurse,1,28.25
14,S681,nurse,1,325.0
14,S681,nurse,2,215.3125
14,S681,nurse,3,99.83749999999999
14,S681,nurse,4,11.3
14,S682,nurse,1,15.0
14,S682,nurse,2,9.9375
14,S682,nurse,3,9.9375
14,S682,nurse,4,9.9375
14,S683,nurse,1,15.0
14,S683,nurse,2,9.9375
14,S683,nurse,3,9.9375
14,S683,nurse,4,9.9375
14,S684,nurse,1,82.0
14,S684,nurse,2,16.4
14,S685,nurse,1,64.5
14,S685,nurse,2,42.731249999999996
14,S685,nurse,3,42.731249999999996
14,S685,nurse,4,42.731249999999996
14,S686,nurse,1,63.5
14,S686,nurse,2,42.06875000000001
14,S686,nurse,3,42.06875000000001
14,S686,nurse,4,42.06875000000001
14,S687,nurse,1,18.375
14,S688,nurse,1,25.75
14,S689,nurse,1,54.0
14,S689,nurse,2,35.775
14,S690,nurse,1,78.0
14,S690,nurse,2,51.675000000000004
14,S690,nurse,3,51.675000000000004
14,S692,nurse,1,80.0
14,S692,nurse,2,16.0
14,S715,nurse,1,24.5
14,S715,nurse,2,4.9
14,S721,nurse,1,118.0
14,S721,nurse,2,58.26249999999998
14,S722,nurse,1,71.0
14,S727,nurse,1,19.0
14,S727,nurse,2,12.587500000000002
14,S727,nurse,3,12.587500000000002
14,S727,nurse,4,12.587500000000002
14,S729,nurse,1,43.0
14,S729,nurse,2,24.31875
14,S729,nurse,3,8.546875
14,S729,nurse,4,2.375
14,S756,nurse,1,74.5
14,S756,nurse,2,49.356249999999996
14,S756,nurse,3,14.531249712433208
14,S756,nurse,4,3.25
14,S757,nurse,1,97.375
14,S757,nurse,2,14.174999999999999
14,S765,nurse,1,42.125
14,S784,nurse,1,7.5
14,S791,nurse,1,14.125
14,S802,nurse,1,409.625
14,S802,nurse,2,148.79375
14,S802,nurse,3,34.699999999999996
14,S802,nurse,4,11.4
15,JH_H002,doctor,1,10.11209576468471
15,JH_H003,doctor,1,19.5
15,JH_H004,doctor,1,7.5
15,JH_H006,doctor,1,5.5
15,JH_H007,doctor,1,3.75
15,JH_H008,doctor,1,1.5000000000000142
15,JH_H009,doctor,1,0.5
15,JH_H010,doctor,1,0.75
15,JH_H011,doctor,1,0.5
15,JH_H012,doctor,1,0.21652572758868693
15,JH_H015,doctor,1,2.5
15,S002,doctor,1,43.5
15,S008,doctor,1,22.75
15,S008,doctor,2,18.2
15,S015,doctor,1,20.75
15,S015,doctor,2,16.6
15,S015,doctor,3,16.6
15,S015,doctor,4,16.6
15,S033,doctor,1,43.5
15,S034,doctor,1,41.75
15,S068,doctor,1,7.5
15,S068,doctor,2,4.650000000000009
15,S071,doctor,1,25.0
15,S071,doctor,2,15.7
15,S074,doctor,1,238.5
15,S074,doctor,2,170.30000000000013
15,S078,doctor,1,22.5
15,S078,doctor,2,18.0
15,S079,doctor,1,7.5
15,S079,doctor,2,6.0
15,S079,doctor,3,1.2000000000000028
15,S080,doctor,1,7.5
15,S080,doctor,2,6.0
15,S080,doctor,3,6.0
15,S081,doctor,1,7.5
15,S081,doctor,2,6.0
15,S082,doctor,1,23.75
15,S082,doctor,2,19.0
15,S082,doctor,3,19.0
15,S082,doctor,4,19.0
15,S083,doctor,1,11.75
15,S083,doctor,2,9.4
15,S086,doctor,1,7.75
15,S086,doctor,2,6.2
15,S086,doctor,3,6.2
15,S086,doctor,4,6.2
15,S109,doctor,1,44.25
15,S111,doctor,1,202.0
15,S111,doctor,2,161.6
15,S112,doctor,1,61.0
15,S112,doctor,2,48.8
15,S124,doctor,1,50.0
15,S124,doctor,2,40.0
15,S125,doctor,1,51.75
15,S125,doctor,2,41.4
15,S125,doctor,3,41.4
15,S125,doctor,4,41.4
15,S126,doctor,1,106.0
15,S126,doctor,2,49.75
15,S395,doctor,1,68.0
15,S395,doctor,2,54.4
15,S395,doctor,3,35.25
15,S395,doctor,4,17.5
15,S402,doctor,1,9.75
15,S403,doctor,1,7.5
15,S403,doctor,2,6.0
15,S403,doctor,3,6.0
15,S403,doctor,4,6.0
15,S406,doctor,1,30.75
15,S446,doctor,1,39.75
15,S446,doctor,2,18.25
15,S446,doctor,3,7.25
15,S446,doctor,4,3.5
15,S447,doctor,1,32.75
15,S447,doctor,2,26.2
15,S454,doctor,1,49.5
15,S454,doctor,2,39.6
15,S455,doctor,1,44.0
15,S462,doctor,1,87.0
15,S462,doctor,2,69.6
15,S469,doctor,1,62.25
15,S471,doctor,1,117.25
15,S472,doctor,1,23.0
15,S474,doctor,1,32.5
15,S475,doctor,1,13.25
15,S477,doctor,1,57.0
15,S478,doctor,1,54.0
15,S486,doctor,1,125.75
15,S486,doctor,2,100.6
15,S486,doctor,3,100.6
15,S486,doctor,4,100.6
15,S487,doctor,1,75.25
15,S487,doctor,2,60.2
15,S488,doctor,1,221.75
15,S494,doctor,1,43.75
15,S510,doctor,1,62.25
15,S510,doctor,2,49.8
15,S510,doctor,3,49.8
15,S514,doctor,1,50.0
15,S517,doctor,1,110.25
15,S517,doctor,2,88.2
15,S517,doctor,3,88.2
15,S517,doctor,4,67.10000000000001
15,S518,doctor,1,29.75
15,S518,doctor,2,23.8
15,S518,doctor,3,23.8
15,S521,doctor,1,35.25
15,S521,doctor,2,28.2
15,S525,doctor,1,16.75
15,S525,doctor,2,13.4
15,S526,doctor,1,9.75
15,S529,doctor,1,52.0
15,S529,doctor,2,41.6
15,S539,doctor,1,30.0
15,S539,doctor,2,7.649999999999999
15,S541,doctor,1,57.25
15,S541,doctor,2,45.8
15,S541,doctor,3,45.8
15,S541,doctor,4,17.0
15,S550,doctor,1,7.5
15,S551,doctor,1,51.0
15,S564,doctor,1,76.5
15,S565,doctor,1,25.25
15,S567,doctor,1,9.25
15,S568,doctor,1,84.75
15,S569,doctor,1,125.75
15,S572,doctor,1,124.0
15,S572,doctor,2,43.05
15,S572,doctor,3,16.0
15,S572,doctor,4,8.0
15,S576,doctor,1,162.25
15,S576,doctor,2,129.8
15,S576,doctor,3,55.0
15,S576,doctor,4,27.5
15,S583,doctor,1,31.0
15,S583,doctor,2,24.8
15,S584,doctor,1,29.75
15,S584,doctor,2,23.8
15,S584,doctor,3,23.8
15,S585,doctor,1,43.25
15,S585,doctor,2,34.6
15,S585,doctor,3,18.00000000000003
15,S586,doctor,1,56.5
15,S586,doctor,2,45.2
15,S586,doctor,3,45.2
15,S587,doctor,1,37.25
15,S588,doctor,1,57.75
15,S589,doctor,1,55.75
15,S593,doctor,1,63.5
15,S593,doctor,2,50.8
15,S595,doctor,1,30.5
15,S595,doctor,2,24.4
15,S595,doctor,3,24.4
15,S596,doctor,1,39.25
15,S596,doctor,2,31.4
15,S597,doctor,1,39.0
15,S597,doctor,2,31.2
15,S597,doctor,3,31.2
15,S602,doctor,1,42.75
15,S603,doctor,1,29.75
15,S604,doctor,1,17.5
15,S604,doctor,2,14.0
15,S604,doctor,3,14.0
15,S604,doctor,4,14.0
15,S605,doctor,1,14.25
15,S605,doctor,2,11.4
15,S605,doctor,3,11.4
15,S605,doctor,4,11.4
15,S606,doctor,1,16.25
15,S606,doctor,2,13.0
15,S617,doctor,1,186.5
15,S617,doctor,2,19.449999999999953
15,S618,doctor,1,17.5
15,S618,doctor,2,14.0
15,S625,doctor,1,83.0
15,S626,doctor,1,40.25
15,S652,doctor,1,43.0
15,S674,doctor,1,6.499986798867255
15,S675,doctor,1,27.75
15,S677,doctor,1,25.5
15,S677,doctor,2,20.4
15,S680,doctor,1,56.5
15,S681,doctor,1,162.5
15,S681,doctor,2,130.0
15,S681,doctor,3,71.6
15,S681,doctor,4,9.100000000000001
15,S682,doctor,1,7.5
15,S682,doctor,2,6.0
15,S682,doctor,3,6.0
15,S682,doctor,4,6.0
15,S683,doctor,1,7.5
15,S683,doctor,2,6.0
15,S683,doctor,3,6.0
15,S683,doctor,4,6.0
15,S684,doctor,1,41.0
15,S685,doctor,1,32.25
15,S685,doctor,2,25.8
15,S685,doctor,3,25.8
15,S685,doctor,4,25.8
15,S686,doctor,1,31.75
15,S686,doctor,2,25.4
15,S686,doctor,3,25.4
15,S686,doctor,4,25.4
15,S687,doctor,1,36.75
15,S688,doctor,1,51.5
15,S689,doctor,1,27.0
15,S689,doctor,2,21.6
15,S690,doctor,1,39.0
15,S690,doctor,2,31.2
15,S690,doctor,3,31.2
15,S692,doctor,1,40.0
15,S692,doctor,2,7.949999999999989
15,S715,doctor,1,12.25
15,S721,doctor,1,59.0
15,S721,doctor,2,47.2
15,S722,doctor,1,47.25
15,S727,doctor,1,9.5
15,S727,doctor,2,7.6
15,S727,doctor,3,7.6
15,S727,doctor,4,7.6
15,S729,doctor,1,21.5
15,S729,doctor,2,17.2
15,S729,doctor,3,8.0
15,S729,doctor,4,3.75
15,S756,doctor,1,37.25
15,S756,doctor,2,29.8
15,S756,doctor,3,14.5
15,S756,doctor,4,4.25
15,S757,doctor,1,146.0
15,S765,doctor,1,4.75
15,S791,doctor,1,4.25
15,S802,doctor,1,279.0
15,S802,doctor,2,113.3
15,S802,doctor,3,41.55
15,S802,doctor,4,17.55
15,JH_H007,nurse,1,0.5
15,JH_H010,nurse,1,0.5
15,S002,nurse,1,21.75
15,S008,nurse,1,45.5
15,S008,nurse,2,30.143750000000004
15,S015,nurse,1,41.5
15,S015,nurse,2,27.493750000000002
15,S015,nurse,3,27.493750000000002
15,S015,nurse,4,27.493750000000002
15,S033,nurse,1,21.75
15,S034,nurse,1,20.875
15,S068,nurse,1,15.0
15,S068,nurse,2,2.3250000000000046
15,S071,nurse,1,37.125
15,S071,nurse,2,7.85
15,S074,nurse,1,477.0
15,S074,nurse,2,85.15000000000006
15,S078,nurse,1,45.0
15,S078,nurse,2,29.8125
15,S079,nurse,1,15.0
15,S079,nurse,2,9.9375
15,S079,nurse,3,0.6000000000000014
15,S080,nurse,1,15.0
15,S080,nurse,2,9.9375
15,S080,nurse,3,3.0
15,S081,nurse,1,15.0
15,S081,nurse,2,9.9375
15,S082,nurse,1,47.5
15,S082,nurse,2,31.46875
15,S082,nurse,3,31.46875
15,S082,nurse,4,31.46875
15,S083,nurse,1,23.5
15,S083,nurse,2,15.568749999999998
15,S086,nurse,1,15.5
15,S086,nurse,2,10.268749999999999
15,S086,nurse,3,10.268749999999999
15,S086,nurse,4,10.268749999999999
15,S109,nurse,1,22.125
15,S111,nurse,1,404.0
15,S111,nurse,2,267.65000000000003
15,S112,nurse,1,122.0
15,S112,nurse,2,80.82500000000002
15,S124,nurse,1,100.0
15,S124,nurse,2,52.631249999999994
15,S125,nurse,1,103.5
15,S125,nurse,2,68.56875000000001
15,S125,nurse,3,68.56875000000001
15,S125,nurse,4,44.0515625
15,S126,nurse,1,166.625
15,S126,nurse,2,24.875
15,S395,nurse,1,136.0
15,S395,nurse,2,76.79375
15,S395,nurse,3,24.734375
15,S395,nurse,4,8.75
15,S402,nurse,1,4.875
15,S403,nurse,1,15.0
15,S403,nurse,2,9.9375
15,S403,nurse,3,9.9375
15,S403,nurse,4,3.0
15,S406,nurse,1,15.375
15,S446,nurse,1,52.875
15,S446,nurse,2,21.1875
15,S446,nurse,3,6.78125
15,S446,nurse,4,1.7703125000000002
15,S447,nurse,1,62.875
15,S447,nurse,2,13.1
15,S454,nurse,1,99.0
15,S454,nurse,2,19.8
15,S455,nurse,1,22.0
15,S462,nurse,1,174.0
15,S462,nurse,2,108.09624808625237
15,S469,nurse,1,31.125
15,S471,nurse,1,58.625
15,S472,nurse,1,11.5
15,S474,nurse,1,16.25
15,S475,nurse,1,6.625
15,S477,nurse,1,28.5
15,S478,nurse,1,27.0
15,S486,nurse,1,251.5
15,S486,nurse,2,166.61875000000003
15,S486,nurse,3,166.61875000000003
15,S486,nurse,4,166.61875000000003
15,S487,nurse,1,150.5
15,S487,nurse,2,99.70624999999998
15,S488,nurse,1,110.875
15,S494,nurse,1,21.875
15,S510,nurse,1,124.5
15,S510,nurse,2,82.48125000000002
15,S510,nurse,3,82.48125000000002
15,S514,nurse,1,25.0
15,S517,nurse,1,220.5
15,S517,nurse,2,146.08124999999998
15,S517,nurse,3,146.08124999999998
15,S517,nurse,4,33.550000000000004
15,S518,nurse,1,59.5
15,S518,nurse,2,39.418749999999996
15,S518,nurse,3,11.9
15,S521,nurse,1,70.5
15,S521,nurse,2,46.706250000000004
15,S525,nurse,1,33.5
15,S525,nurse,2,6.7
15,S526,nurse,1,4.875
15,S529,nurse,1,104.0
15,S529,nurse,2,20.8
15,S539,nurse,1,15.0
15,S539,nurse,2,3.8249999999999993
15,S541,nurse,1,114.5
15,S541,nurse,2,75.85625000000002
15,S541,nurse,3,60.93125
15,S541,nurse,4,16.53125
15,S550,nurse,1,3.75
15,S551,nurse,1,25.5
15,S564,nurse,1,38.25
15,S565,nurse,1,12.625
15,S567,nurse,1,4.625
15,S568,nurse,1,42.375
15,S569,nurse,1,62.875
15,S572,nurse,1,141.625
15,S572,nurse,2,51.9625
15,S572,nurse,3,18.40625
15,S572,nurse,4,7.6453125
15,S576,nurse,1,324.5
15,S576,nurse,2,179.775
15,S576,nurse,3,73.375
15,S576,nurse,4,36.625
15,S583,nurse,1,62.0
15,S583,nurse,2,12.4
15,S584,nurse,1,59.5
15,S584,nurse,2,39.418749999999996
15,S584,nurse,3,11.9
15,S585,nurse,1,86.5
15,S585,nurse,2,57.30624999999999
15,S585,nurse,3,9.000000000000014
15,S586,nurse,1,113.0
15,S586,nurse,2,74.8625
15,S586,nurse,3,41.16353988425464
15,S587,nurse,1,18.625
15,S588,nurse,1,28.875
15,S589,nurse,1,27.875
15,S593,nurse,1,127.0
15,S593,nurse,2,25.4
15,S595,nurse,1,61.0
15,S595,nurse,2,40.41250000000001
15,S595,nurse,3,40.41250000000001
15,S596,nurse,1,78.5
15,S596,nurse,2,52.00625000000001
15,S597,nurse,1,78.0
15,S597,nurse,2,51.675000000000004
15,S597,nurse,3,15.6
15,S602,nurse,1,21.375
15,S603,nurse,1,14.875
15,S604,nurse,1,35.0
15,S604,nurse,2,23.1875
15,S604,nurse,3,23.1875
15,S604,nurse,4,14.532987794354497
15,S605,nurse,1,28.5
15,S605,nurse,2,18.881249999999998
15,S605,nurse,3,18.881249999999998
15,S605,nurse,4,18.881249999999998
15,S606,nurse,1,32.5
15,S606,nurse,2,21.53125
15,S617,nurse,1,190.6499977485322
15,S617,nurse,2,9.724999999999977
15,S618,nurse,1,35.0
15,S618,nurse,2,7.0
15,S625,nurse,1,41.5
15,S626,nurse,1,20.125
15,S652,nurse,1,21.5
15,S674,nurse,1,3.2499933994336274
15,S675,nurse,1,13.875
15,S677,nurse,1,51.0
15,S677,nurse,2,10.2
15,S680,nurse,1,28.25
15,S681,nurse,1,325.0
15,S681,nurse,2,215.3125
15,S681,nurse,3,63.46249999999999
15,S681,nurse,4,4.550000000000001
15,S682,nurse,1,15.0
15,S682,nurse,2,9.9375
15,S682,nurse,3,9.9375
15,S682,nurse,4,9.9375
15,S683,nurse,1,15.0
15,S683,nurse,2,9.9375
15,S683,nurse,3,9.9375
15,S683,nurse,4,9.9375
15,S684,nurse,1,78.99945687344268
15,S685,nurse,1,64.5
15,S685,nurse,2,42.731249999999996
15,S685,nurse,3,42.731249999999996
15,S685,nurse,4,42.731249999999996
15,S686,nurse,1,63.5
15,S686,nurse,2,42.06875000000001
15,S686,nurse,3,42.06875000000001
15,S686,nurse,4,42.06875000000001
15,S687,nurse,1,18.375
15,S688,nurse,1,25.75
15,S689,nurse,1,54.0
15,S689,nurse,2,10.8
15,S690,nurse,1,78.0
15,S690,nurse,2,51.675000000000004
15,S690,nurse,3,15.6
15,S692,nurse,1,52.5
15,S692,nurse,2,3.9749999999999943
15,S715,nurse,1,6.125
15,S721,nurse,1,118.0
15,S721,nurse,2,25.38749999999998
15,S722,nurse,1,23.625
15,S727,nurse,1,19.0
15,S727,nurse,2,12.587500000000002
15,S727,nurse,3,12.587500000000002
15,S727,nurse,4,3.8
15,S729,nurse,1,43.0
15,S729,nurse,2,20.56875
15,S729,nurse,3,6.171875
15,S729,nurse,4,1.875
15,S756,nurse,1,74.5
15,S756,nurse,2,41.27500462039646
15,S756,nurse,3,8.531249768980176
15,S756,nurse,4,2.125
15,S757,nurse,1,73.0
15,S765,nurse,1,2.375
15,S791,nurse,1,2.125
15,S802,nurse,1,325.75
15,S802,nurse,2,114.04374999999999
15,S802,nurse,3,20.775
15,S802,nurse,4,8.775
16,JH_H002,doctor,1,16.645496339420475
16,JH_H003,doctor,1,19.5
16,JH_H004,doctor,1,7.5
16,JH_H006,doctor,1,5.5
16,JH_H007,doctor,1,3.75
16,JH_H008,doctor,1,1.5
16,JH_H009,doctor,1,0.5
16,JH_H010,doctor,1,0.75
16,JH_H011,doctor,1,0.5
16,JH_H012,doctor,1,1.130928381380727
16,JH_H013,doctor,1,0.45622578950844783
16,JH_H015,doctor,1,2.5
16,S002,doctor,1,20.0
16,S008,doctor,1,22.75
16,S008,doctor,2,18.2
16,S015,doctor,1,20.75
16,S015,doctor,2,16.6
16,S015,doctor,3,16.6
16,S015,doctor,4,16.6
16,S068,doctor,1,7.5
16,S071,doctor,1,25.0
16,S074,doctor,1,238.5
16,S078,doctor,1,22.5
16,S078,doctor,2,18.0
16,S079,doctor,1,7.5
16,S079,doctor,2,6.0
16,S080,doctor,1,7.5
16,S080,doctor,2,6.0
16,S081,doctor,1,7.5
16,S081,doctor,2,6.0
16,S082,doctor,1,23.75
16,S082,doctor,2,19.0
16,S082,doctor,3,19.0
16,S082,doctor,4,19.0
16,S083,doctor,1,11.75
16,S083,doctor,2,2.0000000000000036
16,S086,doctor,1,7.75
16,S086,doctor,2,6.2
16,S086,doctor,3,6.2
16,S086,doctor,4,6.2
16,S111,doctor,1,202.0
16,S111,doctor,2,161.6
16,S112,doctor,1,61.0
16,S112,doctor,2,48.8
16,S124,doctor,1,50.0
16,S124,doctor,2,26.6
16,S125,doctor,1,51.75
16,S125,doctor,2,41.4
16,S125,doctor,3,41.4
16,S125,doctor,4,30.0
16,S126,doctor,1,106.0
16,S395,doctor,1,68.0
16,S395,doctor,2,54.4
16,S395,doctor,3,23.5
16,S395,doctor,4,11.75
16,S402,doctor,1,9.75
16,S403,doctor,1,7.5
16,S403,doctor,2,6.0
16,S403,doctor,3,6.0
16,S403,doctor,4,6.0
16,S446,doctor,1,29.5
16,S446,doctor,2,12.25
16,S446,doctor,3,4.75
16,S446,doctor,4,2.25
16,S447,doctor,1,32.75
16,S447,doctor,2,4.849991996619007
16,S454,doctor,1,49.5
16,S455,doctor,1,44.0
16,S462,doctor,1,87.0
16,S462,doctor,2,12.600000000000065
16,S477,doctor,1,57.0
16,S478,doctor,1,54.0
16,S486,doctor,1,125.75
16,S486,doctor,2,100.6
16,S486,doctor,3,100.6
16,S486,doctor,4,100.6
16,S487,doctor,1,75.25
16,S487,doctor,2,60.2
16,S488,doctor,1,116.75
16,S510,doctor,1,62.25
16,S510,doctor,2,49.8
16,S510,doctor,3,43.699999999999974
16,S517,doctor,1,110.25
16,S517,doctor,2,88.2
16,S517,doctor,3,88.2
16,S518,doctor,1,29.75
16,S518,doctor,2,23.8
16,S521,doctor,1,35.25
16,S521,doctor,2,28.2
16,S525,doctor,1,16.75
16,S529,doctor,1,52.0
16,S539,doctor,1,30.0
16,S541,doctor,1,57.25
16,S541,doctor,2,45.8
16,S541,doctor,3,29.25
16,S541,doctor,4,5.0
16,S565,doctor,1,15.0
16,S569,doctor,1,25.25
16,S572,doctor,1,76.25
16,S572,doctor,2,27.0
16,S572,doctor,3,10.75
16,S572,doctor,4,5.25
16,S576,doctor,1,162.25
16,S576,doctor,2,92.5
16,S576,doctor,3,37.0
16,S576,doctor,4,18.5
16,S583,doctor,1,31.0
16,S584,doctor,1,29.75
16,S584,doctor,2,23.8
16,S585,doctor,1,43.25
16,S585,doctor,2,34.6
16,S586,doctor,1,56.5
16,S586,doctor,2,45.2
16,S586,doctor,3,2.8000000000000043
16,S593,doctor,1,63.5
16,S595,doctor,1,30.5
16,S595,doctor,2,24.4
16,S595,doctor,3,24.4
16,S596,doctor,1,39.25
16,S596,doctor,2,24.00000000000002
16,S597,doctor,1,39.0
16,S597,doctor,2,31.2
16,S603,doctor,1,29.75
16,S604,doctor,1,17.5
16,S604,doctor,2,14.0
16,S604,doctor,3,14.0
16,S604,doctor,4,0.44999999999999574
16,S605,doctor,1,14.25
16,S605,doctor,2,11.4
16,S605,doctor,3,11.4
16,S605,doctor,4,11.4
16,S606,doctor,1,16.25
16,S606,doctor,2,13.0
16,S617,doctor,1,186.5
16,S618,doctor,1,17.5
16,S677,doctor,1,25.5
16,S681,doctor,1,162.5
16,S681,doctor,2,130.0
16,S681,doctor,3,30.6
16,S682,doctor,1,7.5
16,S682,doctor,2,6.0
16,S682,doctor,3,6.0
16,S682,doctor,4,6.0
16,S683,doctor,1,7.5
16,S683,doctor,2,6.0
16,S683,doctor,3,6.0
16,S683,doctor,4,6.0
16,S684,doctor,1,41.0
16,S685,doctor,1,32.25
16,S685,doctor,2,25.8
16,S685,doctor,3,25.8
16,S685,doctor,4,25.8
16,S686,doctor,1,31.75
16,S686,doctor,2,25.4
16,S686,doctor,3,25.4
16,S686,doctor,4,25.4
16,S689,doctor,1,27.0
16,S690,doctor,1,39.0
16,S690,doctor,2,31.2
16,S692,doctor,1,40.0
16,S715,doctor,1,12.25
16,S721,doctor,1,59.0
16,S727,doctor,1,9.5
16,S727,doctor,2,7.6
16,S727,doctor,3,7.6
16,S729,doctor,1,21.5
16,S729,doctor,2,13.5
16,S729,doctor,3,5.25
16,S729,doctor,4,2.5
16,S756,doctor,1,37.25
16,S756,doctor,2,28.5
16,S756,doctor,3,7.75
16,S756,doctor,4,0.75
16,S757,doctor,1,51.25
16,S802,doctor,1,185.0
16,S802,doctor,2,74.05
16,S802,doctor,3,25.8
16,S802,doctor,4,9.8
16,JH_H007,nurse,1,0.5
16,JH_H010,nurse,1,0.5
16,S002,nurse,1,10.0
16,S008,nurse,1,45.5
16,S008,nurse,2,9.1
16,S015,nurse,1,41.5
16,S015,nurse,2,27.493750000000002
16,S015,nurse,3,27.493750000000002
16,S015,nurse,4,27.493750000000002
16,S068,nurse,1,3.75
16,S071,nurse,1,12.5
16,S074,nurse,1,119.25
16,S078,nurse,1,45.0
16,S078,nurse,2,21.07499999999999
16,S079,nurse,1,15.0
16,S079,nurse,2,9.9375
16,S080,nurse,1,15.0
16,S080,nurse,2,9.9375
16,S081,nurse,1,15.0
16,S081,nurse,2,3.0
16,S082,nurse,1,47.5
16,S082,nurse,2,31.46875
16,S082,nurse,3,31.46875
16,S082,nurse,4,29.625
16,S083,nurse,1,23.5
16,S083,nurse,2,1.0000000000000018
16,S086,nurse,1,15.5
16,S086,nurse,2,10.268749999999999
16,S086,nurse,3,10.268749999999999
16,S086,nurse,4,10.268647615382891
16,S111,nurse,1,404.0
16,S111,nurse,2,80.8
16,S112,nurse,1,122.0
16,S112,nurse,2,41.120212262669945
16,S124,nurse,1,82.5
16,S124,nurse,2,13.3
16,S125,nurse,1,103.5
16,S125,nurse,2,68.56875000000001
16,S125,nurse,3,61.98125
16,S125,nurse,4,21.2265625
16,S126,nurse,1,53.0
16,S395,nurse,1,124.375
16,S395,nurse,2,52.66875
16,S395,nurse,3,11.75
16,S395,nurse,4,5.875
16,S402,nurse,1,4.875
16,S403,nurse,1,15.0
16,S403,nurse,2,9.9375
16,S403,nurse,3,5.59375
16,S403,nurse,4,3.0
16,S446,nurse,1,35.625
16,S446,nurse,2,13.1875
16,S446,nurse,3,3.40625
16,S446,nurse,4,1.125
16,S447,nurse,1,16.375
16,S447,nurse,2,2.4249959983095035
16,S454,nurse,1,24.75
16,S455,nurse,1,22.0
16,S462,nurse,1,154.1634850149058
16,S462,nurse,2,6.300000000000033
16,S477,nurse,1,28.5
16,S478,nurse,1,27.0
16,S486,nurse,1,251.5
16,S486,nurse,2,166.61875000000003
16,S486,nurse,3,166.61875000000003
16,S486,nurse,4,112.65182955142723
16,S487,nurse,1,150.5
16,S487,nurse,2,99.70624999999998
16,S488,nurse,1,58.375
16,S510,nurse,1,124.5
16,S510,nurse,2,82.48125000000002
16,S510,nurse,3,21.849999999999987
16,S517,nurse,1,220.5
16,S517,nurse,2,146.08124999999998
16,S517,nurse,3,102.38671730346708
16,S518,nurse,1,59.5
16,S518,nurse,2,39.418749999999996
16,S521,nurse,1,70.5
16,S521,nurse,2,14.1
16,S525,nurse,1,8.375
16,S529,nurse,1,26.0
16,S539,nurse,1,15.0
16,S541,nurse,1,114.5
16,S541,nurse,2,75.85625000000002
16,S541,nurse,3,32.90625
16,S541,nurse,4,2.5
16,S565,nurse,1,7.5
16,S569,nurse,1,12.625
16,S572,nurse,1,88.75
16,S572,nurse,2,32.9375
16,S572,nurse,3,11.40625
16,S572,nurse,4,4.1453125
16,S576,nurse,1,266.375
16,S576,nurse,2,123.375
16,S576,nurse,3,49.375
16,S576,nurse,4,24.625
16,S583,nurse,1,15.5
16,S584,nurse,1,59.5
16,S584,nurse,2,39.418749999999996
16,S585,nurse,1,86.5
16,S585,nurse,2,57.30624999999999
16,S586,nurse,1,113.0
16,S586,nurse,2,74.8625
16,S586,nurse,3,1.4000000000000021
16,S593,nurse,1,31.75
16,S595,nurse,1,61.0
16,S595,nurse,2,40.41250000000001
16,S595,nurse,3,12.2
16,S596,nurse,1,78.5
16,S596,nurse,2,12.00000000000001
16,S597,nurse,1,78.0
16,S597,nurse,2,51.675000000000004
16,S603,nurse,1,14.875
16,S604,nurse,1,35.0
16,S604,nurse,2,23.1875
16,S604,nurse,3,23.1875
16,S604,nurse,4,0.22499999999999787
16,S605,nurse,1,28.5
16,S605,nurse,2,18.881249999999998
16,S605,nurse,3,18.881249999999998
16,S605,nurse,4,5.7
16,S606,nurse,1,32.5
16,S606,nurse,2,21.53125
16,S617,nurse,1,93.25
16,S618,nurse,1,8.75
16,S677,nurse,1,12.75
16,S681,nurse,1,325.0
16,S681,nurse,2,162.31875
16,S681,nurse,3,15.3
16,S682,nurse,1,15.0
16,S682,nurse,2,9.9375
16,S682,nurse,3,9.9375
16,S682,nurse,4,9.9375
16,S683,nurse,1,15.0
16,S683,nurse,2,9.9375
16,S683,nurse,3,9.9375
16,S683,nurse,4,9.9375
16,S684,nurse,1,20.5
16,S685,nurse,1,64.5
16,S685,nurse,2,42.731249999999996
16,S685,nurse,3,42.731249999999996
16,S685,nurse,4,42.731249999999996
16,S686,nurse,1,63.5
16,S686,nurse,2,42.06875000000001
16,S686,nurse,3,42.06875000000001
16,S686,nurse,4,42.06875000000001
16,S689,nurse,1,13.5
16,S690,nurse,1,78.0
16,S690,nurse,2,51.675000000000004
16,S692,nurse,1,20.0
16,S715,nurse,1,6.125
16,S721,nurse,1,30.875
16,S727,nurse,1,19.0
16,S727,nurse,2,12.587500000000002
16,S727,nurse,3,12.587500000000002
16,S729,nurse,1,32.25
16,S729,nurse,2,13.21875
16,S729,nurse,3,2.671875
16,S729,nurse,4,1.25
16,S756,nurse,1,65.25
16,S756,nurse,2,26.5
16,S756,nurse,3,3.875
16,S756,nurse,4,0.375
16,S757,nurse,1,25.625
16,S802,nurse,1,200.25
16,S802,nurse,2,61.668749999999996
16,S802,nurse,3,12.9
16,S802,nurse,4,4.9
17,JH_H002,doctor,1,10.69396983744636
17,JH_H003,doctor,1,19.5
17,JH_H004,doctor,1,7.5
17,JH_H006,doctor,1,5.5
17,JH_H007,doctor,1,3.75
17,JH_H008,doctor,1,1.4999999999999956
17,JH_H009,doctor,1,0.5
17,JH_H010,doctor,1,0.75
17,JH_H011,doctor,1,0.5
17,JH_H012,doctor,1,0.29796374600187114
17,JH_H015,doctor,1,2.5
17,S002,doctor,1,43.5
17,S008,doctor,1,22.75
17,S008,doctor,2,18.2
17,S015,doctor,1,20.75
17,S015,doctor,2,16.6
17,S015,doctor,3,16.6
17,S015,doctor,4,16.6
17,S033,doctor,1,43.5
17,S034,doctor,1,32.25
17,S068,doctor,1,7.5
17,S071,doctor,1,25.0
17,S071,doctor,2,13.95
17,S074,doctor,1,238.5
17,S074,doctor,2,147.80000000000013
17,S078,doctor,1,22.5
17,S078,doctor,2,18.0
17,S079,doctor,1,7.5
17,S079,doctor,2,6.0
17,S080,doctor,1,7.5
17,S080,doctor,2,6.0
17,S080,doctor,3,4.950000000000003
17,S081,doctor,1,7.5
17,S081,doctor,2,6.0
17,S082,doctor,1,23.75
17,S082,doctor,2,19.0
17,S082,doctor,3,19.0
17,S082,doctor,4,19.0
17,S083,doctor,1,11.75
17,S083,doctor,2,9.4
17,S086,doctor,1,7.75
17,S086,doctor,2,6.2
17,S086,doctor,3,6.2
17,S086,doctor,4,6.2
17,S109,doctor,1,44.25
17,S111,doctor,1,202.0
17,S111,doctor,2,161.6
17,S112,doctor,1,61.0
17,S112,doctor,2,48.8
17,S124,doctor,1,50.0
17,S124,doctor,2,40.0
17,S125,doctor,1,51.75
17,S125,doctor,2,41.4
17,S125,doctor,3,41.4
17,S125,doctor,4,41.4
17,S126,doctor,1,106.0
17,S126,doctor,2,40.5
17,S395,doctor,1,68.0
17,S395,doctor,2,54.4
17,S395,doctor,3,34.25
17,S395,doctor,4,17.0
17,S402,doctor,1,9.75
17,S403,doctor,1,7.5
17,S403,doctor,2,6.0
17,S403,doctor,3,6.0
17,S403,doctor,4,6.0
17,S406,doctor,1,30.75
17,S446,doctor,1,39.75
17,S446,doctor,2,17.75
17,S446,doctor,3,7.0
17,S446,doctor,4,3.5
17,S447,doctor,1,32.75
17,S447,doctor,2,26.2
17,S454,doctor,1,49.5
17,S454,doctor,2,39.6
17,S455,doctor,1,44.0
17,S462,doctor,1,87.0
17,S462,doctor,2,69.6
17,S469,doctor,1,62.25
17,S471,doctor,1,117.25
17,S472,doctor,1,23.0
17,S474,doctor,1,32.5
17,S477,doctor,1,57.0
17,S478,doctor,1,54.0
17,S486,doctor,1,125.75
17,S486,doctor,2,100.6
17,S486,doctor,3,100.6
17,S486,doctor,4,100.6
17,S487,doctor,1,75.25
17,S487,doctor,2,60.2
17,S488,doctor,1,221.75
17,S494,doctor,1,43.75
17,S510,doctor,1,62.25
17,S510,doctor,2,49.8
17,S510,doctor,3,49.8
17,S514,doctor,1,20.0
17,S517,doctor,1,110.25
17,S517,doctor,2,88.2
17,S517,doctor,3,88.2
17,S517,doctor,4,59.1
17,S518,doctor,1,29.75
17,S518,doctor,2,23.8
17,S518,doctor,3,23.8
17,S521,doctor,1,35.25
17,S521,doctor,2,28.2
17,S525,doctor,1,16.75
17,S525,doctor,2,13.4
17,S526,doctor,1,9.75
17,S529,doctor,1,52.0
17,S529,doctor,2,41.6
17,S539,doctor,1,30.0
17,S539,doctor,2,4.899999999999999
17,S541,doctor,1,57.25
17,S541,doctor,2,45.8
17,S541,doctor,3,45.8
17,S541,doctor,4,15.75
17,S550,doctor,1,7.5
17,S564,doctor,1,76.5
17,S565,doctor,1,25.25
17,S567,doctor,1,3.0
17,S568,doctor,1,84.75
17,S569,doctor,1,125.75
17,S572,doctor,1,119.75
17,S572,doctor,2,41.55
17,S572,doctor,3,15.5
17,S572,doctor,4,7.75
17,S576,doctor,1,162.25
17,S576,doctor,2,129.8
17,S576,doctor,3,53.5
17,S576,doctor,4,26.75
17,S583,doctor,1,31.0
17,S583,doctor,2,24.8
17,S584,doctor,1,29.75
17,S584,doctor,2,23.8
17,S584,doctor,3,23.8
17,S585,doctor,1,43.25
17,S585,doctor,2,34.6
17,S585,doctor,3,2.2500000000000284
17,S586,doctor,1,56.5
17,S586,doctor,2,45.2
17,S586,doctor,3,45.2
17,S587,doctor,1,37.25
17,S588,doctor,1,57.75
17,S589,doctor,1,55.75
17,S593,doctor,1,63.5
17,S593,doctor,2,50.8
17,S595,doctor,1,30.5
17,S595,doctor,2,24.4
17,S595,doctor,3,24.4
17,S596,doctor,1,39.25
17,S596,doctor,2,31.4
17,S597,doctor,1,39.0
17,S597,doctor,2,31.2
17,S597,doctor,3,31.2
17,S602,doctor,1,42.75
17,S603,doctor,1,29.75
17,S604,doctor,1,17.5
17,S604,doctor,2,14.0
17,S604,doctor,3,14.0
17,S604,doctor,4,14.0
17,S605,doctor,1,14.25
17,S605,doctor,2,11.4
17,S605,doctor,3,11.4
17,S605,doctor,4,11.4
17,S606,doctor,1,16.25
17,S606,doctor,2,13.0
17,S617,doctor,1,186.5
17,S617,doctor,2,2.699999999999953
17,S618,doctor,1,17.5
17,S618,doctor,2,14.0
17,S625,doctor,1,83.0
17,S626,doctor,1,40.25
17,S652,doctor,1,43.0
17,S674,doctor,1,2.999987230264826
17,S675,doctor,1,27.75
17,S677,doctor,1,25.5
17,S677,doctor,2,20.4
17,S680,doctor,1,39.25
17,S681,doctor,1,162.5
17,S681,doctor,2,130.0
17,S681,doctor,3,67.85
17,S681,doctor,4,7.100000000000001
17,S682,doctor,1,7.5
17,S682,doctor,2,6.0
17,S682,doctor,3,6.0
17,S682,doctor,4,6.0
17,S683,doctor,1,7.5
17,S683,doctor,2,6.0
17,S683,doctor,3,6.0
17,S683,doctor,4,6.0
17,S684,doctor,1,41.0
17,S685,doctor,1,32.25
17,S685,doctor,2,25.8
17,S685,doctor,3,25.8
17,S685,doctor,4,25.8
17,S686,doctor,1,31.75
17,S686,doctor,2,25.4
17,S686,doctor,3,25.4
17,S686,doctor,4,25.4
17,S687,doctor,1,36.75
17,S688,doctor,1,51.5
17,S689,doctor,1,27.0
17,S689,doctor,2,21.6
17,S690,doctor,1,39.0
17,S690,doctor,2,31.2
17,S690,doctor,3,31.2
17,S692,doctor,1,40.0
17,S692,doctor,2,3.9499999999999886
17,S715,doctor,1,12.25
17,S721,doctor,1,59.0
17,S721,doctor,2,46.59999999999998
17,S722,doctor,1,34.75
17,S727,doctor,1,9.5
17,S727,doctor,2,7.6
17,S727,doctor,3,7.6
17,S727,doctor,4,7.6
17,S729,doctor,1,21.5
17,S729,doctor,2,17.2
17,S729,doctor,3,7.75
17,S729,doctor,4,3.75
17,S756,doctor,1,37.25
17,S756,doctor,2,29.8
17,S756,doctor,3,13.75
17,S756,doctor,4,3.75
17,S757,doctor,1,146.0
17,S791,doctor,1,3.0
17,S802,doctor,1,270.75
17,S802,doctor,2,109.8
17,S802,doctor,3,40.05
17,S802,doctor,4,16.8
17,JH_H007,nurse,1,0.5
17,JH_H010,nurse,1,0.5
17,S002,nurse,1,21.75
17,S008,nurse,1,45.5
17,S008,nurse,2,30.143750000000004
17,S015,nurse,1,41.5
17,S015,nurse,2,27.493750000000002
17,S015,nurse,3,27.493750000000002
17,S015,nurse,4,27.493750000000002
17,S033,nurse,1,21.75
17,S034,nurse,1,16.125
17,S068,nurse,1,15.0
17,S071,nurse,1,34.125
17,S071,nurse,2,6.975
17,S074,nurse,1,477.0
17,S074,nurse,2,73.90000000000006
17,S078,nurse,1,45.0
17,S078,nurse,2,29.8125
17,S079,nurse,1,15.0
17,S079,nurse,2,9.9375
17,S080,nurse,1,15.0
17,S080,nurse,2,9.9375
17,S080,nurse,3,2.4750000000000014
17,S081,nurse,1,15.0
17,S081,nurse,2,9.9375
17,S082,nurse,1,47.5
17,S082,nurse,2,31.46875
17,S082,nurse,3,31.46875
17,S082,nurse,4,31.46875
17,S083,nurse,1,23.5
17,S083,nurse,2,12.981249999999985
17,S086,nurse,1,15.5
17,S086,nurse,2,10.268749999999999
17,S086,nurse,3,10.268749999999999
17,S086,nurse,4,10.268749999999999
17,S109,nurse,1,22.125
17,S111,nurse,1,404.0
17,S111,nurse,2,267.65000000000003
17,S112,nurse,1,122.0
17,S112,nurse,2,80.82500000000002
17,S124,nurse,1,100.0
17,S124,nurse,2,45.006249999999994
17,S125,nurse,1,103.5
17,S125,nurse,2,68.56875000000001
17,S125,nurse,3,68.56875000000001
17,S125,nurse,4,42.4265625
17,S126,nurse,1,148.375
17,S126,nurse,2,20.25
17,S395,nurse,1,136.0
17,S395,nurse,2,74.66875
17,S395,nurse,3,23.359375
17,S395,nurse,4,8.5
17,S402,nurse,1,4.875
17,S403,nurse,1,15.0
17,S403,nurse,2,9.9375
17,S403,nurse,3,9.9375
17,S403,nurse,4,3.0
17,S406,nurse,1,15.375
17,S446,nurse,1,51.75
17,S446,nurse,2,20.5625
17,S446,nurse,3,6.40625
17,S446,nurse,4,1.75
17,S447,nurse,1,57.625
17,S447,nurse,2,13.1
17,S454,nurse,1,99.0
17,S454,nurse,2,19.8
17,S455,nurse,1,22.0
17,S462,nurse,1,174.0
17,S462,nurse,2,75.35871576447936
17,S469,nurse,1,31.125
17,S471,nurse,1,58.625
17,S472,nurse,1,11.5
17,S474,nurse,1,16.25
17,S477,nurse,1,28.5
17,S478,nurse,1,27.0
17,S486,nurse,1,251.5
17,S486,nurse,2,166.61875000000003
17,S486,nurse,3,166.61875000000003
17,S486,nurse,4,166.61875
17,S487,nurse,1,150.5
17,S487,nurse,2,99.70624999999998
17,S488,nurse,1,110.875
17,S494,nurse,1,21.875
17,S510,nurse,1,124.5
17,S510,nurse,2,82.48125000000002
17,S510,nurse,3,82.48125000000002
17,S514,nurse,1,10.0
17,S517,nurse,1,220.5
17,S517,nurse,2,146.08124999999998
17,S517,nurse,3,146.08124999999998
17,S517,nurse,4,29.55
17,S518,nurse,1,59.5
17,S518,nurse,2,39.418749999999996
17,S518,nurse,3,11.9
17,S521,nurse,1,70.5
17,S521,nurse,2,46.706250000000004
17,S525,nurse,1,33.5
17,S525,nurse,2,6.7
17,S526,nurse,1,4.875
17,S529,nurse,1,104.0
17,S529,nurse,2,20.8
17,S539,nurse,1,15.0
17,S539,nurse,2,2.4499999999999993
17,S541,nurse,1,114.5
17,S541,nurse,2,75.85625000000002
17,S541,nurse,3,59.18125
17,S541,nurse,4,15.03125
17,S550,nurse,1,3.75
17,S564,nurse,1,38.25
17,S565,nurse,1,12.625
17,S567,nurse,1,1.5
17,S568,nurse,1,42.375
17,S569,nurse,1,62.875
17,S572,nurse,1,136.0
17,S572,nurse,2,50.3375
17,S572,nurse,3,17.78125
17,S572,nurse,4,7.3953125
17,S576,nurse,1,324.5
17,S576,nurse,2,176.525
17,S576,nurse,3,71.375
17,S576,nurse,4,35.625
17,S583,nurse,1,62.0
17,S583,nurse,2,12.4
17,S584,nurse,1,59.5
17,S584,nurse,2,39.418749999999996
17,S584,nurse,3,11.9
17,S585,nurse,1,86.5
17,S585,nurse,2,57.30624999999999
17,S585,nurse,3,1.1250000000000142
17,S586,nurse,1,113.0
17,S586,nurse,2,74.8625
17,S586,nurse,3,28.05873036887781
17,S587,nurse,1,18.625
17,S588,nurse,1,28.875
17,S589,nurse,1,27.875
17,S593,nurse,1,127.0
17,S593,nurse,2,25.4
17,S595,nurse,1,61.0
17,S595,nurse,2,40.41250000000001
17,S595,nurse,3,40.41250000000001
17,S596,nurse,1,78.5
17,S596,nurse,2,52.00625000000001
17,S597,nurse,1,78.0
17,S597,nurse,2,51.675000000000004
17,S597,nurse,3,15.6
17,S602,nurse,1,21.375
17,S603,nurse,1,14.875
17,S604,nurse,1,35.0
17,S604,nurse,2,23.1875
17,S604,nurse,3,23.1875
17,S604,nurse,4,7.927792138657864
17,S605,nurse,1,28.5
17,S605,nurse,2,18.881249999999998
17,S605,nurse,3,18.881249999999998
17,S605,nurse,4,18.881249999999998
17,S606,nurse,1,32.5
17,S606,nurse,2,21.53125
17,S617,nurse,1,157.26760678174043
17,S617,nurse,2,1.3499999999999766
17,S618,nurse,1,35.0
17,S618,nurse,2,7.0
17,S625,nurse,1,41.5
17,S626,nurse,1,20.125
17,S652,nurse,1,21.5
17,S674,nurse,1,1.499993615132413
17,S675,nurse,1,13.875
17,S677,nurse,1,51.0
17,S677,nurse,2,10.2
17,S680,nurse,1,19.625
17,S681,nurse,1,325.0
17,S681,nurse,2,215.3125
17,S681,nurse,3,58.46249999999999
17,S681,nurse,4,3.5500000000000007
17,S682,nurse,1,15.0
17,S682,nurse,2,9.9375
17,S682,nurse,3,9.9375
17,S682,nurse,4,9.9375
17,S683,nurse,1,15.0
17,S683,nurse,2,9.9375
17,S683,nurse,3,9.9375
17,S683,nurse,4,9.9375
17,S684,nurse,1,33.999479588553534
17,S685,nurse,1,64.5
17,S685,nurse,2,42.731249999999996
17,S685,nurse,3,42.731249999999996
17,S685,nurse,4,42.731249999999996
17,S686,nurse,1,63.5
17,S686,nurse,2,42.06875000000001
17,S686,nurse,3,42.06875000000001
17,S686,nurse,4,42.06875000000001
17,S687,nurse,1,18.375
17,S688,nurse,1,25.75
17,S689,nurse,1,54.0
17,S689,nurse,2,10.8
17,S690,nurse,1,78.0
17,S690,nurse,2,51.675000000000004
17,S690,nurse,3,15.6
17,S692,nurse,1,44.5
17,S692,nurse,2,1.9749999999999943
17,S715,nurse,1,6.125
17,S721,nurse,1,118.0
17,S721,nurse,2,23.29999999999999
17,S722,nurse,1,17.375
17,S727,nurse,1,19.0
17,S727,nurse,2,12.587500000000002
17,S727,nurse,3,12.587500000000002
17,S727,nurse,4,3.8
17,S729,nurse,1,43.0
17,S729,nurse,2,20.19375
17,S729,nurse,3,5.921875
17,S729,nurse,4,1.875
17,S756,nurse,1,74.5
17,S756,nurse,2,40.025004469407314
17,S756,nurse,3,7.656249776529634
17,S756,nurse,4,1.875
17,S757,nurse,1,73.0
17,S791,nurse,1,1.5
17,S802,nurse,1,314.625
17,S802,nurse,2,109.41874999999999
17,S802,nurse,3,20.025
17,S802,nurse,4,8.4
18,JH_H002,doctor,1,17.040108422703526
18,JH_H003,doctor,1,19.5
18,JH_H004,doctor,1,7.5
18,JH_H006,doctor,1,5.5
18,JH_H007,doctor,1,3.75
18,JH_H008,doctor,1,1.5
18,JH_H009,doctor,1,0.5
18,JH_H010,doctor,1,0.75
18,JH_H011,doctor,1,0.5
18,JH_H012,doctor,1,1.1861575582917165
18,JH_H013,doctor,1,0.5018427568480135
18,JH_H014,doctor,1,0.034199430480846615
18,JH_H015,doctor,1,2.5
18,S002,doctor,1,13.5
18,S008,doctor,1,22.75
18,S008,doctor,2,16.700000000000003
18,S015,doctor,1,20.75
18,S015,doctor,2,16.6
18,S015,doctor,3,16.6
18,S015,doctor,4,16.6
18,S068,doctor,1,7.5
18,S071,doctor,1,25.0
18,S074,doctor,1,238.5
18,S078,doctor,1,22.5
18,S078,doctor,2,18.0
18,S079,doctor,1,7.5
18,S079,doctor,2,6.0
18,S080,doctor,1,7.5
18,S080,doctor,2,6.0
18,S081,doctor,1,7.5
18,S081,doctor,2,6.0
18,S082,doctor,1,23.75
18,S082,doctor,2,19.0
18,S082,doctor,3,19.0
18,S082,doctor,4,19.0
18,S083,doctor,1,11.75
18,S086,doctor,1,7.75
18,S086,doctor,2,6.2
18,S086,doctor,3,6.2
18,S086,doctor,4,6.2
18,S111,doctor,1,202.0
18,S111,doctor,2,161.6
18,S112,doctor,1,61.0
18,S112,doctor,2,48.8
18,S124,doctor,1,50.0
18,S124,doctor,2,20.35
18,S125,doctor,1,51.75
18,S125,doctor,2,41.4
18,S125,doctor,3,41.4
18,S125,doctor,4,28.5
18,S126,doctor,1,106.0
18,S395,doctor,1,68.0
18,S395,doctor,2,54.4
18,S395,doctor,3,23.0
18,S395,doctor,4,11.25
18,S402,doctor,1,9.75
18,S403,doctor,1,7.5
18,S403,doctor,2,6.0
18,S403,doctor,3,6.0
18,S403,doctor,4,6.0
18,S446,doctor,1,28.75
18,S446,doctor,2,12.0
18,S446,doctor,3,4.75
18,S446,doctor,4,2.25
18,S447,doctor,1,32.75
18,S447,doctor,2,3.0999922799838764
18,S454,doctor,1,49.5
18,S455,doctor,1,44.0
18,S462,doctor,1,87.0
18,S477,doctor,1,57.0
18,S478,doctor,1,54.0
18,S486,doctor,1,125.75
18,S486,doctor,2,100.6
18,S486,doctor,3,100.6
18,S486,doctor,4,100.6
18,S487,doctor,1,75.25
18,S487,doctor,2,60.2
18,S488,doctor,1,53.0
18,S510,doctor,1,62.25
18,S510,doctor,2,49.8
18,S510,doctor,3,35.749999999999986
18,S517,doctor,1,110.25
18,S517,doctor,2,88.2
18,S517,doctor,3,88.2
18,S518,doctor,1,29.75
18,S518,doctor,2,23.8
18,S521,doctor,1,35.25
18,S521,doctor,2,25.300000000000054
18,S525,doctor,1,16.75
18,S529,doctor,1,52.0
18,S539,doctor,1,30.0
18,S541,doctor,1,57.25
18,S541,doctor,2,45.8
18,S541,doctor,3,27.75
18,S541,doctor,4,4.25
18,S565,doctor,1,8.25
18,S569,doctor,1,10.5
18,S572,doctor,1,73.25
18,S572,doctor,2,26.25
18,S572,doctor,3,10.5
18,S572,doctor,4,5.25
18,S576,doctor,1,162.25
18,S576,doctor,2,89.75
18,S576,doctor,3,35.75
18,S576,doctor,4,17.75
18,S583,doctor,1,31.0
18,S584,doctor,1,29.75
18,S584,doctor,2,23.8
18,S585,doctor,1,43.25
18,S585,doctor,2,34.6
18,S586,doctor,1,56.5
18,S586,doctor,2,45.2
18,S593,doctor,1,63.5
18,S595,doctor,1,30.5
18,S595,doctor,2,24.4
18,S595,doctor,3,24.4
18,S596,doctor,1,39.25
18,S596,doctor,2,12.750000000000021
18,S597,doctor,1,39.0
18,S597,doctor,2,31.2
18,S603,doctor,1,29.75
18,S604,doctor,1,17.5
18,S604,doctor,2,14.0
18,S604,doctor,3,14.0
18,S605,doctor,1,14.25
18,S605,doctor,2,11.4
18,S605,doctor,3,11.4
18,S605,doctor,4,6.350000000000001
18,S606,doctor,1,16.25
18,S606,doctor,2,13.0
18,S617,doctor,1,186.5
18,S618,doctor,1,17.5
18,S677,doctor,1,25.5
18,S681,doctor,1,162.5
18,S681,doctor,2,130.0
18,S681,doctor,3,28.1
18,S682,doctor,1,7.5
18,S682,doctor,2,6.0
18,S682,doctor,3,6.0
18,S682,doctor,4,6.0
18,S683,doctor,1,7.5
18,S683,doctor,2,6.0
18,S683,doctor,3,6.0
18,S683,doctor,4,6.0
18,S684,doctor,1,41.0
18,S685,doctor,1,32.25
18,S685,doctor,2,25.8
18,S685,doctor,3,25.8
18,S685,doctor,4,25.8
18,S686,doctor,1,31.75
18,S686,doctor,2,25.4
18,S686,doctor,3,25.4
18,S686,doctor,4,25.4
18,S689,doctor,1,27.0
18,S690,doctor,1,39.0
18,S690,doctor,2,31.2
18,S692,doctor,1,40.0
18,S715,doctor,1,12.25
18,S721,doctor,1,59.0
18,S727,doctor,1,9.5
18,S727,doctor,2,7.6
18,S727,doctor,3,7.6
18,S729,doctor,1,21.5
18,S729,doctor,2,13.0
18,S729,doctor,3,5.25
18,S729,doctor,4,2.5
18,S756,doctor,1,37.25
18,S756,doctor,2,27.5
18,S756,doctor,3,7.25
18,S756,doctor,4,0.5
18,S757,doctor,1,42.75
18,S802,doctor,1,179.25
18,S802,doctor,2,71.55
18,S802,doctor,3,24.8
18,S802,doctor,4,9.3
18,JH_H007,nurse,1,0.5
18,JH_H010,nurse,1,0.5
18,S002,nurse,1,6.75
18,S008,nurse,1,45.5
18,S008,nurse,2,8.350000000000001
18,S015,nurse,1,41.5
18,S015,nurse,2,27.493750000000002
18,S015,nurse,3,27.493750000000002
18,S015,nurse,4,27.493750000000002
18,S068,nurse,1,3.75
18,S071,nurse,1,12.5
18,S074,nurse,1,119.25
18,S078,nurse,1,45.0
18,S078,nurse,2,18.07499999999999
18,S079,nurse,1,15.0
18,S079,nurse,2,9.9375
18,S080,nurse,1,15.0
18,S080,nurse,2,9.9375
18,S081,nurse,1,15.0
18,S081,nurse,2,3.0
18,S082,nurse,1,47.5
18,S082,nurse,2,31.46875
18,S082,nurse,3,31.46875
18,S082,nurse,4,29.0
18,S083,nurse,1,17.75
18,S086,nurse,1,15.5
18,S086,nurse,2,10.268749999999999
18,S086,nurse,3,10.268749999999999
18,S086,nurse,4,10.268651384944315
18,S111,nurse,1,404.0
18,S111,nurse,2,80.8
18,S112,nurse,1,122.0
18,S112,nurse,2,24.4
18,S124,nurse,1,70.125
18,S124,nurse,2,10.175
18,S125,nurse,1,103.5
18,S125,nurse,2,68.56875000000001
18,S125,nurse,3,59.85625
18,S125,nurse,4,19.3515625
18,S126,nurse,1,53.0
18,S395,nurse,1,121.0
18,S395,nurse,2,51.16875
18,S395,nurse,3,11.5
18,S395,nurse,4,5.625
18,S402,nurse,1,4.875
18,S403,nurse,1,15.0
18,S403,nurse,2,9.9375
18,S403,nurse,3,5.21875
18,S403,nurse,4,3.0
18,S446,nurse,1,34.625
18,S446,nurse,2,12.8125
18,S446,nurse,3,3.40625
18,S446,nurse,4,1.125
18,S447,nurse,1,16.375
18,S447,nurse,2,1.5499961399919382
18,S454,nurse,1,24.75
18,S455,nurse,1,22.0
18,S462,nurse,1,101.375
18,S477,nurse,1,28.5
18,S478,nurse,1,27.0
18,S486,nurse,1,251.5
18,S486,nurse,2,166.61875000000003
18,S486,nurse,3,166.61875000000003
18,S486,nurse,4,108.08048855379565
18,S487,nurse,1,150.5
18,S487,nurse,2,99.70624999999998
18,S488,nurse,1,26.5
18,S510,nurse,1,124.5
18,S510,nurse,2,82.48125000000002
18,S510,nurse,3,17.874999999999993
18,S517,nurse,1,220.5
18,S517,nurse,2,146.08124999999998
18,S517,nurse,3,93.44063817630396
18,S518,nurse,1,59.5
18,S518,nurse,2,39.418749999999996
18,S521,nurse,1,70.5
18,S521,nurse,2,12.650000000000027
18,S525,nurse,1,8.375
18,S529,nurse,1,26.0
18,S539,nurse,1,15.0
18,S541,nurse,1,114.5
18,S541,nurse,2,75.85625000000002
18,S541,nurse,3,31.03125
18,S541,nurse,4,2.125
18,S565,nurse,1,4.125
18,S569,nurse,1,5.25
18,S572,nurse,1,85.625
18,S572,nurse,2,31.8125
18,S572,nurse,3,11.03125
18,S572,nurse,4,4.0203125
18,S576,nurse,1,261.0
18,S576,nurse,2,119.75
18,S576,nurse,3,47.75
18,S576,nurse,4,23.75
18,S583,nurse,1,15.5
18,S584,nurse,1,59.5
18,S584,nurse,2,39.418749999999996
18,S585,nurse,1,86.5
18,S585,nurse,2,57.30624999999999
18,S586,nurse,1,113.0
18,S586,nurse,2,74.8625
18,S593,nurse,1,31.75
18,S595,nurse,1,61.0
18,S595,nurse,2,40.41250000000001
18,S595,nurse,3,12.2
18,S596,nurse,1,77.94870085427873
18,S596,nurse,2,6.375000000000011
18,S597,nurse,1,78.0
18,S597,nurse,2,51.675000000000004
18,S603,nurse,1,14.875
18,S604,nurse,1,35.0
18,S604,nurse,2,23.1875
18,S604,nurse,3,23.1875
18,S605,nurse,1,28.5
18,S605,nurse,2,18.881249999999998
18,S605,nurse,3,18.881249999999998
18,S605,nurse,4,3.1750000000000007
18,S606,nurse,1,32.5
18,S606,nurse,2,16.050145726136932
18,S617,nurse,1,93.25
18,S618,nurse,1,8.75
18,S677,nurse,1,12.75
18,S681,nurse,1,325.0
18,S681,nurse,2,157.19375
18,S681,nurse,3,14.05
18,S682,nurse,1,15.0
18,S682,nurse,2,9.9375
18,S682,nurse,3,9.9375
18,S682,nurse,4,9.9375
18,S683,nurse,1,15.0
18,S683,nurse,2,9.9375
18,S683,nurse,3,9.9375
18,S683,nurse,4,9.9375
18,S684,nurse,1,20.5
18,S685,nurse,1,64.5
18,S685,nurse,2,42.731249999999996
18,S685,nurse,3,42.731249999999996
18,S685,nurse,4,42.731249999999996
18,S686,nurse,1,63.5
18,S686,nurse,2,42.06875000000001
18,S686,nurse,3,42.06875000000001
18,S686,nurse,4,42.06875000000001
18,S689,nurse,1,13.5
18,S690,nurse,1,78.0
18,S690,nurse,2,51.675000000000004
18,S692,nurse,1,20.0
18,S715,nurse,1,6.125
18,S721,nurse,1,29.5
18,S727,nurse,1,19.0
18,S727,nurse,2,12.587500000000002
18,S727,nurse,3,12.587500000000002
18,S729,nurse,1,31.5
18,S729,nurse,2,12.71875
18,S729,nurse,3,2.625
18,S729,nurse,4,1.25
18,S756,nurse,1,63.25
18,S756,nurse,2,25.125
18,S756,nurse,3,3.625
18,S756,nurse,4,0.25
18,S757,nurse,1,21.375
18,S802,nurse,1,192.625
18,S802,nurse,2,58.418749999999996
18,S802,nurse,3,12.4
18,S802,nurse,4,4.65
19,JH_H002,doctor,1,7.502685060386682
19,JH_H003,doctor,1,19.5
19,JH_H004,doctor,1,7.5
19,JH_H006,doctor,1,5.5
19,JH_H007,doctor,1,3.75
19,JH_H008,doctor,1,1.5000000000000062
19,JH_H009,doctor,1,0.5
19,JH_H010,doctor,1,0.75
19,JH_H011,doctor,1,0.5
19,JH_H015,doctor,1,2.5
19,S002,doctor,1,43.5
19,S005,doctor,1,9.0
19,S008,doctor,1,22.75
19,S008,doctor,2,18.2
19,S015,doctor,1,20.75
19,S015,doctor,2,16.6
19,S015,doctor,3,16.6
19,S015,doctor,4,16.6
19,S033,doctor,1,43.5
19,S034,doctor,1,43.5
19,S035,doctor,1,41.75
19,S068,doctor,1,7.5
19,S068,doctor,2,6.0
19,S071,doctor,1,25.0
19,S071,doctor,2,20.0
19,S074,doctor,1,238.5
19,S074,doctor,2,190.8
19,S078,doctor,1,22.5
19,S078,doctor,2,18.0
19,S078,doctor,3,4.700000000000003
19,S079,doctor,1,7.5
19,S079,doctor,2,6.0
19,S079,doctor,3,6.0
19,S080,doctor,1,7.5
19,S080,doctor,2,6.0
19,S080,doctor,3,6.0
19,S081,doctor,1,7.5
19,S081,doctor,2,6.0
19,S082,doctor,1,23.75
19,S082,doctor,2,19.0
19,S082,doctor,3,19.0
19,S082,doctor,4,19.0
19,S083,doctor,1,11.75
19,S083,doctor,2,9.4
19,S086,doctor,1,7.75
19,S086,doctor,2,6.2
19,S086,doctor,3,6.2
19,S086,doctor,4,6.2
19,S109,doctor,1,44.25
19,S111,doctor,1,202.0
19,S111,doctor,2,161.6
19,S112,doctor,1,61.0
19,S112,doctor,2,48.8
19,S124,doctor,1,50.0
19,S124,doctor,2,40.0
19,S125,doctor,1,51.75
19,S125,doctor,2,41.4
19,S125,doctor,3,41.4
19,S125,doctor,4,41.4
19,S126,doctor,1,106.0
19,S126,doctor,2,84.8
19,S395,doctor,1,68.0
19,S395,doctor,2,54.4
19,S395,doctor,3,39.75
19,S395,doctor,4,19.75
19,S402,doctor,1,9.75
19,S403,doctor,1,7.5
19,S403,doctor,2,6.0
19,S403,doctor,3,6.0
19,S403,doctor,4,6.0
19,S406,doctor,1,30.75
19,S446,doctor,1,39.75
19,S446,doctor,2,20.75
19,S446,doctor,3,8.25
19,S446,doctor,4,4.0
19,S447,doctor,1,32.75
19,S447,doctor,2,26.2
19,S454,doctor,1,49.5
19,S454,doctor,2,39.6
19,S455,doctor,1,44.0
19,S455,doctor,2,5.95000000000001
19,S462,doctor,1,87.0
19,S462,doctor,2,69.6
19,S469,doctor,1,62.25
19,S471,doctor,1,117.25
19,S472,doctor,1,23.0
19,S474,doctor,1,32.5
19,S475,doctor,1,102.75
19,S476,doctor,1,110.5
19,S477,doctor,1,57.0
19,S478,doctor,1,54.0
19,S486,doctor,1,125.75
19,S486,doctor,2,100.6
19,S486,doctor,3,100.6
19,S486,doctor,4,100.6
19,S487,doctor,1,75.25
19,S487,doctor,2,60.2
19,S487,doctor,3,53.90000000000002
19,S488,doctor,1,221.75
19,S493,doctor,1,45.25
19,S494,doctor,1,43.75
19,S495,doctor,1,50.5
19,S497,doctor,1,45.75
19,S510,doctor,1,62.25
19,S510,doctor,2,49.8
19,S510,doctor,3,49.8
19,S513,doctor,1,27.25
19,S514,doctor,1,50.0
19,S515,doctor,1,19.75
19,S517,doctor,1,110.25
19,S517,doctor,2,88.2
19,S517,doctor,3,88.2
19,S517,doctor,4,88.2
19,S518,doctor,1,29.75
19,S518,doctor,2,23.8
19,S518,doctor,3,23.8
19,S521,doctor,1,35.25
19,S521,doctor,2,28.2
19,S525,doctor,1,16.75
19,S525,doctor,2,13.4
19,S526,doctor,1,9.75
19,S529,doctor,1,52.0
19,S529,doctor,2,41.6
19,S539,doctor,1,30.0
19,S539,doctor,2,21.599999999999998
19,S541,doctor,1,57.25
19,S541,doctor,2,45.8
19,S541,doctor,3,45.8
19,S541,doctor,4,21.5
19,S550,doctor,1,7.5
19,S551,doctor,1,51.0
19,S564,doctor,1,76.5
19,S565,doctor,1,25.25
19,S567,doctor,1,37.0
19,S568,doctor,1,84.75
19,S569,doctor,1,125.75
19,S572,doctor,1,134.0
19,S572,doctor,2,51.3
19,S572,doctor,3,18.25
19,S572,doctor,4,9.0
19,S576,doctor,1,162.25
19,S576,doctor,2,129.8
19,S576,doctor,3,62.25
19,S576,doctor,4,31.0
19,S583,doctor,1,31.0
19,S583,doctor,2,24.8
19,S584,doctor,1,29.75
19,S584,doctor,2,23.8
19,S584,doctor,3,23.8
19,S585,doctor,1,43.25
19,S585,doctor,2,34.6
19,S585,doctor,3,34.6
19,S586,doctor,1,56.5
19,S586,doctor,2,45.2
19,S586,doctor,3,45.2
19,S587,doctor,1,37.25
19,S588,doctor,1,57.75
19,S589,doctor,1,55.75
19,S592,doctor,1,34.25
19,S593,doctor,1,63.5
19,S593,doctor,2,50.8
19,S595,doctor,1,30.5
19,S595,doctor,2,24.4
19,S595,doctor,3,24.4
19,S595,doctor,4,14.150000000000006
19,S596,doctor,1,39.25
19,S596,doctor,2,31.4
19,S597,doctor,1,39.0
19,S597,doctor,2,31.2
19,S597,doctor,3,31.2
19,S602,doctor,1,42.75
19,S603,doctor,1,29.75
19,S604,doctor,1,17.5
19,S604,doctor,2,14.0
19,S604,doctor,3,14.0
19,S604,doctor,4,14.0
19,S605,doctor,1,14.25
19,S605,doctor,2,11.4
19,S605,doctor,3,11.4
19,S605,doctor,4,11.4
19,S606,doctor,1,16.25
19,S606,doctor,2,13.0
19,S617,doctor,1,186.5
19,S617,doctor,2,142.40000000000015
19,S618,doctor,1,17.5
19,S618,doctor,2,14.0
19,S625,doctor,1,83.0
19,S626,doctor,1,40.25
19,S652,doctor,1,43.0
19,S674,doctor,1,22.749984857392242
19,S675,doctor,1,27.75
19,S677,doctor,1,25.5
19,S677,doctor,2,20.4
19,S680,doctor,1,56.5
19,S681,doctor,1,162.5
19,S681,doctor,2,130.0
19,S681,doctor,3,88.1
19,S681,doctor,4,17.1
19,S682,doctor,1,7.5
19,S682,doctor,2,6.0
19,S682,doctor,3,6.0
19,S682,doctor,4,6.0
19,S683,doctor,1,7.5
19,S683,doctor,2,6.0
19,S683,doctor,3,6.0
19,S683,doctor,4,6.0
19,S684,doctor,1,41.0
19,S684,doctor,2,32.8
19,S685,doctor,1,32.25
19,S685,doctor,2,25.8
19,S685,doctor,3,25.8
19,S685,doctor,4,25.8
19,S686,doctor,1,31.75
19,S686,doctor,2,25.4
19,S686,doctor,3,25.4
19,S686,doctor,4,25.4
19,S687,doctor,1,36.75
19,S688,doctor,1,51.5
19,S689,doctor,1,27.0
19,S689,doctor,2,21.6
19,S690,doctor,1,39.0
19,S690,doctor,2,31.2
19,S690,doctor,3,31.2
19,S692,doctor,1,40.0
19,S692,doctor,2,26.19999999999999
19,S715,doctor,1,12.25
19,S715,doctor,2,9.8
19,S721,doctor,1,59.0
19,S721,doctor,2,47.2
19,S722,doctor,1,104.0
19,S727,doctor,1,9.5
19,S727,doctor,2,7.6
19,S727,doctor,3,7.6
19,S727,doctor,4,7.6
19,S729,doctor,1,21.5
19,S729,doctor,2,17.2
19,S729,doctor,3,9.0
19,S729,doctor,4,4.5
19,S756,doctor,1,37.25
19,S756,doctor,2,29.8
19,S756,doctor,3,17.25
19,S756,doctor,4,5.5
19,S757,doctor,1,146.0
19,S757,doctor,2,12.349999999999998
19,S765,doctor,1,84.25
19,S784,doctor,1,0.75
19,S791,doctor,1,28.25
19,S802,doctor,1,316.75
19,S802,doctor,2,128.8
19,S802,doctor,3,47.8
19,S802,doctor,4,20.8
19,JH_H007,nurse,1,0.5
19,JH_H010,nurse,1,0.5
19,S002,nurse,1,30.5
19,S005,nurse,1,4.5
19,S008,nurse,1,45.5
19,S008,nurse,2,30.143750000000004
19,S015,nurse,1,41.5
19,S015,nurse,2,27.493750000000002
19,S015,nurse,3,27.493750000000002
19,S015,nurse,4,27.493750000000002
19,S033,nurse,1,21.75
19,S034,nurse,1,21.75
19,S035,nurse,1,20.875
19,S068,nurse,1,15.0
19,S068,nurse,2,3.0
19,S071,nurse,1,50.0
19,S071,nurse,2,10.0
19,S074,nurse,1,477.0
19,S074,nurse,2,95.4
19,S078,nurse,1,45.0
19,S078,nurse,2,29.8125
19,S078,nurse,3,2.3500000000000014
19,S079,nurse,1,15.0
19,S079,nurse,2,9.9375
19,S079,nurse,3,3.0
19,S080,nurse,1,15.0
19,S080,nurse,2,9.9375
19,S080,nurse,3,3.0
19,S081,nurse,1,15.0
19,S081,nurse,2,9.9375
19,S082,nurse,1,47.5
19,S082,nurse,2,31.46875
19,S082,nurse,3,31.46875
19,S082,nurse,4,31.46875
19,S083,nurse,1,23.5
19,S083,nurse,2,15.568749999999998
19,S086,nurse,1,15.5
19,S086,nurse,2,10.268749999999999
19,S086,nurse,3,10.268749999999999
19,S086,nurse,4,10.268749999999999
19,S109,nurse,1,22.125
19,S111,nurse,1,404.0
19,S111,nurse,2,267.65000000000003
19,S112,nurse,1,122.0
19,S112,nurse,2,80.82500000000002
19,S124,nurse,1,100.0
19,S124,nurse,2,66.25
19,S125,nurse,1,103.5
19,S125,nurse,2,68.56875000000001
19,S125,nurse,3,68.56875000000001
19,S125,nurse,4,50.8015625
19,S126,nurse,1,212.0
19,S126,nurse,2,42.4
19,S395,nurse,1,136.0
19,S395,nurse,2,86.54375
19,S395,nurse,3,30.859375
19,S395,nurse,4,9.875
19,S402,nurse,1,4.875
19,S403,nurse,1,15.0
19,S403,nurse,2,9.9375
19,S403,nurse,3,9.9375
19,S403,nurse,4,3.6859375132497814
19,S406,nurse,1,15.375
19,S446,nurse,1,57.75
19,S446,nurse,2,24.4375
19,S446,nurse,3,8.03125
19,S446,nurse,4,2.3953125
19,S447,nurse,1,65.5
19,S447,nurse,2,13.1
19,S454,nurse,1,99.0
19,S454,nurse,2,40.30624999999999
19,S455,nurse,1,58.75
19,S455,nurse,2,2.975000000000005
19,S462,nurse,1,174.0
19,S462,nurse,2,115.27499999999999
19,S469,nurse,1,31.125
19,S471,nurse,1,58.625
19,S472,nurse,1,11.5
19,S474,nurse,1,16.25
19,S475,nurse,1,51.375
19,S476,nurse,1,55.25
19,S477,nurse,1,114.0
19,S478,nurse,1,108.0
19,S486,nurse,1,251.5
19,S486,nurse,2,166.61875000000003
19,S486,nurse,3,166.61875000000003
19,S486,nurse,4,166.61875000000003
19,S487,nurse,1,150.5
19,S487,nurse,2,99.70624999999998
19,S487,nurse,3,26.95000000000001
19,S488,nurse,1,110.875
19,S493,nurse,1,22.625
19,S494,nurse,1,21.875
19,S495,nurse,1,25.25
19,S497,nurse,1,22.875
19,S510,nurse,1,124.5
19,S510,nurse,2,82.48125000000002
19,S510,nurse,3,82.48125000000002
19,S513,nurse,1,13.625
19,S514,nurse,1,25.0
19,S515,nurse,1,9.875
19,S517,nurse,1,220.5
19,S517,nurse,2,146.08124999999998
19,S517,nurse,3,146.08124999999998
19,S517,nurse,4,56.504737066009874
19,S518,nurse,1,59.5
19,S518,nurse,2,39.418749999999996
19,S518,nurse,3,11.9
19,S521,nurse,1,70.5
19,S521,nurse,2,46.706250000000004
19,S525,nurse,1,33.5
19,S525,nurse,2,22.193749999999998
19,S526,nurse,1,4.875
19,S529,nurse,1,104.0
19,S529,nurse,2,68.89999999999999
19,S539,nurse,1,36.125
19,S539,nurse,2,10.799999999999999
19,S541,nurse,1,114.5
19,S541,nurse,2,75.85625000000002
19,S541,nurse,3,68.80625
19,S541,nurse,4,22.65625
19,S550,nurse,1,3.75
19,S551,nurse,1,25.5
19,S564,nurse,1,38.25
19,S565,nurse,1,12.625
19,S567,nurse,1,18.5
19,S568,nurse,1,42.375
19,S569,nurse,1,62.875
19,S572,nurse,1,162.625
19,S572,nurse,2,60.5875
19,S572,nurse,3,21.40625
19,S572,nurse,4,9.1453125
19,S576,nurse,1,324.5
19,S576,nurse,2,194.9
19,S576,nurse,3,83.125
19,S576,nurse,4,41.5
19,S583,nurse,1,62.0
19,S583,nurse,2,41.074999999999996
19,S584,nurse,1,59.5
19,S584,nurse,2,39.418749999999996
19,S584,nurse,3,11.9
19,S585,nurse,1,86.5
19,S585,nurse,2,57.30624999999999
19,S585,nurse,3,17.3
19,S586,nurse,1,113.0
19,S586,nurse,2,74.8625
19,S586,nurse,3,74.8625
19,S587,nurse,1,18.625
19,S588,nurse,1,28.875
19,S589,nurse,1,27.875
19,S592,nurse,1,17.125
19,S593,nurse,1,127.0
19,S593,nurse,2,49.74464859185118
19,S595,nurse,1,61.0
19,S595,nurse,2,40.41250000000001
19,S595,nurse,3,40.41250000000001
19,S595,nurse,4,7.075000000000003
19,S596,nurse,1,78.5
19,S596,nurse,2,52.00625000000001
19,S597,nurse,1,78.0
19,S597,nurse,2,51.675000000000004
19,S597,nurse,3,15.6
19,S602,nurse,1,21.375
19,S603,nurse,1,16.23800730390743
19,S604,nurse,1,35.0
19,S604,nurse,2,23.1875
19,S604,nurse,3,23.1875
19,S604,nurse,4,23.1875
19,S605,nurse,1,28.5
19,S605,nurse,2,18.881249999999998
19,S605,nurse,3,18.881249999999998
19,S605,nurse,4,18.881249999999998
19,S606,nurse,1,32.5
19,S606,nurse,2,21.53125
19,S617,nurse,1,373.0
19,S617,nurse,2,71.20000000000007
19,S618,nurse,1,35.0
19,S618,nurse,2,7.0
19,S625,nurse,1,41.5
19,S626,nurse,1,20.125
19,S652,nurse,1,21.5
19,S674,nurse,1,11.374992428696121
19,S675,nurse,1,13.875
19,S677,nurse,1,51.0
19,S677,nurse,2,33.78750000000001
19,S680,nurse,1,28.25
19,S681,nurse,1,325.0
19,S681,nurse,2,215.3125
19,S681,nurse,3,85.33749999999999
19,S681,nurse,4,8.55
19,S682,nurse,1,15.0
19,S682,nurse,2,9.9375
19,S682,nurse,3,9.9375
19,S682,nurse,4,9.9375
19,S683,nurse,1,15.0
19,S683,nurse,2,9.9375
19,S683,nurse,3,9.9375
19,S683,nurse,4,9.9375
19,S684,nurse,1,82.0
19,S684,nurse,2,16.4
19,S685,nurse,1,64.5
19,S685,nurse,2,42.731249999999996
19,S685,nurse,3,42.731249999999996
19,S685,nurse,4,42.731249999999996
19,S686,nurse,1,63.5
19,S686,nurse,2,42.06875000000001
19,S686,nurse,3,42.06875000000001
19,S686,nurse,4,42.06875000000001
19,S687,nurse,1,18.375
19,S688,nurse,1,25.75
19,S689,nurse,1,54.0
19,S689,nurse,2,10.8
19,S690,nurse,1,78.0
19,S690,nurse,2,51.675000000000004
19,S690,nurse,3,41.24605751201825
19,S692,nurse,1,80.0
19,S692,nurse,2,13.099999999999994
19,S715,nurse,1,17.25
19,S715,nurse,2,4.9
19,S721,nurse,1,118.0
19,S721,nurse,2,45.01249999999998
19,S722,nurse,1,52.0
19,S727,nurse,1,19.0
19,S727,nurse,2,12.587500000000002
19,S727,nurse,3,12.587500000000002
19,S727,nurse,4,12.587500000000002
19,S729,nurse,1,43.0
19,S729,nurse,2,22.81875
19,S729,nurse,3,7.671875
19,S729,nurse,4,2.25
19,S756,nurse,1,74.5
19,S756,nurse,2,46.90000529991271
19,S756,nurse,3,12.156249735004364
19,S756,nurse,4,2.75
19,S757,nurse,1,73.0
19,S757,nurse,2,6.174999999999999
19,S765,nurse,1,42.125
19,S784,nurse,1,0.375
19,S791,nurse,1,14.125
19,S802,nurse,1,376.0
19,S802,nurse,2,134.79375
19,S802,nurse,3,29.074999999999996
19,S802,nurse,4,10.4
20,JH_H002,doctor,1,12.97379944026207
20,JH_H003,doctor,1,19.5
20,JH_H004,doctor,1,7.5
20,JH_H006,doctor,1,5.5
20,JH_H007,doctor,1,3.7500000000000107
20,JH_H008,doctor,1,1.5
20,JH_H009,doctor,1,0.5
20,JH_H010,doctor,1,0.75
20,JH_H011,doctor,1,0.5
20,JH_H012,doctor,1,0.617044478181322
20,JH_H013,doctor,1,0.031779391070264396
20,JH_H015,doctor,1,2.5
20,S002,doctor,1,43.5
20,S008,doctor,1,22.75
20,S008,doctor,2,18.2
20,S015,doctor,1,20.75
20,S015,doctor,2,16.6
20,S015,doctor,3,16.6
20,S015,doctor,4,16.6
20,S033,doctor,1,37.75
20,S068,doctor,1,7.5
20,S071,doctor,1,25.0
20,S071,doctor,2,8.2
20,S074,doctor,1,238.5
20,S078,doctor,1,22.5
20,S078,doctor,2,18.0
20,S079,doctor,1,7.5
20,S079,doctor,2,6.0
20,S080,doctor,1,7.5
20,S080,doctor,2,6.0
20,S081,doctor,1,7.5
20,S081,doctor,2,6.0
20,S082,doctor,1,23.75
20,S082,doctor,2,19.0
20,S082,doctor,3,19.0
20,S082,doctor,4,19.0
20,S083,doctor,1,11.75
20,S083,doctor,2,9.4
20,S086,doctor,1,7.75
20,S086,doctor,2,6.2
20,S086,doctor,3,6.2
20,S086,doctor,4,6.2
20,S109,doctor,1,44.25
20,S111,doctor,1,202.0
20,S111,doctor,2,161.6
20,S112,doctor,1,61.0
20,S112,doctor,2,48.8
20,S124,doctor,1,50.0
20,S124,doctor,2,40.0
20,S125,doctor,1,51.75
20,S125,doctor,2,41.4
20,S125,doctor,3,41.4
20,S125,doctor,4,41.4
20,S126,doctor,1,106.0
20,S126,doctor,2,4.750000000000007
20,S395,doctor,1,68.0
20,S395,doctor,2,54.4
20,S395,doctor,3,30.0
20,S395,doctor,4,15.0
20,S402,doctor,1,9.75
20,S403,doctor,1,7.5
20,S403,doctor,2,6.0
20,S403,doctor,3,6.0
20,S403,doctor,4,6.0
20,S406,doctor,1,30.75
20,S446,doctor,1,37.75
20,S446,doctor,2,15.75
20,S446,doctor,3,6.25
20,S446,doctor,4,3.0
20,S447,doctor,1,32.75
20,S447,doctor,2,21.1
20,S454,doctor,1,49.5
20,S454,doctor,2,39.6
20,S455,doctor,1,44.0
20,S462,doctor,1,87.0
20,S462,doctor,2,69.6
20,S469,doctor,1,62.25
20,S471,doctor,1,117.25
20,S477,doctor,1,57.0
20,S478,doctor,1,54.0
20,S486,doctor,1,125.75
20,S486,doctor,2,100.6
20,S486,doctor,3,100.6
20,S486,doctor,4,100.6
20,S487,doctor,1,75.25
20,S487,doctor,2,60.2
20,S488,doctor,1,221.75
20,S510,doctor,1,62.25
20,S510,doctor,2,49.8
20,S510,doctor,3,49.8
20,S517,doctor,1,110.25
20,S517,doctor,2,88.2
20,S517,doctor,3,88.2
20,S517,doctor,4,28.35
20,S518,doctor,1,29.75
20,S518,doctor,2,23.8
20,S521,doctor,1,35.25
20,S521,doctor,2,28.2
20,S525,doctor,1,16.75
20,S525,doctor,2,13.4
20,S526,doctor,1,9.75
20,S529,doctor,1,52.0
20,S529,doctor,2,41.6
20,S539,doctor,1,30.0
20,S541,doctor,1,57.25
20,S541,doctor,2,45.8
20,S541,doctor,3,42.5
20,S541,doctor,4,11.75
20,S564,doctor,1,51.49998892169877
20,S565,doctor,1,25.25
20,S568,doctor,1,38.0
20,S569,doctor,1,125.75
20,S572,doctor,1,103.0
20,S572,doctor,2,34.55
20,S572,doctor,3,13.75
20,S572,doctor,4,6.75
20,S576,doctor,1,162.25
20,S576,doctor,2,118.0
20,S576,doctor,3,47.25
20,S576,doctor,4,23.5
20,S583,doctor,1,31.0
20,S583,doctor,2,24.8
20,S584,doctor,1,29.75
20,S584,doctor,2,23.8
20,S584,doctor,3,19.549999999999983
20,S585,doctor,1,43.25
20,S585,doctor,2,34.6
20,S586,doctor,1,56.5
20,S586,doctor,2,45.2
20,S586,doctor,3,45.2
20,S587,doctor,1,37.25
20,S588,doctor,1,57.75
20,S589,doctor,1,55.75
20,S593,doctor,1,63.5
20,S593,doctor,2,50.8
20,S595,doctor,1,30.5
20,S595,doctor,2,24.4
20,S595,doctor,3,24.4
20,S596,doctor,1,39.25
20,S596,doctor,2,31.4
20,S597,doctor,1,39.0
20,S597,doctor,2,31.2
20,S602,doctor,1,42.75
20,S603,doctor,1,29.75
20,S604,doctor,1,17.5
20,S604,doctor,2,14.0
20,S604,doctor,3,14.0
20,S604,doctor,4,14.0
20,S605,doctor,1,14.25
20,S605,doctor,2,11.4
20,S605,doctor,3,11.4
20,S605,doctor,4,11.4
20,S606,doctor,1,16.25
20,S606,doctor,2,13.0
20,S617,doctor,1,186.5
20,S618,doctor,1,17.5
20,S618,doctor,2,10.750000000000036
20,S625,doctor,1,32.25
20,S677,doctor,1,25.5
20,S677,doctor,2,20.4
20,S681,doctor,1,162.5
20,S681,doctor,2,130.0
20,S681,doctor,3,53.6
20,S681,doctor,4,0.10000000000000142
20,S682,doctor,1,7.5
20,S682,doctor,2,6.0
20,S682,doctor,3,6.0
20,S682,doctor,4,6.0
20,S683,doctor,1,7.5
20,S683,doctor,2,6.0
20,S683,doctor,3,6.0
20,S683,doctor,4,6.0
20,S684,doctor,1,41.0
20,S685,doctor,1,32.25
20,S685,doctor,2,25.8
20,S685,doctor,3,25.8
20,S685,doctor,4,25.8
20,S686,doctor,1,31.75
20,S686,doctor,2,25.4
20,S686,doctor,3,25.4
20,S686,doctor,4,25.4
20,S689,doctor,1,27.0
20,S689,doctor,2,21.6
20,S690,doctor,1,39.0
20,S690,doctor,2,31.2
20,S690,doctor,3,31.2
20,S692,doctor,1,40.0
20,S715,doctor,1,12.25
20,S721,doctor,1,59.0
20,S721,doctor,2,25.849999999999998
20,S727,doctor,1,9.5
20,S727,doctor,2,7.6
20,S727,doctor,3,7.6
20,S727,doctor,4,7.6
20,S729,doctor,1,21.5
20,S729,doctor,2,17.2
20,S729,doctor,3,6.75
20,S729,doctor,4,3.25
20,S756,doctor,1,37.25
20,S756,doctor,2,29.8
20,S756,doctor,3,11.5
20,S756,doctor,4,2.75
20,S757,doctor,1,131.25
20,S802,doctor,1,237.75
20,S802,doctor,2,96.05
20,S802,doctor,3,34.55
20,S802,doctor,4,14.05
20,JH_H007,nurse,1,0.5000000000000071
20,JH_H010,nurse,1,0.5
20,S002,nurse,1,21.75
20,S008,nurse,1,45.5
20,S008,nurse,2,21.17499999999999
20,S015,nurse,1,41.5
20,S015,nurse,2,27.493750000000002
20,S015,nurse,3,27.493750000000002
20,S015,nurse,4,27.493750000000002
20,S033,nurse,1,18.875
20,S068,nurse,1,3.75
20,S071,nurse,1,22.25
20,S071,nurse,2,4.1
20,S074,nurse,1,246.12346250626302
20,S078,nurse,1,45.0
20,S078,nurse,2,29.8125
20,S079,nurse,1,15.0
20,S079,nurse,2,9.9375
20,S080,nurse,1,15.0
20,S080,nurse,2,9.9375
20,S081,nurse,1,15.0
20,S081,nurse,2,9.9375
20,S082,nurse,1,47.5
20,S082,nurse,2,31.46875
20,S082,nurse,3,31.46875
20,S082,nurse,4,31.46875
20,S083,nurse,1,23.5
20,S083,nurse,2,4.7
20,S086,nurse,1,15.5
20,S086,nurse,2,10.268749999999999
20,S086,nurse,3,10.268749999999999
20,S086,nurse,4,10.268749999999999
20,S109,nurse,1,22.125
20,S111,nurse,1,404.0
20,S111,nurse,2,248.30530504090297
20,S112,nurse,1,122.0
20,S112,nurse,2,80.82500000000002
20,S124,nurse,1,100.0
20,S124,nurse,2,20.0
20,S125,nurse,1,103.5
20,S125,nurse,2,68.56875000000001
20,S125,nurse,3,68.56875000000001
20,S125,nurse,4,36.5515625
20,S126,nurse,1,76.625
20,S126,nurse,2,2.3750000000000036
20,S395,nurse,1,136.0
20,S395,nurse,2,66.29375387740544
20,S395,nurse,3,17.85937480612973
20,S395,nurse,4,7.5
20,S402,nurse,1,4.875
20,S403,nurse,1,15.0
20,S403,nurse,2,9.9375
20,S403,nurse,3,8.71875
20,S403,nurse,4,3.0
20,S406,nurse,1,15.375
20,S446,nurse,1,46.625
20,S446,nurse,2,17.8125
20,S446,nurse,3,5.40625
20,S446,nurse,4,1.5
20,S447,nurse,1,37.375
20,S447,nurse,2,10.55
20,S454,nurse,1,99.0
20,S454,nurse,2,19.8
20,S455,nurse,1,22.0
20,S462,nurse,1,174.0
20,S462,nurse,2,34.8
20,S469,nurse,1,31.125
20,S471,nurse,1,58.625
20,S477,nurse,1,28.5
20,S478,nurse,1,27.0
20,S486,nurse,1,251.5
20,S486,nurse,2,166.61875
20,S486,nurse,3,166.61875000000003
20,S486,nurse,4,154.69062706519696
20,S487,nurse,1,150.5
20,S487,nurse,2,99.70624999999998
20,S488,nurse,1,110.875
20,S510,nurse,1,124.5
20,S510,nurse,2,82.48125000000002
20,S510,nurse,3,36.27932822437037
20,S517,nurse,1,220.5
20,S517,nurse,2,146.08124999999998
20,S517,nurse,3,146.08124999999998
20,S517,nurse,4,14.175
20,S518,nurse,1,59.5
20,S518,nurse,2,39.418749999999996
20,S521,nurse,1,70.5
20,S521,nurse,2,14.1
20,S525,nurse,1,33.5
20,S525,nurse,2,6.7
20,S526,nurse,1,4.875
20,S529,nurse,1,104.0
20,S529,nurse,2,20.8
20,S539,nurse,1,15.0
20,S541,nurse,1,114.5
20,S541,nurse,2,75.85625000000002
20,S541,nurse,3,50.65625
20,S541,nurse,4,9.53125
20,S564,nurse,1,25.749994460849386
20,S565,nurse,1,12.625
20,S568,nurse,1,19.0
20,S569,nurse,1,62.875
20,S572,nurse,1,117.0
20,S572,nurse,2,42.9625
20,S572,nurse,3,15.40625
20,S572,nurse,4,6.1453125
20,S576,nurse,1,317.375
20,S576,nurse,2,157.375
20,S576,nurse,3,63.0
20,S576,nurse,4,31.375
20,S583,nurse,1,62.0
20,S583,nurse,2,12.4
20,S584,nurse,1,59.5
20,S584,nurse,2,39.418749999999996
20,S584,nurse,3,9.774999999999991
20,S585,nurse,1,86.5
20,S585,nurse,2,57.30624999999999
20,S586,nurse,1,113.0
20,S586,nurse,2,74.8625
20,S586,nurse,3,22.6
20,S587,nurse,1,18.625
20,S588,nurse,1,28.875
20,S589,nurse,1,27.875
20,S593,nurse,1,127.0
20,S593,nurse,2,25.4
20,S595,nurse,1,61.0
20,S595,nurse,2,40.41250000000001
20,S595,nurse,3,40.41250000000001
20,S596,nurse,1,78.5
20,S596,nurse,2,15.7
20,S597,nurse,1,78.0
20,S597,nurse,2,51.675000000000004
20,S602,nurse,1,21.375
20,S603,nurse,1,14.875
20,S604,nurse,1,35.0
20,S604,nurse,2,23.1875
20,S604,nurse,3,23.1875
20,S604,nurse,4,7.0
20,S605,nurse,1,28.5
20,S605,nurse,2,18.881249999999998
20,S605,nurse,3,18.881249999999998
20,S605,nurse,4,5.7
20,S606,nurse,1,32.5
20,S606,nurse,2,21.53125
20,S617,nurse,1,93.25
20,S618,nurse,1,35.0
20,S618,nurse,2,5.375000000000018
20,S625,nurse,1,16.125
20,S677,nurse,1,51.0
20,S677,nurse,2,10.2
20,S681,nurse,1,325.0
20,S681,nurse,2,210.44375
20,S681,nurse,3,39.46249999999999
20,S681,nurse,4,0.05000000000000071
20,S682,nurse,1,15.0
20,S682,nurse,2,9.9375
20,S682,nurse,3,9.9375
20,S682,nurse,4,9.9375
20,S683,nurse,1,15.0
20,S683,nurse,2,9.9375
20,S683,nurse,3,9.9375
20,S683,nurse,4,9.9375
20,S684,nurse,1,20.5
20,S685,nurse,1,64.5
20,S685,nurse,2,42.731249999999996
20,S685,nurse,3,42.731249999999996
20,S685,nurse,4,42.731249999999996
20,S686,nurse,1,63.5
20,S686,nurse,2,42.06875000000001
20,S686,nurse,3,42.06875000000001
20,S686,nurse,4,42.06875000000001
20,S689,nurse,1,54.0
20,S689,nurse,2,10.8
20,S690,nurse,1,78.0
20,S690,nurse,2,51.675000000000004
20,S690,nurse,3,15.6
20,S692,nurse,1,20.0
20,S715,nurse,1,6.125
20,S721,nurse,1,97.5
20,S721,nurse,2,12.924999999999999
20,S727,nurse,1,19.0
20,S727,nurse,2,12.587500000000002
20,S727,nurse,3,12.587500000000002
20,S727,nurse,4,3.8
20,S729,nurse,1,39.75
20,S729,nurse,2,18.19375
20,S729,nurse,3,4.671875
20,S729,nurse,4,1.625
20,S756,nurse,1,74.5
20,S756,nurse,2,35.15
20,S756,nurse,3,5.75
20,S756,nurse,4,1.375
20,S757,nurse,1,65.625
20,S802,nurse,1,270.75
20,S802,nurse,2,91.04374999999999
20,S802,nurse,3,17.275
20,S802,nurse,4,7.025
